id,year,date,county,city,cross_street,crash_type,manner,primary_factor,ssi_fatal,light,weather,surface,interstate,lat,lon
903070595,2018,2018-01-01,Marion,Lawrence,E MAIN ST & HAWKINS RD,Vehicle,RAN OFF ROAD,RAN OFF ROAD RIGHT,Fatal,DARK (NOT LIGHTED),CLEAR,ICE,False,39.8598442077637,-86.0023498535156
903070725,2018,2018-01-01,Hendricks,Plainfield,CENTER ST & CRESTPOINT LN,Vehicle,RAN OFF ROAD,RAN OFF ROAD RIGHT,SSI,DAYLIGHT,CLEAR,WET,False,39.7102203369141,-86.4045715332031
903073582,2018,2018-01-01,Marion,Indianapolis,STAFFORD RD & 56TH ST,Vehicle,HEAD ON BETWEEN TWO MOTOR VEHICLES,LEFT OF CENTER,SSI,DARK (LIGHTED),SNOW,SNOW/SLUSH,False,39.8627624511719,-86.1684341430664
903072433,2018,2018-01-02,Marion,Indianapolis,30TH ST & RURAL ST,Pedestrian,REAR END,FOLLOWING TOO CLOSELY,SSI,DAYLIGHT,CLEAR,WET,False,39.8107070922852,-86.1171875
903077272,2018,2018-01-03,Marion,Indianapolis,71ST ST & MICHIGAN RD,Vehicle,HEAD ON BETWEEN TWO MOTOR VEHICLES,LEFT OF CENTER,Fatal,DAYLIGHT,SNOW,WET,False,39.8835563659668,-86.2149047851563
903077273,2018,2018-01-03,Marion,Indianapolis,16TH ST & PRESCILLA AVE,Pedestrian,,OTHER (DRIVER) - EXPLAIN IN NARRATIVE,Fatal,DARK (NOT LIGHTED),CLOUDY,WET,False,39.7889747619629,-86.0672607421875
903074577,2018,2018-01-04,Marion,Indianapolis,MCCARTY ST & MADISON AVE,Pedestrian,OTHER - EXPLAIN IN NARRATIVE,PEDESTRIAN ACTION,SSI,DAYLIGHT,CLEAR,DRY,False,39.7564926147461,-86.1572036743164
903076324,2018,2018-01-04,Marion,Indianapolis,MICHIGAN RD & COLD SPRINGS RD,Vehicle,NON-COLLISION,RAN OFF ROAD RIGHT,SSI,DARK (LIGHTED),CLEAR,DRY,False,39.838996887207,-86.1878356933594
903076325,2018,2018-01-04,Marion,Indianapolis,BINFORD BLVD & GRAHAM RD,Vehicle,LEFT TURN,FAILURE TO YIELD RIGHT OF WAY,SSI,DAYLIGHT,CLEAR,DRY,False,39.881275177002,-86.0694961547852
903076499,2018,2018-01-04,Hamilton,Carmel,I465E,Vehicle,HEAD ON BETWEEN TWO MOTOR VEHICLES,WRONG WAY ON ONE WAY,Fatal,DAYLIGHT,CLOUDY,DRY,False,39.9302444458008,-86.1527862548828
903081573,2018,2018-01-05,Hendricks,Plainfield,I70W,Vehicle,REAR END,OTHER (VEHICLE) - EXPLAIN IN NARRATIVE,SSI,DAYLIGHT,CLOUDY,DRY,False,39.6724967956543,-86.3594818115234
903075007,2018,2018-01-06,Hancock,,US40,Vehicle,RAN OFF ROAD,RAN OFF ROAD RIGHT,SSI,DARK (NOT LIGHTED),CLEAR,DRY,False,39.7808685302734,-85.8668365478516
903075741,2018,2018-01-06,Morgan,PARAGON,S LETTERMAN RD & N GRAVEYARD RD,Vehicle,RAN OFF ROAD,RAN OFF ROAD RIGHT,SSI,DARK (NOT LIGHTED),CLEAR,DRY,False,39.4168586730957,-86.5757598876953
903075868,2018,2018-01-07,Hendricks,Plainfield,VESTAL RD  & VANDALIA RAIL TRAIL,Pedestrian,COLLISION WITH OBJECT IN ROAD,UNSAFE SPEED,SSI,DARK (NOT LIGHTED),SLEET/HAIL/FREEZING RAIN,WET,False,39.7071990966797,-86.413948059082
903077243,2018,2018-01-07,Marion,Indianapolis,ENGLISH AVE & RANDOLPH ST,Vehicle,RIGHT ANGLE,FAILURE TO YIELD RIGHT OF WAY,SSI,DARK (LIGHTED),CLEAR,DRY,False,39.7597427368164,-86.1285171508789
903077274,2018,2018-01-07,Marion,Indianapolis,10TH ST,Vehicle,RAN OFF ROAD,UNSAFE SPEED,Fatal,DARK (LIGHTED),CLOUDY,WET,False,39.7792930603027,-86.2714157104492
903078571,2018,2018-01-09,Hamilton,Noblesville,OLIO RD & 146TH ST,Vehicle,HEAD ON BETWEEN TWO MOTOR VEHICLES,LEFT OF CENTER,SSI,DAWN/DUSK,CLOUDY,DRY,False,40.0016479492188,-85.9191055297852
903081536,2018,2018-01-09,Marion,Indianapolis,BLUFF RD & SOUTHPORT RD,Pedestrian,,OTHER (DRIVER) - EXPLAIN IN NARRATIVE,Fatal,DARK (NOT LIGHTED),CLOUDY,WET,False,39.6553268432617,-86.1875228881836
903078487,2018,2018-01-10,Johnson,Greenwood,EMERSON AVE & MAPLE GROVE DR,Pedestrian,OTHER - EXPLAIN IN NARRATIVE,PEDESTRIAN ACTION,SSI,DARK (NOT LIGHTED),CLOUDY,WET,False,39.6227035522461,-86.0827713012695
903087121,2018,2018-01-10,Marion,Speedway,10TH ST & AUBURN HILL DR,Vehicle,RIGHT ANGLE,IMPROPER TURNING,SSI,DAYLIGHT,RAIN,WET,False,39.7798233032227,-86.2440032958984
903079074,2018,2018-01-11,Marion,Indianapolis,NORTH MERIDIAN ST & WEST 64TH ST,Vehicle,RIGHT ANGLE,FAILURE TO YIELD RIGHT OF WAY,SSI,DARK (LIGHTED),RAIN,WET,False,39.8733711242676,-86.1568222045898
903079173,2018,2018-01-11,Shelby,SHELBYVILLE,SR9N,Vehicle,OTHER - EXPLAIN IN NARRATIVE,LEFT OF CENTER,SSI,DAWN/DUSK,RAIN,WET,False,39.6555595397949,-85.7726440429688
903079201,2018,2018-01-11,Johnson,,US31S,Vehicle,SAME DIRECTION SIDESWIPE,FAILURE TO YIELD RIGHT OF WAY,SSI,DARK (NOT LIGHTED),RAIN,WET,False,39.3542633056641,-85.9830093383789
903079662,2018,2018-01-12,Marion,Lawrence,E 46TH ST & HARTMAN DR,Vehicle,RAN OFF ROAD,ROADWAY SURFACE CONDITION,SSI,DAYLIGHT,SNOW,SNOW/SLUSH,False,39.8402900695801,-86.0384750366211
903081554,2018,2018-01-12,Shelby,ST. PAUL(SHELBY),800 EAST RD & INTERSTATE 74 RAMP,Vehicle,RIGHT TURN,DISREGARD SIGNAL/REG SIGN,SSI,DAYLIGHT,SLEET/HAIL/FREEZING RAIN,ICE,True,39.4559097290039,-85.6294403076172
903082261,2018,2018-01-12,Marion,Indianapolis,SHORTRIDGE RD & 10TH ST,Vehicle,HEAD ON BETWEEN TWO MOTOR VEHICLES,UNSAFE LANE MOVEMENT,SSI,DAYLIGHT,SNOW,SNOW/SLUSH,False,39.7775001525879,-86.0406646728516
903080612,2018,2018-01-13,Johnson,Greenwood,STONES CROSSING RD,Vehicle,HEAD ON BETWEEN TWO MOTOR VEHICLES,IMPROPER PASSING,SSI,DAYLIGHT,CLEAR,DRY,False,39.5777816772461,-86.1543502807617
903081537,2018,2018-01-13,Marion,Indianapolis,34TH ST & HARVEST AVE,Pedestrian,OTHER - EXPLAIN IN NARRATIVE,PEDESTRIAN ACTION,SSI,DARK (LIGHTED),CLOUDY,ICE,False,39.8189582824707,-86.0220260620117
903100218,2018,2018-01-13,Marion,Indianapolis,I70E,Pedestrian,OTHER - EXPLAIN IN NARRATIVE,PEDESTRIAN ACTION,Fatal,DARK (LIGHTED),CLEAR,DRY,False,39.7026977539062,-86.2905120849609
903104450,2018,2018-01-13,Marion,Southport,STOP 11 RD & CROSSGATE LN,Vehicle,RAN OFF ROAD,RAN OFF ROAD RIGHT,Fatal,DARK (LIGHTED),CLEAR,DRY,False,39.6504096984863,-86.1167984008789
903080924,2018,2018-01-14,Hamilton,Fishers,I69S,Vehicle,RAN OFF ROAD,OTHER (DRIVER) - EXPLAIN IN NARRATIVE,SSI,DARK (NOT LIGHTED),CLEAR,WET,False,39.958137512207,-86.0076141357422
903082416,2018,2018-01-14,Marion,Indianapolis,MITTHOEFER RD,Vehicle,REAR END,SPEED TOO FAST FOR WEATHER CONDITIONS,SSI,DAYLIGHT,CLEAR,ICE,False,39.8275985717773,-85.9914398193359
903081460,2018,2018-01-15,Shelby,SHELBYVILLE,I74W,Vehicle,RIGHT ANGLE,SPEED TOO FAST FOR WEATHER CONDITIONS,SSI,DAYLIGHT,CLOUDY,ICE,False,39.5260963439941,-85.7356414794922
903082423,2018,2018-01-15,Marion,Indianapolis,11TH ST & SHADELAND AVE,Vehicle,RAN OFF ROAD,ROADWAY SURFACE CONDITION,SSI,DARK (LIGHTED),SLEET/HAIL/FREEZING RAIN,SNOW/SLUSH,False,39.7826385498047,-86.0452651977539
903088026,2018,2018-01-15,Marion,Indianapolis,I465N,Vehicle,RAN OFF ROAD,SPEED TOO FAST FOR WEATHER CONDITIONS,SSI,DAYLIGHT,SNOW,SNOW/SLUSH,False,39.8080101013184,-86.275260925293
903086462,2018,2018-01-16,Marion,Indianapolis,I465E,Vehicle,RAN OFF ROAD,UNSAFE LANE MOVEMENT,SSI,DAYLIGHT,CLOUDY,DRY,False,39.6990165710449,-86.1744155883789
903090942,2018,2018-01-16,Marion,Indianapolis,KESSLER BLVD E DR & WESTFIELD BLVD,Vehicle,RIGHT ANGLE,DISREGARD SIGNAL/REG SIGN,SSI,DAYLIGHT,CLOUDY,WET,False,39.8627662658691,-86.1543426513672
903092540,2018,2018-01-16,Marion,Indianapolis,I465S,Pedestrian,SAME DIRECTION SIDESWIPE,UNSAFE SPEED,SSI,DARK (LIGHTED),CLEAR,DRY,False,39.8359603881836,-86.2759704589844
903083139,2018,2018-01-17,Marion,Indianapolis,I70E,Vehicle,RAN OFF ROAD,SPEED TOO FAST FOR WEATHER CONDITIONS,SSI,DAYLIGHT,CLOUDY,ICE,False,39.7535781860352,-86.1610946655273
903083964,2018,2018-01-17,Hendricks,CLAYTON,SR39,Vehicle,RIGHT ANGLE,IMPROPER PASSING,SSI,DAYLIGHT,CLEAR,DRY,False,39.6467781066894,-86.4830780029297
903087152,2018,2018-01-17,Marion,Indianapolis,MORRIS ST & HOLT RD,Vehicle,RIGHT ANGLE,FAILURE TO YIELD RIGHT OF WAY,SSI,DAYLIGHT,CLEAR,WET,False,39.7499313354492,-86.2252044677734
903091984,2018,2018-01-18,Marion,Indianapolis,I465E,Vehicle,SAME DIRECTION SIDESWIPE,OTHER (DRIVER) - EXPLAIN IN NARRATIVE,SSI,DAYLIGHT,CLEAR,DRY,False,39.7085075378418,-86.0611877441406
903086735,2018,2018-01-20,Marion,Indianapolis,HARDING ST & BLUFF ROW,Vehicle,RAN OFF ROAD,RAN OFF ROAD RIGHT,SSI,DAYLIGHT,CLEAR,DRY,False,39.6563758850098,-86.1869964599609
903087038,2018,2018-01-22,Hendricks,,RACEWAY RD & POPPY HILL DR,Vehicle,RAN OFF ROAD,RAN OFF ROAD RIGHT,SSI,DAYLIGHT,CLOUDY,WET,False,39.7911071777344,-86.3268051147461
903087208,2018,2018-01-23,Marion,Indianapolis,I70W,Vehicle,REAR END,FOLLOWING TOO CLOSELY,SSI,DARK (NOT LIGHTED),CLOUDY,WET,False,39.8010025024414,-86.0925445556641
903088011,2018,2018-01-23,Marion,Indianapolis,ARLINGTON AVE & SOUTHPORT RD,Vehicle,RAN OFF ROAD,LEFT OF CENTER,Fatal,DARK (LIGHTED),RAIN,WET,False,39.6695747375488,-86.0634841918945
903088751,2018,2018-01-23,Marion,Indianapolis,EMERSON AVE & COMPANY DR,Vehicle,HEAD ON BETWEEN TWO MOTOR VEHICLES,LEFT OF CENTER,SSI,DARK (NOT LIGHTED),CLOUDY,WET,False,39.6624717712402,-86.082160949707
903088171,2018,2018-01-24,Johnson,Bargersville,HARRIMAN AVE,Vehicle,RAN OFF ROAD,RAN OFF ROAD RIGHT,SSI,DAYLIGHT,CLOUDY,ICE,False,39.5209808349609,-86.165641784668
903088760,2018,2018-01-24,Marion,Indianapolis,46TH ST & FALCON RUN WAY,Vehicle,RAN OFF ROAD,RAN OFF ROAD RIGHT,SSI,DARK (LIGHTED),SLEET/HAIL/FREEZING RAIN,ICE,False,39.8383903503418,-86.2593688964844
903091762,2018,2018-01-27,Marion,Indianapolis,POST RD & TROY AVE,Vehicle,RIGHT ANGLE,FAILURE TO YIELD RIGHT OF WAY,SSI,DAYLIGHT,RAIN,WET,False,39.7255897521973,-86.0085601806641
903091051,2018,2018-01-29,Marion,Indianapolis,I70E,Vehicle,RAN OFF ROAD,OVERCORRECTING/OVERSTEERING,SSI,DARK (LIGHTED),CLOUDY,DRY,False,39.7115592956543,-86.2732467651367
903092814,2018,2018-01-29,Marion,Indianapolis,EAST 38TH PL,Vehicle,OTHER - EXPLAIN IN NARRATIVE,UNSAFE BACKING,SSI,DAYLIGHT,CLEAR,DRY,False,39.8256988525391,-86.0074996948242
903091977,2018,2018-01-30,Marion,Indianapolis,SHADELAND AVE,Vehicle,HEAD ON BETWEEN TWO MOTOR VEHICLES,WRONG WAY ON ONE WAY,Fatal,DARK (NOT LIGHTED),CLEAR,DRY,False,39.8628921508789,-86.0467834472656
903092106,2018,2018-01-31,Marion,Lawrence,79TH ST & SUNNYSIDE RD,Vehicle,RAN OFF ROAD,RAN OFF ROAD RIGHT,SSI,DARK (NOT LIGHTED),CLEAR,DRY,False,39.8979568481445,-85.9831161499023
903093696,2018,2018-01-31,Hancock,FORTVILLE,US36,Vehicle,HEAD ON BETWEEN TWO MOTOR VEHICLES,LEFT OF CENTER,Fatal,DARK (NOT LIGHTED),CLEAR,DRY,False,39.9141464233398,-85.8856735229492
903093164,2018,2018-02-01,Morgan,MARTINSVILLE,SR37S & GRAND VALLEY BLVD,Vehicle,REAR END,FAILURE TO YIELD RIGHT OF WAY,SSI,DARK (NOT LIGHTED),CLEAR,DRY,False,39.4174079895019,-86.411865234375
903093191,2018,2018-02-01,Hendricks,STILESVILLE,TUDOR RD,Vehicle,HEAD ON BETWEEN TWO MOTOR VEHICLES,LEFT OF CENTER,Fatal,DARK (NOT LIGHTED),CLEAR,DRY,False,39.6210784912109,-86.6093978881836
903093427,2018,2018-02-01,Marion,Indianapolis,ROY RD & ROUTIERS AVE,Vehicle,HEAD ON BETWEEN TWO MOTOR VEHICLES,FAILURE TO YIELD RIGHT OF WAY,SSI,DAYLIGHT,CLEAR,DRY,False,39.8043518066406,-86.0138626098633
903093437,2018,2018-02-01,Hamilton,Noblesville,CUMBERLAND RD & CUMBERLAND POINTE BLVD,Vehicle,RAN OFF ROAD,UNSAFE SPEED,SSI,DARK (LIGHTED),CLOUDY,DRY,False,40.0159072875977,-85.9947357177734
903094965,2018,2018-02-03,Marion,Indianapolis,WEST ST & NEW YORK ST,Vehicle,LEFT/RIGHT TURN,DISREGARD SIGNAL/REG SIGN,SSI,DAYLIGHT,CLEAR,DRY,False,39.7714996337891,-86.1668395996094
903094402,2018,2018-02-04,Marion,Lawrence,E 46TH ST & PAYTON AVE,Vehicle,HEAD ON BETWEEN TWO MOTOR VEHICLES,UNSAFE SPEED,Fatal,DARK (LIGHTED),CLEAR,DRY,False,39.8403778076172,-86.0318832397461
903104546,2018,2018-02-04,Marion,Indianapolis,I70,Vehicle,REAR END,UNSAFE LANE MOVEMENT,Fatal,DARK (NOT LIGHTED),CLOUDY,WET,True,39.7520484924316,-86.227783203125
903095994,2018,2018-02-05,Hancock,,US52 & MERIDIAN RD,Vehicle,RAN OFF ROAD,RAN OFF ROAD RIGHT,Fatal,DAYLIGHT,CLEAR,DRY,False,39.7005195617676,-85.8058929443359
903108839,2018,2018-02-06,Marion,Indianapolis,I465W,Vehicle,OTHER - EXPLAIN IN NARRATIVE,SPEED TOO FAST FOR WEATHER CONDITIONS,SSI,DARK (LIGHTED),SNOW,SNOW/SLUSH,False,39.9156150817871,-86.0917358398438
903096309,2018,2018-02-07,Hendricks,,CR100N,Vehicle,HEAD ON BETWEEN TWO MOTOR VEHICLES,LEFT OF CENTER,SSI,DARK (NOT LIGHTED),CLOUDY,SNOW/SLUSH,False,39.7764320373535,-86.4488906860351
903096629,2018,2018-02-07,Marion,Indianapolis,COUNTRY CLUB RD & MEGANWOOD DR,Vehicle,RAN OFF ROAD,RAN OFF ROAD RIGHT,Fatal,DAYLIGHT,CLOUDY,DRY,False,39.7701225280762,-86.30810546875
903102131,2018,2018-02-07,Marion,Indianapolis,NORFOLK ST & MARTHA ST,Pedestrian,,OTHER (DRIVER) - EXPLAIN IN NARRATIVE,SSI,DARK (NOT LIGHTED),CLOUDY,DRY,False,39.7451286315918,-86.2538986206055
903097801,2018,2018-02-08,Marion,Indianapolis,MERIDIAN ST & SOUTHPORT RD,Vehicle,LEFT TURN,FAILURE TO YIELD RIGHT OF WAY,SSI,DARK (LIGHTED),CLEAR,DRY,False,39.6642837524414,-86.1585159301758
903098344,2018,2018-02-09,Johnson,Greenwood,SR135S & DEVONSHIRE SOUTH DR,Pedestrian,OTHER - EXPLAIN IN NARRATIVE,FAILURE TO YIELD RIGHT OF WAY,SSI,DARK (LIGHTED),CLEAR,DRY,False,39.5979347229004,-86.1589584350586
903102132,2018,2018-02-09,Marion,Indianapolis,42ND ST & ARBORCREST DR,Vehicle,OPPOSITE DIRECTION SIDESWIPE,LEFT OF CENTER,SSI,DARK (LIGHTED),CLEAR,DRY,False,39.8332443237305,-86.0221939086914
903099634,2018,2018-02-10,Marion,Indianapolis,WASHINGTON ST & RACEWAY RD,Vehicle,RAN OFF ROAD,RAN OFF ROAD RIGHT,SSI,DARK (LIGHTED),CLEAR,WET,False,39.7294464111328,-86.3259811401367
903099658,2018,2018-02-10,Marion,Indianapolis,CAPITOL AVE & OHIO ST,Pedestrian,RIGHT ANGLE,PEDESTRIAN ACTION,SSI,DAYLIGHT,CLOUDY,DRY,False,39.7699890136719,-86.1616134643555
903108433,2018,2018-02-10,Marion,Indianapolis,38TH ST & CAPITOL AVE,Pedestrian,OTHER - EXPLAIN IN NARRATIVE,DISREGARD SIGNAL/REG SIGN,SSI,DARK (LIGHTED),RAIN,WET,False,39.8249130249023,-86.1616897583008
903098820,2018,2018-02-11,Boone,,CR600E,Vehicle,RAN OFF ROAD,OTHER (ENVIRONMENTAL) - EXPLAIN IN NARR,SSI,DAYLIGHT,SLEET/HAIL/FREEZING RAIN,ICE,False,39.9253387451172,-86.3553466796875
903100079,2018,2018-02-12,Johnson,,CR150N,Vehicle,RAN OFF ROAD,RAN OFF ROAD RIGHT,Fatal,DARK (NOT LIGHTED),CLEAR,DRY,False,39.4984130859375,-86.1920928955078
903100575,2018,2018-02-13,Johnson,Greenwood,MAIN ST & EMERSON AVE,Vehicle,OTHER - EXPLAIN IN NARRATIVE,FAILURE TO YIELD RIGHT OF WAY,SSI,DAYLIGHT,CLEAR,DRY,False,39.6149826049805,-86.0827484130859
903100746,2018,2018-02-13,Hendricks,Plainfield,S RONALD REAGAN PKWY & AIRTECH PKWY,Vehicle,REAR END,UNSAFE SPEED,SSI,DAYLIGHT,CLOUDY,DRY,False,39.716251373291,-86.3362350463867
903101164,2018,2018-02-14,Hendricks,Plainfield,US40 & MILES RD,Vehicle,RIGHT ANGLE,FAILURE TO YIELD RIGHT OF WAY,Fatal,DAWN/DUSK,CLEAR,WET,False,39.6880836486816,-86.446044921875
903101430,2018,2018-02-14,Shelby,SHELBYVILLE,RILEY HWY,Vehicle,RIGHT ANGLE,DISREGARD SIGNAL/REG SIGN,SSI,DAYLIGHT,RAIN,WET,False,39.5500755310059,-85.7756881713867
903103951,2018,2018-02-14,Marion,Indianapolis,I465E,Vehicle,SAME DIRECTION SIDESWIPE,UNSAFE LANE MOVEMENT,SSI,DARK (LIGHTED),CLOUDY,WET,False,39.702392578125,-86.1127166748047
903101959,2018,2018-02-15,Hancock,FORTVILLE,SR13 & ILLINOIS ST,Pedestrian,OTHER - EXPLAIN IN NARRATIVE,OTHER (DRIVER) - EXPLAIN IN NARRATIVE,SSI,DARK (LIGHTED),CLOUDY,WET,False,39.9390602111816,-85.8434524536133
903102154,2018,2018-02-15,Marion,Indianapolis,MANN RD & SOUTHPORT RD,Vehicle,NON-COLLISION,RAN OFF ROAD RIGHT,SSI,DARK (LIGHTED),CLOUDY,WET,False,39.6613388061523,-86.2455291748047
903102204,2018,2018-02-15,Marion,Indianapolis,FIVE POINTS RD & SHELBYVILLE RD,Vehicle,RIGHT ANGLE,DISREGARD SIGNAL/REG SIGN,SSI,DAYLIGHT,RAIN,WET,False,39.6619529724121,-86.0443801879883
903102386,2018,2018-02-16,Johnson,Greenwood,SR135S & BUCKMOOR PKWY,Vehicle,RIGHT ANGLE,FAILURE TO YIELD RIGHT OF WAY,Fatal,DARK (NOT LIGHTED),CLOUDY,WET,False,39.5963973999023,-86.1591033935547
903102797,2018,2018-02-16,Hamilton,Arcadia,DEVANEY RD & 256 ST,Vehicle,RIGHT ANGLE,DISREGARD SIGNAL/REG SIGN,SSI,DAYLIGHT,CLOUDY,DRY,False,40.1612434387207,-86.0693664550781
903103521,2018,2018-02-16,Marion,Indianapolis,MASSACHUSETTS AVE & KITLEY AVE,Vehicle,RAN OFF ROAD,RAN OFF ROAD RIGHT,SSI,DARK (NOT LIGHTED),CLOUDY,WET,False,39.8232917785645,-86.0544738769531
903103623,2018,2018-02-16,Morgan,MARTINSVILLE,SR37S,Vehicle,OPPOSITE DIRECTION SIDESWIPE,OTHER (DRIVER) - EXPLAIN IN NARRATIVE,Fatal,DAWN/DUSK,CLEAR,DRY,False,39.425121307373,-86.4019088745117
903107207,2018,2018-02-16,Marion,Indianapolis,21ST ST & POST RD,Vehicle,RIGHT ANGLE,FAILURE TO YIELD RIGHT OF WAY,SSI,DAYLIGHT,CLEAR,DRY,False,39.7967567443848,-86.0093078613281
903104429,2018,2018-02-17,Marion,Indianapolis,SHADELAND AVE & BUSINESS TRFY,Pedestrian,OTHER - EXPLAIN IN NARRATIVE,PEDESTRIAN ACTION,Fatal,DARK (LIGHTED),RAIN,WET,False,39.7949333190918,-86.0456619262695
903104180,2018,2018-02-19,Boone,,CR500S,Vehicle,RAN OFF ROAD,RAN OFF ROAD RIGHT,SSI,DAYLIGHT,RAIN,WET,False,39.9668006896973,-86.6360397338867
903104262,2018,2018-02-19,Johnson,Greenwood,SR135S & OLIVE BRANCH PARKE LN,Pedestrian,OTHER - EXPLAIN IN NARRATIVE,FAILURE TO YIELD RIGHT OF WAY,SSI,DARK (NOT LIGHTED),RAIN,WET,False,39.5954399108887,-86.1591033935547
903104433,2018,2018-02-19,Marion,Indianapolis,LAFAYETTE RD & PIKE PLAZA RD,Vehicle,LEFT TURN,FAILURE TO YIELD RIGHT OF WAY,SSI,DARK (LIGHTED),CLOUDY,WET,False,39.8343353271484,-86.2451171875
903104273,2018,2018-02-20,Hamilton,Westfield,W 186TH ST & SPRING MILL RD,Vehicle,REAR END,FOLLOWING TOO CLOSELY,SSI,DAYLIGHT,CLOUDY,DRY,False,40.056957244873,-86.1680603027344
903104692,2018,2018-02-20,Shelby,SHELBYVILLE,I74W,Vehicle,HEAD ON BETWEEN TWO MOTOR VEHICLES,RAN OFF ROAD RIGHT,SSI,DARK (NOT LIGHTED),CLEAR,WET,False,39.6141891479492,-85.8634719848633
903104698,2018,2018-02-20,Hamilton,Carmel,111TH ST & CORNELL DR,Vehicle,RAN OFF ROAD,RAN OFF ROAD RIGHT,Fatal,DARK (NOT LIGHTED),CLOUDY,WET,False,39.9490737915039,-86.1444091796875
903104912,2018,2018-02-20,Marion,Indianapolis,KENTUCKY AVE & MANN RD,Vehicle,NON-COLLISION,ANIMAL/OBJECT IN ROADWAY,SSI,DAYLIGHT,CLEAR,WET,False,39.7140007019043,-86.2383804321289
903105880,2018,2018-02-20,Marion,Indianapolis,16TH ST & WATERWAY BLVD,Vehicle,NON-COLLISION,UNSAFE SPEED,Fatal,DARK (LIGHTED),CLOUDY,WET,False,39.7892532348633,-86.1948547363281
903105887,2018,2018-02-21,Marion,Indianapolis,12TH ST & ARLINGTON AVE,Vehicle,NON-COLLISION,OTHER (DRIVER) - EXPLAIN IN NARRATIVE,SSI,DARK (LIGHTED),RAIN,WET,False,39.784309387207,-86.0642776489258
903118389,2018,2018-02-22,Marion,Indianapolis,MICHIGAN ST & GRAY ST,Pedestrian,HEAD ON BETWEEN TWO MOTOR VEHICLES,PEDESTRIAN ACTION,SSI,DARK (LIGHTED),RAIN,WET,False,39.7745208740234,-86.1116638183594
903106733,2018,2018-02-23,Hendricks,,SR39,Vehicle,HEAD ON BETWEEN TWO MOTOR VEHICLES,IMPROPER PASSING,SSI,DAYLIGHT,CLOUDY,DRY,False,39.7944869995117,-86.5427627563477
903217954,2018,2018-08-31,Hamilton,Noblesville,CLOVER RD & DRAGONFLY DR,Vehicle,NON-COLLISION,OTHER (DRIVER) - EXPLAIN IN NARRATIVE,SSI,DARK (NOT LIGHTED),CLEAR,DRY,False,40.0374145507812,-85.997932434082
903218602,2018,2018-08-31,Marion,Indianapolis,SAM JONES EXPY & BRADBURY TRFY,Vehicle,LEFT TURN,DISREGARD SIGNAL/REG SIGN,Fatal,DAYLIGHT,CLEAR,DRY,False,39.7325477600098,-86.2345428466797
903212428,2018,2018-09-01,Hendricks,Indianapolis,RACEWAY RD,Vehicle,HEAD ON BETWEEN TWO MOTOR VEHICLES,LEFT OF CENTER,SSI,DAYLIGHT,CLEAR,DRY,False,39.8735198974609,-86.3260116577148
903215102,2018,2018-09-01,Marion,Indianapolis,CAMBY RD & KENTUCKY AVE,Vehicle,OPPOSITE DIRECTION SIDESWIPE,FAILURE TO YIELD RIGHT OF WAY,SSI,DARK (NOT LIGHTED),CLEAR,DRY,False,39.6617393493652,-86.3095626831055
903215227,2018,2018-09-01,Marion,Indianapolis,11TH ST & DR MARTIN LUTHER KING ST,Vehicle,RIGHT ANGLE,FAILURE TO YIELD RIGHT OF WAY,SSI,DARK (LIGHTED),CLEAR,DRY,False,39.8119201660156,-86.1746368408203
903216650,2018,2018-09-01,Marion,Indianapolis,I70W,Vehicle,SAME DIRECTION SIDESWIPE,UNSAFE LANE MOVEMENT,SSI,DAYLIGHT,CLOUDY,DRY,False,39.7537117004394,-86.1630096435547
903212914,2018,2018-09-02,Hancock,,I70E,Vehicle,RAN OFF ROAD,OVERCORRECTING/OVERSTEERING,SSI,DAYLIGHT,CLEAR,DRY,False,39.818359375,-85.9178161621094
903213846,2018,2018-09-02,Marion,Indianapolis,SHERMAN DR & 38TH ST,Vehicle,REAR END,FAILURE TO YIELD RIGHT OF WAY,SSI,DARK (LIGHTED),CLEAR,DRY,False,39.8250732421875,-86.1027450561523
903214263,2018,2018-09-02,Morgan,PARAGON,COUNTY LINE RD & BASE LINE RD,Vehicle,RAN OFF ROAD,RAN OFF ROAD RIGHT,Fatal,DARK (NOT LIGHTED),CLEAR,DRY,False,39.4305191040039,-86.6319198608398
903218603,2018,2018-09-02,Marion,Indianapolis,LAFAYETTE RD & 37TH ST,Pedestrian,,RAN OFF ROAD RIGHT,SSI,DARK (LIGHTED),CLEAR,DRY,False,39.8223495483398,-86.2332382202148
903213344,2018,2018-09-03,Hamilton,Fishers,131ST ST & TIGER DR,Pedalcycle,REAR END,FAILURE TO YIELD RIGHT OF WAY,SSI,DARK (NOT LIGHTED),CLEAR,DRY,False,39.9792976379395,-85.9599609375
903213851,2018,2018-09-03,Marion,Indianapolis,SOUTHWEST DR & SANTE FE CT,Vehicle,REAR END,FOLLOWING TOO CLOSELY,SSI,DAYLIGHT,CLEAR,DRY,False,39.7143745422363,-86.2415008544922
903214508,2018,2018-09-03,Shelby,SHELBYVILLE,MICHIGAN RD,Vehicle,SAME DIRECTION SIDESWIPE,OTHER (VEHICLE) - EXPLAIN IN NARRATIVE,Fatal,DAYLIGHT,CLEAR,DRY,False,39.5044784545898,-85.7106704711914