id,year,date,county,city,cross_street,crash_type,manner,primary_factor,ssi_fatal,light,weather,surface,interstate,lat,lon
903218616,2018,2018-09-03,Marion,Indianapolis,WASHINGTON ST & HENDRICKS PL,Pedalcycle,RIGHT ANGLE,FAILURE TO YIELD RIGHT OF WAY,SSI,DARK (LIGHTED),CLEAR,DRY,False,39.7676734924316,-86.1260070800781
903215239,2018,2018-09-04,Marion,Indianapolis,KEYSTONE AVE & TROY AVE,Vehicle,HEAD ON BETWEEN TWO MOTOR VEHICLES,FAILURE TO YIELD RIGHT OF WAY,SSI,DAYLIGHT,CLEAR,DRY,False,39.7229919433594,-86.1205444335938
903217668,2018,2018-09-04,Marion,Indianapolis,GEORGETOWN RD & 52ND ST,Vehicle,RIGHT ANGLE,DISREGARD SIGNAL/REG SIGN,SSI,DAYLIGHT,CLEAR,DRY,False,39.8459930419922,-86.2416458129883
903217969,2018,2018-09-04,Hamilton,Noblesville,SR32E & PROGRESS LN,Vehicle,OTHER - EXPLAIN IN NARRATIVE,IMPROPER TURNING,SSI,DARK (NOT LIGHTED),CLOUDY,DRY,False,40.0432472229004,-86.0647735595703
903214766,2018,2018-09-05,Morgan,Mooresville,SR67 & BRIDGE ST,Vehicle,REAR END,OTHER (DRIVER) - EXPLAIN IN NARRATIVE,SSI,DAYLIGHT,CLEAR,DRY,False,39.6195335388184,-86.3545303344726
903217675,2018,2018-09-05,Marion,Indianapolis,KENTUCKY AVE & NORCROFT DR,Vehicle,REAR END,FOLLOWING TOO CLOSELY,SSI,DARK (LIGHTED),CLEAR,DRY,False,39.6984977722168,-86.2651824951172
903218582,2018,2018-09-05,Marion,Indianapolis,I65N,Vehicle,SAME DIRECTION SIDESWIPE,UNSAFE LANE MOVEMENT,SSI,DAYLIGHT,CLEAR,DRY,False,39.8448829650879,-86.2591552734375
903215628,2018,2018-09-06,Hamilton,Fishers,96TH ST & KINCAID DR,Vehicle,HEAD ON BETWEEN TWO MOTOR VEHICLES,DRIVER ILLNESS,SSI,DAYLIGHT,CLEAR,DRY,False,39.9273681640625,-86.0184631347656
903215975,2018,2018-09-07,Marion,Indianapolis,COUNTY LINE RD & MERIDIAN ST,Vehicle,HEAD ON BETWEEN TWO MOTOR VEHICLES,FAILURE TO YIELD RIGHT OF WAY,SSI,DARK (LIGHTED),CLOUDY,DRY,False,39.6358337402344,-86.1063232421875
903218061,2018,2018-09-07,Shelby,ST. PAUL(SHELBY),I74W,Vehicle,REAR END,SPEED TOO FAST FOR WEATHER CONDITIONS,SSI,DARK (NOT LIGHTED),RAIN,WET,False,39.457893371582,-85.6398086547852
903216811,2018,2018-09-08,Hendricks,Plainfield,AVON AVE & WOODSIDE DR,Vehicle,RAN OFF ROAD,RAN OFF ROAD RIGHT,SSI,DARK (NOT LIGHTED),RAIN,WET,False,39.7253646850586,-86.3996353149414
903219004,2018,2018-09-08,Marion,Indianapolis,56TH ST & GEORGETOWN RD,Vehicle,LEFT TURN,DISREGARD SIGNAL/REG SIGN,SSI,DAYLIGHT,RAIN,WET,False,39.8534355163574,-86.2400283813477
903223781,2018,2018-09-08,Marion,Indianapolis,I65S,Vehicle,RAN OFF ROAD,RAN OFF ROAD RIGHT,SSI,DAYLIGHT,RAIN,WET,False,39.6722183227539,-86.0984497070313
903217410,2018,2018-09-09,Marion,Indianapolis,BROAD RIPPLE AVE & GUILFORD ST,Pedestrian,HEAD ON BETWEEN TWO MOTOR VEHICLES,PEDESTRIAN ACTION,SSI,DARK (LIGHTED),RAIN,WET,False,39.8699111938476,-86.142951965332
903218355,2018,2018-09-09,Marion,Indianapolis,SHERMAN DR & SOUTHPORT RD,Vehicle,RIGHT ANGLE,UNSAFE SPEED,Fatal,DARK (NOT LIGHTED),RAIN,WET,False,39.6641426086426,-86.1021957397461
903218429,2018,2018-09-09,Marion,Indianapolis,MOORESVILLE RD & SOUTHPORT RD,Vehicle,RIGHT ANGLE,SPEED TOO FAST FOR WEATHER CONDITIONS,SSI,DAYLIGHT,RAIN,WET,False,39.6548957824707,-86.2777557373047
903219797,2018,2018-09-11,Marion,Indianapolis,I70W,Vehicle,RAN OFF ROAD,UNSAFE LANE MOVEMENT,SSI,DAYLIGHT,CLEAR,DRY,False,39.7985649108887,-86.1132278442383
903223145,2018,2018-09-11,Marion,Indianapolis,ROCKVILLE RD & BAUMAN ST,Vehicle,RIGHT ANGLE,UNSAFE SPEED,SSI,DARK (NOT LIGHTED),CLEAR,DRY,False,39.7642097473145,-86.2794036865234
903219954,2018,2018-09-13,Morgan,MARTINSVILLE,OLD MORGANTOWN RD & COPE RD,Vehicle,COLLISION WITH ANIMAL OTHER,ANIMAL/OBJECT IN ROADWAY,SSI,DAYLIGHT,CLEAR,DRY,False,39.4228210449219,-86.3104858398438
903220869,2018,2018-09-13,Marion,Indianapolis,I465S,Vehicle,SAME DIRECTION SIDESWIPE,UNSAFE LANE MOVEMENT,SSI,DAYLIGHT,CLEAR,DRY,False,39.927604675293,-86.2688903808594
903222114,2018,2018-09-13,Hamilton,Fishers,TYNAN WAY,Vehicle,BACKING CRASH,UNSAFE BACKING,SSI,DAYLIGHT,CLEAR,DRY,False,39.9709510803223,-86.0108032226563
903223066,2018,2018-09-13,Marion,Indianapolis,KESSLER BOULEVARD NORTH DR & COLERAIN DR,Vehicle,RIGHT ANGLE,FAILURE TO YIELD RIGHT OF WAY,SSI,DAYLIGHT,CLEAR,DRY,False,39.8031234741211,-86.2109527587891
903248315,2018,2018-09-13,Marion,Indianapolis,SARGENT RD & SARGENT RDG,Vehicle,RAN OFF ROAD,RAN OFF ROAD RIGHT,SSI,DARK (NOT LIGHTED),CLEAR,DRY,False,39.9220733642578,-86.0057983398438
903220245,2018,2018-09-14,Marion,Indianapolis,I465W,Vehicle,REAR END,FOLLOWING TOO CLOSELY,SSI,DAYLIGHT,CLEAR,DRY,False,39.72314453125,-86.1207580566406
903220634,2018,2018-09-14,Hendricks,CLAYTON,CR900S,Vehicle,RIGHT ANGLE,DISREGARD SIGNAL/REG SIGN,SSI,DARK (NOT LIGHTED),CLEAR,DRY,False,39.6299934387207,-86.541015625
903222394,2018,2018-09-14,Marion,Indianapolis,19TH ST & RURAL ST,Pedestrian,HEAD ON BETWEEN TWO MOTOR VEHICLES,PEDESTRIAN ACTION,SSI,DAYLIGHT,CLEAR,DRY,False,39.7924041748047,-86.1165924072265
903222526,2018,2018-09-14,Shelby,SHELBYVILLE,SR252W,Vehicle,RIGHT ANGLE,FAILURE TO YIELD RIGHT OF WAY,SSI,DAYLIGHT,CLEAR,DRY,False,39.3633193969727,-85.8943939208984
903222855,2018,2018-09-14,Marion,Indianapolis,CAROLINE AVE & 38TH ST,Vehicle,NON-COLLISION,FAILURE TO YIELD RIGHT OF WAY,SSI,DARK (LIGHTED),CLEAR,DRY,False,39.8253517150879,-86.1256942749024
903223708,2018,2018-09-14,Marion,Indianapolis,FURNAS RD,Vehicle,RAN OFF ROAD,RAN OFF ROAD RIGHT,Fatal,DAYLIGHT,CLEAR,DRY,False,39.6810836791992,-86.2620391845703
903227017,2018,2018-09-14,Marion,Indianapolis,KENTUCKY AVE & NORCROFT DR,Vehicle,LEFT TURN,FAILURE TO YIELD RIGHT OF WAY,Fatal,DAYLIGHT,CLEAR,DRY,False,39.6986389160156,-86.2650375366211
903220985,2018,2018-09-15,Hendricks,Avon,CR200N,Vehicle,RAN OFF ROAD,RAN OFF ROAD RIGHT,SSI,DARK (NOT LIGHTED),CLEAR,DRY,False,39.7925453186035,-86.3777542114258
903221170,2018,2018-09-15,Boone,Zionsville,US421S,Vehicle,RAN OFF ROAD,DRIVER ILLNESS,SSI,DAYLIGHT,CLEAR,DRY,False,40.0412216186523,-86.2854995727539
903222001,2018,2018-09-15,Marion,Indianapolis,I465S,Vehicle,RAN OFF ROAD,UNSAFE LANE MOVEMENT,SSI,DARK (NOT LIGHTED),CLEAR,DRY,False,39.833137512207,-86.2760238647461
903223074,2018,2018-09-15,Marion,Indianapolis,MILLS RD & MANN RD,Vehicle,LEFT TURN,DISREGARD SIGNAL/REG SIGN,SSI,DARK (NOT LIGHTED),CLEAR,DRY,False,39.6705436706543,-86.2476577758789
903227562,2018,2018-09-15,Marion,Indianapolis,STATE ST & STURM AVE,Vehicle,REAR END,IMPROPER LANE USAGE,SSI,DARK (LIGHTED),CLEAR,DRY,False,39.7728157043457,-86.1305618286133
903221327,2018,2018-09-16,Hamilton,,TIPPECANOE DR & KANKAKEE DR,Vehicle,OPPOSITE DIRECTION SIDESWIPE,LEFT OF CENTER,SSI,DARK (NOT LIGHTED),CLEAR,DRY,False,40.1016693115234,-85.9659042358398
903224558,2018,2018-09-16,Marion,Indianapolis,I65,Vehicle,NON-COLLISION,OVERCORRECTING/OVERSTEERING,SSI,DAYLIGHT,CLEAR,DRY,True,39.8242340087891,-86.2210235595703
903221974,2018,2018-09-17,Hamilton,Fishers,I69S,Vehicle,RAN OFF ROAD,OVERCORRECTING/OVERSTEERING,SSI,DAYLIGHT,CLEAR,DRY,False,39.9855422973633,-85.9391708374023
903222227,2018,2018-09-17,Hamilton,Carmel,SPRINGMILL RD & 146TH ST,Vehicle,OTHER - EXPLAIN IN NARRATIVE,DRIVER DISTRACTED - EXPLAIN IN NARRATIVE,SSI,DARK (NOT LIGHTED),CLEAR,DRY,False,39.9984626770019,-86.1647872924805
903223825,2018,2018-09-17,Marion,Indianapolis,OSCAR ROBERTSON BLVD & DR MARTIN LUTHER KING JR ST,Vehicle,SAME DIRECTION SIDESWIPE,FAILURE TO YIELD RIGHT OF WAY,SSI,DAYLIGHT,CLEAR,DRY,False,39.7819137573242,-86.1683502197266
903222438,2018,2018-09-18,Morgan,Mooresville,S INDIANA ST & SOUTH ST,Pedestrian,RIGHT ANGLE,OTHER (DRIVER) - EXPLAIN IN NARRATIVE,SSI,DAYLIGHT,CLEAR,DRY,False,39.6084823608398,-86.3750228881836
903223100,2018,2018-09-18,Marion,Indianapolis,ILLINOIS ST & WASHINGTON ST,Pedalcycle,HEAD ON BETWEEN TWO MOTOR VEHICLES,PEDESTRIAN ACTION,SSI,DAYLIGHT,CLEAR,DRY,False,39.7670135498047,-86.1597747802735
903223240,2018,2018-09-19,Johnson,,CR700E,Vehicle,RAN OFF ROAD,RAN OFF ROAD RIGHT,SSI,DAYLIGHT,CLOUDY,DRY,False,39.5486831665039,-85.9712905883789
903223368,2018,2018-09-19,Hancock,Greenfield,MUSKEGON DR & BROADWAY ST,Vehicle,HEAD ON BETWEEN TWO MOTOR VEHICLES,FAILURE TO YIELD RIGHT OF WAY,SSI,DAYLIGHT,CLEAR,DRY,False,39.8101997375488,-85.7802200317383
903224261,2018,2018-09-19,Marion,Indianapolis,KEYSTONE AVE & IOWA ST,Vehicle,RAN OFF ROAD,RAN OFF ROAD RIGHT,SSI,DARK (LIGHTED),CLEAR,DRY,False,39.7439727783203,-86.1211700439453
903225922,2018,2018-09-19,Marion,Indianapolis,FALL CREEK PKWY DR & ILLINOIS ST,Vehicle,OTHER - EXPLAIN IN NARRATIVE,DISREGARD SIGNAL/REG SIGN,SSI,DARK (LIGHTED),CLEAR,DRY,False,39.8031845092773,-86.1589889526367
903228780,2018,2018-09-19,Marion,Lawrence,GERMAN CHURCH RD & 46TH ST,Vehicle,OTHER - EXPLAIN IN NARRATIVE,UNSAFE SPEED,Fatal,DARK (NOT LIGHTED),CLEAR,DRY,False,39.841178894043,-85.9723892211914
903224270,2018,2018-09-20,Marion,Indianapolis,MILBURN ST & MONTCALM ST,Vehicle,RIGHT ANGLE,FAILURE TO YIELD RIGHT OF WAY,SSI,DAYLIGHT,CLOUDY,DRY,False,39.7989654541016,-86.1797409057617
903224605,2018,2018-09-21,Shelby,SHELBYVILLE,CR600S & WASHINGTON RD,Vehicle,RAN OFF ROAD,RAN OFF ROAD RIGHT,Fatal,DAYLIGHT,CLEAR,DRY,False,39.4386138916016,-85.8140716552734
903225295,2018,2018-09-21,Johnson,Franklin,US31 & CHRISTIAN BLVD,Vehicle,REAR END,DISREGARD SIGNAL/REG SIGN,SSI,DARK (LIGHTED),CLEAR,DRY,False,39.5387763977051,-86.0826644897461
903226009,2018,2018-09-21,Hamilton,Carmel,W 116TH ST & MANSFIELD PL,Pedalcycle,LEFT TURN,DRIVER DISTRACTED - EXPLAIN IN NARRATIVE,SSI,DARK (LIGHTED),CLEAR,DRY,False,39.9556045532226,-86.2002563476563
903226234,2018,2018-09-21,Marion,Indianapolis,THOMPSON PARK BLVD & BRYCE CANYON DR,Vehicle,NON-COLLISION,RAN OFF ROAD RIGHT,SSI,DARK (LIGHTED),CLEAR,DRY,False,39.6890830993652,-86.056282043457
903230338,2018,2018-09-21,Marion,Indianapolis,MADISON AVE & GILBERT AVE,Vehicle,HEAD ON BETWEEN TWO MOTOR VEHICLES,LEFT OF CENTER,Fatal,DAYLIGHT,CLEAR,DRY,False,39.6818885803223,-86.1327667236328
903225304,2018,2018-09-22,Johnson,Greenwood,FRY RD & JOY DR,Vehicle,OTHER - EXPLAIN IN NARRATIVE,RAN OFF ROAD RIGHT,Fatal,DARK (NOT LIGHTED),CLEAR,DRY,False,39.627986907959,-86.1444473266602
903225707,2018,2018-09-22,Boone,,ENTERPRISE BLVD,Vehicle,RAN OFF ROAD,UNSAFE LANE MOVEMENT,SSI,DARK (NOT LIGHTED),CLEAR,DRY,False,40.0270385742187,-86.4756546020508
903226132,2018,2018-09-22,Marion,Indianapolis,SOUTHPORT RD & ARLINGTON AVE,Vehicle,OPPOSITE DIRECTION SIDESWIPE,RAN OFF ROAD RIGHT,SSI,DAYLIGHT,CLOUDY,DRY,False,39.6663208007813,-86.0631790161133
903226242,2018,2018-09-22,Marion,Indianapolis,ROCKVILLE RD & GIRLS SCHOOL RD,Vehicle,RIGHT ANGLE,FAILURE TO YIELD RIGHT OF WAY,SSI,DAYLIGHT,CLOUDY,DRY,False,39.7640151977539,-86.2890853881836
903231859,2018,2018-09-22,Marion,Indianapolis,COUNTY LINE RD,Vehicle,LEFT TURN,FAILURE TO YIELD RIGHT OF WAY,Fatal,DARK (LIGHTED),CLEAR,DRY,False,39.6353721618652,-86.126579284668
903225695,2018,2018-09-23,Morgan,MARTINSVILLE,SR252E & LENVOIL RD,Vehicle,NON-COLLISION,OTHER (VEHICLE) - EXPLAIN IN NARRATIVE,SSI,DAYLIGHT,CLEAR,DRY,False,39.4135818481445,-86.3765411376953
903231952,2018,2018-09-23,Marion,Indianapolis,56TH ST & BROOKMEADOW BLVD,Vehicle,LEFT TURN,FAILURE TO YIELD RIGHT OF WAY,SSI,DARK (NOT LIGHTED),CLEAR,DRY,False,39.8533172607422,-86.2371520996094
903235673,2018,2018-09-23,Marion,Indianapolis,16TH ST & COLUMBIA AVE,Vehicle,RAN OFF ROAD,RAN OFF ROAD RIGHT,SSI,DARK (NOT LIGHTED),CLEAR,DRY,False,39.7884216308594,-86.137092590332
903236978,2018,2018-09-23,Marion,Indianapolis,HARDING ST,Vehicle,NON-COLLISION,UNSAFE SPEED,SSI,DARK (LIGHTED),CLEAR,DRY,False,39.6907043457031,-86.18798828125
903226609,2018,2018-09-24,Hendricks,CLAYTON,US40,Vehicle,HEAD ON BETWEEN TWO MOTOR VEHICLES,LEFT OF CENTER,Fatal,DAYLIGHT,RAIN,WET,False,39.6663475036621,-86.5282669067383
903226935,2018,2018-09-24,Marion,Indianapolis,STOP 10 RD & PORTAGE AVE,Vehicle,HEAD ON BETWEEN TWO MOTOR VEHICLES,FAILURE TO YIELD RIGHT OF WAY,SSI,DAYLIGHT,RAIN,WET,False,39.6575546264648,-86.1280746459961
903227395,2018,2018-09-25,Johnson,Greenwood,SR135N & W COUNTY LINE RD,Pedestrian,SAME DIRECTION SIDESWIPE,FAILURE TO YIELD RIGHT OF WAY,SSI,DAYLIGHT,CLOUDY,DRY,False,39.6349449157715,-86.1583862304688
903228300,2018,2018-09-26,Marion,Indianapolis,38TH ST & HIGH SCHOOL RDS,Pedalcycle,HEAD ON BETWEEN TWO MOTOR VEHICLES,IMPROPER LANE USAGE,SSI,DAYLIGHT,CLEAR,DRY,False,39.8235855102539,-86.2701187133789
903228589,2018,2018-09-27,Morgan,MARTINSVILLE,WILBUR RD & PUMPKINVINE HILL RD,Vehicle,OPPOSITE DIRECTION SIDESWIPE,DRIVER DISTRACTED - EXPLAIN IN NARRATIVE,SSI,DAYLIGHT,CLEAR,DRY,False,39.4596900939941,-86.4554290771484
903228668,2018,2018-09-27,Hamilton,Fishers,104TH ST & OLIO RD,Vehicle,REAR END,FOLLOWING TOO CLOSELY,SSI,DARK (NOT LIGHTED),CLEAR,DRY,False,39.9385871887207,-85.916130065918
903228674,2018,2018-09-27,Hancock,FORTVILLE,CR300W,Vehicle,RAN OFF ROAD,RAN OFF ROAD RIGHT,SSI,DARK (NOT LIGHTED),CLEAR,DRY,False,39.8971099853516,-85.8620147705078
903233311,2018,2018-09-27,Marion,Indianapolis,RAYMOND ST & RANSDELL ST,Pedestrian,OTHER - EXPLAIN IN NARRATIVE,PEDESTRIAN ACTION,SSI,DAYLIGHT,CLEAR,DRY,False,39.7372894287109,-86.1520309448242
903228990,2018,2018-09-28,Hendricks,Danville,MAIN ST & TERRY KIRTLEY BLVD,Vehicle,LEFT TURN,FAILURE TO YIELD RIGHT OF WAY,SSI,DAYLIGHT,CLEAR,DRY,False,39.7595291137695,-86.5037689208984
903230484,2018,2018-09-28,Marion,Indianapolis,KEYSTONE AVE & 71ST ST,Vehicle,OTHER - EXPLAIN IN NARRATIVE,FAILURE TO YIELD RIGHT OF WAY,SSI,DAYLIGHT,CLEAR,DRY,False,39.8831520080566,-86.1220779418945
903231068,2018,2018-09-28,Marion,Indianapolis,ALLISONVILLE RD & PRIVATE DR,Vehicle,LEFT TURN,DISREGARD SIGNAL/REG SIGN,SSI,DAYLIGHT,CLOUDY,DRY,False,39.9063987731934,-86.0780029296875
903231786,2018,2018-09-29,Marion,Indianapolis,HEARTHSTONE WAY & RIBBON DR,Vehicle,RAN OFF ROAD,RAN OFF ROAD RIGHT,SSI,DARK (LIGHTED),CLEAR,DRY,False,39.6521415710449,-86.1054382324219
903232592,2018,2018-09-29,Marion,Indianapolis,LAFAYETTE RD & 38TH ST,Pedestrian,OTHER - EXPLAIN IN NARRATIVE,PEDESTRIAN ACTION,SSI,DARK (LIGHTED),CLOUDY,DRY,False,39.825569152832,-86.2362899780273
903235674,2018,2018-09-29,Marion,Indianapolis,46TH ST & FOREST MANOR AVE,Vehicle,HEAD ON BETWEEN TWO MOTOR VEHICLES,LEFT OF CENTER,Fatal,DAYLIGHT,CLEAR,DRY,False,39.8400344848633,-86.0979080200195
903229810,2018,2018-09-30,Marion,Indianapolis,N ELIZABETH ST,Vehicle,RAN OFF ROAD,RAN OFF ROAD RIGHT,SSI,DARK (NOT LIGHTED),CLEAR,DRY,False,39.8197593688965,-86.0525207519531
903230325,2018,2018-09-30,Marion,Indianapolis,SHERMAN DR & 16TH ST,Vehicle,RIGHT TURN,FAILURE TO YIELD RIGHT OF WAY,SSI,DAYLIGHT,CLEAR,DRY,False,39.7886390686035,-86.1022872924805
903234900,2018,2018-10-01,Marion,Indianapolis,GEORGTOWN RD & SEBRING DR,Vehicle,RIGHT ANGLE,FAILURE TO YIELD RIGHT OF WAY,SSI,DAYLIGHT,CLEAR,DRY,False,39.8577079772949,-86.2404708862305
903232006,2018,2018-10-02,Marion,Indianapolis,WASHINGTON ST & GLADSTONE AVE,Vehicle,LEFT TURN,FAILURE TO YIELD RIGHT OF WAY,SSI,DAYLIGHT,RAIN,WET,False,39.7695198059082,-86.0962524414063
903241024,2018,2018-10-02,Marion,Indianapolis,RURAL ST & NEW YORK ST,Pedestrian,OTHER - EXPLAIN IN NARRATIVE,PEDESTRIAN ACTION,SSI,DAYLIGHT,CLEAR,DRY,False,39.7717704772949,-86.1163940429688
903251371,2018,2018-10-02,Marion,Lawrence,US36E & N POST RD,Pedestrian,OTHER - EXPLAIN IN NARRATIVE,OTHER (DRIVER) - EXPLAIN IN NARRATIVE,Fatal,DARK (LIGHTED),RAIN,WET,False,39.844554901123,-86.0099105834961
903231616,2018,2018-10-03,Shelby,SHELBYVILLE,FRONTAGE RD & MICHIGAN RD,Vehicle,RAN OFF ROAD,RAN OFF ROAD RIGHT,SSI,DARK (NOT LIGHTED),CLEAR,DRY,False,39.5627403259277,-85.7958679199219
903232138,2018,2018-10-03,Hamilton,,206 ST & PRAIRIE BAPTIST RD,Vehicle,RAN OFF ROAD,DISREGARD SIGNAL/REG SIGN,SSI,DAYLIGHT,CLEAR,DRY,False,40.0884971618652,-85.9013137817383
903232760,2018,2018-10-03,Hancock,,CR700W,Vehicle,RIGHT ANGLE,DISREGARD SIGNAL/REG SIGN,SSI,DAYLIGHT,CLEAR,DRY,False,39.8112297058105,-85.9340362548828
903232937,2018,2018-10-03,Hendricks,Plainfield,CAMBY RD,Vehicle,RAN OFF ROAD,RAN OFF ROAD RIGHT,SSI,DAYLIGHT,CLEAR,DRY,False,39.6619453430176,-86.3607788085938
903234709,2018,2018-10-03,Marion,Indianapolis,WESTLANE RD & CAMWOOD LN,Pedestrian,OTHER - EXPLAIN IN NARRATIVE,PEDESTRIAN ACTION,Fatal,DARK (NOT LIGHTED),CLEAR,DRY,False,39.8856506347656,-86.2062530517578
903141851,2018,2018-04-13,Marion,Indianapolis,34TH ST & ADAMS ST,Vehicle,RIGHT TURN,FAILURE TO YIELD RIGHT OF WAY,SSI,DARK (LIGHTED),CLEAR,DRY,False,39.8181419372559,-86.1083374023438
903170500,2018,2018-04-13,Marion,Indianapolis,KESSLER BLVD & 23RD ST,Vehicle,RIGHT ANGLE,FAILURE TO YIELD RIGHT OF WAY,SSI,DARK (LIGHTED),CLOUDY,DRY,False,39.7982635498047,-86.2110290527344
903174508,2018,2018-04-13,Marion,Indianapolis,GERMAN CHURCH RD & 46TH ST,Vehicle,OTHER - EXPLAIN IN NARRATIVE,RAN OFF ROAD RIGHT,Fatal,DARK (LIGHTED),CLEAR,DRY,False,39.8415374755859,-85.972412109375
903133221,2018,2018-04-14,Marion,Indianapolis,MADISON AVE & MURRY ST,Vehicle,LEFT TURN,FAILURE TO YIELD RIGHT OF WAY,Fatal,DAYLIGHT,CLOUDY,DRY,False,39.7182769775391,-86.1481094360352
903132929,2018,2018-04-15,Hancock,Greenfield,NEW RD & BARRETT DR,Vehicle,LEFT TURN,IMPROPER LANE USAGE,SSI,DAYLIGHT,CLOUDY,WET,False,39.8141136169434,-85.7675933837891
903134098,2018,2018-04-15,Marion,Indianapolis,I70W,Vehicle,HEAD ON BETWEEN TWO MOTOR VEHICLES,WRONG WAY ON ONE WAY,SSI,DARK (LIGHTED),RAIN,WET,False,39.8030853271484,-85.9742126464844
903134227,2018,2018-04-16,Marion,Indianapolis,FALL CREEK NORTH DRIVE PKWY & DELMAR RD,Vehicle,RAN OFF ROAD,DRIVER DISTRACTED - EXPLAIN IN NARRATIVE,SSI,DAYLIGHT,CLOUDY,DRY,False,39.8482666015625,-86.0994491577148
903134586,2018,2018-04-18,Marion,Indianapolis,I465E,Vehicle,RAN OFF ROAD,UNSAFE LANE MOVEMENT,SSI,DARK (LIGHTED),CLEAR,DRY,False,39.906379699707,-86.0721206665039
903135298,2018,2018-04-18,Hamilton,Carmel,HAZEL DELL PKWY & E 126TH ST,Vehicle,RIGHT ANGLE,IMPROPER LANE USAGE,SSI,DAYLIGHT,CLEAR,DRY,False,39.9713401794434,-86.0705261230469
903135487,2018,2018-04-19,Hamilton,Westfield,SR32W & MULE BARN RD,Vehicle,HEAD ON BETWEEN TWO MOTOR VEHICLES,LEFT OF CENTER,Fatal,DAYLIGHT,CLOUDY,DRY,False,40.041805267334,-86.2217025756836
903136196,2018,2018-04-19,Marion,Indianapolis,I465W,Vehicle,REAR END,FOLLOWING TOO CLOSELY,SSI,DAYLIGHT,CLEAR,DRY,False,39.9256019592285,-86.2472610473633
903137256,2018,2018-04-20,Marion,Indianapolis,28TH ST & SHERMAN DR,Vehicle,HEAD ON BETWEEN TWO MOTOR VEHICLES,LEFT OF CENTER,SSI,DAYLIGHT,CLEAR,DRY,False,39.8067169189453,-86.1039199829102
903138006,2018,2018-04-20,Marion,Indianapolis,I70E,Vehicle,RAN OFF ROAD,UNSAFE LANE MOVEMENT,SSI,DAYLIGHT,CLEAR,DRY,False,39.7530784606934,-86.2168731689453
903136376,2018,2018-04-21,Marion,Indianapolis,RACEWAY RD & 46 ST,Vehicle,RAN OFF ROAD,RAN OFF ROAD RIGHT,SSI,DAYLIGHT,CLEAR,DRY,False,39.8405303955078,-86.3271026611328
903138315,2018,2018-04-23,Marion,Indianapolis,10TH ST & RIDGEPOINTE DR,Vehicle,HEAD ON BETWEEN TWO MOTOR VEHICLES,LEFT OF CENTER,SSI,DAYLIGHT,RAIN,WET,False,39.7787780761719,-86.3197479248047
903138169,2018,2018-04-25,Hendricks,Brownsburg,EAST 56TH ST & DALE SCHIER RD,Vehicle,HEAD ON BETWEEN TWO MOTOR VEHICLES,FAILURE TO YIELD RIGHT OF WAY,SSI,DARK (LIGHTED),CLEAR,DRY,False,39.8512344360352,-86.3804626464844
903139869,2018,2018-04-25,Hancock,,CR500W,Vehicle,RIGHT ANGLE,DISREGARD SIGNAL/REG SIGN,SSI,DAYLIGHT,CLEAR,DRY,False,39.7425422668457,-85.7070083618164
903142474,2018,2018-04-25,Marion,Indianapolis,SHADELAND AVE,Pedalcycle,REAR END,FOLLOWING TOO CLOSELY,Fatal,DARK (NOT LIGHTED),CLEAR,DRY,False,39.8045272827148,-86.0457458496094
903140886,2018,2018-04-26,Marion,Indianapolis,BROOKVILLE RD & I 465 NORTH HWY,Vehicle,RIGHT ANGLE,DISREGARD SIGNAL/REG SIGN,SSI,DAYLIGHT,CLEAR,DRY,True,39.7513694763184,-86.0331420898437
903140987,2018,2018-04-26,Marion,Lawrence,PENDLETON PIKE & SHADELAND AVE,Pedestrian,HEAD ON BETWEEN TWO MOTOR VEHICLES,PEDESTRIAN ACTION,SSI,DAYLIGHT,CLEAR,DRY,False,39.8276863098144,-86.045166015625
903139744,2018,2018-04-27,Johnson,Franklin,WEBB CT,Vehicle,OTHER - EXPLAIN IN NARRATIVE,UNSAFE SPEED,SSI,DAWN/DUSK,CLEAR,DRY,False,39.486629486084,-86.0341720581055
903140291,2018,2018-04-27,Marion,Indianapolis,THOMPSON RD & PAPPAS DR,Vehicle,LEFT TURN,FAILURE TO YIELD RIGHT OF WAY,SSI,DAYLIGHT,CLEAR,DRY,False,39.6947326660156,-86.0716018676758
903140472,2018,2018-04-27,Hendricks,Brownsburg,CR700N & WINDRIDGE WAY,Vehicle,HEAD ON BETWEEN TWO MOTOR VEHICLES,FAILURE TO YIELD RIGHT OF WAY,SSI,DAYLIGHT,CLEAR,DRY,False,39.8654594421387,-86.4029998779297
903140695,2018,2018-04-27,Hamilton,Carmel,CONGRESSIONAL BLVD & PENNSYLVANIA ST,Vehicle,LEFT/RIGHT TURN,DISREGARD SIGNAL/REG SIGN,SSI,DAYLIGHT,CLEAR,DRY,False,39.9583358764648,-86.1550827026367
903141430,2018,2018-04-27,Marion,Indianapolis,KENTUCKY AVE & STIRLING POINTE DR,Vehicle,REAR END,FOLLOWING TOO CLOSELY,Fatal,DARK (NOT LIGHTED),CLEAR,DRY,False,39.6870460510254,-86.2797393798828
903141639,2018,2018-04-27,Marion,Indianapolis,MAZE RD & SHELBYVILLE RD,Vehicle,LEFT TURN,FAILURE TO YIELD RIGHT OF WAY,SSI,DAYLIGHT,CLEAR,DRY,False,39.6448364257812,-86.0148696899414