id,year,date,county,city,cross_street,crash_type,manner,primary_factor,ssi_fatal,light,weather,surface,interstate,lat,lon
903139915,2018,2018-04-28,Hamilton,Westfield,E 169TH ST & WESTFIELD PARK RD,Vehicle,RIGHT ANGLE,FAILURE TO YIELD RIGHT OF WAY,SSI,DAYLIGHT,CLEAR,DRY,False,40.033073425293,-86.1273574829102
903140038,2018,2018-04-28,Johnson,Whiteland,CR600N,Vehicle,RIGHT ANGLE,DISREGARD SIGNAL/REG SIGN,SSI,DAYLIGHT,CLEAR,DRY,False,39.5655364990234,-86.05712890625
903140292,2018,2018-04-28,Marion,Indianapolis,VILLAGE WAY & APPLEBY LN,Vehicle,RAN OFF ROAD,RAN OFF ROAD RIGHT,SSI,DAYLIGHT,CLEAR,DRY,False,39.9246025085449,-86.0191345214844
903140593,2018,2018-04-30,Hamilton,Westfield,US31,Vehicle,OTHER - EXPLAIN IN NARRATIVE,OVERCORRECTING/OVERSTEERING,SSI,DAYLIGHT,CLEAR,DRY,False,40.0126914978027,-86.1284103393555
903142878,2018,2018-04-30,Marion,Indianapolis,30TH ST & BAVARIAN DR,Pedestrian,OTHER - EXPLAIN IN NARRATIVE,PEDESTRIAN ACTION,Fatal,DARK (NOT LIGHTED),CLEAR,DRY,False,39.8116264343262,-85.9872055053711
903146951,2018,2018-04-30,Marion,Indianapolis,COUNTY LINE RD & MADISON AVE,Vehicle,OTHER - EXPLAIN IN NARRATIVE,FAILURE TO YIELD RIGHT OF WAY,SSI,DAYLIGHT,CLEAR,DRY,False,39.6357154846191,-86.1112365722656
903141854,2018,2018-05-01,Hendricks,,SR75,Vehicle,RAN OFF ROAD,RAN OFF ROAD RIGHT,SSI,DAYLIGHT,CLEAR,DRY,False,39.737003326416,-86.6509170532227
903142039,2018,2018-05-01,Hamilton,Westfield,US31,Vehicle,REAR END,UNSAFE SPEED,SSI,DAYLIGHT,CLEAR,DRY,False,40.0109519958496,-86.1279907226562
903142040,2018,2018-05-01,Johnson,Franklin,CR600E,Vehicle,RAN OFF ROAD,RAN OFF ROAD RIGHT,SSI,DAYLIGHT,CLEAR,DRY,False,39.4846229553223,-85.9888381958008
903142105,2018,2018-05-01,Marion,Indianapolis,I74E,Vehicle,RAN OFF ROAD,UNSAFE SPEED,SSI,DAYLIGHT,CLEAR,DRY,False,39.7321853637695,-86.039680480957
903142301,2018,2018-05-01,Marion,Indianapolis,ALLISONVILLE RD & 62ND ST,Vehicle,RIGHT ANGLE,FAILURE TO YIELD RIGHT OF WAY,SSI,DARK (LIGHTED),CLEAR,DRY,False,39.8685455322266,-86.0969924926758
903142464,2018,2018-05-02,Boone,Lebanon,LEBANON ST & LAKESHORE DR,Vehicle,NON-COLLISION,OTHER (DRIVER) - EXPLAIN IN NARRATIVE,SSI,DAYLIGHT,CLEAR,DRY,False,40.0734825134277,-86.4743270874023
903142493,2018,2018-05-02,Boone,Zionsville,FORD RD & MULBERRY ST,Vehicle,RAN OFF ROAD,UNSAFE SPEED,SSI,DAYLIGHT,CLEAR,DRY,False,39.9643859863281,-86.2827377319336
903142587,2018,2018-05-02,Hamilton,,SR37 & 216 ST,Vehicle,REAR END,FOLLOWING TOO CLOSELY,SSI,DAYLIGHT,CLEAR,DRY,False,40.1025657653809,-85.9621734619141
903144995,2018,2018-05-02,Marion,Indianapolis,BOULAVARD PL & 41ST ST,Pedalcycle,RIGHT ANGLE,PEDESTRIAN ACTION,SSI,DAYLIGHT,CLEAR,DRY,False,39.8306541442871,-86.1640243530273
903151636,2018,2018-05-02,Marion,Indianapolis,10TH ST & AUDUBON RD,Vehicle,LEFT TURN,STEERING FAILURE,SSI,DAYLIGHT,CLEAR,DRY,False,39.7816429138184,-86.0698013305664
903143521,2018,2018-05-03,Marion,Indianapolis,LYNHURST DR & BRADBURY AVE,Vehicle,SAME DIRECTION SIDESWIPE,BRAKE FAILURE OR DEFECTIVE,SSI,DAYLIGHT,CLOUDY,DRY,False,39.7312812805176,-86.2503128051758
903143971,2018,2018-05-04,Boone,Lebanon,N ALLEN DR,Pedestrian,BACKING CRASH,UNSAFE BACKING,SSI,DAYLIGHT,CLEAR,DRY,False,40.0342636108398,-86.4513854980469
903145031,2018,2018-05-04,Marion,Indianapolis,38TH ST & WINTHROP AVE,Vehicle,LEFT TURN,FAILURE TO YIELD RIGHT OF WAY,SSI,DARK (LIGHTED),CLEAR,DRY,False,39.8252067565918,-86.140998840332
903146050,2018,2018-05-04,Hamilton,Noblesville,CLOVER RD,Vehicle,RAN OFF ROAD,UNSAFE SPEED,SSI,DARK (LIGHTED),CLOUDY,DRY,False,40.0349388122559,-85.9964981079102
903146310,2018,2018-05-04,Marion,Indianapolis,I465E,Vehicle,RAN OFF ROAD,UNSAFE SPEED,Fatal,DAYLIGHT,CLEAR,DRY,False,39.6994132995605,-86.2579727172852
903146952,2018,2018-05-04,Marion,Indianapolis,POST RD & 42ND ST,Vehicle,LEFT TURN,FAILURE TO YIELD RIGHT OF WAY,SSI,DARK (LIGHTED),CLEAR,DRY,False,39.8333168029785,-86.0100402832031
903146051,2018,2018-05-05,Hamilton,Noblesville,SR37 & 186TH ST,Vehicle,RIGHT ANGLE,FAILURE TO YIELD RIGHT OF WAY,SSI,DAYLIGHT,CLEAR,DRY,False,40.0583343505859,-85.9905700683594
903146110,2018,2018-05-05,Marion,Indianapolis,10TH ST,Pedestrian,OTHER - EXPLAIN IN NARRATIVE,UNSAFE BACKING,SSI,DAYLIGHT,CLEAR,DRY,False,39.7812385559082,-86.0940475463867
903146953,2018,2018-05-05,Marion,Indianapolis,RAWLES AVE & TREYBURN LAKES BLVD,Vehicle,RAN OFF ROAD,RAN OFF ROAD RIGHT,SSI,DAYLIGHT,CLEAR,DRY,False,39.7623329162598,-85.9963836669922
903148954,2018,2018-05-05,Marion,Indianapolis,KENTUCKY AVE,Vehicle,LEFT TURN,DISREGARD SIGNAL/REG SIGN,SSI,DARK (LIGHTED),CLEAR,DRY,False,39.702953338623,-86.2597427368164
903144457,2018,2018-05-06,Johnson,Greenwood,S OAKWOOD DR & REVERE CT,Vehicle,NON-COLLISION,OTHER (DRIVER) - EXPLAIN IN NARRATIVE,SSI,DAYLIGHT,CLOUDY,DRY,False,39.6090316772461,-86.1278533935547
903146323,2018,2018-05-06,Marion,Indianapolis,ILLINOIS ST & 29TH ST,Vehicle,RIGHT ANGLE,DISREGARD SIGNAL/REG SIGN,SSI,DARK (LIGHTED),CLEAR,DRY,False,39.8083610534668,-86.159049987793
903148955,2018,2018-05-06,Marion,Indianapolis,FRANKLIN RD & ORCHID LN,Vehicle,RAN OFF ROAD,RAN OFF ROAD RIGHT,SSI,DARK (NOT LIGHTED),CLEAR,DRY,False,39.7926177978516,-86.0251693725586
903144965,2018,2018-05-07,Marion,Indianapolis,I465,Vehicle,RAN OFF ROAD,RAN OFF ROAD RIGHT,SSI,DAYLIGHT,CLEAR,DRY,True,39.7734336853027,-86.2699813842773
903145279,2018,2018-05-07,Shelby,SHELBYVILLE,I74W,Vehicle,COLLISION WITH OBJECT IN ROAD,ANIMAL/OBJECT IN ROADWAY,SSI,DAYLIGHT,CLEAR,DRY,False,39.5675277709961,-85.7993011474609
903146142,2018,2018-05-07,Marion,Indianapolis,US31 & THOMPSON RD,Vehicle,NON-COLLISION,OTHER (DRIVER) - EXPLAIN IN NARRATIVE,SSI,DARK (LIGHTED),CLEAR,DRY,False,39.6916885375976,-86.1489562988281
903146479,2018,2018-05-07,Morgan,MONROVIA,SR39N & KELLER HILL RD,Vehicle,HEAD ON BETWEEN TWO MOTOR VEHICLES,LEFT OF CENTER,SSI,DAYLIGHT,CLEAR,DRY,False,39.5994338989258,-86.4794540405273
903146720,2018,2018-05-07,Hendricks,Avon,CR100N,Vehicle,RAN OFF ROAD,RAN OFF ROAD RIGHT,SSI,DAYLIGHT,CLEAR,DRY,False,39.7782974243164,-86.3405990600586
903146819,2018,2018-05-07,Marion,Indianapolis,KEYSTONE AVE,Pedestrian,REAR END,ACCELERATOR FAILURE OR DEFECTIVE,SSI,DAYLIGHT,CLEAR,DRY,False,39.8878364562988,-86.121337890625
903148336,2018,2018-05-07,Morgan,MARTINSVILLE,SR37 & PARAGON RD,Vehicle,REAR END,UNSAFE SPEED,SSI,DAYLIGHT,CLEAR,DRY,False,39.3486480712891,-86.5009002685547
903149454,2018,2018-05-07,Marion,Indianapolis,38TH ST & WINGATE DR,Pedestrian,OTHER - EXPLAIN IN NARRATIVE,PEDESTRIAN ACTION,SSI,DAWN/DUSK,CLEAR,DRY,False,39.8263854980469,-85.9811401367188
903149455,2018,2018-05-07,Marion,Indianapolis,I70,Vehicle,RAN OFF ROAD,RAN OFF ROAD RIGHT,SSI,DAYLIGHT,CLEAR,DRY,True,39.80029296875,-86.0097045898437
903149456,2018,2018-05-08,Marion,Indianapolis,KESSLER BLVD W DR & LIEBER RD,Pedestrian,OTHER - EXPLAIN IN NARRATIVE,PEDESTRIAN ACTION,SSI,DAYLIGHT,CLEAR,DRY,False,39.8576354980469,-86.1795883178711
903146166,2018,2018-05-09,Marion,Indianapolis,KESSLER BLVD WEST DR & GRANDVIEW DR,Vehicle,RIGHT ANGLE,DISREGARD SIGNAL/REG SIGN,SSI,DARK (LIGHTED),CLEAR,DRY,False,39.8572692871094,-86.1882476806641
903147216,2018,2018-05-10,Shelby,SHELBYVILLE,WALNUT ST & CAREY ST,Vehicle,RIGHT ANGLE,FAILURE TO YIELD RIGHT OF WAY,SSI,DAYLIGHT,CLEAR,DRY,False,39.5838623046875,-85.8619918823242
903147469,2018,2018-05-10,Marion,Indianapolis,FOLTZ ST & PERRY ST,Vehicle,RIGHT ANGLE,FAILURE TO YIELD RIGHT OF WAY,SSI,DARK (NOT LIGHTED),CLEAR,DRY,False,39.7185554504394,-86.2298278808594
903149457,2018,2018-05-10,Marion,Indianapolis,ILLINOIS ST & 38TH ST,Pedestrian,OTHER - EXPLAIN IN NARRATIVE,PEDESTRIAN ACTION,SSI,DARK (NOT LIGHTED),CLEAR,DRY,False,39.8236885070801,-86.1591567993164
903149971,2018,2018-05-10,Marion,Indianapolis,I465W,Vehicle,,,SSI,,,,False,39.9236488342285,-86.2379531860352
903151118,2018,2018-05-10,Marion,Indianapolis,DEAN RD & HEYWARD PL,Pedestrian,OTHER - EXPLAIN IN NARRATIVE,PEDESTRIAN ACTION,SSI,DAYLIGHT,CLEAR,DRY,False,39.905948638916,-86.0982666015625
903147745,2018,2018-05-11,Hamilton,Arcadia,RULON RD & 266 ST,Vehicle,RIGHT ANGLE,FAILURE TO YIELD RIGHT OF WAY,Fatal,DAYLIGHT,CLOUDY,DRY,False,40.1761245727539,-85.9768371582031
903147837,2018,2018-05-11,Hamilton,,OVERDORF RD & 234 ST,Vehicle,RIGHT ANGLE,DISREGARD SIGNAL/REG SIGN,SSI,DAYLIGHT,CLEAR,DRY,False,40.1285400390625,-85.9854965209961
903153959,2018,2018-05-11,Marion,Indianapolis,I465E,Vehicle,REAR END,FOLLOWING TOO CLOSELY,Fatal,DAYLIGHT,CLEAR,DRY,False,39.7000045776367,-86.1704483032227
903148145,2018,2018-05-12,Marion,Beech Grove,BIG FOUR RD & CINCINNATI ST,Vehicle,RAN OFF ROAD,RAN OFF ROAD RIGHT,SSI,DAYLIGHT,CLEAR,DRY,False,39.7167701721191,-86.0699157714844
903148222,2018,2018-05-12,Hancock,,CR500S,Vehicle,RAN OFF ROAD,RAN OFF ROAD RIGHT,SSI,DARK (NOT LIGHTED),CLEAR,DRY,False,39.7135543823242,-85.7279815673828
903149183,2018,2018-05-12,Marion,Indianapolis,I465W,Vehicle,REAR END,ANIMAL/OBJECT IN ROADWAY,Fatal,DARK (LIGHTED),CLEAR,DRY,False,39.7025184631348,-86.113883972168
903151643,2018,2018-05-12,Marion,Indianapolis,CAPITOL AVE & 26TH ST,Vehicle,NON-COLLISION,RAN OFF ROAD RIGHT,Fatal,DARK (LIGHTED),CLEAR,DRY,False,39.804141998291,-86.1614074707031
903162187,2018,2018-05-12,Marion,Indianapolis,79TH ST & HARBORTON WAY,Pedestrian,OTHER - EXPLAIN IN NARRATIVE,PEDESTRIAN ACTION,SSI,DARK (LIGHTED),CLEAR,DRY,False,39.8982582092285,-85.978874206543
903151562,2018,2018-05-13,Shelby,SHELBYVILLE,PROGRESS PKWY & BLAIRE SHOPPING LOT ST,Vehicle,LEFT TURN,OTHER (DRIVER) - EXPLAIN IN NARRATIVE,SSI,DAYLIGHT,CLEAR,DRY,False,39.5230865478516,-85.7426681518555
903150244,2018,2018-05-14,Marion,Indianapolis,25TH ST & GALE ST,Vehicle,RIGHT ANGLE,FAILURE TO YIELD RIGHT OF WAY,SSI,DARK (LIGHTED),CLEAR,DRY,False,39.8033790588379,-86.1056976318359
903161303,2018,2018-05-14,Marion,Indianapolis,ENGLISH AVE & DEARBORN ST,Pedestrian,HEAD ON BETWEEN TWO MOTOR VEHICLES,FAILURE TO YIELD RIGHT OF WAY,SSI,DAYLIGHT,CLEAR,DRY,False,39.7598724365234,-86.1105194091797
903149919,2018,2018-05-15,Boone,,US52N,Vehicle,REAR END,OTHER (DRIVER) - EXPLAIN IN NARRATIVE,Fatal,DAYLIGHT,CLEAR,DRY,False,40.1415100097656,-86.577880859375
903150249,2018,2018-05-15,Marion,Indianapolis,21ST ST & FRANKLIN RD,Vehicle,HEAD ON BETWEEN TWO MOTOR VEHICLES,LEFT OF CENTER,SSI,DAYLIGHT,CLEAR,DRY,False,39.7965431213379,-86.0247573852539
903150461,2018,2018-05-15,Hancock,,JACOBI RD,Vehicle,RAN OFF ROAD,RAN OFF ROAD RIGHT,SSI,DAYLIGHT,CLOUDY,LOOSE MATERIAL ON ROAD,False,39.7463760375976,-85.8673400878906
903151711,2018,2018-05-15,Johnson,Greenwood,SR135N & GREENSVIEW DR,Vehicle,HEAD ON BETWEEN TWO MOTOR VEHICLES,LEFT OF CENTER,SSI,DAWN/DUSK,CLOUDY,DRY,False,39.5827903747558,-86.1589584350586
903151651,2018,2018-05-16,Marion,Indianapolis,RICHARDT AVE & RIDGEWOOD DR,Vehicle,OTHER - EXPLAIN IN NARRATIVE,DRIVER DISTRACTED - EXPLAIN IN NARRATIVE,SSI,DAYLIGHT,CLEAR,DRY,False,39.8164329528809,-86.0362319946289
903151141,2018,2018-05-17,Hendricks,,SR67,Vehicle,REAR END,OTHER (DRIVER) - EXPLAIN IN NARRATIVE,Fatal,DAYLIGHT,CLEAR,DRY,False,39.6469268798828,-86.3289642333984
903151674,2018,2018-05-17,Marion,Indianapolis,HIGHSCHOOL RD & MOORESVILLE RD,Vehicle,RIGHT ANGLE,FAILURE TO YIELD RIGHT OF WAY,SSI,DAYLIGHT,CLEAR,DRY,False,39.6926803588867,-86.2693634033203
903153120,2018,2018-05-18,Marion,Indianapolis,COUNTY LINE RD & SHERMAN DR,Vehicle,LEFT/RIGHT TURN,DISREGARD SIGNAL/REG SIGN,SSI,DAYLIGHT,CLOUDY,DRY,False,39.6358795166015,-86.1015014648438
903152462,2018,2018-05-19,Hancock,,SR9,Vehicle,RIGHT ANGLE,FAILURE TO YIELD RIGHT OF WAY,SSI,DAYLIGHT,CLOUDY,DRY,False,39.8577156066894,-85.7699890136719
903152409,2018,2018-05-20,Johnson,,CR500E,Vehicle,RAN OFF ROAD,OTHER (DRIVER) - EXPLAIN IN NARRATIVE,Fatal,DARK (NOT LIGHTED),CLOUDY,DRY,False,39.521842956543,-86.005142211914
903152577,2018,2018-05-20,Hancock,Greenfield,SR9N,Vehicle,REAR END,FOLLOWING TOO CLOSELY,SSI,DAYLIGHT,CLEAR,DRY,False,39.828556060791,-85.7701187133789
903152636,2018,2018-05-20,Hendricks,Brownsburg,S GREEN ST & AIRPORT RD,Vehicle,LEFT TURN,FAILURE TO YIELD RIGHT OF WAY,Fatal,DAYLIGHT,CLEAR,DRY,False,39.8213806152344,-86.4010162353515
903152932,2018,2018-05-20,Marion,Indianapolis,US31S & BANTA RD,Vehicle,NON-COLLISION,RAN OFF ROAD RIGHT,SSI,DARK (NOT LIGHTED),CLEAR,DRY,False,39.6720352172851,-86.1491317749023
903152934,2018,2018-05-20,Marion,Indianapolis,SOUTHEASTERN AVE & MINNESOTA ST,Vehicle,NON-COLLISION,OTHER (VEHICLE) - EXPLAIN IN NARRATIVE,SSI,DAYLIGHT,CLEAR,DRY,False,39.7455520629883,-86.0844497680664
903154229,2018,2018-05-20,Marion,Beech Grove,I465W,Vehicle,REAR END,FOLLOWING TOO CLOSELY,SSI,DARK (LIGHTED),CLEAR,DRY,False,39.7040863037109,-86.0954208374023
903160955,2018,2018-05-20,Marion,Indianapolis,LAFAYETTE RD & COMMERCIAL DR,Pedestrian,,OTHER (DRIVER) - EXPLAIN IN NARRATIVE,Fatal,DARK (NOT LIGHTED),CLEAR,DRY,False,39.8199577331543,-86.2311859130859
903153842,2018,2018-05-21,Shelby,SHELBYVILLE,S VINE ST & E JACKSON ST,Pedestrian,OTHER - EXPLAIN IN NARRATIVE,PEDESTRIAN ACTION,SSI,DAYLIGHT,CLOUDY,DRY,False,39.5236206054687,-85.7675476074219
903157888,2018,2018-05-21,Marion,Indianapolis,NEW YORK ST & KEYSTONE AVE,Vehicle,LEFT/RIGHT TURN,IMPROPER LANE USAGE,SSI,DAYLIGHT,CLEAR,DRY,False,39.7715377807617,-86.1217956542969
903155120,2018,2018-05-22,Marion,Indianapolis,38TH ST & KEYSTONE AVE,Pedestrian,NON-COLLISION,OTHER (VEHICLE) - EXPLAIN IN NARRATIVE,SSI,DARK (LIGHTED),CLEAR,DRY,False,39.8252601623535,-86.1220474243164
903155084,2018,2018-05-23,Marion,Indianapolis,S EMERSON AVE & NOGGLE WAY,Vehicle,RIGHT ANGLE,FAILURE TO YIELD RIGHT OF WAY,SSI,DAYLIGHT,CLEAR,DRY,False,39.6383781433105,-86.0826568603516
903160956,2018,2018-05-23,Marion,Indianapolis,38TH ST & WHITTIER PL,Vehicle,RAN OFF ROAD,RAN OFF ROAD RIGHT,Fatal,DARK (NOT LIGHTED),CLEAR,DRY,False,39.8253784179688,-86.0750122070313
903155088,2018,2018-05-24,Marion,Indianapolis,NORTH MITTHOEFFER RD & EAST 16TH ST,Vehicle,HEAD ON BETWEEN TWO MOTOR VEHICLES,LEFT OF CENTER,SSI,DAYLIGHT,CLEAR,DRY,False,39.7868690490723,-85.9902801513672
903157981,2018,2018-05-24,Marion,Indianapolis,W 82ND ST & LAFAYETTE RD,Vehicle,HEAD ON BETWEEN TWO MOTOR VEHICLES,ANIMAL/OBJECT IN ROADWAY,SSI,DAYLIGHT,CLEAR,DRY,False,39.9024848937988,-86.3140335083008
903159540,2018,2018-05-24,Marion,Indianapolis,I65S,Vehicle,REAR END,FOLLOWING TOO CLOSELY,SSI,DARK (LIGHTED),CLEAR,DRY,False,39.7826347351074,-86.1538772583008
903156099,2018,2018-05-25,Hamilton,Westfield,WHEELER RD & TOURNAMENT TRL,Vehicle,RIGHT ANGLE,IMPROPER TURNING,SSI,DAYLIGHT,CLEAR,DRY,False,40.0446166992188,-86.1418380737305
903156599,2018,2018-05-25,Morgan,MARTINSVILLE,MORGAN ST & HOSPITAL DR,Vehicle,HEAD ON BETWEEN TWO MOTOR VEHICLES,FAILURE TO YIELD RIGHT OF WAY,SSI,DARK (LIGHTED),CLEAR,DRY,False,39.4290962219238,-86.4068145751953
903156882,2018,2018-05-25,Hendricks,LIZTON,CR625N & MONTCLAIR RD,Vehicle,RAN OFF ROAD,RAN OFF ROAD RIGHT,SSI,DAYLIGHT,CLEAR,DRY,False,39.8526229858399,-86.5723571777344
903158111,2018,2018-05-25,Marion,Speedway,25TH ST & PHILWOOD DR,Vehicle,LEFT TURN,FAILURE TO YIELD RIGHT OF WAY,SSI,DAYLIGHT,CLOUDY,DRY,False,39.8016967773437,-86.2610931396485
903158221,2018,2018-05-25,Marion,Indianapolis,I465,Vehicle,RAN OFF ROAD,UNSAFE SPEED,SSI,DARK (LIGHTED),CLEAR,DRY,True,39.775032043457,-86.0309906005859
903158588,2018,2018-05-25,Morgan,MARTINSVILLE,SR37S & TURKEY TRAK,Vehicle,HEAD ON BETWEEN TWO MOTOR VEHICLES,LEFT OF CENTER,SSI,DAYLIGHT,CLEAR,DRY,False,39.3389854431152,-86.5091934204102
903160534,2018,2018-05-25,Marion,Indianapolis,I465E,Vehicle,REAR END,FOLLOWING TOO CLOSELY,SSI,DAYLIGHT,CLEAR,DRY,False,39.919506072998,-86.1059722900391
903160957,2018,2018-05-25,Marion,Indianapolis,GRAND AVE & 42ND ST,Vehicle,RAN OFF ROAD,RAN OFF ROAD RIGHT,Fatal,DARK (NOT LIGHTED),CLEAR,DRY,False,39.8331642150879,-86.0824127197266
903162837,2018,2018-05-25,Marion,Indianapolis,SHERMAN DR & 9TH ST,Vehicle,RIGHT TURN,FAILURE TO YIELD RIGHT OF WAY,SSI,DAYLIGHT,CLEAR,DRY,False,39.7791748046875,-86.1023483276367
903156279,2018,2018-05-26,Johnson,,700 N RD & HURICANE RD,Vehicle,NON-COLLISION,ENGINE FAILURE OR DEFECTIVE,SSI,DAYLIGHT,CLEAR,DRY,False,39.5813941955566,-86.0217819213867
903156730,2018,2018-05-26,Hendricks,,US136,Vehicle,HEAD ON BETWEEN TWO MOTOR VEHICLES,LEFT OF CENTER,SSI,DARK (LIGHTED),CLEAR,DRY,False,39.8696670532227,-86.4973907470703
903158610,2018,2018-05-26,Marion,Indianapolis,WELLINGSHIRE BLVD & SOUTHPORT RD,Pedestrian,RIGHT ANGLE,PEDESTRIAN ACTION,Fatal,DARK (NOT LIGHTED),CLEAR,DRY,False,39.6570053100586,-86.2012557983398
903179537,2018,2018-05-26,Marion,Indianapolis,EAST ST & NORTON AVE,Pedalcycle,OTHER - EXPLAIN IN NARRATIVE,FAILURE TO YIELD RIGHT OF WAY,Fatal,DARK (LIGHTED),CLEAR,DRY,False,39.7137222290039,-86.1489944458008
903156859,2018,2018-05-27,Hendricks,Avon,ANGELINA WAY & EDEN GATE DR,Vehicle,RAN OFF ROAD,RAN OFF ROAD RIGHT,SSI,DARK (LIGHTED),CLEAR,DRY,False,39.7647590637207,-86.3609619140625
903156884,2018,2018-05-27,Hendricks,NORTH SALEM,CR500N,Vehicle,RAN OFF ROAD,RAN OFF ROAD RIGHT,SSI,DAYLIGHT,CLEAR,DRY,False,39.8338356018066,-86.595329284668
903158232,2018,2018-05-28,Shelby,SHELBYVILLE,I65N,Vehicle,RAN OFF ROAD,RAN OFF ROAD RIGHT,SSI,DAYLIGHT,CLEAR,DRY,False,39.3539085388184,-85.9419097900391
903226709,2018,2018-05-28,Marion,Indianapolis,WASHINGTON ST & EDMONDSON AVE,Vehicle,REAR END,UNSAFE SPEED,Fatal,DAYLIGHT,CLEAR,DRY,False,39.7718544006348,-86.0496597290039
903158188,2018,2018-05-29,Hamilton,Fishers,ROSES RD & ALLISONVILLE RD,Vehicle,OTHER - EXPLAIN IN NARRATIVE,OTHER (ENVIRONMENTAL) - EXPLAIN IN NARR,SSI,DARK (LIGHTED),CLEAR,DRY,False,39.9836044311524,-86.0253372192383
903160486,2018,2018-05-30,Shelby,SHELBYVILLE,I74E,Vehicle,REAR END,TIRE FAILURE OR DEFECTIVE,Fatal,DAYLIGHT,RAIN,WET,False,39.4924736022949,-85.6884994506836
903167163,2018,2018-05-30,Marion,Indianapolis,RURAL ST & 18TH ST,Pedestrian,LEFT TURN,IMPROPER TURNING,Fatal,DAYLIGHT,CLOUDY,DRY,False,39.7914085388184,-86.1166076660156
903159478,2018,2018-05-31,Marion,Lawrence,I465S,Vehicle,RAN OFF ROAD,RAN OFF ROAD RIGHT,SSI,DAYLIGHT,CLEAR,DRY,False,39.8529739379883,-86.047492980957
903160537,2018,2018-05-31,Hamilton,Carmel,I465E,Vehicle,REAR END,FOLLOWING TOO CLOSELY,SSI,DAYLIGHT,CLOUDY,WET,False,39.9277801513672,-86.1771545410156
903164238,2018,2018-05-31,Marion,Indianapolis,WASHINGTON ST & ROCKVILLE RD,Vehicle,OTHER - EXPLAIN IN NARRATIVE,OTHER (DRIVER) - EXPLAIN IN NARRATIVE,SSI,DAYLIGHT,CLEAR,DRY,False,39.7629318237305,-86.2191314697266
903160250,2018,2018-06-01,Hamilton,,SR13 & STRAWTOWN AVE,Vehicle,OTHER - EXPLAIN IN NARRATIVE,OVERCORRECTING/OVERSTEERING,SSI,DAYLIGHT,CLEAR,DRY,False,40.1389122009277,-85.8627624511719
903160313,2018,2018-06-01,Hendricks,Brownsburg,SR267,Vehicle,RIGHT ANGLE,FAILURE TO YIELD RIGHT OF WAY,SSI,DAWN/DUSK,CLEAR,DRY,False,39.8209114074707,-86.4010467529297
903161010,2018,2018-06-01,Marion,Indianapolis,LYNHURST RD & 10TH ST,Pedestrian,,,SSI,DARK (NOT LIGHTED),CLEAR,DRY,False,39.7785491943359,-86.2505111694336
903160623,2018,2018-06-02,Morgan,MONROVIA,SR39S & WASHINGTON ST,Vehicle,RAN OFF ROAD,RAN OFF ROAD RIGHT,SSI,DAYLIGHT,CLEAR,DRY,False,39.5724258422851,-86.4796829223633
903161124,2018,2018-06-02,Morgan,MARTINSVILLE,SR37S,Vehicle,REAR END,OTHER (DRIVER) - EXPLAIN IN NARRATIVE,SSI,DARK (LIGHTED),CLEAR,DRY,False,39.3963050842285,-86.4561309814453
903163578,2018,2018-06-02,Hamilton,Carmel,96TH ST & HAZEL DELL PKWY,Vehicle,REAR END,FOLLOWING TOO CLOSELY,SSI,DAYLIGHT,CLEAR,DRY,False,39.9268341064453,-86.0825042724609
903164646,2018,2018-06-02,Marion,Indianapolis,I465S,Vehicle,RAN OFF ROAD,UNSAFE SPEED,SSI,DARK (LIGHTED),CLEAR,DRY,False,39.8631744384766,-86.2762832641601
903161214,2018,2018-06-03,Hamilton,Noblesville,LITTLE CHICAGO RD & 191ST ST,Vehicle,OTHER - EXPLAIN IN NARRATIVE,UNSAFE SPEED,SSI,DAYLIGHT,CLEAR,DRY,False,40.065071105957,-86.0714569091797
903162395,2018,2018-06-04,Hamilton,Westfield,GREYHOUND COURT CT & GREYHOUND COURT PLAZA PLZ,Vehicle,RAN OFF ROAD,RAN OFF ROAD RIGHT,Fatal,DAYLIGHT,CLEAR,DRY,False,40.0054779052734,-86.1283645629883
903162894,2018,2018-06-06,Marion,Indianapolis,MOLLER RD & 38TH ST,Vehicle,REAR END,UNSAFE SPEED,SSI,DARK (LIGHTED),CLEAR,DRY,False,39.8237991333008,-86.2561874389648
903163093,2018,2018-06-06,Hamilton,Westfield,MAPLE CREEK DR & CREEKS BEND CT,Pedestrian,BACKING CRASH,UNSAFE BACKING,SSI,DAYLIGHT,CLEAR,DRY,False,40.0217399597168,-86.2037963867187
903163179,2018,2018-06-06,Hamilton,Fishers,WINDWARD PASS & STILLWATER CT,Vehicle,RAN OFF ROAD,CELL PHONE USAGE,SSI,DAYLIGHT,CLEAR,DRY,False,39.9363327026367,-85.9741897583008
903164590,2018,2018-06-06,Hendricks,Brownsburg,CR900E,Vehicle,RAN OFF ROAD,RAN OFF ROAD RIGHT,SSI,DARK (NOT LIGHTED),CLEAR,DRY,False,39.8145141601563,-86.3628387451172
903163767,2018,2018-06-07,Hendricks,,EAST MAIN ST,Vehicle,RIGHT ANGLE,FAILURE TO YIELD RIGHT OF WAY,SSI,DAYLIGHT,CLEAR,DRY,False,39.7622375488281,-86.4334487915039
903165063,2018,2018-06-07,Marion,Indianapolis,I465N,Vehicle,RIGHT ANGLE,UNSAFE LANE MOVEMENT,SSI,DARK (LIGHTED),CLEAR,DRY,False,39.8058700561523,-86.030876159668