id,year,date,county,city,cross_street,crash_type,manner,primary_factor,ssi_fatal,light,weather,surface,interstate,lat,lon
903166429,2018,2018-06-07,Marion,Indianapolis,38TH ST & WHITTIER PL,Pedalcycle,RIGHT ANGLE,FAILURE TO YIELD RIGHT OF WAY,SSI,DARK (LIGHTED),CLEAR,DRY,False,39.8254051208496,-86.0750885009766
903166544,2018,2018-06-07,Hamilton,Noblesville,GREENFIELD AVE & CUMBERLAND RD,Vehicle,HEAD ON BETWEEN TWO MOTOR VEHICLES,FAILURE TO YIELD RIGHT OF WAY,SSI,DAWN/DUSK,CLEAR,DRY,False,40.0206604003906,-85.9950408935547
903171168,2018,2018-06-07,Marion,Indianapolis,86TH ST & MERCER RD,Pedestrian,COLLISION WITH OBJECT IN ROAD,PEDESTRIAN ACTION,SSI,DARK (NOT LIGHTED),CLEAR,DRY,False,39.9116973876953,-86.2161178588867
903164496,2018,2018-06-08,Boone,Zionsville,SR32N,Vehicle,RAN OFF ROAD,RAN OFF ROAD RIGHT,SSI,DAYLIGHT,CLEAR,DRY,False,40.0408363342285,-86.2851486206055
903165590,2018,2018-06-08,Marion,Indianapolis,MINNESOTA ST & RENTON ST,Vehicle,NON-COLLISION,OTHER (DRIVER) - EXPLAIN IN NARRATIVE,SSI,DAYLIGHT,CLOUDY,DRY,False,39.7451858520508,-86.1176147460938
903166431,2018,2018-06-08,Marion,Indianapolis,LAMBERT ST & BELMONT ST,Pedalcycle,HEAD ON BETWEEN TWO MOTOR VEHICLES,OTHER (DRIVER) - EXPLAIN IN NARRATIVE,SSI,DAYLIGHT,CLEAR,DRY,False,39.7491950988769,-86.1967163085938
903168333,2018,2018-06-08,Marion,Indianapolis,SHELBY ST & STANDISH AVE,Pedestrian,HEAD ON BETWEEN TWO MOTOR VEHICLES,IMPROPER LANE USAGE,Fatal,DAYLIGHT,CLEAR,DRY,False,39.7126655578613,-86.1394958496094
903177547,2018,2018-06-08,Marion,Indianapolis,I70W,Pedestrian,OTHER - EXPLAIN IN NARRATIVE,OTHER (ENVIRONMENTAL) - EXPLAIN IN NARR,SSI,DARK (LIGHTED),CLEAR,DRY,False,39.7893371582031,-86.1293411254883
903165021,2018,2018-06-09,Morgan,MARTINSVILLE,MORGAN ST & PARK AVE,Vehicle,RAN OFF ROAD,LEFT OF CENTER,SSI,DAYLIGHT,CLEAR,DRY,False,39.427806854248,-86.4390258789063
903165609,2018,2018-06-09,Marion,Indianapolis,NEW YORK ST & COLLEGE AVE,Vehicle,SAME DIRECTION SIDESWIPE,FAILURE TO YIELD RIGHT OF WAY,SSI,DAYLIGHT,CLEAR,DRY,False,39.7710342407226,-86.1459274291992
903165746,2018,2018-06-09,Marion,Indianapolis,16TH ST & LINWOOD AVE,Vehicle,OTHER - EXPLAIN IN NARRATIVE,DISREGARD SIGNAL/REG SIGN,SSI,DARK (NOT LIGHTED),CLEAR,DRY,False,39.788688659668,-86.0927810668945
903167640,2018,2018-06-09,Marion,Indianapolis,COLLEGE AVE & LAKE NORA DR,Vehicle,HEAD ON BETWEEN TWO MOTOR VEHICLES,LEFT OF CENTER,SSI,DAYLIGHT,CLOUDY,DRY,False,39.919563293457,-86.1458129882813
903175850,2018,2018-06-09,Hancock,,I70,Vehicle,REAR END,FOLLOWING TOO CLOSELY,Fatal,DAYLIGHT,CLEAR,DRY,True,39.8257141113281,-85.6526184082031
903165355,2018,2018-06-10,Shelby,SHELBYVILLE,SR9N,Vehicle,RAN OFF ROAD,UNSAFE SPEED,Fatal,DAYLIGHT,CLOUDY,DRY,False,39.6092376708984,-85.768295288086
903167142,2018,2018-06-10,Marion,Indianapolis,30TH ST & GERMAN CHURCH RD,Vehicle,HEAD ON BETWEEN TWO MOTOR VEHICLES,LEFT OF CENTER,SSI,DAYLIGHT,RAIN,WET,False,39.8118782043457,-85.9704895019531
903166006,2018,2018-06-11,Boone,Zionsville,US421S & COUNTY ROAD EAST 300 SOUTH RD,Vehicle,OTHER - EXPLAIN IN NARRATIVE,DISREGARD SIGNAL/REG SIGN,SSI,DAYLIGHT,CLOUDY,DRY,False,39.9983863830566,-86.2645874023437
903166209,2018,2018-06-11,Hamilton,Cicero,216TH ST & AGOURA DR,Vehicle,RIGHT ANGLE,FAILURE TO YIELD RIGHT OF WAY,SSI,DARK (NOT LIGHTED),CLEAR,DRY,False,40.1017913818359,-86.0299301147461
903169514,2018,2018-06-11,Boone,Whitestown,ALBERT S WHITE DR DR & MAIN ST ST,Vehicle,OTHER - EXPLAIN IN NARRATIVE,ROADWAY SURFACE CONDITION,SSI,DAYLIGHT,CLOUDY,MUDDY,False,39.9826354980469,-86.346565246582
903166480,2018,2018-06-12,Marion,Indianapolis,42ND ST & MITTHOEFFER RD,Pedestrian,HEAD ON BETWEEN TWO MOTOR VEHICLES,PEDESTRIAN ACTION,SSI,DARK (NOT LIGHTED),CLOUDY,WET,False,39.8340835571289,-85.9911651611328
903166587,2018,2018-06-12,Hendricks,Avon,US36E,Pedestrian,LEFT TURN,FAILURE TO YIELD RIGHT OF WAY,SSI,DAYLIGHT,CLOUDY,DRY,False,39.7611236572266,-86.3405075073242
903167274,2018,2018-06-13,Johnson,,SMITH VALLEY RD & PETERMAN RD,Vehicle,LEFT/RIGHT TURN,IMPROPER LANE USAGE,SSI,DAYLIGHT,CLOUDY,DRY,False,39.6056060791016,-86.177864074707
903167719,2018,2018-06-13,Marion,Indianapolis,MINNESOTA ST & HAWTHORNE LN,Pedestrian,HEAD ON BETWEEN TWO MOTOR VEHICLES,FOLLOWING TOO CLOSELY,SSI,DAYLIGHT,CLEAR,DRY,False,39.7458305358887,-86.0782089233398
903171174,2018,2018-06-13,Marion,Indianapolis,WASHINGTON ST & ADDISON ST,Pedalcycle,,LEFT OF CENTER,Fatal,DARK (LIGHTED),CLEAR,DRY,False,39.7654914855957,-86.2036895751953
903167841,2018,2018-06-14,Shelby,SHELBYVILLE,I74W,Vehicle,RAN OFF ROAD,RAN OFF ROAD RIGHT,SSI,DAYLIGHT,CLEAR,DRY,False,39.608528137207,-85.8551483154297
903167978,2018,2018-06-14,Hendricks,Plainfield,SR267 & STAFFORD RD,Vehicle,RIGHT ANGLE,DISREGARD SIGNAL/REG SIGN,SSI,DAYLIGHT,CLEAR,DRY,False,39.6972465515137,-86.3713302612305
903168225,2018,2018-06-14,Hamilton,,225 ST & CAMMACK RD,Vehicle,RAN OFF ROAD,RAN OFF ROAD RIGHT,SSI,DAYLIGHT,CLEAR,DRY,False,40.1137084960938,-86.0813293457031
903172006,2018,2018-06-15,Hancock,,CR600W,Vehicle,SAME DIRECTION SIDESWIPE,IMPROPER PASSING,SSI,DAYLIGHT,CLEAR,DRY,False,39.8288421630859,-85.9152374267578
903178662,2018,2018-06-15,Marion,Indianapolis,30TH ST & POST RD,Vehicle,HEAD ON BETWEEN TWO MOTOR VEHICLES,FAILURE TO YIELD RIGHT OF WAY,SSI,DAYLIGHT,CLEAR,DRY,False,39.8113594055176,-86.0095901489258
903169190,2018,2018-06-16,Hendricks,CLAYTON,US40,Vehicle,REAR END,FOLLOWING TOO CLOSELY,Fatal,DARK (NOT LIGHTED),CLEAR,DRY,False,39.6566734313965,-86.5640258789062
903169612,2018,2018-06-16,Marion,Speedway,N HIGH SCHOOL RD & W 30TH ST,Vehicle,LEFT TURN,DISREGARD SIGNAL/REG SIGN,SSI,DARK (LIGHTED),CLEAR,DRY,False,39.8092575073242,-86.2699356079102
903171144,2018,2018-06-16,Marion,Indianapolis,KESSLER BOULEVARD W DR & 58TH ST,Vehicle,OPPOSITE DIRECTION SIDESWIPE,LEFT OF CENTER,Fatal,DARK (NOT LIGHTED),CLEAR,DRY,False,39.8583374023438,-86.1741943359375
903171145,2018,2018-06-16,Marion,Indianapolis,FALL CREEK PKWY N DR & KEYSTONE AVE,Vehicle,RIGHT ANGLE,DISREGARD SIGNAL/REG SIGN,SSI,DARK (LIGHTED),CLEAR,DRY,False,39.8351058959961,-86.1217880249023
903170051,2018,2018-06-17,Marion,Indianapolis,BOLTON ST & SOUTHEASTERN AVE,Pedalcycle,HEAD ON BETWEEN TWO MOTOR VEHICLES,OTHER (DRIVER) - EXPLAIN IN NARRATIVE,SSI,DARK (LIGHTED),CLEAR,DRY,False,39.7366905212402,-86.0672302246094
903171271,2018,2018-06-17,Marion,Indianapolis,SHADELAND AVE & CLEARVISTA DR,Vehicle,RIGHT ANGLE,DISREGARD SIGNAL/REG SIGN,SSI,DAYLIGHT,CLEAR,DRY,False,39.9007225036621,-86.0460433959961
903171614,2018,2018-06-17,Marion,Indianapolis,I70W,Vehicle,REAR END,DRIVER ASLEEP OR FATIGUED,SSI,DARK (NOT LIGHTED),CLEAR,DRY,False,39.6875457763672,-86.3245544433594
903171586,2018,2018-06-20,Marion,Indianapolis,I465,Vehicle,RAN OFF ROAD,UNSAFE LANE MOVEMENT,SSI,DARK (LIGHTED),CLEAR,DRY,True,39.8253707885742,-86.0318069458008
903171750,2018,2018-06-20,Hamilton,Noblesville,SUNSET DR,Vehicle,RAN OFF ROAD,DRIVER ILLNESS,SSI,DARK (NOT LIGHTED),CLEAR,DRY,False,40.0519065856934,-86.0260696411133
903171813,2018,2018-06-20,Marion,Indianapolis,POST RD,Vehicle,OTHER - EXPLAIN IN NARRATIVE,DRIVER ASLEEP OR FATIGUED,SSI,DAYLIGHT,CLEAR,DRY,False,39.8005294799805,-86.009391784668
903171818,2018,2018-06-20,Marion,Indianapolis,39TH ST & SHERMAN DR,Vehicle,LEFT TURN,FAILURE TO YIELD RIGHT OF WAY,SSI,DARK (NOT LIGHTED),CLEAR,DRY,False,39.8269958496094,-86.1026992797852
903171870,2018,2018-06-20,Marion,Indianapolis,MICHIGAN ST & BELMONT AVE,Vehicle,RIGHT ANGLE,FAILURE TO YIELD RIGHT OF WAY,SSI,DAYLIGHT,BLOWING SAND/SOIL/SNOW,DRY,False,39.7744331359863,-86.1969757080078
903173729,2018,2018-06-20,Marion,Indianapolis,BRADBURY AVE & LYNHURST DR,Vehicle,NON-COLLISION,RAN OFF ROAD RIGHT,SSI,DARK (LIGHTED),CLOUDY,DRY,False,39.7312088012695,-86.2503662109375
903176536,2018,2018-06-20,Marion,Indianapolis,I65S,Vehicle,SAME DIRECTION SIDESWIPE,UNSAFE LANE MOVEMENT,SSI,DAYLIGHT,CLEAR,DRY,False,39.8108711242676,-86.1680526733398
903171715,2018,2018-06-21,Johnson,TRAFALGAR,SR135S & PEARL ST,Vehicle,RIGHT ANGLE,FAILURE TO YIELD RIGHT OF WAY,SSI,DAYLIGHT,CLEAR,DRY,False,39.4154434204101,-86.1581420898438
903173668,2018,2018-06-21,Hendricks,Avon,RONALD REAGAN PKWY & S RONALD REAGAN PKWY,Vehicle,OPPOSITE DIRECTION SIDESWIPE,CELL PHONE USAGE,SSI,DAYLIGHT,CLEAR,DRY,False,39.7528419494629,-86.3381042480469
903173740,2018,2018-06-21,Marion,Indianapolis,DECATUR BLVD & TEMPLEHOF DR,Vehicle,HEAD ON BETWEEN TWO MOTOR VEHICLES,LEFT OF CENTER,SSI,DARK (LIGHTED),RAIN,WET,False,39.6869239807129,-86.2895584106445
903175661,2018,2018-06-21,Marion,Indianapolis,MASSACHUSETTS AVE & SHERMAN DR,Vehicle,RAN OFF ROAD,OVERCORRECTING/OVERSTEERING,SSI,DARK (NOT LIGHTED),RAIN,WET,False,39.801383972168,-86.102165222168
903173972,2018,2018-06-22,Marion,Indianapolis,COUNTRY CLUB RD & MEGANWOOD DR,Vehicle,NON-COLLISION,RAN OFF ROAD RIGHT,Fatal,DAYLIGHT,CLOUDY,DRY,False,39.76953125,-86.3080291748047
903175662,2018,2018-06-22,Marion,Indianapolis,EMERSON AVE,Vehicle,RIGHT ANGLE,RAN OFF ROAD RIGHT,Fatal,DARK (LIGHTED),CLEAR,DRY,False,39.7033386230469,-86.0824813842773
903176984,2018,2018-06-22,Marion,Indianapolis,I70E,Vehicle,RAN OFF ROAD,TIRE FAILURE OR DEFECTIVE,SSI,DAYLIGHT,CLEAR,DRY,False,39.7551078796387,-86.2086486816406
903175108,2018,2018-06-23,Morgan,MARTINSVILLE,HENDERSON FORD RD & CENTERTON RD,Vehicle,REAR END,FOLLOWING TOO CLOSELY,Fatal,DAYLIGHT,CLEAR,DRY,False,39.5111427307129,-86.3547592163086
903173350,2018,2018-06-24,Boone,Lebanon,TIGER WAY & PARK DR,Pedestrian,COLLISION WITH OBJECT IN ROAD,OTHER (DRIVER) - EXPLAIN IN NARRATIVE,SSI,DAYLIGHT,CLEAR,DRY,False,40.0569801330566,-86.4668655395508
903175664,2018,2018-06-24,Marion,Indianapolis,GUION RD & 32ND ST,Vehicle,RAN OFF ROAD,RAN OFF ROAD RIGHT,Fatal,DAYLIGHT,CLEAR,DRY,False,39.812873840332,-86.2204513549805
903174557,2018,2018-06-25,Marion,Indianapolis,GERMAN CHURCH RD & WHISTLER DR,Vehicle,RAN OFF ROAD,UNSAFE SPEED,SSI,DAYLIGHT,CLEAR,DRY,False,39.7911911010742,-85.9714431762695
903175180,2018,2018-06-26,Marion,Indianapolis,FRANKLIN RD & 38TH ST,Vehicle,LEFT TURN,HEADLIGHT DEFECTIVE OR NOT ON,SSI,DARK (NOT LIGHTED),CLEAR,DRY,False,39.8271675109863,-86.0268630981445
903177141,2018,2018-06-26,Johnson,,I65N,Vehicle,COLLISION WITH DEER,DRIVER ASLEEP OR FATIGUED,SSI,DARK (NOT LIGHTED),CLEAR,DRY,False,39.5360374450684,-86.0323333740234
903177938,2018,2018-06-26,Johnson,Greenwood,MAIN ST & MARKET PLZ,Pedestrian,LEFT TURN,OTHER (ENVIRONMENTAL) - EXPLAIN IN NARR,SSI,DAYLIGHT,RAIN,WET,False,39.6136474609375,-86.1109390258789
903256901,2018,2018-11-08,Shelby,SHELBYVILLE,SMITHLAND RD,Pedalcycle,SAME DIRECTION SIDESWIPE,OTHER (DRIVER) - EXPLAIN IN NARRATIVE,SSI,DAWN/DUSK,CLEAR,DRY,False,39.4475326538086,-85.864860534668
903256844,2018,2018-11-09,Marion,Cumberland,US40 & WOODLARK DR,Vehicle,LEFT TURN,FAILURE TO YIELD RIGHT OF WAY,SSI,DARK (NOT LIGHTED),CLEAR,DRY,False,39.7762107849121,-85.9638671875
903258248,2018,2018-11-09,Marion,Indianapolis,I65S,Vehicle,RAN OFF ROAD,OVERCORRECTING/OVERSTEERING,SSI,DAYLIGHT,CLOUDY,DRY,False,39.8017311096191,-86.1660690307617
903258458,2018,2018-11-09,Marion,Indianapolis,62ND ST & BINFORD BLVD,Vehicle,HEAD ON BETWEEN TWO MOTOR VEHICLES,FAILURE TO YIELD RIGHT OF WAY,SSI,DAYLIGHT,CLOUDY,DRY,False,39.8686485290527,-86.0841217041016
903257655,2018,2018-11-10,Marion,Indianapolis,I465S,Vehicle,REAR END,FOLLOWING TOO CLOSELY,Fatal,DARK (NOT LIGHTED),CLEAR,DRY,False,39.8104591369629,-86.2756500244141
903258915,2018,2018-11-10,Marion,Indianapolis,WASHINGTON ST,Vehicle,RIGHT ANGLE,DISREGARD SIGNAL/REG SIGN,SSI,DAYLIGHT,CLEAR,DRY,False,39.7729873657226,-86.0285186767578
903265702,2018,2018-11-10,Boone,Whitestown,I65S,Vehicle,OTHER - EXPLAIN IN NARRATIVE,UNSAFE LANE MOVEMENT,SSI,DAYLIGHT,CLEAR,DRY,False,39.9735298156738,-86.3857955932617
903258038,2018,2018-11-12,Shelby,SHELBYVILLE,NORTH MORRISTOWN RD,Vehicle,OTHER - EXPLAIN IN NARRATIVE,ACCELERATOR FAILURE OR DEFECTIVE,SSI,DARK (LIGHTED),CLOUDY,DRY,False,39.5892944335937,-85.7582702636719
903259521,2018,2018-11-12,Marion,Indianapolis,LAFAYETTE RD & GEORGETOWN RD,Vehicle,LEFT TURN,DISREGARD SIGNAL/REG SIGN,SSI,DAYLIGHT,CLOUDY,DRY,False,39.8288726806641,-86.2400207519531
903260254,2018,2018-11-12,Hamilton,Carmel,DITCH RD & PRESTON TRL,Vehicle,RAN OFF ROAD,RAN OFF ROAD RIGHT,Fatal,DAYLIGHT,CLOUDY,DRY,False,39.9475212097168,-86.1839981079102
903258732,2018,2018-11-13,Hamilton,SHERIDAN(HAMILTON),LAMONG RD & 226 ST,Vehicle,RIGHT ANGLE,DISREGARD SIGNAL/REG SIGN,SSI,DAYLIGHT,CLEAR,DRY,False,40.1147384643555,-86.203742980957
903260855,2018,2018-11-15,Morgan,,GREENCASTLE RD & N BINGHAM RD,Vehicle,RAN OFF ROAD,RAN OFF ROAD RIGHT,Fatal,DAYLIGHT,SLEET/HAIL/FREEZING RAIN,ICE,False,39.6159820556641,-86.4004745483398
903261207,2018,2018-11-16,Marion,Speedway,W 25TH ST & ALLISON AVE,Vehicle,REAR END,ANIMAL/OBJECT IN ROADWAY,SSI,DARK (LIGHTED),CLEAR,DRY,False,39.8020095825195,-86.246208190918
903262295,2018,2018-11-16,Hamilton,Fishers,I69,Vehicle,RAN OFF ROAD,RAN OFF ROAD RIGHT,SSI,DAYLIGHT,CLOUDY,DRY,True,39.9538078308105,-86.0104141235352
903263214,2018,2018-11-16,Marion,Indianapolis,38TH ST & FOREST MANOR AVE,Vehicle,RIGHT ANGLE,DISREGARD SIGNAL/REG SIGN,SSI,DAYLIGHT,CLEAR,DRY,False,39.8253440856934,-86.0979843139648
903269809,2018,2018-11-16,Marion,Indianapolis,SOUTHEASTERN AVE & EMERSON AVE,Pedestrian,NON-COLLISION,PEDESTRIAN ACTION,SSI,DARK (NOT LIGHTED),CLOUDY,DRY,False,39.7448768615723,-86.083122253418
903275118,2018,2018-11-16,Marion,Indianapolis,46TH ST & PARK FOREST CT,Pedestrian,HEAD ON BETWEEN TWO MOTOR VEHICLES,PEDESTRIAN ACTION,SSI,DARK (NOT LIGHTED),CLEAR,DRY,False,39.8403587341309,-86.0622406005859
903277689,2018,2018-11-16,Marion,Indianapolis,EMERSON AVE & EDGEWOOD AVE,Vehicle,RIGHT ANGLE,FAILURE TO YIELD RIGHT OF WAY,SSI,DARK (NOT LIGHTED),CLEAR,DRY,False,39.6805191040039,-86.082389831543
903262922,2018,2018-11-17,Hendricks,,I70W,Vehicle,REAR END,UNSAFE LANE MOVEMENT,SSI,DAYLIGHT,CLOUDY,DRY,False,39.6518363952637,-86.4001312255859
903262996,2018,2018-11-17,Marion,Indianapolis,ILLINOIS ST & 29TH ST,Vehicle,RIGHT ANGLE,DISREGARD SIGNAL/REG SIGN,SSI,DARK (LIGHTED),CLEAR,DRY,False,39.8085250854492,-86.1590576171875
903264466,2018,2018-11-17,Morgan,,SR67N & SUNSET LN,Vehicle,REAR END,OTHER (DRIVER) - EXPLAIN IN NARRATIVE,SSI,DAWN/DUSK,CLEAR,DRY,False,39.5433540344238,-86.3812866210937
903262604,2018,2018-11-18,Marion,Indianapolis,FOX RD & PENNYCROFT RD,Vehicle,RAN OFF ROAD,SPEED TOO FAST FOR WEATHER CONDITIONS,Fatal,DARK (NOT LIGHTED),CLEAR,DRY,False,39.9018096923828,-85.9728622436523
903264023,2018,2018-11-18,Marion,Indianapolis,ILLINOIS ST & MICHIGAN ST,Vehicle,SAME DIRECTION SIDESWIPE,DRIVER ILLNESS,SSI,DAYLIGHT,CLEAR,DRY,False,39.7742500305176,-86.1596374511719
903263377,2018,2018-11-19,Marion,Indianapolis,KESSLAR BLVD DR & SPRINGMILL RD,Vehicle,HEAD ON BETWEEN TWO MOTOR VEHICLES,SPEED TOO FAST FOR WEATHER CONDITIONS,SSI,DAYLIGHT,RAIN,WET,False,39.8622589111328,-86.1633148193359
903264221,2018,2018-11-19,Marion,Indianapolis,I465S,Vehicle,REAR END,FOLLOWING TOO CLOSELY,Fatal,DARK (LIGHTED),CLEAR,DRY,False,39.8036079406738,-86.2754364013672
903265806,2018,2018-11-19,Shelby,SHELBYVILLE,I74E,Vehicle,RAN OFF ROAD,RAN OFF ROAD RIGHT,SSI,DARK (NOT LIGHTED),CLEAR,DRY,False,39.661003112793,-85.9419784545898
903270958,2018,2018-11-19,Marion,Indianapolis,I465S,Vehicle,REAR END,OTHER (VEHICLE) - EXPLAIN IN NARRATIVE,SSI,DARK (LIGHTED),CLEAR,DRY,False,39.7728843688965,-86.2700119018555
903266756,2018,2018-11-22,Marion,Indianapolis,W WASHINGTON ST,Vehicle,RAN OFF ROAD,DRIVER ASLEEP OR FATIGUED,SSI,DARK (LIGHTED),CLEAR,DRY,False,39.7674179077148,-86.169319152832
903267194,2018,2018-11-22,Marion,Indianapolis,MERIDIAN ST & 40TH ST,Vehicle,HEAD ON BETWEEN TWO MOTOR VEHICLES,FAILURE TO YIELD RIGHT OF WAY,SSI,DAYLIGHT,CLEAR,DRY,False,39.8284683227539,-86.1568832397461
903265908,2018,2018-11-23,Hendricks,LIZTON,SR39 & WALNUT GRV,Vehicle,HEAD ON BETWEEN TWO MOTOR VEHICLES,LEFT OF CENTER,Fatal,DAYLIGHT,CLOUDY,DRY,False,39.8587989807129,-86.5432434082031
903266031,2018,2018-11-23,Marion,Indianapolis,0,Vehicle,RIGHT ANGLE,DISREGARD SIGNAL/REG SIGN,SSI,DARK (LIGHTED),CLOUDY,DRY,False,39.7646827697754,-86.2677383422851
903268835,2018,2018-11-23,Marion,Indianapolis,WASHINGTON ST & AUBURN ST,Vehicle,RAN OFF ROAD,RAN OFF ROAD RIGHT,SSI,DARK (NOT LIGHTED),CLEAR,DRY,False,39.7546806335449,-86.2439346313477
903266371,2018,2018-11-24,Hamilton,Noblesville,ROUND LAKE RD,Vehicle,RAN OFF ROAD,UNSAFE SPEED,SSI,DARK (NOT LIGHTED),RAIN,WET,False,40.0595016479492,-86.0274810791016
903266995,2018,2018-11-24,Hamilton,Carmel,WEST RD & 126TH ST,Vehicle,RAN OFF ROAD,DISREGARD SIGNAL/REG SIGN,SSI,DARK (LIGHTED),CLEAR,DRY,False,39.9699020385742,-86.2361831665039
903268840,2018,2018-11-24,Marion,Indianapolis,EMERSON AVE & COUNTY LINE RD,Vehicle,REAR END,FOLLOWING TOO CLOSELY,SSI,DAYLIGHT,CLEAR,DRY,False,39.6369209289551,-86.0826873779297
903266436,2018,2018-11-25,Johnson,TRAFALGAR,SR252W,Vehicle,RIGHT ANGLE,FAILURE TO YIELD RIGHT OF WAY,Fatal,DAYLIGHT,CLOUDY,DRY,False,39.4089088439941,-86.1317825317383
903277644,2018,2018-11-25,Marion,Indianapolis,MADISON AVE & WINCHESTER DR,Pedestrian,OTHER - EXPLAIN IN NARRATIVE,PEDESTRIAN ACTION,SSI,DARK (NOT LIGHTED),CLEAR,DRY,False,39.6480560302734,-86.1213912963867
903267217,2018,2018-11-26,Marion,Indianapolis,MOLLER RD & 53RD ST,Vehicle,HEAD ON BETWEEN TWO MOTOR VEHICLES,FAILURE TO YIELD RIGHT OF WAY,SSI,DARK (LIGHTED),RAIN,WET,False,39.8471221923828,-86.2551040649414
903268948,2018,2018-11-26,Marion,Indianapolis,FRANKLIN RD & 21ST ST,Vehicle,OTHER - EXPLAIN IN NARRATIVE,LEFT OF CENTER,SSI,DARK (LIGHTED),SNOW,ICE,False,39.8006591796875,-86.0257263183594
903269225,2018,2018-11-28,Morgan,,HADLEY RD & VALLEY LN,Vehicle,HEAD ON BETWEEN TWO MOTOR VEHICLES,FAILURE TO YIELD RIGHT OF WAY,SSI,DARK (LIGHTED),CLEAR,DRY,False,39.6108093261719,-86.2989501953125
903272063,2018,2018-11-28,Marion,Indianapolis,30TH ST & SHADELAND AVE,Vehicle,RIGHT ANGLE,FAILURE TO YIELD RIGHT OF WAY,SSI,DARK (LIGHTED),RAIN,WET,False,39.8109436035156,-86.0549697875977
903281502,2018,2018-11-28,Marion,Indianapolis,CRAWFORDSVILLE RD & SALT LAKE RD,Vehicle,HEAD ON BETWEEN TWO MOTOR VEHICLES,LEFT OF CENTER,SSI,DARK (LIGHTED),CLEAR,DRY,False,39.8093757629394,-86.3046569824219
903269714,2018,2018-11-29,Johnson,Greenwood,I65S,Vehicle,RAN OFF ROAD,UNSAFE LANE MOVEMENT,SSI,DARK (NOT LIGHTED),CLEAR,DRY,False,39.6280937194824,-86.0740509033203
903270045,2018,2018-11-29,Hamilton,,SR38E & BODEN RD,Vehicle,RIGHT ANGLE,FAILURE TO YIELD RIGHT OF WAY,SSI,DARK (NOT LIGHTED),CLEAR,DRY,False,40.0362663269043,-85.9375762939453
903270062,2018,2018-11-29,Hendricks,Avon,CR100N,Vehicle,RAN OFF ROAD,RAN OFF ROAD RIGHT,SSI,DARK (NOT LIGHTED),CLEAR,WET,False,39.7769012451172,-86.4270248413086
903271782,2018,2018-11-30,Marion,Indianapolis,E DUDLEY AVE,Vehicle,OTHER - EXPLAIN IN NARRATIVE,RAN OFF ROAD RIGHT,SSI,DARK (LIGHTED),CLEAR,DRY,False,39.6849479675293,-86.1235046386719
903272755,2018,2018-11-30,Marion,Indianapolis,86TH ST & ZIONSVILLE RD,Vehicle,RIGHT TURN,FAILURE TO YIELD RIGHT OF WAY,SSI,DAYLIGHT,CLEAR,DRY,False,39.9106750488281,-86.2601699829102
903271153,2018,2018-12-01,Johnson,Greenwood,SR135S & MERIDIAN PARKE DR,Vehicle,HEAD ON BETWEEN TWO MOTOR VEHICLES,FAILURE TO YIELD RIGHT OF WAY,SSI,DARK (LIGHTED),CLOUDY,WET,False,39.6179504394531,-86.1586227416992
903271837,2018,2018-12-01,Hamilton,Carmel,126TH ST & TERRACE DR,Vehicle,SAME DIRECTION SIDESWIPE,FAILURE TO YIELD RIGHT OF WAY,SSI,DAYLIGHT,CLOUDY,WET,False,39.9711494445801,-86.0880508422852
903274325,2018,2018-12-01,Marion,Indianapolis,WASHINGTON ST & MITTHOEFER RD,Pedestrian,RIGHT ANGLE,PEDESTRIAN ACTION,Fatal,DARK (LIGHTED),RAIN,WET,False,39.7751121520996,-85.9857330322266
903275878,2018,2018-12-01,Johnson,Whiteland,US31N & MAIN ST,Vehicle,RIGHT ANGLE,FAILURE TO YIELD RIGHT OF WAY,Fatal,DARK (LIGHTED),CLOUDY,WET,False,39.5497932434082,-86.0868606567383
903271494,2018,2018-12-02,Boone,Zionsville,I865,Vehicle,RAN OFF ROAD,RAN OFF ROAD RIGHT,SSI,DAYLIGHT,CLOUDY,DRY,True,39.9309158325195,-86.2782287597656
903272095,2018,2018-12-02,Marion,Indianapolis,WESTFIELD BLVD & 76TH ST,Vehicle,RAN OFF ROAD,RAN OFF ROAD RIGHT,SSI,DARK (NOT LIGHTED),CLEAR,WET,False,39.8939552307129,-86.1394424438477
903282073,2018,2018-12-02,Marion,Indianapolis,38TH ST & HAWTHORNE LN,Vehicle,RAN OFF ROAD,OVERCORRECTING/OVERSTEERING,Fatal,DARK (NOT LIGHTED),CLEAR,DRY,False,39.8253517150879,-86.0778350830078
903272104,2018,2018-12-03,Marion,Indianapolis,10TH ST & BELMONT AVE,Pedestrian,OTHER - EXPLAIN IN NARRATIVE,PEDESTRIAN ACTION,SSI,DARK (NOT LIGHTED),CLOUDY,DRY,False,39.7807807922363,-86.1966857910156
903273023,2018,2018-12-03,Morgan,,SR144E & PENNINGTON RD,Vehicle,LEFT TURN,FAILURE TO YIELD RIGHT OF WAY,Fatal,DAWN/DUSK,CLEAR,WET,False,39.5941505432129,-86.3410034179688
903274741,2018,2018-12-03,Morgan,MONROVIA,HALL RD,Vehicle,HEAD ON BETWEEN TWO MOTOR VEHICLES,IMPROPER PASSING,SSI,DAYLIGHT,CLOUDY,DRY,False,39.5792465209961,-86.5407333374023