id,year,date,county,city,cross_street,crash_type,manner,primary_factor,ssi_fatal,light,weather,surface,interstate,lat,lon
903285284,2018,2018-12-03,Marion,Indianapolis,HARDING ST & MORRIS ST,Pedestrian,OTHER - EXPLAIN IN NARRATIVE,PEDESTRIAN ACTION,Fatal,DARK (LIGHTED),CLEAR,DRY,False,39.7510833740234,-86.1875381469727
903274329,2018,2018-12-04,Marion,Indianapolis,38TH ST,Pedestrian,REAR END,VIEW OBSTRUCTED,Fatal,DAYLIGHT,CLEAR,DRY,False,39.8233451843262,-86.2800903320313
903278171,2018,2018-12-04,Marion,Indianapolis,KENTUCKY AVE & BELMONT ST,Vehicle,RIGHT ANGLE,DISREGARD SIGNAL/REG SIGN,Fatal,DAYLIGHT,CLEAR,DRY,False,39.7369956970215,-86.1962814331055
903273643,2018,2018-12-05,Marion,Indianapolis,GERMAN CHURCH RD & 10TH ST,Pedestrian,OTHER - EXPLAIN IN NARRATIVE,DRIVER ILLNESS,SSI,DAYLIGHT,SNOW,SNOW/SLUSH,False,39.7837448120117,-85.9713821411133
903274156,2018,2018-12-05,Shelby,ST. PAUL(SHELBY),I74E,Vehicle,RAN OFF ROAD,RAN OFF ROAD RIGHT,Fatal,DARK (NOT LIGHTED),SNOW,ICE,False,39.4712104797363,-85.6610412597656
903275133,2018,2018-12-05,Marion,Indianapolis,86TH ST & GEORGETOWN RD,Pedestrian,HEAD ON BETWEEN TWO MOTOR VEHICLES,PEDESTRIAN ACTION,SSI,DARK (NOT LIGHTED),CLOUDY,DRY,False,39.9113845825195,-86.240478515625
903284539,2018,2018-12-07,Marion,Speedway,CUNNINGHAM RD & 16TH ST,Vehicle,RAN OFF ROAD,UNSAFE LANE MOVEMENT,SSI,DAYLIGHT,CLEAR,DRY,False,39.7870864868164,-86.2579574584961
903285096,2018,2018-12-07,Marion,Indianapolis,I465S,Vehicle,REAR END,UNSAFE LANE MOVEMENT,SSI,DARK (NOT LIGHTED),CLEAR,DRY,False,39.8921813964844,-86.2697143554688
903276803,2018,2018-12-08,Hancock,,CR100N,Vehicle,RIGHT ANGLE,FAILURE TO YIELD RIGHT OF WAY,Fatal,DAYLIGHT,CLOUDY,DRY,False,39.7978706359863,-85.9018020629883
903276034,2018,2018-12-09,Johnson,,I65N,Vehicle,SAME DIRECTION SIDESWIPE,UNSAFE LANE MOVEMENT,SSI,DARK (LIGHTED),CLEAR,DRY,False,39.5439872741699,-86.0370864868164
903286119,2018,2018-12-09,Marion,Indianapolis,LAFAYETTE RD & 56TH ST,Vehicle,OPPOSITE DIRECTION SIDESWIPE,OVERCORRECTING/OVERSTEERING,Fatal,DAYLIGHT,CLEAR,DRY,False,39.8530921936035,-86.2400665283203
903276491,2018,2018-12-10,Hamilton,Westfield,SR38E,Vehicle,LEFT TURN,FAILURE TO YIELD RIGHT OF WAY,SSI,DAWN/DUSK,FOG/SMOKE/SMOG,DRY,False,40.0950546264648,-86.1295852661133
903278256,2018,2018-12-10,Marion,Indianapolis,PROSPECT ST & SPRUCE ST,Pedalcycle,LEFT TURN,FAILURE TO YIELD RIGHT OF WAY,SSI,DARK (LIGHTED),CLEAR,DRY,False,39.7523880004883,-86.134391784668
903278824,2018,2018-12-10,Morgan,Mooresville,SR67S & HADLEY RD,Vehicle,HEAD ON BETWEEN TWO MOTOR VEHICLES,WRONG WAY ON ONE WAY,SSI,DARK (NOT LIGHTED),CLEAR,DRY,False,39.609489440918,-86.3592987060547
903278260,2018,2018-12-11,Marion,Indianapolis,SR135,Vehicle,REAR END,FOLLOWING TOO CLOSELY,SSI,DAWN/DUSK,CLOUDY,DRY,False,39.6925964355469,-86.1503067016602
903279692,2018,2018-12-11,Shelby,SHELBYVILLE,FRONTAGE RD,Vehicle,RIGHT ANGLE,FAILURE TO YIELD RIGHT OF WAY,SSI,DAYLIGHT,CLEAR,DRY,False,39.6130409240723,-85.8626403808594
903278782,2018,2018-12-12,Marion,Indianapolis,US31 & BANTA RD,Vehicle,RAN OFF ROAD,RAN OFF ROAD RIGHT,SSI,DARK (NOT LIGHTED),CLEAR,DRY,False,39.6649589538574,-86.1474075317383
903282240,2018,2018-12-12,Morgan,,SR37N & WHITELAND RD,Vehicle,RIGHT ANGLE,FAILURE TO YIELD RIGHT OF WAY,SSI,DAYLIGHT,CLEAR,DRY,False,39.5461158752441,-86.2642135620117
903279589,2018,2018-12-13,Marion,Indianapolis,TOWNSHIP LINE RD & SUMMER DR,Pedestrian,OTHER - EXPLAIN IN NARRATIVE,RAN OFF ROAD RIGHT,SSI,DARK (LIGHTED),RAIN,WET,False,39.9086494445801,-86.2030487060547
903282003,2018,2018-12-13,Marion,Indianapolis,46TH ST & GOLDEN MEADOW DR,Vehicle,REAR END,FOLLOWING TOO CLOSELY,SSI,DAYLIGHT,CLOUDY,WET,False,39.8383903503418,-86.2593688964844
903281350,2018,2018-12-14,Hamilton,Carmel,I465W,Vehicle,REAR END,FOLLOWING TOO CLOSELY,SSI,DAYLIGHT,RAIN,WET,False,39.9275665283203,-86.1336822509766
903282016,2018,2018-12-14,Marion,Indianapolis,WESTLANE RD & TOWNSHIP LINE RD,Vehicle,LEFT/RIGHT TURN,FAILURE TO YIELD RIGHT OF WAY,SSI,DARK (LIGHTED),RAIN,WET,False,39.8860816955566,-86.2030410766602
903282387,2018,2018-12-14,Marion,Indianapolis,I465W,Vehicle,OTHER - EXPLAIN IN NARRATIVE,DRIVER ILLNESS,SSI,DAYLIGHT,RAIN,WET,False,39.9104194641113,-86.0782012939453
903282852,2018,2018-12-14,Marion,Indianapolis,SOUTHPORT RD & BURCKRIDGE DR,Vehicle,HEAD ON BETWEEN TWO MOTOR VEHICLES,IMPROPER LANE USAGE,SSI,DAYLIGHT,RAIN,WET,False,39.6649513244629,-86.1310577392578
903288313,2018,2018-12-14,Marion,Indianapolis,I65S,Vehicle,SAME DIRECTION SIDESWIPE,UNSAFE LANE MOVEMENT,SSI,DAYLIGHT,RAIN,WET,False,39.7778167724609,-86.1415252685547
903280527,2018,2018-12-15,Johnson,,CR700E & DIVISION RD,Pedestrian,OTHER - EXPLAIN IN NARRATIVE,PEDESTRIAN ACTION,SSI,DARK (NOT LIGHTED),RAIN,WET,False,39.480770111084,-85.9698257446289
903280639,2018,2018-12-15,Shelby,SHELBYVILLE,CR400N & FRANKLIN ST,Vehicle,LEFT/RIGHT TURN,FAILURE TO YIELD RIGHT OF WAY,SSI,DAYLIGHT,RAIN,WET,False,39.5839920043945,-85.858642578125
903280776,2018,2018-12-16,Boone,Zionsville,OAK ST & STONEGATE DR,Vehicle,HEAD ON BETWEEN TWO MOTOR VEHICLES,LEFT OF CENTER,Fatal,DAYLIGHT,CLEAR,DRY,False,39.9495887756348,-86.3240127563477
903281005,2018,2018-12-16,Hendricks,,CR125W,Vehicle,COLLISION WITH DEER,ANIMAL/OBJECT IN ROADWAY,SSI,DARK (NOT LIGHTED),CLEAR,DRY,False,39.7673492431641,-86.5465774536133
903289677,2018,2018-12-16,Marion,Indianapolis,10TH ST & PLEASANT RUN PKWY S DR,Vehicle,HEAD ON BETWEEN TWO MOTOR VEHICLES,LEFT OF CENTER,SSI,DARK (LIGHTED),CLEAR,DRY,False,39.781681060791,-86.0534439086914
903284397,2018,2018-12-18,Marion,Indianapolis,SHADELAND AVE & 38TH ST,Vehicle,RIGHT ANGLE,DISREGARD SIGNAL/REG SIGN,SSI,DARK (LIGHTED),CLEAR,DRY,False,39.8255844116211,-86.0456619262695
903287730,2018,2018-12-19,Johnson,Greenwood,I65N,Vehicle,REAR END,UNSAFE SPEED,Fatal,DAWN/DUSK,CLOUDY,DRY,False,39.6105613708496,-86.0724334716797
903294944,2018,2018-12-19,Marion,Indianapolis,38TH ST & SHADELAND AVE,Vehicle,RIGHT ANGLE,DISREGARD SIGNAL/REG SIGN,SSI,DAYLIGHT,CLEAR,DRY,False,39.8257560729981,-86.0457763671875
903283972,2018,2018-12-20,Hendricks,Plainfield,PERRY  & CROSSROADS WAY,Vehicle,LEFT TURN,FAILURE TO YIELD RIGHT OF WAY,SSI,DAYLIGHT,CLOUDY,DRY,False,39.7154159545898,-86.3563232421875
903284092,2018,2018-12-20,Hamilton,Atlanta,276 ST & 6 POINTS RD,Vehicle,RIGHT ANGLE,FAILURE TO YIELD RIGHT OF WAY,SSI,DARK (NOT LIGHTED),CLOUDY,WET,False,40.1884231567383,-86.1758117675781
903284578,2018,2018-12-20,Hamilton,Fishers,I69S,Vehicle,REAR END,IMPROPER LANE USAGE,Fatal,DARK (LIGHTED),RAIN,WET,False,39.9474906921387,-86.0145492553711
903284573,2018,2018-12-21,Hamilton,SHERIDAN(HAMILTON),SR47 & 236TH ST,Vehicle,RIGHT ANGLE,FAILURE TO YIELD RIGHT OF WAY,SSI,DAYLIGHT,CLOUDY,DRY,False,40.129997253418,-86.2107315063477
903285364,2018,2018-12-21,Hamilton,,STRAWTOWN RD & JOYCE AVE,Vehicle,RAN OFF ROAD,RAN OFF ROAD RIGHT,Fatal,DARK (NOT LIGHTED),CLOUDY,DRY,False,40.1287422180176,-85.9657363891602
903285613,2018,2018-12-21,Marion,Indianapolis,E 38TH ST & N KEYSTONE AVE,Pedestrian,OTHER - EXPLAIN IN NARRATIVE,PEDESTRIAN ACTION,SSI,DAYLIGHT,CLEAR,DRY,False,39.8252754211426,-86.1222686767578
903285668,2018,2018-12-21,Marion,Indianapolis,ARISTOCRAT LN & PINENEEDLE CT,Vehicle,REAR END,OTHER (DRIVER) - EXPLAIN IN NARRATIVE,Fatal,DAYLIGHT,CLEAR,WET,False,39.8343315124512,-85.98779296875
903285142,2018,2018-12-22,Hendricks,,SR267,Vehicle,RIGHT ANGLE,FAILURE TO YIELD RIGHT OF WAY,SSI,DARK (NOT LIGHTED),CLEAR,DRY,False,39.9092407226562,-86.3975601196289
903285695,2018,2018-12-22,Marion,Indianapolis,PENDLETON PIKE & SHADELAND AVE,Pedestrian,OTHER - EXPLAIN IN NARRATIVE,OTHER (ENVIRONMENTAL) - EXPLAIN IN NARR,SSI,DARK (LIGHTED),CLEAR,DRY,False,39.827033996582,-86.0465545654297
903286718,2018,2018-12-22,Marion,Indianapolis,SR37S & EPLER AVE,Vehicle,SAME DIRECTION SIDESWIPE,UNSAFE LANE MOVEMENT,SSI,DARK (LIGHTED),CLEAR,DRY,False,39.6859741210937,-86.193603515625
903198337,2018,2018-08-03,Marion,Indianapolis,FRANKLIN RD & RED MILL DR,Pedestrian,OTHER - EXPLAIN IN NARRATIVE,FAILURE TO YIELD RIGHT OF WAY,SSI,DARK (NOT LIGHTED),CLEAR,DRY,False,39.8273773193359,-86.0267486572266
903107447,2018,2018-02-23,Marion,Indianapolis,N MITTHOEFER RD,Vehicle,HEAD ON BETWEEN TWO MOTOR VEHICLES,DISREGARD SIGNAL/REG SIGN,SSI,DAYLIGHT,RAIN,WET,False,39.8238372802734,-85.9910278320313
903175096,2018,2018-06-27,Boone,,SR75,Vehicle,RIGHT ANGLE,FAILURE TO YIELD RIGHT OF WAY,SSI,DAYLIGHT,CLEAR,DRY,False,40.0543785095215,-86.620002746582
903196328,2018,2018-08-04,Hamilton,Fishers,121 ST & CHATEAU CT,Vehicle,NON-COLLISION,OVERCORRECTING/OVERSTEERING,SSI,DAYLIGHT,CLEAR,DRY,False,39.9645500183105,-85.9759063720703
903176271,2018,2018-06-28,Boone,THORNTOWN,SR32W,Vehicle,COLLISION WITH OBJECT IN ROAD,FOLLOWING TOO CLOSELY,SSI,DAYLIGHT,CLEAR,DRY,False,40.0547485351562,-86.6895370483398
903257811,2018,2018-08-04,Marion,Indianapolis,ARLINGTON AVE & RAYMOND ST,Vehicle,RIGHT ANGLE,DISREGARD SIGNAL/REG SIGN,SSI,DAYLIGHT,CLEAR,DRY,False,39.7388877868652,-86.0636749267578
903196836,2018,2018-08-05,Johnson,,DIVISION RD,Vehicle,RAN OFF ROAD,OTHER (DRIVER) - EXPLAIN IN NARRATIVE,SSI,DARK (NOT LIGHTED),CLEAR,DRY,False,39.4767265319824,-86.1317291259766
903180045,2018,2018-06-28,Marion,Indianapolis,38TH ST & EMERSON AVE,Pedestrian,OTHER - EXPLAIN IN NARRATIVE,PEDESTRIAN ACTION,SSI,DAYLIGHT,CLEAR,DRY,False,39.8254852294922,-86.0835800170898
903197079,2018,2018-08-06,Boone,Lebanon,LEBANON ST & ELM ST,Vehicle,REAR END,FOLLOWING TOO CLOSELY,SSI,DAYLIGHT,CLEAR,DRY,False,40.0441284179688,-86.4692153930664
903180400,2018,2018-06-28,Marion,Indianapolis,FALL CREEK PKWY N DR & BINFORD BLVD,Vehicle,LEFT TURN,FAILURE TO YIELD RIGHT OF WAY,SSI,DAYLIGHT,CLEAR,DRY,False,39.8363571166992,-86.1188201904297
903197434,2018,2018-08-06,Johnson,,RUNYON RD,Vehicle,REAR END,DRIVER ILLNESS,SSI,DAYLIGHT,CLEAR,DRY,False,39.6053581237793,-86.1875762939453
903182015,2018,2018-06-28,Marion,Indianapolis,86TH ST,Pedalcycle,OTHER - EXPLAIN IN NARRATIVE,PEDESTRIAN ACTION,SSI,DAYLIGHT,CLEAR,DRY,False,39.9126358032226,-86.140380859375
903198093,2018,2018-08-07,Marion,Indianapolis,US31 & POWELL ST,Vehicle,RIGHT ANGLE,FAILURE TO YIELD RIGHT OF WAY,SSI,DAYLIGHT,RAIN,WET,False,39.6893844604492,-86.1488189697266
903176634,2018,2018-06-29,Johnson,,SR37S & BLUFF ACRES DR,Vehicle,REAR END,FOLLOWING TOO CLOSELY,SSI,DAYLIGHT,CLEAR,DRY,False,39.5970115661621,-86.2249603271484
903198778,2018,2018-08-07,Marion,Indianapolis,W 34TH ST,Vehicle,HEAD ON BETWEEN TWO MOTOR VEHICLES,DRIVER ILLNESS,SSI,DAYLIGHT,CLEAR,DRY,False,39.8164978027344,-86.2322463989258
903176662,2018,2018-06-29,Hamilton,Westfield,US31,Vehicle,OTHER - EXPLAIN IN NARRATIVE,OVERCORRECTING/OVERSTEERING,SSI,DAYLIGHT,CLEAR,DRY,False,40.0014533996582,-86.1273574829102
903201373,2018,2018-08-07,Marion,Indianapolis,10TH ST & COUNTRY CLUB RD,Pedestrian,NON-COLLISION,,SSI,DARK (LIGHTED),CLEAR,DRY,False,39.7790336608887,-86.3079223632813
903177192,2018,2018-06-29,Hendricks,,CR900S,Vehicle,RIGHT ANGLE,FAILURE TO YIELD RIGHT OF WAY,Fatal,DAYLIGHT,CLEAR,DRY,False,39.6305809020996,-86.4072113037109
903198838,2018,2018-08-08,Marion,Indianapolis,FIVE POINTS RD & SILVER CREEK DR,Vehicle,RIGHT ANGLE,FAILURE TO YIELD RIGHT OF WAY,SSI,DAYLIGHT,CLOUDY,DRY,False,39.670711517334,-86.0444946289063
903178376,2018,2018-06-29,Marion,Indianapolis,ALLISONVILLE RD & 46TH ST,Vehicle,RIGHT ANGLE,DISREGARD SIGNAL/REG SIGN,SSI,DAYLIGHT,CLEAR,DRY,False,39.8401756286621,-86.1173858642578
903198896,2018,2018-08-08,Marion,Indianapolis,MERIDIAN ST & WASHINGTON ST,Pedalcycle,SAME DIRECTION SIDESWIPE,PEDESTRIAN ACTION,SSI,DAYLIGHT,CLEAR,DRY,False,39.7671165466309,-86.1580810546875
903179280,2018,2018-06-29,Marion,Indianapolis,I65N,Vehicle,RAN OFF ROAD,UNSAFE LANE MOVEMENT,SSI,DARK (LIGHTED),CLEAR,DRY,False,39.7214012145996,-86.1319274902344
903180826,2018,2018-06-29,Marion,Indianapolis,HARDING ST & 22ND ST,Vehicle,NON-COLLISION,RAN OFF ROAD RIGHT,Fatal,DARK (LIGHTED),CLEAR,DRY,False,39.7975196838379,-86.1876068115234
903199188,2018,2018-08-08,Hamilton,,SR19 & 206 ST,Vehicle,REAR END,FOLLOWING TOO CLOSELY,SSI,DAYLIGHT,CLEAR,DRY,False,40.090446472168,-86.0142669677734
903199984,2018,2018-08-09,Marion,Indianapolis,46TH ST & BROWN RD,Vehicle,REAR END,FOLLOWING TOO CLOSELY,SSI,DARK (LIGHTED),CLEAR,DRY,False,39.8402557373047,-86.0942306518555
903183848,2018,2018-06-29,Marion,Indianapolis,10TH ST & CHAPELL HILL RD,Vehicle,REAR END,FOLLOWING TOO CLOSELY,SSI,DARK (NOT LIGHTED),CLEAR,DRY,False,39.7792816162109,-86.2832412719727
903200033,2018,2018-08-09,Hamilton,Carmel,106TH ST,Vehicle,RAN OFF ROAD,OTHER (DRIVER) - EXPLAIN IN NARRATIVE,SSI,DAYLIGHT,CLEAR,DRY,False,39.9414863586426,-86.1579971313476
903178442,2018,2018-06-30,Marion,Indianapolis,MASSACHUSETTS AVE,Vehicle,OTHER - EXPLAIN IN NARRATIVE,RAN OFF ROAD RIGHT,SSI,DAYLIGHT,CLEAR,DRY,False,39.8171195983887,-86.0682830810547
903201012,2018,2018-08-09,Marion,Indianapolis,I70E,Vehicle,REAR END,UNSAFE LANE MOVEMENT,SSI,DARK (LIGHTED),CLEAR,DRY,False,39.7899627685547,-86.1275405883789
903178847,2018,2018-06-30,Johnson,Greenwood,I65S,Pedestrian,OTHER - EXPLAIN IN NARRATIVE,OTHER (DRIVER) - EXPLAIN IN NARRATIVE,Fatal,DAYLIGHT,CLEAR,DRY,False,39.6103553771973,-86.0727310180664
903201296,2018,2018-08-09,Marion,Indianapolis,W 16TH ST,Vehicle,BACKING CRASH,BRAKE FAILURE OR DEFECTIVE,SSI,DARK (LIGHTED),CLEAR,DRY,False,39.7873878479004,-86.2240905761719
903179477,2018,2018-06-30,Hamilton,Fishers,BROOKS SCHOOL RD & BROADMOOR CT,Pedalcycle,OTHER - EXPLAIN IN NARRATIVE,OTHER (DRIVER) - EXPLAIN IN NARRATIVE,Fatal,DAYLIGHT,CLOUDY,DRY,False,39.9685707092285,-85.9422836303711
903201386,2018,2018-08-09,Marion,Indianapolis,SUTHERLAND AVE & 35TH ST,Pedestrian,,PEDESTRIAN ACTION,Fatal,DARK (LIGHTED),CLEAR,DRY,False,39.8192367553711,-86.1337051391602
903179723,2018,2018-06-30,Hamilton,Fishers,E 126TH ST & PARKSIDE DR,Vehicle,LEFT TURN,FAILURE TO YIELD RIGHT OF WAY,SSI,DAYLIGHT,CLEAR,DRY,False,39.9716148376465,-86.0003128051758
903201304,2018,2018-08-10,Marion,Indianapolis,ARLINGTON AVE & 30TH ST,Vehicle,RIGHT ANGLE,DISREGARD SIGNAL/REG SIGN,SSI,DAYLIGHT,CLEAR,DRY,False,39.8109283447266,-86.0644454956055
903180094,2018,2018-06-30,Hamilton,Noblesville,SR32E & LITTLE CHICAGO RD,Vehicle,HEAD ON BETWEEN TWO MOTOR VEHICLES,IMPROPER TURNING,SSI,DAYLIGHT,CLEAR,DRY,False,40.043212890625,-86.0703353881836
903202700,2018,2018-08-10,Marion,Indianapolis,SHERMAN AVE & MICHIGAN ST,Vehicle,REAR END,BRAKE FAILURE OR DEFECTIVE,SSI,DAYLIGHT,CLEAR,DRY,False,39.7740516662598,-86.1022262573242
903177838,2018,2018-07-02,Marion,Indianapolis,DELAWARE ST & OHIO ST,Pedestrian,LEFT TURN,IMPROPER TURNING,SSI,DAYLIGHT,CLEAR,DRY,False,39.7698211669922,-86.1545181274414
903202997,2018,2018-08-10,Marion,Indianapolis,I69S,Vehicle,RAN OFF ROAD,DRIVER ILLNESS,Fatal,DAYLIGHT,CLEAR,DRY,False,39.9056167602539,-86.0453948974609
903178189,2018,2018-07-02,Boone,Zionsville,S 200 E RD & E 400 S RD,Vehicle,RIGHT ANGLE,DISREGARD SIGNAL/REG SIGN,SSI,DAYLIGHT,CLEAR,DRY,False,39.9817352294922,-86.4319458007813
903515464,2018,2018-08-10,Marion,Indianapolis,MERIDIAN ST & GIMBER ST,Vehicle,SAME DIRECTION SIDESWIPE,FAILURE TO YIELD RIGHT OF WAY,Fatal,DAYLIGHT,CLEAR,DRY,False,39.7275428771973,-86.1587066650391
903178202,2018,2018-07-02,Morgan,MARTINSVILLE,WAVERLY RD & SR 37 N RD,Vehicle,RAN OFF ROAD,RAN OFF ROAD RIGHT,SSI,DARK (LIGHTED),CLEAR,DRY,False,39.5437088012695,-86.269416809082
903200364,2018,2018-08-11,Johnson,Greenwood,SR135S & FAIRVIEW RD,Vehicle,RAN OFF ROAD,DRIVER DISTRACTED - EXPLAIN IN NARRATIVE,SSI,DARK (NOT LIGHTED),CLEAR,DRY,False,39.620361328125,-86.1586837768555
903178682,2018,2018-07-02,Marion,Indianapolis,30TH ST & RALSTON AVE,Vehicle,LEFT TURN,UNSAFE LANE MOVEMENT,SSI,DARK (LIGHTED),CLEAR,DRY,False,39.8107414245605,-86.1311492919922
903200625,2018,2018-08-11,Johnson,,SR44E,Vehicle,REAR END,FOLLOWING TOO CLOSELY,SSI,DAYLIGHT,CLEAR,DRY,False,39.4484977722168,-86.1578903198242
903194487,2018,2018-07-02,Marion,Indianapolis,MANN RD & SUPERIOR RD,Vehicle,RAN OFF ROAD,RAN OFF ROAD RIGHT,Fatal,DARK (NOT LIGHTED),CLEAR,DRY,False,39.6997261047363,-86.2411575317383
903200914,2018,2018-08-11,Johnson,Franklin,MORTON ST,Vehicle,RAN OFF ROAD,OTHER (DRIVER) - EXPLAIN IN NARRATIVE,SSI,DAYLIGHT,CLEAR,DRY,False,39.4951133728027,-86.0643310546875
903179614,2018,2018-07-03,Marion,Indianapolis,EMERSON AVE,Pedestrian,RIGHT ANGLE,DISREGARD SIGNAL/REG SIGN,SSI,DARK (LIGHTED),CLEAR,DRY,False,39.6393051147461,-86.0812530517578
903106346,2018,2018-02-24,Hendricks,Plainfield,STAFFORD RD & KATHRYN DR,Vehicle,RAN OFF ROAD,SPEED TOO FAST FOR WEATHER CONDITIONS,SSI,DAYLIGHT,CLOUDY,WET,False,39.6976890563965,-86.330322265625
903202708,2018,2018-08-11,Marion,Indianapolis,10TH ST & GIRLS SCHOOL RD,Vehicle,HEAD ON BETWEEN TWO MOTOR VEHICLES,FAILURE TO YIELD RIGHT OF WAY,SSI,DARK (LIGHTED),CLEAR,DRY,False,39.7792549133301,-86.2891311645508
903107382,2018,2018-02-24,Marion,Indianapolis,MERIDIAN ST & 86TH ST,Vehicle,HEAD ON BETWEEN TWO MOTOR VEHICLES,LEFT OF CENTER,Fatal,DAYLIGHT,CLOUDY,WET,False,39.9128036499023,-86.1580200195313
903184016,2018,2018-07-03,Marion,Indianapolis,ROCKVILLE RD & MICKLEY AVE,Vehicle,REAR END,FOLLOWING TOO CLOSELY,Fatal,DAYLIGHT,CLEAR,DRY,False,39.7648887634277,-86.2603302001953
903179460,2018,2018-07-05,Johnson,New Whiteland,US31S & ST RD 252 RD,Pedalcycle,RIGHT ANGLE,FAILURE TO YIELD RIGHT OF WAY,SSI,DAWN/DUSK,CLEAR,DRY,False,39.5701599121094,-86.0946731567383
903200927,2018,2018-08-12,Hancock,Greenfield,MARTINDALE DR,Vehicle,LEFT TURN,FAILURE TO YIELD RIGHT OF WAY,SSI,DAYLIGHT,CLEAR,DRY,False,39.8178329467773,-85.7693252563477
903179470,2018,2018-07-05,Marion,Indianapolis,I70W,Vehicle,RAN OFF ROAD,UNSAFE SPEED,SSI,DARK (LIGHTED),CLEAR,DRY,False,39.7809181213379,-86.1415710449219
903180219,2018,2018-07-05,Morgan,,KELLER HILL RD,Vehicle,REAR END,OTHER (DRIVER) - EXPLAIN IN NARRATIVE,SSI,DAYLIGHT,CLOUDY,DRY,False,39.6013984680176,-86.3945083618164
903111782,2018,2018-02-24,Marion,Indianapolis,SOUTHEASTERN AVE & TEMPERANCE AVE,Pedestrian,OTHER - EXPLAIN IN NARRATIVE,OTHER (DRIVER) - EXPLAIN IN NARRATIVE,Fatal,DARK (LIGHTED),RAIN,WET,False,39.7501220703125,-86.0931854248047
903201967,2018,2018-08-12,Marion,Indianapolis,21ST ST & TANSEL RD,Vehicle,RAN OFF ROAD,RAN OFF ROAD RIGHT,SSI,DAYLIGHT,CLEAR,DRY,False,39.7933464050293,-86.3202438354492
903181314,2018,2018-07-05,Marion,Indianapolis,10TH ST & ROUTIERS AVE,Vehicle,RAN OFF ROAD,RAN OFF ROAD RIGHT,SSI,DAYLIGHT,CLEAR,DRY,False,39.7819366455078,-86.0131378173828
903108047,2018,2018-02-25,Hamilton,Carmel,E 96TH ST & WILD CHERRY LN,Vehicle,SAME DIRECTION SIDESWIPE,UNSAFE SPEED,Fatal,DARK (NOT LIGHTED),CLEAR,DRY,False,39.9269256591797,-86.1199417114258
903201218,2018,2018-08-13,Marion,Indianapolis,SARGENT RD & SUMMER ESTATE DR,Vehicle,RAN OFF ROAD,RAN OFF ROAD RIGHT,SSI,DARK (NOT LIGHTED),CLEAR,DRY,False,39.9080200195313,-86.0082931518555
903183431,2018,2018-07-05,Marion,Indianapolis,38TH ST & PARKWOOD CT,Vehicle,OTHER - EXPLAIN IN NARRATIVE,OVERCORRECTING/OVERSTEERING,SSI,DAYLIGHT,CLEAR,DRY,False,39.8235397338867,-86.2664566040039
903108522,2018,2018-02-25,Marion,Indianapolis,WASHINGTON ST & DANBURY DR,Vehicle,RIGHT ANGLE,LEFT OF CENTER,Fatal,DAYLIGHT,CLEAR,DRY,False,39.7344055175781,-86.3100738525391
903202253,2018,2018-08-14,Johnson,Greenwood,SHEEK RD & MAIN ST,Vehicle,NON-COLLISION,IMPROPER TURNING,SSI,DAYLIGHT,CLOUDY,DRY,False,39.6138725280762,-86.078239440918
903183434,2018,2018-07-05,Marion,Indianapolis,34TH ST & FALCON DR,Vehicle,RIGHT ANGLE,FAILURE TO YIELD RIGHT OF WAY,SSI,DAYLIGHT,RAIN,WET,False,39.8167266845703,-86.2322769165039
903107779,2018,2018-02-26,Shelby,SHELBYVILLE,I74W,Vehicle,HEAD ON BETWEEN TWO MOTOR VEHICLES,DRIVER ASLEEP OR FATIGUED,SSI,DAWN/DUSK,CLEAR,DRY,False,39.5404434204101,-85.756477355957
903202351,2018,2018-08-14,Marion,Beech Grove,ELMWOOD AVE & S EMERSON AVE,Vehicle,RIGHT ANGLE,FAILURE TO YIELD RIGHT OF WAY,SSI,DAYLIGHT,CLEAR,DRY,False,39.7055587768555,-86.0815353393555
903180872,2018,2018-07-06,Hamilton,Fishers,SR37N & 141 ST,Vehicle,REAR END,FOLLOWING TOO CLOSELY,SSI,DAYLIGHT,CLEAR,DRY,False,39.9905967712402,-86.0038299560547
903108331,2018,2018-02-26,Johnson,Whiteland,WHITELAND RD,Vehicle,RAN OFF ROAD,RAN OFF ROAD RIGHT,SSI,DARK (LIGHTED),CLEAR,DRY,False,39.5504875183105,-86.0635147094727
903202842,2018,2018-08-14,Marion,Indianapolis,30TH ST & POST RD,Vehicle,RIGHT ANGLE,FAILURE TO YIELD RIGHT OF WAY,SSI,DAYLIGHT,CLEAR,DRY,False,39.8113136291504,-86.0096817016601
903182742,2018,2018-07-06,Marion,Indianapolis,I70,Vehicle,RAN OFF ROAD,RAN OFF ROAD RIGHT,Fatal,DARK (LIGHTED),CLEAR,DRY,True,39.7558517456055,-86.1607131958008
903108529,2018,2018-02-26,Marion,Indianapolis,S LASALLE ST & E CHAMBERLAIN DR,Vehicle,OTHER - EXPLAIN IN NARRATIVE,UNSAFE SPEED,SSI,DAYLIGHT,CLEAR,DRY,False,39.6986274719238,-86.1063842773438
903202548,2018,2018-08-15,Shelby,SHELBYVILLE,SR44E & WELLINGTON BLVD,Pedestrian,OTHER - EXPLAIN IN NARRATIVE,PEDESTRIAN ACTION,SSI,DARK (NOT LIGHTED),CLEAR,DRY,False,39.5220680236816,-85.7645568847656