id,year,date,county,city,cross_street,crash_type,manner,primary_factor,ssi_fatal,light,weather,surface,interstate,lat,lon
903185935,2018,2018-07-06,Marion,Indianapolis,SOUTHEASTERN AVE & THOMPSON RD,Vehicle,RIGHT ANGLE,FAILURE TO YIELD RIGHT OF WAY,SSI,DAYLIGHT,CLEAR,DRY,False,39.6964530944824,-85.9957962036133
903114736,2018,2018-02-26,Hancock,Greenfield,NEW RD & JAMES BLVD,Pedestrian,RIGHT ANGLE,PEDESTRIAN ACTION,SSI,DAYLIGHT,CLEAR,DRY,False,39.8141899108887,-85.7639541625977
903202858,2018,2018-08-15,Hamilton,Fishers,96TH ST & BY NORTHEAST BLVD,Vehicle,REAR END,FOLLOWING TOO CLOSELY,SSI,DAYLIGHT,CLOUDY,DRY,False,39.9272499084473,-86.0262069702148
903180533,2018,2018-07-07,Johnson,Edinburgh,CR800E,Vehicle,RAN OFF ROAD,RAN OFF ROAD RIGHT,SSI,DAYLIGHT,CLEAR,DRY,False,39.4249572753906,-85.9526596069336
903202943,2018,2018-08-15,Hancock,,CR600S,Vehicle,RIGHT ANGLE,FAILURE TO YIELD RIGHT OF WAY,SSI,DAYLIGHT,CLOUDY,WET,False,39.698371887207,-85.8961944580078
903108336,2018,2018-02-27,Morgan,MARTINSVILLE,COPE RD & OLD MOORE RD,Vehicle,RAN OFF ROAD,RAN OFF ROAD RIGHT,SSI,DAWN/DUSK,CLEAR,WET,False,39.4339447021484,-86.3106384277344
903180698,2018,2018-07-07,Morgan,MARTINSVILLE,SR37S & BURTON LN,Vehicle,REAR END,FOLLOWING TOO CLOSELY,SSI,DAYLIGHT,CLEAR,DRY,False,39.4054565429688,-86.4369277954102
903203128,2018,2018-08-15,Morgan,Mooresville,SR67N & BRIDGE ST,Vehicle,REAR END,FOLLOWING TOO CLOSELY,SSI,DARK (LIGHTED),CLEAR,DRY,False,39.6168327331543,-86.3551483154297
903109020,2018,2018-02-27,Marion,Indianapolis,WESTLANE RD & CRYSTAL BAY DRIVE EAST DR,Pedestrian,OTHER - EXPLAIN IN NARRATIVE,FAILURE TO YIELD RIGHT OF WAY,SSI,DARK (NOT LIGHTED),CLEAR,DRY,False,39.8861694335938,-86.1999740600586
903181134,2018,2018-07-07,Hendricks,,CR100E,Vehicle,RAN OFF ROAD,RAN OFF ROAD RIGHT,SSI,DARK (NOT LIGHTED),CLEAR,DRY,False,39.8524055480957,-86.5055694580078
903203199,2018,2018-08-15,Marion,Indianapolis,56TH ST & HIGH SCHOOL RD,Vehicle,REAR END,FOLLOWING TOO CLOSELY,SSI,DAYLIGHT,RAIN,WET,False,39.8529586791992,-86.2709426879883
903115564,2018,2018-02-27,Hamilton,Westfield,CAREY RD,Vehicle,RAN OFF ROAD,RAN OFF ROAD RIGHT,Fatal,DARK (LIGHTED),CLEAR,DRY,False,40.0020561218262,-86.108024597168
903299719,2018,2018-12-22,Marion,Indianapolis,LINCOLN BLVD & 78TH ST,Vehicle,RAN OFF ROAD,RAN OFF ROAD RIGHT,Fatal,DARK (NOT LIGHTED),CLEAR,DRY,False,39.8989410400391,-86.1269226074219
903180942,2018,2018-07-08,Hamilton,SHERIDAN(HAMILTON),JOLIET RD & 186 ST,Vehicle,OTHER - EXPLAIN IN NARRATIVE,FAILURE TO YIELD RIGHT OF WAY,SSI,DAYLIGHT,CLEAR,DRY,False,40.0563812255859,-86.231689453125
903203268,2018,2018-08-15,Marion,Indianapolis,E WASHINGTON ST,Vehicle,HEAD ON BETWEEN TWO MOTOR VEHICLES,VIEW OBSTRUCTED,SSI,DARK (LIGHTED),RAIN,WATER (STANDING OR MOVING),False,39.7740211486816,-85.9916534423828
903108573,2018,2018-02-28,Marion,Indianapolis,POST RD & 21ST ST,Vehicle,LEFT TURN,FAILURE TO YIELD RIGHT OF WAY,SSI,DARK (LIGHTED),CLEAR,DRY,False,39.7967224121094,-86.0093765258789
903183319,2018,2018-07-08,Marion,Indianapolis,HANNA AVE & BLUFF RD,Vehicle,RIGHT ANGLE,DISREGARD SIGNAL/REG SIGN,SSI,DARK (LIGHTED),CLEAR,DRY,False,39.7077255249023,-86.1705551147461
903285560,2018,2018-12-23,Shelby,SHELBYVILLE,MORRISON ST & FREEDOM DR,Vehicle,RAN OFF ROAD,RAN OFF ROAD RIGHT,SSI,DARK (NOT LIGHTED),CLEAR,DRY,False,39.6757431030273,-85.694709777832
903203272,2018,2018-08-15,Hamilton,Carmel,KEYSTONE PKWY & 136TH ST,Vehicle,RIGHT ANGLE,RAN OFF ROAD RIGHT,Fatal,DAYLIGHT,CLOUDY,WET,False,39.9828109741211,-86.1129760742188
903109202,2018,2018-03-01,Boone,,SR32,Vehicle,HEAD ON BETWEEN TWO MOTOR VEHICLES,LEFT OF CENTER,Fatal,DARK (NOT LIGHTED),RAIN,WET,False,40.0466117858887,-86.5141754150391
903183977,2018,2018-07-08,Marion,Indianapolis,SOUTHEASTERN AVE & HICKORY RD,Vehicle,LEFT TURN,FAILURE TO YIELD RIGHT OF WAY,SSI,DAYLIGHT,CLEAR,DRY,False,39.6916923522949,-85.9878997802734
903287619,2018,2018-12-23,Hamilton,Noblesville,BODEN RD & 166TH ST,Vehicle,RAN OFF ROAD,LEFT OF CENTER,SSI,DARK (NOT LIGHTED),CLEAR,DRY,False,40.0312767028809,-85.9380187988281
903203322,2018,2018-08-15,Marion,Indianapolis,ROCKVILLE RD & BRIDGEPORT RD,Vehicle,OTHER - EXPLAIN IN NARRATIVE,FAILURE TO YIELD RIGHT OF WAY,SSI,DAYLIGHT,RAIN,WET,False,39.7638473510742,-86.3170852661133
903109873,2018,2018-03-02,Hamilton,,SR32 & CYNTHEANNE RD,Vehicle,RIGHT ANGLE,FAILURE TO YIELD RIGHT OF WAY,SSI,DAYLIGHT,CLEAR,DRY,False,40.0614433288574,-85.8819885253906
903186145,2018,2018-07-08,Marion,Indianapolis,SUGAR GROVE AVE & 21ST ST,Pedalcycle,OTHER - EXPLAIN IN NARRATIVE,IMPROPER LANE USAGE,SSI,DAYLIGHT,CLEAR,DRY,False,39.7954597473144,-86.18505859375
903307187,2018,2018-12-23,Marion,Indianapolis,16TH ST ST & YANDES ST,Vehicle,OPPOSITE DIRECTION SIDESWIPE,IMPROPER LANE USAGE,SSI,DAYLIGHT,CLOUDY,DRY,False,39.7885093688965,-86.1381759643555
903203862,2018,2018-08-15,Morgan,,BUNKER HILL RD & OAK HILL LN,Vehicle,RAN OFF ROAD,RAN OFF ROAD RIGHT,Fatal,DAYLIGHT,CLOUDY,WET,False,39.5690650939941,-86.4046173095703
903110848,2018,2018-03-05,Johnson,,NINEVEH RD,Vehicle,RAN OFF ROAD,RAN OFF ROAD RIGHT,Fatal,DARK (NOT LIGHTED),CLEAR,DRY,False,39.4039916992187,-86.0857391357422
903191403,2018,2018-07-08,Marion,Indianapolis,BROOKVILLE RD & SHORTRIDGE RD,Pedestrian,HEAD ON BETWEEN TWO MOTOR VEHICLES,IMPROPER PASSING,SSI,DARK (NOT LIGHTED),CLEAR,DRY,False,39.7522201538086,-86.0374526977539
903289506,2018,2018-12-24,Hendricks,Avon,DAN JONES RD,Vehicle,HEAD ON BETWEEN TWO MOTOR VEHICLES,LEFT OF CENTER,SSI,DARK (NOT LIGHTED),CLEAR,DRY,False,39.7317924499512,-86.3809432983398
903286078,2018,2018-12-25,Marion,Lawrence,US36E & MOWERY ST,Vehicle,HEAD ON BETWEEN TWO MOTOR VEHICLES,LEFT OF CENTER,SSI,DAYLIGHT,CLEAR,WET,False,39.8384399414063,-86.0227508544922
903286432,2018,2018-12-25,Marion,Indianapolis,E RAYMOND ST & S SHERMAN DR,Vehicle,RIGHT ANGLE,DISREGARD SIGNAL/REG SIGN,SSI,DARK (LIGHTED),RAIN,WET,False,39.737907409668,-86.1018142700195
903289302,2018,2018-12-25,Johnson,Greenwood,BARNES CT & TRADITIONS PASS,Vehicle,OTHER - EXPLAIN IN NARRATIVE,SPEED TOO FAST FOR WEATHER CONDITIONS,SSI,DAYLIGHT,CLOUDY,WET,False,39.6134834289551,-86.0556411743164
903293437,2018,2018-12-26,Marion,Indianapolis,I465N,Vehicle,SAME DIRECTION SIDESWIPE,UNSAFE LANE MOVEMENT,SSI,DARK (LIGHTED),CLEAR,DRY,False,39.8717765808105,-86.2685165405273
903290275,2018,2018-12-27,Marion,Indianapolis,GERMAN CHURCH RD & MCDOWELL DR,Vehicle,RAN OFF ROAD,UNSAFE SPEED,SSI,DARK (NOT LIGHTED),CLEAR,DRY,False,39.7930717468262,-85.9714584350586
903290282,2018,2018-12-27,Marion,Indianapolis,BURDSAL PARK & HARDING ST,Vehicle,LEFT TURN,DISREGARD SIGNAL/REG SIGN,SSI,DAYLIGHT,RAIN,WET,False,39.8006248474121,-86.1875228881836
903288166,2018,2018-12-28,Marion,Indianapolis,I465,Vehicle,RAN OFF ROAD,IMPROPER LANE USAGE,SSI,DAYLIGHT,CLEAR,DRY,True,39.7206802368164,-86.2647933959961
903289897,2018,2018-12-28,Marion,Indianapolis,HOLT RD & SAM JONES EXPY,Vehicle,RIGHT ANGLE,FAILURE TO YIELD RIGHT OF WAY,SSI,DARK (LIGHTED),CLEAR,DRY,False,39.7339782714844,-86.2252578735351
903288398,2018,2018-12-29,Johnson,TRAFALGAR,NINEVEH RD,Vehicle,HEAD ON BETWEEN TWO MOTOR VEHICLES,LEFT OF CENTER,Fatal,DARK (NOT LIGHTED),CLEAR,DRY,False,39.3862953186035,-86.0852127075195
903288410,2018,2018-12-30,Hamilton,Westfield,SR32E & EAST ST,Vehicle,RIGHT ANGLE,IMPROPER TURNING,SSI,DARK (NOT LIGHTED),CLEAR,DRY,False,40.0427627563477,-86.1234970092773
903302582,2018,2018-12-30,Marion,Indianapolis,75TH ST & CASTLETON FARMS W DR,Vehicle,RAN OFF ROAD,RAN OFF ROAD RIGHT,SSI,DAYLIGHT,CLEAR,DRY,False,39.8908500671387,-86.0381546020508
903290476,2018,2018-12-31,Marion,Indianapolis,42ND ST & SHERMAN DR,Vehicle,LEFT/RIGHT TURN,FAILURE TO YIELD RIGHT OF WAY,SSI,DARK (LIGHTED),RAIN,WET,False,39.8328552246094,-86.1027603149414
903291038,2018,2018-12-31,Marion,Indianapolis,WALLACE AVE & NEW YORK ST,Vehicle,RIGHT ANGLE,FAILURE TO YIELD RIGHT OF WAY,SSI,DAYLIGHT,CLOUDY,DRY,False,39.7722206115723,-86.0887756347656
903290313,2019,2019-01-01,Marion,Indianapolis,HARCOURT RD & MINTURN LN,Vehicle,SAME DIRECTION SIDESWIPE,FAILURE TO YIELD RIGHT OF WAY,SSI,DARK (LIGHTED),RAIN,WET,False,39.8925094604492,-86.1934509277344
903315948,2019,2019-01-01,Johnson,,I65N,Vehicle,COLLISION WITH OBJECT IN ROAD,SPEED TOO FAST FOR WEATHER CONDITIONS,SSI,DAYLIGHT,SLEET/HAIL/FREEZING RAIN,ICE,False,39.5054893493652,-86.0199661254883
903289945,2019,2019-01-02,Marion,Indianapolis,STOP 11 RD & SIEAR TER,Vehicle,RAN OFF ROAD,RAN OFF ROAD RIGHT,SSI,DARK (LIGHTED),CLOUDY,WET,False,39.6502685546875,-86.1183471679688
903291578,2019,2019-01-02,Marion,Indianapolis,KESSLER BLVD & HIGHWOODS DR,Vehicle,REAR END,OTHER (DRIVER) - EXPLAIN IN NARRATIVE,SSI,DARK (LIGHTED),CLEAR,DRY,False,39.81640625,-86.2111587524414
903315725,2019,2019-01-03,Marion,Indianapolis,38TH ST & INDUSTRIAL BLVD,Vehicle,LEFT TURN,OVERCORRECTING/OVERSTEERING,SSI,DAYLIGHT,CLEAR,DRY,False,39.8240051269531,-86.2300491333008
903291323,2019,2019-01-04,Marion,Lawrence,OAKLANDON RD & FOX RD,Vehicle,LEFT TURN,FAILURE TO YIELD RIGHT OF WAY,SSI,DARK (NOT LIGHTED),CLEAR,DRY,False,39.9018173217773,-85.9571914672852
903291394,2019,2019-01-04,Johnson,,SR37S & STONES CROSSING RD,Pedalcycle,RIGHT ANGLE,FAILURE TO YIELD RIGHT OF WAY,Fatal,DARK (NOT LIGHTED),RAIN,WET,False,39.5763549804687,-86.2403793334961
903291703,2019,2019-01-05,Marion,Lawrence,US36E & N POST RD,Vehicle,LEFT TURN,FAILURE TO YIELD RIGHT OF WAY,SSI,DARK (LIGHTED),CLEAR,DRY,False,39.8443183898926,-86.0102996826172
903291781,2019,2019-01-05,Johnson,Franklin,US31 & LEMLEY ST,Pedestrian,COLLISION WITH ANIMAL OTHER,PEDESTRIAN ACTION,Fatal,DARK (LIGHTED),CLOUDY,DRY,False,39.4909706115723,-86.0643463134766
903291920,2019,2019-01-06,Johnson,TRAFALGAR,SR135N,Vehicle,RAN OFF ROAD,ANIMAL/OBJECT IN ROADWAY,SSI,DAYLIGHT,CLEAR,DRY,False,39.4159355163574,-86.1581268310547
903292554,2019,2019-01-06,Marion,Indianapolis,30TH ST & SHADELAND AVE,Pedestrian,OTHER - EXPLAIN IN NARRATIVE,OTHER (DRIVER) - EXPLAIN IN NARRATIVE,SSI,DARK (NOT LIGHTED),CLEAR,DRY,False,39.8108749389648,-86.0456771850586
903292575,2019,2019-01-06,Hancock,,US40,Vehicle,RIGHT ANGLE,FAILURE TO YIELD RIGHT OF WAY,SSI,DARK (NOT LIGHTED),CLOUDY,DRY,False,39.7885971069336,-85.688980102539
903292407,2019,2019-01-07,Johnson,Franklin,JEFFERSON  & KING ARTHUR DR,Vehicle,RIGHT ANGLE,FAILURE TO YIELD RIGHT OF WAY,SSI,DAYLIGHT,CLOUDY,DRY,False,39.4819755554199,-86.0810546875
903292956,2019,2019-01-07,Marion,Indianapolis,10TH ST & RIDGEPOINTE DR,Vehicle,REAR END,FOLLOWING TOO CLOSELY,SSI,DAYLIGHT,RAIN,WET,False,39.7787666320801,-86.3194274902344
903293454,2019,2019-01-08,Hendricks,COATESVILLE,CR600S,Vehicle,RIGHT ANGLE,DISREGARD SIGNAL/REG SIGN,SSI,DAYLIGHT,CLEAR,DRY,False,39.6736526489258,-86.6182022094727
903294027,2019,2019-01-09,Hamilton,Carmel,146 ST & HAZEL DELL PKWY,Pedalcycle,LEFT/RIGHT TURN,FAILURE TO YIELD RIGHT OF WAY,SSI,DARK (LIGHTED),BLOWING SAND/SOIL/SNOW,DRY,False,40.0001945495605,-86.0703048706055
903295025,2019,2019-01-09,Marion,Indianapolis,I70,Vehicle,SAME DIRECTION SIDESWIPE,UNSAFE LANE MOVEMENT,SSI,DAYLIGHT,CLOUDY,DRY,True,39.7536201477051,-86.1595001220703
903297625,2019,2019-01-10,Morgan,MARTINSVILLE,SR37,Vehicle,RIGHT ANGLE,DISREGARD SIGNAL/REG SIGN,Fatal,DAYLIGHT,CLOUDY,DRY,False,39.4308166503906,-86.3947372436523
903311253,2019,2019-01-10,Marion,Indianapolis,N Michigan Rd RD & W 96th St,Vehicle,SAME DIRECTION SIDESWIPE,UNSAFE LANE MOVEMENT,Fatal,DARK (LIGHTED),CLEAR,DRY,False,39.9260597229004,-86.2294158935547
903353411,2019,2019-01-10,Marion,Indianapolis,56TH ST & EMERSON WAY,Vehicle,RIGHT ANGLE,DISREGARD SIGNAL/REG SIGN,SSI,DAYLIGHT,CLEAR,DRY,False,39.8550834655762,-86.086784362793
903295119,2019,2019-01-11,Marion,Indianapolis,I74E,Vehicle,RAN OFF ROAD,OVERCORRECTING/OVERSTEERING,SSI,DAWN/DUSK,CLOUDY,DRY,False,39.6733703613281,-85.958366394043
903295296,2019,2019-01-11,Hancock,Greenfield,SR9 & MARTINDALE DR,Vehicle,REAR END,FOLLOWING TOO CLOSELY,SSI,DAYLIGHT,CLEAR,DRY,False,39.8205413818359,-85.7698669433594
903302468,2019,2019-01-11,Marion,Indianapolis,MANN RD & MOORESVILLE RD,Vehicle,HEAD ON BETWEEN TWO MOTOR VEHICLES,LEFT OF CENTER,Fatal,DAWN/DUSK,CLOUDY,DRY,False,39.7126502990723,-86.2385940551758
903308144,2019,2019-01-11,Marion,Indianapolis,WASHINGTON ST & HAMBLIN DR,Pedestrian,HEAD ON BETWEEN TWO MOTOR VEHICLES,PEDESTRIAN ACTION,Fatal,DARK (NOT LIGHTED),CLEAR,DRY,False,39.7368698120117,-86.3020248413086
903295385,2019,2019-01-12,Boone,Lebanon,I65S,Vehicle,SAME DIRECTION SIDESWIPE,SPEED TOO FAST FOR WEATHER CONDITIONS,SSI,DARK (NOT LIGHTED),SNOW,SNOW/SLUSH,False,40.0638694763184,-86.4947891235352
903300966,2019,2019-01-12,Marion,Indianapolis,I70,Vehicle,SAME DIRECTION SIDESWIPE,UNSAFE LANE MOVEMENT,SSI,DAYLIGHT,SNOW,SNOW/SLUSH,True,39.7534065246582,-86.1585388183594
903311691,2019,2019-01-12,Hancock,,I70   &  100.50,Vehicle,REAR END,SPEED TOO FAST FOR WEATHER CONDITIONS,Fatal,DAYLIGHT,SNOW,ICE,True,39.8203163146973,-85.8291015625
903297205,2019,2019-01-14,Boone,,SR47W,Vehicle,HEAD ON BETWEEN TWO MOTOR VEHICLES,LEFT OF CENTER,SSI,DAYLIGHT,FOG/SMOKE/SMOG,ICE,False,40.1288108825683,-86.286994934082
903297536,2019,2019-01-14,Shelby,SHELBYVILLE,CR1000N,Vehicle,OTHER - EXPLAIN IN NARRATIVE,SPEED TOO FAST FOR WEATHER CONDITIONS,SSI,DAYLIGHT,CLEAR,ICE,False,39.668212890625,-85.9003982543945
903297714,2019,2019-01-14,Shelby,SHELBYVILLE,I74W,Vehicle,REAR END,FAILURE TO YIELD RIGHT OF WAY,Fatal,DAYLIGHT,CLEAR,DRY,False,39.5524864196777,-85.7787399291992
903297748,2019,2019-01-14,Shelby,SHELBYVILLE,SR44W & SUGAR CREEK RD,Vehicle,HEAD ON BETWEEN TWO MOTOR VEHICLES,SPEED TOO FAST FOR WEATHER CONDITIONS,SSI,DARK (NOT LIGHTED),CLOUDY,ICE,False,39.4952659606934,-85.940315246582
903298098,2019,2019-01-14,Marion,Indianapolis,KESSLER BLVD & 60TH ST,Vehicle,RIGHT ANGLE,ROADWAY SURFACE CONDITION,SSI,DARK (NOT LIGHTED),CLEAR,ICE,False,39.8617172241211,-86.2120971679688
903298045,2019,2019-01-15,Hendricks,,CR450W,Vehicle,RAN OFF ROAD,RAN OFF ROAD RIGHT,SSI,DARK (NOT LIGHTED),SLEET/HAIL/FREEZING RAIN,ICE,False,39.7745742797851,-86.6046676635742
903298127,2019,2019-01-15,Marion,Indianapolis,W 38TH ST,Vehicle,OTHER - EXPLAIN IN NARRATIVE,RAN OFF ROAD RIGHT,SSI,DAWN/DUSK,CLOUDY,WET,False,39.8238906860352,-86.2806701660156
903298196,2019,2019-01-15,Boone,JAMESTOWN(BOONE),I74W,Vehicle,RIGHT ANGLE,SPEED TOO FAST FOR WEATHER CONDITIONS,Fatal,DAYLIGHT,SLEET/HAIL/FREEZING RAIN,ICE,False,39.9878768920898,-86.7004165649414
903299662,2019,2019-01-17,Johnson,Greenwood,COUNTY LINE RD & TIMBER CREEK LN,Vehicle,LEFT/RIGHT TURN,FAILURE TO YIELD RIGHT OF WAY,SSI,DAYLIGHT,RAIN,WET,False,39.635139465332,-86.1529846191406
903299893,2019,2019-01-17,Marion,Lawrence,E 42ND ST & RUE LEMANS RUE,Pedestrian,OTHER - EXPLAIN IN NARRATIVE,PEDESTRIAN ACTION,SSI,DARK (NOT LIGHTED),CLEAR,WATER (STANDING OR MOVING),False,39.8333282470703,-86.0150451660156
903303417,2019,2019-01-17,Hendricks,Plainfield,I70E,Vehicle,SAME DIRECTION SIDESWIPE,UNSAFE LANE MOVEMENT,SSI,DAYLIGHT,RAIN,WET,False,39.6759834289551,-86.3498992919922
903300476,2019,2019-01-18,Hamilton,Westfield,SR32E & WILLOW CREEK WAY,Vehicle,REAR END,IMPROPER PASSING,Fatal,DARK (NOT LIGHTED),CLEAR,DRY,False,40.0428848266601,-86.1159515380859
903302561,2019,2019-01-18,Marion,Indianapolis,SHADELAND AVE & FALL CREEK RD,Vehicle,LEFT TURN,FAILURE TO YIELD RIGHT OF WAY,SSI,DAYLIGHT,CLEAR,DRY,False,39.8674240112305,-86.0456848144531
903303428,2019,2019-01-18,Marion,Indianapolis,KEYSTONE AVE & 30TH ST,Vehicle,RAN OFF ROAD,RAN OFF ROAD RIGHT,SSI,DAYLIGHT,CLEAR,SNOW/SLUSH,False,39.8133430480957,-86.1217346191406
903308156,2019,2019-01-20,Marion,Indianapolis,MADISON AVE & PLEASANT RUN PKWY DL,Vehicle,REAR END,SPEED TOO FAST FOR WEATHER CONDITIONS,SSI,DARK (LIGHTED),CLOUDY,DRY,False,39.7385177612305,-86.1543731689453
903301781,2019,2019-01-21,Shelby,MORRISTOWN,ASBURY RD,Vehicle,RAN OFF ROAD,SPEED TOO FAST FOR WEATHER CONDITIONS,SSI,DAWN/DUSK,CLOUDY,SNOW/SLUSH,False,39.6811866760254,-85.7023086547852
903311547,2019,2019-01-21,Marion,Indianapolis,34TH ST & DEQUINCY ST,Pedestrian,OTHER - EXPLAIN IN NARRATIVE,PEDESTRIAN ACTION,Fatal,DARK (LIGHTED),CLOUDY,SNOW/SLUSH,False,39.8182907104492,-86.0875091552734
903303480,2019,2019-01-23,Hendricks,Avon,CR100N & RED OAK DR,Vehicle,REAR END,FOLLOWING TOO CLOSELY,SSI,DAYLIGHT,RAIN,WET,False,39.7771110534668,-86.4149932861328
903309220,2019,2019-01-23,Marion,Indianapolis,KENTUCKY AVE & AMERIPLEX PKWY,Vehicle,NON-COLLISION,RAN OFF ROAD RIGHT,SSI,DARK (LIGHTED),RAIN,WET,False,39.6729393005371,-86.2969284057617
903304108,2019,2019-01-24,Hamilton,Arcadia,US31N & 266 ST,Vehicle,REAR END,DRIVER DISTRACTED - EXPLAIN IN NARRATIVE,SSI,DARK (LIGHTED),SNOW,WET,False,40.1745376586914,-86.1278381347656
903306397,2019,2019-01-25,Marion,Indianapolis,34TH ST & KEYSTONE AVE,Vehicle,OTHER - EXPLAIN IN NARRATIVE,UNSAFE LANE MOVEMENT,SSI,DARK (LIGHTED),CLEAR,DRY,False,39.8179054260254,-86.1216125488281
903305474,2019,2019-01-26,Hamilton,Carmel,I465W,Vehicle,RAN OFF ROAD,UNSAFE LANE MOVEMENT,SSI,DARK (NOT LIGHTED),SNOW,WET,False,39.9302978515625,-86.1664123535156
903307972,2019,2019-01-27,Marion,Indianapolis,I465S,Vehicle,REAR END,FOLLOWING TOO CLOSELY,SSI,DAYLIGHT,CLEAR,DRY,False,39.7076416015625,-86.2645874023437
903306428,2019,2019-01-28,Marion,Indianapolis,WASHINGTON ST,Pedestrian,BACKING CRASH,UNSAFE BACKING,SSI,DARK (LIGHTED),CLEAR,DRY,False,39.7694206237793,-86.1094207763672
903316085,2019,2019-01-28,Marion,Indianapolis,ASHLAND AVE,Pedestrian,BACKING CRASH,UNSAFE BACKING,Fatal,DAYLIGHT,CLOUDY,WET,False,39.8147964477539,-86.0374908447266
903307804,2019,2019-01-29,Johnson,Bargersville,SR144W,Vehicle,RAN OFF ROAD,RAN OFF ROAD RIGHT,Fatal,DAYLIGHT,CLOUDY,DRY,False,39.5425453186035,-86.1940383911133
903313132,2019,2019-01-29,Marion,Indianapolis,FALL CREEK PKWY,Vehicle,OTHER - EXPLAIN IN NARRATIVE,RAN OFF ROAD RIGHT,SSI,DAYLIGHT,CLEAR,ICE,False,39.8133926391601,-86.1439437866211
903308040,2019,2019-01-30,Marion,Indianapolis,EMERSON AVE,Vehicle,LEFT TURN,DISREGARD SIGNAL/REG SIGN,SSI,DARK (LIGHTED),CLEAR,DRY,False,39.7036285400391,-86.0824356079102
903308476,2019,2019-01-30,Marion,Indianapolis,I70W,Vehicle,RAN OFF ROAD,RAN OFF ROAD RIGHT,Fatal,DARK (LIGHTED),SEVERE CROSS WIND,SNOW/SLUSH,False,39.7119979858398,-86.2721252441406
903312217,2019,2019-01-30,Marion,Indianapolis,I65S,Vehicle,REAR END,UNSAFE SPEED,SSI,DAWN/DUSK,CLOUDY,ICE,False,39.6724815368652,-86.0986175537109
903309048,2019,2019-01-31,Hamilton,Westfield,161ST ST & VIKING LAIR RD,Vehicle,RAN OFF ROAD,SPEED TOO FAST FOR WEATHER CONDITIONS,Fatal,DARK (NOT LIGHTED),SNOW,SNOW/SLUSH,False,40.0215225219726,-86.1425399780273
903309286,2019,2019-01-31,Morgan,MARTINSVILLE,HENDERSON FORD RD,Vehicle,RAN OFF ROAD,RAN OFF ROAD RIGHT,SSI,DAYLIGHT,CLEAR,DRY,False,39.4888916015625,-86.3554458618164
903311512,2019,2019-01-31,Marion,Indianapolis,42 ND ST & BOLTON AVE,Vehicle,LEFT TURN,FAILURE TO YIELD RIGHT OF WAY,SSI,DARK (LIGHTED),SNOW,SNOW/SLUSH,False,39.8329277038574,-86.0673751831055
903309177,2019,2019-02-01,Johnson,,SR37N & BLUFF RD,Vehicle,LEFT TURN,FAILURE TO YIELD RIGHT OF WAY,SSI,DARK (NOT LIGHTED),SNOW,SNOW/SLUSH,False,39.6345710754395,-86.2053146362305
903310818,2019,2019-02-01,Marion,Indianapolis,I65S,Vehicle,RAN OFF ROAD,UNSAFE LANE MOVEMENT,SSI,DAYLIGHT,CLOUDY,ICE,False,39.9013557434082,-86.3135070800781
903310859,2019,2019-02-01,Hamilton,SHERIDAN(HAMILTON),US31 & 266 ST,Vehicle,OTHER - EXPLAIN IN NARRATIVE,RAN OFF ROAD RIGHT,Fatal,DARK (NOT LIGHTED),CLEAR,DRY,False,40.1789054870605,-86.1282196044922
903311200,2019,2019-02-01,Marion,Indianapolis,42ND ST & SHADELAND AVE,Vehicle,HEAD ON BETWEEN TWO MOTOR VEHICLES,WRONG WAY ON ONE WAY,SSI,DARK (NOT LIGHTED),CLEAR,SNOW/SLUSH,False,39.8299179077148,-86.0458068847656
903311811,2019,2019-02-01,Morgan,MARTINSVILLE,SR44E & WAMPLER RD,Vehicle,RAN OFF ROAD,RAN OFF ROAD RIGHT,SSI,DARK (NOT LIGHTED),CLEAR,LOOSE MATERIAL ON ROAD,False,39.4508018493652,-86.3053970336914
903312016,2019,2019-02-01,Hendricks,CLAYTON,I70E,Vehicle,REAR END,SPEED TOO FAST FOR WEATHER CONDITIONS,Fatal,DARK (LIGHTED),BLOWING SAND/SOIL/SNOW,SNOW/SLUSH,False,39.6110382080078,-86.4872741699219
903310421,2019,2019-02-02,Hamilton,,EDITH AVE & BOULDER DR,Vehicle,RAN OFF ROAD,RAN OFF ROAD RIGHT,SSI,DAYLIGHT,CLOUDY,DRY,False,40.0740203857422,-86.0003280639648
903310630,2019,2019-02-02,Shelby,SHELBYVILLE,N MICHIGAN RD,Vehicle,OTHER - EXPLAIN IN NARRATIVE,OVERCORRECTING/OVERSTEERING,SSI,DARK (LIGHTED),CLEAR,WET,False,39.5872459411621,-85.825439453125
903311413,2019,2019-02-03,Marion,Indianapolis,21ST ST & SPENCER AVE,Vehicle,RIGHT ANGLE,FAILURE TO YIELD RIGHT OF WAY,SSI,DARK (LIGHTED),CLEAR,DRY,False,39.7962188720703,-86.0809478759766
903313587,2019,2019-02-03,Hamilton,Fishers,116TH ST & BELLE PLAINE BLVD,Vehicle,HEAD ON BETWEEN TWO MOTOR VEHICLES,FAILURE TO YIELD RIGHT OF WAY,Fatal,DAWN/DUSK,CLEAR,DRY,False,39.9574890136719,-85.9700546264649
903311046,2019,2019-02-04,Johnson,Bargersville,KERRINGTON BLVD & BENTHAVEN DR,Vehicle,RAN OFF ROAD,RAN OFF ROAD RIGHT,SSI,DARK (NOT LIGHTED),CLOUDY,WET,False,39.5460891723633,-86.2084732055664