id,year,date,county,city,cross_street,crash_type,manner,primary_factor,ssi_fatal,light,weather,surface,interstate,lat,lon
903311534,2019,2019-02-04,Johnson,,ROCKLANE RD & FRANKLIN RD,Vehicle,RAN OFF ROAD,ROADWAY SURFACE CONDITION,SSI,DAYLIGHT,RAIN,WET,False,39.6127243041992,-86.0215225219727
903312683,2019,2019-02-04,Marion,Indianapolis,SHADELAND AVE & PENDLETON PIKE,Vehicle,LEFT TURN,FAILURE TO YIELD RIGHT OF WAY,SSI,DARK (LIGHTED),CLOUDY,WET,False,39.8273544311523,-86.0459442138672
903313695,2019,2019-02-04,Marion,Indianapolis,N ARLINGTON AVE,Vehicle,RAN OFF ROAD,RAN OFF ROAD RIGHT,SSI,DARK (LIGHTED),CLEAR,DRY,False,39.8017311096191,-86.0642623901367
903312440,2019,2019-02-05,Shelby,SHELBYVILLE,LONDON RD,Pedestrian,RAN OFF ROAD,RAN OFF ROAD RIGHT,SSI,DAYLIGHT,CLOUDY,WET,False,39.6051063537598,-85.922248840332
903313508,2019,2019-02-05,Hancock,,CR600S,Vehicle,RIGHT ANGLE,DISREGARD SIGNAL/REG SIGN,SSI,DAYLIGHT,CLOUDY,WET,False,39.6979331970215,-85.9138107299805
903312588,2019,2019-02-06,Johnson,Bargersville,SR135N & WHITELAND RD,Vehicle,REAR END,SPEED TOO FAST FOR WEATHER CONDITIONS,SSI,DARK (NOT LIGHTED),RAIN,WET,False,39.5481109619141,-86.15869140625
903312724,2019,2019-02-06,Shelby,SHELBYVILLE,SR9N,Vehicle,HEAD ON BETWEEN TWO MOTOR VEHICLES,LEFT OF CENTER,Fatal,DARK (NOT LIGHTED),RAIN,WET,False,39.586555480957,-85.7765121459961
903315595,2019,2019-02-06,Marion,Indianapolis,ENGLISH AVE & GRAY ST,Pedalcycle,OTHER - EXPLAIN IN NARRATIVE,PEDESTRIAN ACTION,Fatal,DARK (LIGHTED),RAIN,WET,False,39.7598686218262,-86.1116714477539
903315596,2019,2019-02-07,Marion,Indianapolis,THOMPSON RD & WALCOTT ST,Vehicle,HEAD ON BETWEEN TWO MOTOR VEHICLES,LEFT OF CENTER,SSI,DARK (LIGHTED),FOG/SMOKE/SMOG,WET,False,39.6936645507812,-86.1279754638672
903320300,2019,2019-02-07,Marion,Indianapolis,82ND ST & BUSINESS ST,Pedestrian,,ALCOHOLIC BEVERAGES,Fatal,DARK (NOT LIGHTED),,,False,39.9054222106934,-86.0649719238281
903313576,2019,2019-02-08,Hamilton,,225 ST & HINKLE RD,Vehicle,RAN OFF ROAD,OVERCORRECTING/OVERSTEERING,Fatal,DARK (NOT LIGHTED),CLEAR,DRY,False,40.1127624511719,-86.0865020751953
903235421,2018,2018-10-03,Hamilton,Noblesville,E 146TH ST,Vehicle,OTHER - EXPLAIN IN NARRATIVE,OTHER (DRIVER) - EXPLAIN IN NARRATIVE,Fatal,DAYLIGHT,CLEAR,DRY,False,40.0038032531738,-85.9319381713867
903205548,2018,2018-08-15,Marion,Indianapolis,MILLHOUSE RD & DECATUR RIDGE DR,Vehicle,RIGHT ANGLE,UNSAFE SPEED,SSI,DAYLIGHT,RAIN,WET,False,39.6766891479492,-86.2823486328125
903183205,2018,2018-07-09,Marion,Indianapolis,I69,Vehicle,RAN OFF ROAD,UNSAFE LANE MOVEMENT,SSI,DAYLIGHT,CLEAR,DRY,True,39.8977165222168,-86.053466796875
903232818,2018,2018-10-04,Hamilton,Arcadia,SR213 & 266 ST,Vehicle,HEAD ON BETWEEN TWO MOTOR VEHICLES,LEFT OF CENTER,SSI,DAYLIGHT,CLOUDY,DRY,False,40.1731300354004,-86.0130844116211
903203434,2018,2018-08-16,Hancock,Greenfield,CR300N,Vehicle,REAR END,FOLLOWING TOO CLOSELY,SSI,DAYLIGHT,CLOUDY,DRY,False,39.8285102844238,-85.7777252197266
903182083,2018,2018-07-10,Marion,Lawrence,US36E & THUNDERBIRD RD,Vehicle,LEFT TURN,FAILURE TO YIELD RIGHT OF WAY,SSI,DAYLIGHT,CLEAR,DRY,False,39.8587036132813,-85.9807510375977
903234837,2018,2018-10-04,Marion,Indianapolis,WASHINGTON ST & GRANT AVE,Pedestrian,LEFT TURN,FAILURE TO YIELD RIGHT OF WAY,Fatal,DARK (LIGHTED),CLEAR,DRY,False,39.7695083618164,-86.0974197387695
903203791,2018,2018-08-17,Johnson,Edinburgh,HOSPITAL RD & MAUXFERRY RD,Vehicle,RAN OFF ROAD,OTHER (DRIVER) - EXPLAIN IN NARRATIVE,SSI,DARK (NOT LIGHTED),FOG/SMOKE/SMOG,DRY,False,39.3616218566894,-86.010368347168
903183107,2018,2018-07-11,Morgan,PARAGON,SR67S & SMOKEY RD,Vehicle,REAR END,FOLLOWING TOO CLOSELY,SSI,DAYLIGHT,CLEAR,DRY,False,39.4098968505859,-86.5027160644531
903111679,2018,2018-03-05,Marion,Indianapolis,42ND ST & EMERSON AVE,Vehicle,RIGHT ANGLE,DISREGARD SIGNAL/REG SIGN,SSI,DAYLIGHT,CLOUDY,DRY,False,39.8328475952148,-86.0837249755859
903242714,2018,2018-10-05,Boone,Zionsville,I865,Vehicle,REAR END,FOLLOWING TOO CLOSELY,SSI,DAYLIGHT,CLEAR,DRY,True,39.931037902832,-86.2971038818359
903233818,2018,2018-10-06,Hancock,Greenfield,US40E & MONROE ST,Vehicle,LEFT/RIGHT TURN,FAILURE TO YIELD RIGHT OF WAY,SSI,DAYLIGHT,CLEAR,DRY,False,39.7844734191894,-85.7874221801758
903234202,2018,2018-10-06,Marion,Lawrence,US36E & WHEEL ESTATES EAST DR,Vehicle,LEFT TURN,FAILURE TO YIELD RIGHT OF WAY,SSI,DARK (NOT LIGHTED),CLEAR,DRY,False,39.8493003845215,-86.0004425048828
903234499,2018,2018-10-06,Shelby,SHELBYVILLE,CR250W,Vehicle,RAN OFF ROAD,RAN OFF ROAD RIGHT,Fatal,DARK (NOT LIGHTED),CLEAR,DRY,False,39.3774566650391,-85.8276596069336
903234619,2018,2018-10-06,Hancock,Cumberland,US40W & 700W RD,Vehicle,LEFT TURN,FAILURE TO YIELD RIGHT OF WAY,SSI,DAYLIGHT,CLEAR,DRY,False,39.7776565551758,-85.9333419799805
903234689,2018,2018-10-06,Marion,Indianapolis,SOUTHEASTERN AVE & SHERMAN DR,Vehicle,RIGHT ANGLE,DISREGARD SIGNAL/REG SIGN,SSI,DAYLIGHT,CLEAR,DRY,False,39.7548866271973,-86.1020355224609
903234694,2018,2018-10-06,Marion,Indianapolis,SR37 & WICKER RD,Vehicle,RIGHT ANGLE,IMPROPER TURNING,SSI,DARK (LIGHTED),CLEAR,DRY,False,39.6416664123535,-86.202278137207
903234722,2018,2018-10-06,Marion,Indianapolis,BLOYD AVE,Pedestrian,HEAD ON BETWEEN TWO MOTOR VEHICLES,FAILURE TO YIELD RIGHT OF WAY,SSI,DARK (LIGHTED),CLEAR,DRY,False,39.7951164245605,-86.1172256469727
903234374,2018,2018-10-07,Hancock,,SR9,Vehicle,HEAD ON BETWEEN TWO MOTOR VEHICLES,FAILURE TO YIELD RIGHT OF WAY,SSI,DAYLIGHT,CLOUDY,DRY,False,39.8431739807129,-85.7699813842773
903236228,2018,2018-10-07,Morgan,MARTINSVILLE,SR142 & BALTIMORE RD,Vehicle,RIGHT ANGLE,FAILURE TO YIELD RIGHT OF WAY,SSI,DAYLIGHT,CLEAR,DRY,False,39.5161590576172,-86.4887847900391
903237559,2018,2018-10-07,Marion,Indianapolis,RURAL ST & NEW YORK ST,Vehicle,RAN OFF ROAD,RAN OFF ROAD RIGHT,SSI,DAYLIGHT,CLEAR,DRY,False,39.7699737548828,-86.1165313720703
903234603,2018,2018-10-08,Johnson,Bargersville,WHITELAND RD,Pedalcycle,RIGHT ANGLE,FAILURE TO YIELD RIGHT OF WAY,SSI,DARK (NOT LIGHTED),CLEAR,DRY,False,39.547664642334,-86.2033615112305
903241025,2018,2018-10-08,Marion,Indianapolis,MERIDIAN ST & 34TH ST,Pedestrian,OTHER - EXPLAIN IN NARRATIVE,PEDESTRIAN ACTION,Fatal,DARK (LIGHTED),CLEAR,DRY,False,39.8175315856934,-86.1567306518555
903235655,2018,2018-10-09,Johnson,TRAFALGAR,SR44W,Vehicle,HEAD ON BETWEEN TWO MOTOR VEHICLES,LEFT OF CENTER,Fatal,DARK (NOT LIGHTED),CLEAR,DRY,False,39.4456672668457,-86.2173385620117
903235960,2018,2018-10-09,Marion,Indianapolis,I65S,Vehicle,REAR END,FOLLOWING TOO CLOSELY,SSI,DAWN/DUSK,CLEAR,DRY,False,39.7824783325195,-86.14990234375
903239490,2018,2018-10-10,Marion,Indianapolis,KEYSTONE AVE & PROSPECT ST,Pedestrian,NON-COLLISION,PEDESTRIAN ACTION,SSI,DARK (NOT LIGHTED),CLOUDY,DRY,False,39.7527084350586,-86.1209411621094
903241223,2018,2018-10-10,Marion,Indianapolis,I70E,Vehicle,RIGHT ANGLE,IMPROPER LANE USAGE,SSI,DAYLIGHT,RAIN,WET,False,39.7856674194336,-86.1374053955078
903242720,2018,2018-10-10,Marion,Indianapolis,I465S,Vehicle,REAR END,FOLLOWING TOO CLOSELY,SSI,DAYLIGHT,RAIN,WET,False,39.8642120361328,-86.2738952636719
903249368,2018,2018-10-11,Marion,Indianapolis,MORRIS ST & LYNHURST DR,Vehicle,RIGHT ANGLE,DISREGARD SIGNAL/REG SIGN,SSI,DARK (LIGHTED),CLEAR,DRY,False,39.7505531311035,-86.2502517700195
903249681,2018,2018-10-11,Marion,Indianapolis,RACEWAY RD & 21ST ST,Vehicle,RAN OFF ROAD,OVERCORRECTING/OVERSTEERING,Fatal,DARK (NOT LIGHTED),CLEAR,DRY,False,39.7942085266113,-86.3265533447266
903238420,2018,2018-10-12,Johnson,,COUNTYLINE RD,Vehicle,RAN OFF ROAD,RAN OFF ROAD RIGHT,SSI,DARK (NOT LIGHTED),RAIN,WET,False,39.6370697021484,-86.0527267456055
903238588,2018,2018-10-12,Hendricks,,I74W,Vehicle,RAN OFF ROAD,RAN OFF ROAD RIGHT,SSI,DARK (NOT LIGHTED),RAIN,WET,False,39.8321304321289,-86.3339080810547
903239287,2018,2018-10-12,Hamilton,Carmel,106TH ST,Vehicle,SAME DIRECTION SIDESWIPE,FAILURE TO YIELD RIGHT OF WAY,SSI,DAYLIGHT,RAIN,WET,False,39.9414863586426,-86.1587142944336
903239360,2018,2018-10-12,Marion,Indianapolis,POST RD & 25TH ST,Vehicle,BACKING CRASH,UNSAFE BACKING,SSI,DARK (LIGHTED),RAIN,WET,False,39.8041915893555,-86.0096969604492
903239410,2018,2018-10-12,Marion,Indianapolis,TROY AVE & KEYSTONE AVE,Vehicle,HEAD ON BETWEEN TWO MOTOR VEHICLES,OTHER (DRIVER) - EXPLAIN IN NARRATIVE,SSI,DAYLIGHT,RAIN,WET,False,39.7231483459473,-86.1208648681641
903239491,2018,2018-10-12,Marion,Indianapolis,SHADELAND AVE & 34TH ST,Pedalcycle,NON-COLLISION,DISREGARD SIGNAL/REG SIGN,SSI,DARK (LIGHTED),RAIN,WET,False,39.8184013366699,-86.0457458496094
903249691,2018,2018-10-12,Marion,Indianapolis,WASHINGTON ST & RESEARCH WAY,Pedestrian,OTHER - EXPLAIN IN NARRATIVE,PEDESTRIAN ACTION,Fatal,DARK (NOT LIGHTED),CLEAR,DRY,False,39.7392501831055,-86.2944030761719
903239245,2018,2018-10-13,Marion,Indianapolis,30TH ST & MERIDIAN ST,Vehicle,RIGHT ANGLE,DISREGARD SIGNAL/REG SIGN,SSI,DARK (LIGHTED),CLEAR,DRY,False,39.8101615905762,-86.1566696166992
903239038,2018,2018-10-14,Hamilton,Westfield,SR32W & HAMILTON BOONE COUNTY LINE RD,Vehicle,RIGHT ANGLE,IMPROPER TURNING,Fatal,DARK (NOT LIGHTED),CLEAR,DRY,False,40.0416870117188,-86.2357788085938
903239268,2018,2018-10-14,Marion,Indianapolis,WESTLANE RD & KINGSFORD DR,Vehicle,OTHER - EXPLAIN IN NARRATIVE,FAILURE TO YIELD RIGHT OF WAY,SSI,DARK (LIGHTED),CLEAR,DRY,False,39.8860054016113,-86.1982040405274
903240085,2018,2018-10-15,Marion,Indianapolis,PIKE PLAZA RD & LAFAYETTE RD,Vehicle,LEFT TURN,FAILURE TO YIELD RIGHT OF WAY,SSI,DAYLIGHT,CLEAR,DRY,False,39.8343391418457,-86.2450561523438
903243460,2018,2018-10-15,Marion,Indianapolis,MORRIS ST & WHITCOMB AVE,Pedalcycle,OTHER - EXPLAIN IN NARRATIVE,FAILURE TO YIELD RIGHT OF WAY,SSI,DARK (LIGHTED),CLEAR,DRY,False,39.7503623962402,-86.2572402954101
903249712,2018,2018-10-15,Marion,Indianapolis,EMERSON AVE & ROSELAWN DR,Pedestrian,OTHER - EXPLAIN IN NARRATIVE,PEDESTRIAN ACTION,SSI,DARK (NOT LIGHTED),CLEAR,DRY,False,39.828311920166,-86.0838088989258
903239973,2018,2018-10-16,Hamilton,,SOUTHEASTERN PKWY & 113 ST,Vehicle,RAN OFF ROAD,RAN OFF ROAD RIGHT,SSI,DARK (NOT LIGHTED),CLOUDY,DRY,False,39.9546165466309,-85.8732986450195
903240277,2018,2018-10-16,Johnson,,SR37 & OLIVE BRANCH RD,Vehicle,RIGHT ANGLE,RAN OFF ROAD RIGHT,Fatal,DARK (NOT LIGHTED),CLEAR,DRY,False,39.5909843444824,-86.2296295166016
903244307,2018,2018-10-16,Marion,Indianapolis,86TH ST & COMMERERCE PARK PL,Vehicle,REAR END,UNSAFE LANE MOVEMENT,SSI,DAYLIGHT,CLEAR,DRY,False,39.9116020202637,-86.2342071533203
903245804,2018,2018-10-17,Marion,Indianapolis,I465W,Vehicle,SAME DIRECTION SIDESWIPE,OTHER (VEHICLE) - EXPLAIN IN NARRATIVE,SSI,DAYLIGHT,CLEAR,DRY,False,39.9048194885254,-86.0694961547852
903282291,2018,2018-10-17,Marion,Indianapolis,86TH ST & COLBY BLVD,Pedestrian,LEFT TURN,FAILURE TO YIELD RIGHT OF WAY,SSI,DAYLIGHT,CLEAR,DRY,False,39.9117279052734,-86.2131271362305
903241453,2018,2018-10-18,Hendricks,Plainfield,RONALD REAGAN PKWY,Vehicle,HEAD ON BETWEEN TWO MOTOR VEHICLES,FAILURE TO YIELD RIGHT OF WAY,SSI,DAWN/DUSK,CLEAR,DRY,False,39.7342758178711,-86.3385620117188
903245870,2018,2018-10-18,Marion,Indianapolis,KESSLER BLVD & 44TH ST,Vehicle,RAN OFF ROAD,OTHER (DRIVER) - EXPLAIN IN NARRATIVE,SSI,DARK (NOT LIGHTED),CLEAR,DRY,False,39.8347015380859,-86.2118225097656
903246498,2018,2018-10-18,Marion,Indianapolis,10TH ST & RIDGEVIEW DR,Vehicle,LEFT TURN,FAILURE TO YIELD RIGHT OF WAY,Fatal,DARK (LIGHTED),CLEAR,DRY,False,39.7816734313965,-86.0575103759766
903251349,2018,2018-10-18,Marion,Indianapolis,KEYSTONE AVE & 55TH ST,Pedestrian,OTHER - EXPLAIN IN NARRATIVE,PEDESTRIAN ACTION,Fatal,DARK (LIGHTED),CLEAR,DRY,False,39.8526878356934,-86.1222152709961
903245250,2018,2018-10-19,Marion,Indianapolis,ZIONSVILLE RD & 79TH ST,Vehicle,RIGHT ANGLE,FAILURE TO YIELD RIGHT OF WAY,SSI,DAYLIGHT,CLEAR,DRY,False,39.8959350585938,-86.2598571777344
903251180,2018,2018-10-19,Marion,Indianapolis,COUNTY LINE RD & EMERSON AVE,Pedalcycle,OTHER - EXPLAIN IN NARRATIVE,PEDESTRIAN ACTION,SSI,DARK (LIGHTED),RAIN,WET,False,39.6364631652832,-86.083251953125
903243739,2018,2018-10-20,Marion,Indianapolis,NEW YORK ST & POST RD,Vehicle,REAR END,FOLLOWING TOO CLOSELY,SSI,DAYLIGHT,CLEAR,DRY,False,39.7768211364746,-86.0092620849609
903244338,2018,2018-10-20,Marion,Indianapolis,EMERSON AVE & THOMPSON RD,Pedestrian,HEAD ON BETWEEN TWO MOTOR VEHICLES,PEDESTRIAN ACTION,SSI,DARK (NOT LIGHTED),CLEAR,DRY,False,39.6946411132813,-86.0824813842773
903244567,2018,2018-10-20,Marion,Indianapolis,COLLEGE AVE & NEW YORK ST,Vehicle,RIGHT ANGLE,DISREGARD SIGNAL/REG SIGN,SSI,DARK (LIGHTED),CLOUDY,DRY,False,39.771053314209,-86.1454772949219
903244569,2018,2018-10-20,Marion,Indianapolis,ENGLISH AVE & CLYDE AVE,Vehicle,RAN OFF ROAD,RAN OFF ROAD RIGHT,SSI,DAYLIGHT,CLEAR,DRY,False,39.7603454589844,-86.085693359375
903246157,2018,2018-10-20,Marion,Indianapolis,BEACHWAY DR & LAWNDALE AVE,Vehicle,NON-COLLISION,RAN OFF ROAD RIGHT,SSI,DAYLIGHT,CLOUDY,DRY,False,39.7673187255859,-86.2671508789063
903254269,2018,2018-10-20,Marion,Indianapolis,MERIDIAN ST & MERIDIAN SCHOOL RD,Vehicle,LEFT TURN,FAILURE TO YIELD RIGHT OF WAY,SSI,DARK (LIGHTED),CLOUDY,DRY,False,39.6505813598633,-86.1582870483398
903299700,2018,2018-10-21,Marion,Indianapolis,HOOVER RD & FOX HILL DR,Vehicle,RAN OFF ROAD,RAN OFF ROAD RIGHT,Fatal,DARK (LIGHTED),CLEAR,DRY,False,39.8638877868652,-86.1740264892578
903244141,2018,2018-10-22,Marion,Indianapolis,CRAWFORDSVILLE RD,Vehicle,LEFT TURN,DISREGARD SIGNAL/REG SIGN,SSI,DAYLIGHT,CLEAR,DRY,False,39.8009757995605,-86.2744369506836
903245108,2018,2018-10-22,Marion,Indianapolis,I70,Vehicle,,UNSAFE LANE MOVEMENT,SSI,DAYLIGHT,CLEAR,DRY,True,39.7981643676758,-86.0423126220703
903252803,2018,2018-10-23,Marion,Indianapolis,I465E,Vehicle,REAR END,FOLLOWING TOO CLOSELY,SSI,DAYLIGHT,CLEAR,DRY,False,39.9242782592773,-86.1897354125977
903245391,2018,2018-10-24,Morgan,Mooresville,SR67N & S INDIANA ST,Vehicle,OTHER - EXPLAIN IN NARRATIVE,FOLLOWING TOO CLOSELY,SSI,DAYLIGHT,CLEAR,DRY,False,39.6024017333984,-86.3740310668945
903245886,2018,2018-10-24,Marion,Indianapolis,TIBBS AVE,Vehicle,COLLISION WITH OBJECT IN ROAD,IMPROPER LANE USAGE,SSI,DAYLIGHT,CLEAR,DRY,False,39.7947616577148,-86.2158889770508
903246027,2018,2018-10-24,Marion,Indianapolis,WASHINGTON ST & CAPITOL AVE,Vehicle,LEFT/RIGHT TURN,UNSAFE LANE MOVEMENT,SSI,DARK (LIGHTED),CLEAR,DRY,False,39.767204284668,-86.1622924804688
903246626,2018,2018-10-24,Marion,Indianapolis,I70E,Vehicle,REAR END,UNSAFE LANE MOVEMENT,Fatal,DAYLIGHT,CLEAR,DRY,False,39.749626159668,-86.2327880859375
903247624,2018,2018-10-24,Marion,Indianapolis,I465E,Pedestrian,SAME DIRECTION SIDESWIPE,PEDESTRIAN ACTION,SSI,DARK (LIGHTED),CLEAR,DRY,False,39.9127311706543,-86.0829391479492
903246351,2018,2018-10-25,Hancock,,US40E,Vehicle,LEFT/RIGHT TURN,IMPROPER TURNING,SSI,DAYLIGHT,CLEAR,DRY,False,39.7897491455078,-85.6593856811523
903246518,2018,2018-10-25,Marion,Lawrence,E 46TH ST & N POST RD,Vehicle,RIGHT ANGLE,DISREGARD SIGNAL/REG SIGN,SSI,DARK (NOT LIGHTED),CLEAR,DRY,False,39.8406105041504,-86.0101089477539
903247694,2018,2018-10-26,Boone,Lebanon,I65N,Vehicle,HEAD ON BETWEEN TWO MOTOR VEHICLES,DRIVER ILLNESS,SSI,DAYLIGHT,CLOUDY,WET,False,40.0204086303711,-86.4409484863281
903250987,2018,2018-10-26,Marion,Indianapolis,SOUTHEASTERN AVE & SHERMAN DR,Vehicle,RIGHT ANGLE,DISREGARD SIGNAL/REG SIGN,Fatal,DARK (LIGHTED),CLOUDY,DRY,False,39.7547302246094,-86.1019592285156
903253683,2018,2018-10-26,Marion,Indianapolis,FALL CREEK RD & BOY SCOUT RD,Vehicle,RIGHT ANGLE,OVERCORRECTING/OVERSTEERING,Fatal,DAYLIGHT,RAIN,WET,False,39.8714027404785,-86.0388717651367
903247192,2018,2018-10-27,Hamilton,Fishers,106TH ST & BROOKS SCHOOL RD,Vehicle,RAN OFF ROAD,RAN OFF ROAD RIGHT,SSI,DARK (NOT LIGHTED),CLOUDY,WET,False,39.9427032470703,-85.9437713623047
903249257,2018,2018-10-27,Marion,Indianapolis,MADISON AVE & PLEASANT RUN PARKWAY DR,Pedestrian,HEAD ON BETWEEN TWO MOTOR VEHICLES,PEDESTRIAN ACTION,SSI,DAYLIGHT,CLOUDY,DRY,False,39.7343864440918,-86.1542663574219
903251350,2018,2018-10-27,Marion,Indianapolis,MORRIS ST & WARMAN ST,Pedalcycle,REAR END,FOLLOWING TOO CLOSELY,SSI,DARK (NOT LIGHTED),CLEAR,DRY,False,39.7504043579101,-86.2097320556641
903252106,2018,2018-10-27,Marion,Indianapolis,I465,Vehicle,REAR END,UNSAFE LANE MOVEMENT,SSI,DAYLIGHT,CLOUDY,DRY,True,39.7922286987305,-86.0351943969727
903255786,2018,2018-10-27,Marion,Indianapolis,I65S,Vehicle,COLLISION WITH OBJECT IN ROAD,ANIMAL/OBJECT IN ROADWAY,SSI,DAYLIGHT,CLEAR,DRY,False,39.8046569824219,-86.1661911010742
903249263,2018,2018-10-28,Marion,Indianapolis,TROY AVE & DRAPER ST,Vehicle,OTHER - EXPLAIN IN NARRATIVE,LEFT OF CENTER,SSI,DARK (LIGHTED),CLEAR,WET,False,39.7229423522949,-86.1322402954102
903254319,2018,2018-10-28,Marion,Indianapolis,38TH ST & SHADELAND AVE,Vehicle,RIGHT ANGLE,DISREGARD SIGNAL/REG SIGN,SSI,DAYLIGHT,CLOUDY,DRY,False,39.8257789611816,-86.0457382202148
903248966,2018,2018-10-29,Hamilton,,206 ST & CUMBERLAND RD,Vehicle,RAN OFF ROAD,RAN OFF ROAD RIGHT,SSI,DAYLIGHT,CLEAR,DRY,False,40.0873870849609,-86.0000305175781
903249111,2018,2018-10-29,Shelby,SHELBYVILLE,MICHIGAN RD,Vehicle,RAN OFF ROAD,RAN OFF ROAD RIGHT,SSI,DAYLIGHT,CLEAR,DRY,False,39.504524230957,-85.7103881835938
903250038,2018,2018-10-29,Marion,Indianapolis,ALABAMA ST & WASHINGTON ST,Pedestrian,LEFT TURN,FAILURE TO YIELD RIGHT OF WAY,SSI,DAYLIGHT,CLEAR,DRY,False,39.7669105529785,-86.1527786254883
903250293,2018,2018-10-29,Marion,Indianapolis,56TH ST & OXFORD ST,Vehicle,HEAD ON BETWEEN TWO MOTOR VEHICLES,LEFT OF CENTER,SSI,DAYLIGHT,CLEAR,DRY,False,39.8550033569336,-86.1158676147461
903250301,2018,2018-10-30,Marion,Indianapolis,MERIDIAN ST & BANTA RD,Vehicle,REAR END,UNSAFE SPEED,SSI,DAYLIGHT,CLOUDY,DRY,False,39.6713447570801,-86.1583862304688
903252973,2018,2018-10-30,Marion,Indianapolis,SOUTH PERIMETER RD & SOUTH HIGH SCHOOL RD,Vehicle,HEAD ON BETWEEN TWO MOTOR VEHICLES,DRIVER ASLEEP OR FATIGUED,SSI,DARK (LIGHTED),CLEAR,DRY,False,39.712718963623,-86.2713470458984
903250733,2018,2018-10-31,Morgan,PARAGON,SR67S & GRAVEYARD RD,Vehicle,LEFT/RIGHT TURN,IMPROPER TURNING,SSI,DAYLIGHT,RAIN,WET,False,39.3993186950684,-86.558837890625
903251052,2018,2018-10-31,Marion,Indianapolis,38TH ST & MICHIGAN RD,Vehicle,RAN OFF ROAD,SPEED TOO FAST FOR WEATHER CONDITIONS,SSI,DAYLIGHT,RAIN,WET,False,39.8247680664062,-86.179931640625
903251125,2018,2018-11-01,Hendricks,Plainfield,PERRY RD,Vehicle,RIGHT ANGLE,FAILURE TO YIELD RIGHT OF WAY,SSI,DARK (LIGHTED),RAIN,WET,False,39.7159080505371,-86.3563690185547
903251936,2018,2018-11-01,Marion,Indianapolis,CAPITOL AVE & MARYLAND ST,Pedestrian,HEAD ON BETWEEN TWO MOTOR VEHICLES,FAILURE TO YIELD RIGHT OF WAY,SSI,DARK (LIGHTED),RAIN,WET,False,39.7657928466797,-86.1616668701172
903251942,2018,2018-11-01,Marion,Indianapolis,EMERSON ANX & 25TH ST,Pedestrian,OTHER - EXPLAIN IN NARRATIVE,PEDESTRIAN ACTION,SSI,DAYLIGHT,RAIN,WATER (STANDING OR MOVING),False,39.8037757873535,-86.0823822021485
903256399,2018,2018-11-01,Marion,Indianapolis,34TH ST & FACULTY DR,Vehicle,REAR END,FOLLOWING TOO CLOSELY,SSI,DAYLIGHT,RAIN,WET,False,39.8163032531738,-86.2660217285156
903260561,2018,2018-11-01,Marion,Indianapolis,STOP 11 RD & RAHKE RD,Vehicle,RIGHT ANGLE,DISREGARD SIGNAL/REG SIGN,Fatal,DAYLIGHT,CLOUDY,DRY,False,39.6495018005371,-86.1679763793945
903252367,2018,2018-11-02,Johnson,Bargersville,CR 144 RD & WHITELAND RD,Vehicle,HEAD ON BETWEEN TWO MOTOR VEHICLES,LEFT OF CENTER,SSI,DAYLIGHT,CLEAR,DRY,False,39.5516090393066,-86.2099609375
903253329,2018,2018-11-03,Morgan,MARTINSVILLE,SR252W & LEONARD RD,Vehicle,COLLISION WITH DEER,ANIMAL/OBJECT IN ROADWAY,SSI,DARK (NOT LIGHTED),CLEAR,DRY,False,39.4176368713379,-86.3842010498047
903264480,2018,2018-11-03,Marion,Indianapolis,I74,Vehicle,OTHER - EXPLAIN IN NARRATIVE,UNSAFE LANE MOVEMENT,Fatal,DARK (LIGHTED),CLEAR,DRY,True,39.8042984008789,-86.2763442993164
903252942,2018,2018-11-04,Hendricks,CLAYTON,US40,Vehicle,RAN OFF ROAD,RAN OFF ROAD RIGHT,SSI,DARK (NOT LIGHTED),CLEAR,DRY,False,39.6741905212402,-86.4996185302734
903254716,2018,2018-11-05,Marion,Indianapolis,BLUFF RD & SOUTHPORT RD,Vehicle,RIGHT ANGLE,FAILURE TO YIELD RIGHT OF WAY,SSI,DARK (NOT LIGHTED),RAIN,WET,False,39.6638603210449,-86.1821060180664
903255070,2018,2018-11-05,Marion,Indianapolis,WASHINGTON ST & DELBRICK LN,Pedestrian,OTHER - EXPLAIN IN NARRATIVE,PEDESTRIAN ACTION,Fatal,DARK (NOT LIGHTED),RAIN,WET,False,39.7746047973633,-85.9976654052735
903255314,2018,2018-11-05,Marion,Indianapolis,I65N,Vehicle,RAN OFF ROAD,SPEED TOO FAST FOR WEATHER CONDITIONS,SSI,DARK (LIGHTED),RAIN,WET,False,39.721794128418,-86.1319885253906
903257275,2018,2018-11-05,Marion,Indianapolis,I465N,Vehicle,REAR END,UNSAFE LANE MOVEMENT,SSI,DAYLIGHT,CLOUDY,DRY,False,39.8980026245117,-86.2695846557617
903255535,2018,2018-11-06,Marion,Indianapolis,KESSLER BLVD & 42ND ST,Pedalcycle,OTHER - EXPLAIN IN NARRATIVE,FAILURE TO YIELD RIGHT OF WAY,SSI,DARK (NOT LIGHTED),CLEAR,DRY,False,39.8290901184082,-86.211540222168