id,year,date,county,city,cross_street,crash_type,manner,primary_factor,ssi_fatal,light,weather,surface,interstate,lat,lon
903255332,2018,2018-11-07,Hamilton,Atlanta,US31 & 296 ST,Pedestrian,REAR END,UNSAFE LANE MOVEMENT,Fatal,DAYLIGHT,CLEAR,DRY,False,40.2116622924805,-86.1279830932617
903255400,2018,2018-11-07,Hancock,Greenfield,US40E & APPLE ST,Vehicle,RIGHT ANGLE,DISREGARD SIGNAL/REG SIGN,SSI,DAYLIGHT,CLEAR,DRY,False,39.7858848571777,-85.7554779052734
903255799,2018,2018-11-07,Marion,Indianapolis,PLEASENT RUN N DR PKWY & ENGLISH AVE,Pedestrian,RIGHT ANGLE,PEDESTRIAN ACTION,SSI,DAYLIGHT,CLEAR,DRY,False,39.7598648071289,-86.1047286987305
903256093,2018,2018-11-08,Morgan,MARTINSVILLE,SR37S & GRAND VALLEY BLVD,Vehicle,REAR END,FAILURE TO YIELD RIGHT OF WAY,SSI,DARK (LIGHTED),CLEAR,DRY,False,39.4172706604004,-86.4119186401367
903112433,2018,2018-03-05,Marion,Indianapolis,21ST ST,Vehicle,LEFT TURN,DISREGARD SIGNAL/REG SIGN,SSI,DARK (LIGHTED),RAIN,WET,False,39.7950019836426,-86.1662979125977
903203816,2018,2018-08-17,Hendricks,Avon,AVON AVE & JULIET DR,Pedestrian,OTHER - EXPLAIN IN NARRATIVE,PEDESTRIAN ACTION,SSI,DARK (NOT LIGHTED),RAIN,WET,False,39.7727890014648,-86.3996124267578
903112392,2018,2018-03-06,Hamilton,Carmel,106TH ST & SHELBORNE RD,Vehicle,RAN OFF ROAD,DRIVER ILLNESS,SSI,DAYLIGHT,CLEAR,DRY,False,39.9408760070801,-86.2231903076172
903204488,2018,2018-08-17,Hamilton,,SR32 & DURBIN RD,Vehicle,RIGHT ANGLE,DISREGARD SIGNAL/REG SIGN,SSI,DARK (NOT LIGHTED),CLOUDY,DRY,False,40.0563735961914,-85.9103622436523
903183252,2018,2018-07-11,Marion,Indianapolis,COLLEGE AVE & 32ND ST,Vehicle,RIGHT ANGLE,FAILURE TO YIELD RIGHT OF WAY,SSI,DAYLIGHT,CLEAR,DRY,False,39.8139038085938,-86.1448822021484
903205150,2018,2018-08-17,Morgan,MONROVIA,I70,Vehicle,REAR END,UNSAFE SPEED,Fatal,DAWN/DUSK,CLEAR,DRY,True,39.5915374755859,-86.5482025146484
903231726,2018,2018-08-17,Morgan,MARTINSVILLE,LIBERTY LOOP RD & OLD SR 37 RD,Vehicle,RAN OFF ROAD,RAN OFF ROAD RIGHT,SSI,DAYLIGHT,CLEAR,DRY,False,39.3745536804199,-86.4764175415039
903115572,2018,2018-03-06,Marion,Indianapolis,WEST ST & MICHIGAN ST,Pedestrian,OTHER - EXPLAIN IN NARRATIVE,DISREGARD SIGNAL/REG SIGN,SSI,DARK (LIGHTED),SNOW,WET,False,39.7744750976562,-86.1668090820313
903204834,2018,2018-08-18,Boone,ULEN,TERRACE LN,Vehicle,RAN OFF ROAD,RAN OFF ROAD RIGHT,SSI,DARK (NOT LIGHTED),CLEAR,DRY,False,40.0652770996094,-86.4684295654297
903184876,2018,2018-07-11,Marion,Indianapolis,I70,Vehicle,RAN OFF ROAD,UNSAFE LANE MOVEMENT,SSI,DARK (LIGHTED),CLEAR,DRY,True,39.7541122436524,-86.1453704833984
903113027,2018,2018-03-07,Marion,Indianapolis,30TH ST & MOLLER RD,Vehicle,RAN OFF ROAD,UNSAFE SPEED,SSI,DARK (LIGHTED),SNOW,WET,False,39.8095779418945,-86.254035949707
903205313,2018,2018-08-18,Morgan,MARTINSVILLE,SR37,Vehicle,REAR END,OTHER (DRIVER) - EXPLAIN IN NARRATIVE,SSI,DARK (LIGHTED),CLEAR,DRY,False,39.4254837036133,-86.4016189575195
903113034,2018,2018-03-08,Marion,Indianapolis,SOUTHEASTERN AVE,Vehicle,RAN OFF ROAD,UNSAFE SPEED,SSI,DARK (LIGHTED),SNOW,ICE,False,39.7327499389648,-86.0589904785156
903183485,2018,2018-07-12,Boone,Lebanon,CR300N,Vehicle,BACKING CRASH,FAILURE TO YIELD RIGHT OF WAY,SSI,DAYLIGHT,CLEAR,DRY,False,40.0828666687012,-86.4795608520508
903206255,2018,2018-08-18,Hendricks,Plainfield,I70W,Vehicle,REAR END,UNSAFE SPEED,SSI,DAYLIGHT,CLOUDY,DRY,False,39.6845245361328,-86.3314971923828
903113145,2018,2018-03-08,Marion,Speedway,CRAWFORDSVILLE RD & CUNNINGHAM DR,Vehicle,LEFT TURN,FAILURE TO YIELD RIGHT OF WAY,SSI,DAYLIGHT,CLOUDY,DRY,False,39.7969055175781,-86.262092590332
903207078,2018,2018-08-18,Marion,Indianapolis,GEORGETOWN RD & 79TH ST,Vehicle,REAR END,UNSAFE LANE MOVEMENT,Fatal,DAYLIGHT,CLEAR,DRY,False,39.8969459533691,-86.2410659790039
903113554,2018,2018-03-08,Marion,Indianapolis,POST RD & TROY AVE,Vehicle,RIGHT ANGLE,DISREGARD SIGNAL/REG SIGN,SSI,DAYLIGHT,SNOW,WET,False,39.7255783081055,-86.0085678100586
903184574,2018,2018-07-13,Marion,Indianapolis,I65S,Vehicle,RAN OFF ROAD,RAN OFF ROAD RIGHT,SSI,DAYLIGHT,CLEAR,DRY,False,39.721321105957,-86.1318054199219
903205007,2018,2018-08-19,Johnson,Franklin,HURRICANE RD & BROOKSHIRE DR,Vehicle,RAN OFF ROAD,OTHER (DRIVER) - EXPLAIN IN NARRATIVE,SSI,DAYLIGHT,CLEAR,DRY,False,39.5001487731934,-86.0400695800781
903114917,2018,2018-03-08,Marion,Indianapolis,AMESBURY CT,Vehicle,NON-COLLISION,OTHER (DRIVER) - EXPLAIN IN NARRATIVE,Fatal,DAYLIGHT,CLEAR,DRY,False,39.6623649597168,-86.1776351928711
903186922,2018,2018-07-13,Marion,Indianapolis,US31 & SOUTHPORT RD,Vehicle,REAR END,UNSAFE SPEED,SSI,DARK (LIGHTED),CLEAR,DRY,False,39.6642150878906,-86.1470489501953
903205125,2018,2018-08-19,Marion,Indianapolis,I65N,Vehicle,NON-COLLISION,ROADWAY SURFACE CONDITION,SSI,DAYLIGHT,CLEAR,DRY,False,39.7817611694336,-86.1407699584961
903115565,2018,2018-03-08,Marion,Indianapolis,THOMPSON RD & FIVE POINTS RD,Vehicle,RAN OFF ROAD,DRIVER ILLNESS,Fatal,DAYLIGHT,CLEAR,DRY,False,39.6954040527344,-86.0440139770508
903184751,2018,2018-07-14,Hendricks,Brownsburg,CR550E & HOLLOWAY BLVD,Vehicle,NON-COLLISION,OVERCORRECTING/OVERSTEERING,SSI,DAYLIGHT,CLEAR,DRY,False,39.8675537109375,-86.4301300048828
903205925,2018,2018-08-19,Morgan,MARTINSVILLE,SR252W & MORGAN TRL,Vehicle,HEAD ON BETWEEN TWO MOTOR VEHICLES,FAILURE TO YIELD RIGHT OF WAY,SSI,DARK (LIGHTED),CLEAR,DRY,False,39.4134292602539,-86.3745422363281
903118926,2018,2018-03-08,Marion,Indianapolis,I65N,Vehicle,RAN OFF ROAD,SPEED TOO FAST FOR WEATHER CONDITIONS,SSI,DARK (NOT LIGHTED),SNOW,ICE,False,39.8796653747559,-86.2922897338867
903208313,2018,2018-08-19,Marion,Indianapolis,ROOSEVELT AVE & 18TH ST,Pedestrian,OTHER - EXPLAIN IN NARRATIVE,PEDESTRIAN ACTION,SSI,DARK (NOT LIGHTED),CLEAR,DRY,False,39.7909698486328,-86.1309509277344
903184760,2018,2018-07-15,Johnson,,SR135N & DIVISION RD,Vehicle,RIGHT ANGLE,FAILURE TO YIELD RIGHT OF WAY,SSI,DAYLIGHT,CLEAR,DRY,False,39.4762496948242,-86.1579513549805
903113592,2018,2018-03-09,Marion,Indianapolis,MISSION TER,Vehicle,OTHER - EXPLAIN IN NARRATIVE,ROADWAY SURFACE CONDITION,SSI,DAYLIGHT,CLEAR,DRY,False,39.8310432434082,-86.2741470336914
903229552,2018,2018-08-19,Marion,Indianapolis,I465S,Vehicle,RAN OFF ROAD,OVERCORRECTING/OVERSTEERING,SSI,DARK (NOT LIGHTED),CLEAR,DRY,False,39.7137680053711,-86.2646560668945
903114276,2018,2018-03-09,Boone,,US52,Vehicle,RAN OFF ROAD,RAN OFF ROAD RIGHT,SSI,DAYLIGHT,CLEAR,DRY,False,40.1040687561035,-86.5370254516602
903185473,2018,2018-07-15,Marion,Indianapolis,MINNESOTA ST & ARLINGTON AVE,Vehicle,NON-COLLISION,RAN OFF ROAD RIGHT,Fatal,DAYLIGHT,CLEAR,DRY,False,39.7466239929199,-86.0671768188477
903205462,2018,2018-08-20,Marion,Indianapolis,KEYSTONE AVE & WOODFILED CROSSING BLVD,Vehicle,REAR END,FOLLOWING TOO CLOSELY,SSI,DAYLIGHT,CLEAR,DRY,False,39.907398223877,-86.1179656982422
903141850,2018,2018-03-09,Marion,Indianapolis,KENTUCKY AVE & WARMAN AVE,Vehicle,HEAD ON BETWEEN TWO MOTOR VEHICLES,IMPROPER LANE USAGE,Fatal,DAYLIGHT,CLEAR,DRY,False,39.7321128845215,-86.2021713256836
903186050,2018,2018-07-16,Marion,Indianapolis,SOUTHEASTERN AVE & VILLA AVE,Vehicle,RIGHT ANGLE,FAILURE TO YIELD RIGHT OF WAY,SSI,DAYLIGHT,CLEAR,WET,False,39.7630081176758,-86.1275100708008
903205614,2018,2018-08-20,Marion,Indianapolis,71ST ST & RODEBAUGH RD,Vehicle,RIGHT ANGLE,IMPROPER TURNING,SSI,DAYLIGHT,CLOUDY,DRY,False,39.8823051452637,-86.2220764160156
903115063,2018,2018-03-10,Marion,Indianapolis,46TH ST & EDMONDSON AVE,Vehicle,REAR END,FAILURE TO YIELD RIGHT OF WAY,SSI,DARK (NOT LIGHTED),CLOUDY,DRY,False,39.8403358459473,-86.0512008666992
903186283,2018,2018-07-17,Hancock,,US40,Vehicle,RAN OFF ROAD,RAN OFF ROAD RIGHT,SSI,DAYLIGHT,CLEAR,DRY,False,39.7813873291015,-85.8493194580078
903206223,2018,2018-08-20,Marion,Indianapolis,ARLINGTON AVE & CHURCHMAN AVE,Pedestrian,SAME DIRECTION SIDESWIPE,PEDESTRIAN ACTION,SSI,DARK (NOT LIGHTED),CLEAR,DRY,False,39.7058410644531,-86.0633773803711
903115076,2018,2018-03-10,Marion,Indianapolis,COLLEGE AVE & 62ND ST,Vehicle,OTHER - EXPLAIN IN NARRATIVE,FAILURE TO YIELD RIGHT OF WAY,SSI,DARK (LIGHTED),CLEAR,DRY,False,39.8679008483887,-86.1461029052734
903186407,2018,2018-07-17,Marion,Indianapolis,WARMAN AV AVE & 10TH ST ST,Vehicle,RIGHT ANGLE,FAILURE TO YIELD RIGHT OF WAY,SSI,DAYLIGHT,CLEAR,DRY,False,39.7806854248047,-86.2062225341797
903206831,2018,2018-08-20,Marion,Indianapolis,KESSLER BLVD N DR & 31ST ST,Pedestrian,OTHER - EXPLAIN IN NARRATIVE,PEDESTRIAN ACTION,Fatal,DARK (LIGHTED),CLEAR,DRY,False,39.8120231628418,-86.2111282348633
903115784,2018,2018-03-10,Marion,Indianapolis,I65N,Vehicle,RAN OFF ROAD,RAN OFF ROAD RIGHT,SSI,DAYLIGHT,CLOUDY,DRY,False,39.782527923584,-86.1414108276367
903186426,2018,2018-07-17,Hancock,McCordsville,NORTH 600 WEST RD & BROOKSIDE PKWY,Vehicle,REAR END,UNSAFE SPEED,SSI,DAYLIGHT,CLEAR,DRY,False,39.9045333862305,-85.9190902709961
903209064,2018,2018-08-20,Hendricks,Avon,CR100N & DAN JONES RD,Vehicle,SAME DIRECTION SIDESWIPE,OTHER (DRIVER) - EXPLAIN IN NARRATIVE,SSI,DAYLIGHT,CLEAR,DRY,False,39.7778244018555,-86.3819732666015
903125945,2018,2018-03-10,Hamilton,Carmel,CRANSTON AVE & OLD MERIDIAN ST,Pedestrian,OTHER - EXPLAIN IN NARRATIVE,FAILURE TO YIELD RIGHT OF WAY,SSI,DARK (LIGHTED),CLEAR,DRY,False,39.9717407226562,-86.1511459350586
903187880,2018,2018-07-17,Marion,Indianapolis,E 12TH ST,Vehicle,HEAD ON BETWEEN TWO MOTOR VEHICLES,OTHER (DRIVER) - EXPLAIN IN NARRATIVE,SSI,DAYLIGHT,CLEAR,DRY,False,39.7844314575195,-86.0674896240234
903206495,2018,2018-08-21,Hendricks,CLAYTON,SR39,Vehicle,RAN OFF ROAD,RAN OFF ROAD RIGHT,SSI,DAYLIGHT,CLOUDY,DRY,False,39.6740684509277,-86.4876480102539
903114441,2018,2018-03-11,Boone,Zionsville,US421S & 116TH ST,Vehicle,RAN OFF ROAD,OVERCORRECTING/OVERSTEERING,SSI,DAYLIGHT,CLEAR,DRY,False,39.9554405212402,-86.2432632446289
903188100,2018,2018-07-17,Marion,Indianapolis,ASHURST ST & GRAHAM RD,Pedalcycle,RIGHT ANGLE,FAILURE TO YIELD RIGHT OF WAY,SSI,DAYLIGHT,CLEAR,DRY,False,39.8753242492676,-86.0697250366211
903207498,2018,2018-08-21,Marion,Indianapolis,I65S,Vehicle,RAN OFF ROAD,RAN OFF ROAD RIGHT,SSI,DARK (LIGHTED),CLOUDY,WET,False,39.6958656311035,-86.1063385009766
903115081,2018,2018-03-11,Marion,Indianapolis,ILLINOIS ST & 10TH ST,Vehicle,RIGHT ANGLE,DISREGARD SIGNAL/REG SIGN,SSI,DARK (LIGHTED),CLEAR,DRY,False,39.7811584472656,-86.1594314575195
903207349,2018,2018-08-22,Marion,Indianapolis,LAFAYETTE RD & 62ND ST,Vehicle,REAR END,FAILURE TO YIELD RIGHT OF WAY,SSI,DAYLIGHT,CLEAR,DRY,False,39.8647727966309,-86.2712936401367
903191375,2018,2018-07-17,Marion,Indianapolis,I465S,Vehicle,SAME DIRECTION SIDESWIPE,UNSAFE LANE MOVEMENT,SSI,DAYLIGHT,CLEAR,DRY,False,39.9144973754883,-86.2698287963867
903115637,2018,2018-03-13,Marion,Indianapolis,ENGLISH AVE & LASALLE ST,Vehicle,LEFT/RIGHT TURN,OTHER (DRIVER) - EXPLAIN IN NARRATIVE,SSI,DAYLIGHT,CLEAR,DRY,False,39.7599296569824,-86.1093826293945
903207805,2018,2018-08-22,Morgan,Mooresville,N FERGUSON RD & ALLISON RD,Vehicle,RAN OFF ROAD,RAN OFF ROAD RIGHT,SSI,DARK (NOT LIGHTED),CLEAR,DRY,False,39.6261787414551,-86.3453903198242
903187795,2018,2018-07-18,Marion,Indianapolis,TROTTER RD & SANSA PL,Vehicle,RAN OFF ROAD,RAN OFF ROAD RIGHT,Fatal,DAYLIGHT,CLOUDY,DRY,False,39.6514587402344,-86.307502746582
903116110,2018,2018-03-14,Morgan,MARTINSVILLE,SR37S & MORGAN ST,Vehicle,LEFT TURN,FAILURE TO YIELD RIGHT OF WAY,SSI,DARK (NOT LIGHTED),CLEAR,ICE,False,39.4461212158203,-86.3873672485351
903209554,2018,2018-08-22,Marion,Indianapolis,HIGH SCHOOL RD & KENTUCKY AVE,Vehicle,NON-COLLISION,RAN OFF ROAD RIGHT,Fatal,DARK (NOT LIGHTED),CLEAR,DRY,False,39.6956596374512,-86.2694549560547
903189404,2018,2018-07-19,Hamilton,Noblesville,SR19 & FIELD DR,Vehicle,LEFT TURN,FAILURE TO YIELD RIGHT OF WAY,SSI,DAYLIGHT,CLEAR,DRY,False,40.0589141845703,-86.0166015625
903116619,2018,2018-03-14,Johnson,Greenwood,SMITH VALLEY RD & PINEBROOK BLVD,Pedestrian,OTHER - EXPLAIN IN NARRATIVE,OTHER (DRIVER) - EXPLAIN IN NARRATIVE,SSI,DAYLIGHT,CLEAR,DRY,False,39.6059150695801,-86.1550521850586
903208491,2018,2018-08-23,Hendricks,Avon,CR200E & RONALD REAGAN PKWY,Vehicle,HEAD ON BETWEEN TWO MOTOR VEHICLES,IMPROPER PASSING,SSI,DAYLIGHT,CLEAR,DRY,False,39.7930068969727,-86.3497314453125
903190366,2018,2018-07-19,Marion,Indianapolis,38TH ST & BALTIMORE AVE,Pedestrian,COLLISION WITH OBJECT IN ROAD,PEDESTRIAN ACTION,Fatal,DARK (NOT LIGHTED),CLEAR,DRY,False,39.8254013061523,-86.1244812011719
903116844,2018,2018-03-14,Marion,Indianapolis,UNIVERSITY BLVD & NORTH ST,Vehicle,LEFT TURN,OTHER (DRIVER) - EXPLAIN IN NARRATIVE,SSI,DAYLIGHT,CLEAR,DRY,False,39.7760200500488,-86.1753616333008
903208590,2018,2018-08-23,Marion,Indianapolis,LAFAYETTE RD & LAKESIDE DR,Vehicle,RIGHT ANGLE,FAILURE TO YIELD RIGHT OF WAY,SSI,DAYLIGHT,CLEAR,DRY,False,39.8816795349121,-86.2922439575195
903197244,2018,2018-07-19,Marion,Indianapolis,WASHINGTON ST & LACLEDE ST,Vehicle,HEAD ON BETWEEN TWO MOTOR VEHICLES,LEFT OF CENTER,SSI,DAYLIGHT,CLEAR,DRY,False,39.755126953125,-86.2428512573242
903118775,2018,2018-03-14,Marion,Indianapolis,CORDELL ST,Pedestrian,OTHER - EXPLAIN IN NARRATIVE,FAILURE TO YIELD RIGHT OF WAY,SSI,DAYLIGHT,CLEAR,DRY,False,39.8315544128418,-86.0031814575195
903209563,2018,2018-08-23,Marion,Indianapolis,SHADELAND AVE & 34TH ST,Vehicle,LEFT TURN,FAILURE TO YIELD RIGHT OF WAY,Fatal,DARK (LIGHTED),CLEAR,DRY,False,39.8184051513672,-86.0457458496094
903189078,2018,2018-07-20,Marion,Indianapolis,SOUTHVIEW DR & SHELBY ST,Vehicle,RIGHT ANGLE,FAILURE TO YIELD RIGHT OF WAY,SSI,DAYLIGHT,CLOUDY,DRY,False,39.6685066223144,-86.1394500732422
903121770,2018,2018-03-14,Marion,Indianapolis,LYNHURST DR & SEERLEY DR,Pedestrian,OTHER - EXPLAIN IN NARRATIVE,PEDESTRIAN ACTION,Fatal,DARK (LIGHTED),CLEAR,DRY,False,39.7149772644043,-86.2503356933594
903211304,2018,2018-08-23,Marion,Indianapolis,KEYSTONE AVE & FALL CREEK PKWY,Vehicle,RIGHT ANGLE,DISREGARD SIGNAL/REG SIGN,SSI,DAYLIGHT,CLEAR,DRY,False,39.8352546691894,-86.1215896606445
903191225,2018,2018-07-20,Hendricks,Avon,US36E & AVON VILLAGE PKWY,Vehicle,HEAD ON BETWEEN TWO MOTOR VEHICLES,DISREGARD SIGNAL/REG SIGN,Fatal,DARK (LIGHTED),CLEAR,DRY,False,39.7635040283203,-86.357780456543
903116817,2018,2018-03-15,Marion,Indianapolis,EMERSON AVE & ROSELAWN AVE,Pedestrian,HEAD ON BETWEEN TWO MOTOR VEHICLES,PEDESTRIAN ACTION,Fatal,DARK (LIGHTED),CLEAR,DRY,False,39.8284339904785,-86.0838088989258
903208078,2018,2018-08-24,Johnson,TRAFALGAR,CR400S,Vehicle,RAN OFF ROAD,RAN OFF ROAD RIGHT,SSI,DAYLIGHT,CLEAR,DRY,False,39.4157104492188,-86.1983795166016
903232689,2018,2018-07-20,Marion,Indianapolis,MICHIGAN ST & DEARBORN ST,Vehicle,OTHER - EXPLAIN IN NARRATIVE,DISREGARD SIGNAL/REG SIGN,SSI,DAYLIGHT,CLEAR,DRY,False,39.7745666503906,-86.1107559204102
903208314,2018,2018-08-24,Marion,Indianapolis,I70E,Vehicle,SAME DIRECTION SIDESWIPE,UNSAFE LANE MOVEMENT,SSI,DAYLIGHT,CLEAR,DRY,False,39.7408447265625,-86.2386627197266
903118783,2018,2018-03-15,Marion,Indianapolis,WASHINGTON ST & GLEN ARM RD,Pedestrian,RIGHT ANGLE,PEDESTRIAN ACTION,Fatal,DARK (LIGHTED),CLOUDY,DRY,False,39.7456359863281,-86.2733917236328
903232690,2018,2018-07-20,Marion,Indianapolis,KEYSTONE AVE,Vehicle,RAN OFF ROAD,DRIVER ASLEEP OR FATIGUED,SSI,DARK (LIGHTED),CLEAR,DRY,False,39.7283248901367,-86.1209487915039
903208356,2018,2018-08-24,Hamilton,,PRAIRE BAPTIST RD & 206 ST,Pedestrian,OTHER - EXPLAIN IN NARRATIVE,PEDESTRIAN ACTION,SSI,DARK (NOT LIGHTED),CLEAR,DRY,False,40.0814208984375,-85.9012222290039
903118795,2018,2018-03-15,Marion,Indianapolis,79TH ST & MICHIGAN RD,Vehicle,LEFT TURN,DRIVER DISTRACTED - EXPLAIN IN NARRATIVE,SSI,DAYLIGHT,CLEAR,DRY,False,39.8971405029297,-86.2157516479492
903188458,2018,2018-07-21,Marion,Indianapolis,I465N,Vehicle,RAN OFF ROAD,UNSAFE LANE MOVEMENT,SSI,DARK (LIGHTED),CLEAR,DRY,False,39.7837028503418,-86.0318908691406
903211243,2018,2018-08-24,Hamilton,Noblesville,MONUMENT ST & 19TH ST,Pedestrian,OTHER - EXPLAIN IN NARRATIVE,OTHER LIGHTS DEFECTIVE,SSI,DARK (NOT LIGHTED),CLEAR,DRY,False,40.0511283874512,-86.0004730224609
903118852,2018,2018-03-15,Marion,Indianapolis,21ST ST & COUNTRY CLUB RD,Vehicle,RIGHT ANGLE,FAILURE TO YIELD RIGHT OF WAY,SSI,DAYLIGHT,CLEAR,DRY,False,39.7935447692871,-86.3077163696289
903188799,2018,2018-07-21,Shelby,SHELBYVILLE,CR700S & COLUMBUS RD,Vehicle,RAN OFF ROAD,RAN OFF ROAD RIGHT,SSI,DARK (NOT LIGHTED),RAIN,WET,False,39.4239997863769,-85.8001251220703
903211816,2018,2018-08-24,Hancock,,US40,Vehicle,HEAD ON BETWEEN TWO MOTOR VEHICLES,LEFT OF CENTER,Fatal,DARK (NOT LIGHTED),CLEAR,DRY,False,39.78076171875,-85.8674011230469
903121006,2018,2018-03-15,Shelby,MORRISTOWN,US52E & BLUE RIVER RD,Vehicle,RAN OFF ROAD,RAN OFF ROAD RIGHT,Fatal,DAYLIGHT,CLEAR,DRY,False,39.6769218444824,-85.7125854492187
903189132,2018,2018-07-21,Marion,Indianapolis,I69S,Vehicle,REAR END,UNSAFE SPEED,Fatal,DARK (LIGHTED),CLEAR,WET,False,39.9172859191895,-86.0369491577148
903208740,2018,2018-08-25,Hendricks,Plainfield,SR267 & STAFFORD RD,Vehicle,RAN OFF ROAD,RAN OFF ROAD RIGHT,SSI,DARK (LIGHTED),CLEAR,DRY,False,39.6974105834961,-86.3709259033203
903119344,2018,2018-03-16,Marion,Indianapolis,WASHINGTON ST & LYNHURST DR,Vehicle,RIGHT ANGLE,DISREGARD SIGNAL/REG SIGN,SSI,DAYLIGHT,CLEAR,DRY,False,39.7529258728027,-86.2501754760742
903190367,2018,2018-07-22,Marion,Indianapolis,MITTHOEFER RD & JOHN MARSHALL N DR,Pedestrian,,OTHER (DRIVER) - EXPLAIN IN NARRATIVE,Fatal,,,,False,39.8227615356445,-85.9908828735352
903210152,2018,2018-08-25,Marion,Indianapolis,MICHIGAN ST & PINE ST,Vehicle,OTHER - EXPLAIN IN NARRATIVE,ROADWAY SURFACE CONDITION,SSI,DAWN/DUSK,RAIN,WET,False,39.7736167907715,-86.1425933837891
903117865,2018,2018-03-17,Boone,Whitestown,PERRY WORTH RD & WHITESTOWN PKWY,Vehicle,RAN OFF ROAD,RAN OFF ROAD RIGHT,SSI,DARK (NOT LIGHTED),CLEAR,WET,False,39.9500885009766,-86.3497161865234
903197945,2018,2018-07-22,Marion,Indianapolis,25TH ST & DR ANDREW J BROWN AVE,Vehicle,HEAD ON BETWEEN TWO MOTOR VEHICLES,DRIVER ASLEEP OR FATIGUED,SSI,DARK (LIGHTED),CLOUDY,WET,False,39.8032264709473,-86.1356811523438
903210700,2018,2018-08-25,Marion,Indianapolis,MICHIGAN ST & JEFFERSON AVE,Vehicle,OTHER - EXPLAIN IN NARRATIVE,OTHER (DRIVER) - EXPLAIN IN NARRATIVE,SSI,DARK (NOT LIGHTED),CLEAR,DRY,False,39.7741584777832,-86.1236801147461
903117871,2018,2018-03-17,Shelby,SHELBYVILLE,CR600W,Vehicle,RAN OFF ROAD,RAN OFF ROAD RIGHT,SSI,DARK (NOT LIGHTED),RAIN,WET,False,39.6775703430176,-85.8962249755859
903189735,2018,2018-07-23,Boone,,CR850N,Vehicle,RIGHT ANGLE,DISREGARD SIGNAL/REG SIGN,Fatal,DAYLIGHT,CLEAR,DRY,False,40.1632843017578,-86.3659591674805
903211166,2018,2018-08-25,Johnson,Whiteland,I65S,Vehicle,REAR END,FOLLOWING TOO CLOSELY,SSI,DARK (LIGHTED),CLEAR,DRY,False,39.5515937805176,-86.0417175292969
903121771,2018,2018-03-17,Marion,Indianapolis,PENNSYLVANIA ST & 52ND ST,Vehicle,LEFT TURN,DISREGARD SIGNAL/REG SIGN,SSI,DAYLIGHT,RAIN,WET,False,39.8468208312988,-86.1546936035156
903190368,2018,2018-07-23,Marion,Indianapolis,MILLERSVILLE RD & WESTBOURNE DR,Vehicle,RAN OFF ROAD,OVERCORRECTING/OVERSTEERING,SSI,DAYLIGHT,CLEAR,DRY,False,39.8388366699219,-86.1077651977539
903209443,2018,2018-08-26,Marion,Indianapolis,42ND ST & AUDUBON RD,Vehicle,LEFT TURN,FAILURE TO YIELD RIGHT OF WAY,SSI,DAYLIGHT,CLEAR,DRY,False,39.833065032959,-86.0702667236328
903123246,2018,2018-03-17,Marion,Indianapolis,ROCKVILLE RD & MICKLEY AVE,Vehicle,LEFT/RIGHT TURN,DISREGARD SIGNAL/REG SIGN,SSI,DARK (LIGHTED),CLOUDY,DRY,False,39.765064239502,-86.260124206543
903190604,2018,2018-07-24,Hendricks,Avon,CR100S,Vehicle,LEFT TURN,FAILURE TO YIELD RIGHT OF WAY,SSI,DAYLIGHT,CLEAR,DRY,False,39.7486000061035,-86.3615417480469
903215800,2018,2018-08-26,Marion,Indianapolis,PORTAGE AVE & STOP 11 RD,Pedalcycle,RIGHT TURN,FAILURE TO YIELD RIGHT OF WAY,SSI,DAWN/DUSK,CLEAR,DRY,False,39.6503524780273,-86.1271743774414
903190651,2018,2018-07-24,Hancock,FORTVILLE,US36 & FLINT BLVD,Vehicle,RAN OFF ROAD,DRIVER ILLNESS,SSI,DAYLIGHT,CLEAR,DRY,False,39.9415283203125,-85.8325424194336
903118488,2018,2018-03-18,Hamilton,Carmel,I465W,Vehicle,RAN OFF ROAD,UNSAFE SPEED,SSI,DARK (LIGHTED),CLEAR,DRY,False,39.930721282959,-86.1543807983398
903118734,2018,2018-03-18,Marion,Indianapolis,EAST ST & EPLER AVE,Vehicle,HEAD ON BETWEEN TWO MOTOR VEHICLES,LEFT OF CENTER,SSI,DARK (LIGHTED),CLEAR,DRY,False,39.6862487792969,-86.1563568115234
903209669,2018,2018-08-27,Shelby,SHELBYVILLE,I74E,Vehicle,REAR END,DRIVER DISTRACTED - EXPLAIN IN NARRATIVE,SSI,DAYLIGHT,CLEAR,DRY,False,39.4818458557129,-85.6757507324219
903190826,2018,2018-07-24,Marion,Indianapolis,CRITTENDEN AVE & 44TH ST,Vehicle,OTHER - EXPLAIN IN NARRATIVE,DISREGARD SIGNAL/REG SIGN,SSI,DAYLIGHT,CLEAR,DRY,False,39.8365325927734,-86.1276473999023
903119889,2018,2018-03-18,Marion,Indianapolis,30TH ST & DEARBORN ST,Vehicle,RIGHT ANGLE,DISREGARD SIGNAL/REG SIGN,SSI,DAWN/DUSK,CLEAR,DRY,False,39.8107032775879,-86.1121292114258
903209928,2018,2018-08-27,Shelby,SHELBYVILLE,I74E,Vehicle,RAN OFF ROAD,RAN OFF ROAD RIGHT,Fatal,DAYLIGHT,CLEAR,DRY,False,39.4710998535156,-85.6608810424805