id,year,date,county,city,cross_street,crash_type,manner,primary_factor,ssi_fatal,light,weather,surface,interstate,lat,lon
903191098,2018,2018-07-25,Hancock,McCordsville,US36E & NORTH HANNA ST,Vehicle,LEFT TURN,FAILURE TO YIELD RIGHT OF WAY,SSI,DAYLIGHT,CLEAR,DRY,False,39.8953323364258,-85.9202346801758
903119346,2018,2018-03-19,Marion,Indianapolis,EMERSON AVE & 30TH ST,Vehicle,OTHER - EXPLAIN IN NARRATIVE,OTHER (DRIVER) - EXPLAIN IN NARRATIVE,SSI,DAYLIGHT,CLEAR,DRY,False,39.809642791748,-86.0827484130859
903209988,2018,2018-08-27,Hamilton,Noblesville,CLOVER RD,Pedestrian,RIGHT ANGLE,FAILURE TO YIELD RIGHT OF WAY,SSI,DAYLIGHT,CLEAR,DRY,False,40.0340118408203,-85.9977416992188
903191125,2018,2018-07-25,Hendricks,Plainfield,US40 & PERRY RD,Vehicle,NON-COLLISION,OTHER (ENVIRONMENTAL) - EXPLAIN IN NARR,SSI,DAYLIGHT,CLEAR,DRY,False,39.7167816162109,-86.3595504760742
903119181,2018,2018-03-20,Hamilton,,SR32 & 191 ST,Vehicle,RAN OFF ROAD,RAN OFF ROAD RIGHT,SSI,DARK (NOT LIGHTED),CLOUDY,DRY,False,40.0671501159668,-85.8674468994141
903210502,2018,2018-08-27,Marion,Indianapolis,I70E,Vehicle,SAME DIRECTION SIDESWIPE,OVERCORRECTING/OVERSTEERING,SSI,DAYLIGHT,CLEAR,DRY,False,39.7856712341308,-86.137321472168
903191888,2018,2018-07-25,Hendricks,Plainfield,US40E & SARATOGA PKWY,Vehicle,RIGHT ANGLE,FAILURE TO YIELD RIGHT OF WAY,Fatal,DAYLIGHT,CLEAR,DRY,False,39.6972923278809,-86.4186553955078
903123452,2018,2018-03-20,Marion,Indianapolis,KEYSTONE AVE & RUTH DR,Pedestrian,OTHER - EXPLAIN IN NARRATIVE,PEDESTRIAN ACTION,SSI,DAYLIGHT,CLOUDY,DRY,False,39.8878555297851,-86.1219100952148
903210961,2018,2018-08-27,Marion,Indianapolis,46TH ST & WOODLAND DR,Pedestrian,OTHER - EXPLAIN IN NARRATIVE,PEDESTRIAN ACTION,Fatal,DARK (NOT LIGHTED),CLEAR,DRY,False,39.8383178710938,-86.2616424560547
903198953,2018,2018-07-25,Johnson,Edinburgh,US31N,Vehicle,OTHER - EXPLAIN IN NARRATIVE,OTHER (DRIVER) - EXPLAIN IN NARRATIVE,SSI,DAYLIGHT,CLEAR,DRY,False,39.359203338623,-85.9852752685547
903120611,2018,2018-03-21,Morgan,,PADDOCK RD & COUNTY LINE RD,Vehicle,HEAD ON BETWEEN TWO MOTOR VEHICLES,LEFT OF CENTER,SSI,DAYLIGHT,SNOW,ICE,False,39.6325492858887,-86.2881622314453
903209989,2018,2018-08-28,Hamilton,Noblesville,SR37,Pedalcycle,RIGHT ANGLE,FAILURE TO YIELD RIGHT OF WAY,Fatal,DARK (NOT LIGHTED),CLEAR,DRY,False,40.0454559326172,-85.9940490722656
903204331,2018,2018-07-25,Marion,Indianapolis,ARLINGTON AVE & WINDSOR DR,Vehicle,RAN OFF ROAD,RAN OFF ROAD RIGHT,Fatal,DARK (LIGHTED),CLEAR,DRY,False,39.7982482910156,-86.0643005371094
903120884,2018,2018-03-22,Shelby,SHELBYVILLE,CR550W,Vehicle,RAN OFF ROAD,RAN OFF ROAD RIGHT,Fatal,DARK (NOT LIGHTED),CLEAR,DRY,False,39.4928665161133,-85.8853607177734
903210140,2018,2018-08-28,Johnson,Franklin,CR500E,Vehicle,RAN OFF ROAD,RAN OFF ROAD RIGHT,Fatal,DAYLIGHT,CLEAR,DRY,False,39.4855155944824,-86.0076141357422
903195706,2018,2018-07-26,Marion,Indianapolis,HARDING ST & SUMNER AVE,Vehicle,OTHER - EXPLAIN IN NARRATIVE,OTHER (DRIVER) - EXPLAIN IN NARRATIVE,SSI,DARK (LIGHTED),CLEAR,DRY,False,39.7147331237793,-86.1874389648438
903122720,2018,2018-03-22,Marion,Indianapolis,HARDING ST & TERMINAL RD,Vehicle,HEAD ON BETWEEN TWO MOTOR VEHICLES,LEFT OF CENTER,SSI,DARK (NOT LIGHTED),CLEAR,DRY,False,39.7011833190918,-86.1867599487305
903210546,2018,2018-08-28,Hendricks,STILESVILLE,US40 & HENDRICKS ST,Vehicle,REAR END,OTHER (DRIVER) - EXPLAIN IN NARRATIVE,SSI,DAYLIGHT,CLEAR,DRY,False,39.6385765075684,-86.6330108642578
903195751,2018,2018-07-26,Marion,Indianapolis,38TH ST & KNOLLTON RD,Pedalcycle,RIGHT ANGLE,DISREGARD SIGNAL/REG SIGN,Fatal,DAYLIGHT,CLOUDY,DRY,False,39.8099174499512,-86.2020263671875
903210735,2018,2018-08-28,Marion,Indianapolis,ROCKVILLE RD & VINE ST,Vehicle,HEAD ON BETWEEN TWO MOTOR VEHICLES,RAN OFF ROAD RIGHT,SSI,DAYLIGHT,CLEAR,DRY,False,39.7643127441406,-86.2384033203125
903123453,2018,2018-03-22,Marion,Indianapolis,KEYSTONE AVE & 51ST ST,Vehicle,RAN OFF ROAD,OVERCORRECTING/OVERSTEERING,Fatal,DARK (LIGHTED),CLEAR,WET,False,39.8459930419922,-86.1218566894531
903192241,2018,2018-07-27,Shelby,SHELBYVILLE,ELM ST & 2ND ST,Pedalcycle,RIGHT ANGLE,PEDESTRIAN ACTION,SSI,DAWN/DUSK,CLEAR,DRY,False,39.5153350830078,-85.7783737182617
903210754,2018,2018-08-28,Marion,Indianapolis,30TH ST & WINTHROP AVE,Vehicle,HEAD ON BETWEEN TWO MOTOR VEHICLES,DRIVER ASLEEP OR FATIGUED,SSI,DARK (LIGHTED),CLEAR,DRY,False,39.8106918334961,-86.1388626098633
903121274,2018,2018-03-23,Boone,,ULEN BLVD & EAST DR,Vehicle,RAN OFF ROAD,RAN OFF ROAD RIGHT,Fatal,DAYLIGHT,CLEAR,DRY,False,40.0655288696289,-86.4634017944336
903193172,2018,2018-07-27,Hamilton,Noblesville,PROMISE RD & 146TH ST,Vehicle,HEAD ON BETWEEN TWO MOTOR VEHICLES,DISREGARD SIGNAL/REG SIGN,SSI,DAYLIGHT,CLEAR,DRY,False,40.0008811950684,-85.9709167480469
903211257,2018,2018-08-28,Marion,Indianapolis,30TH ST & GUINEVERE DR,Vehicle,HEAD ON BETWEEN TWO MOTOR VEHICLES,OVERCORRECTING/OVERSTEERING,Fatal,DAYLIGHT,CLEAR,DRY,False,39.8114776611328,-85.9985504150391
903121305,2018,2018-03-23,Boone,JAMESTOWN(BOONE),I-74,Vehicle,RAN OFF ROAD,RAN OFF ROAD RIGHT,Fatal,DAYLIGHT,CLEAR,DRY,True,39.9578971862793,-86.6435394287109
903195831,2018,2018-07-27,Marion,Indianapolis,KEYSTONE AVE & 96TH ST,Vehicle,REAR END,FOLLOWING TOO CLOSELY,SSI,DARK (LIGHTED),CLEAR,DRY,False,39.9263496398926,-86.1115112304688
903211191,2018,2018-08-29,Hendricks,,US36E,Vehicle,LEFT TURN,FAILURE TO YIELD RIGHT OF WAY,SSI,DARK (NOT LIGHTED),RAIN,WET,False,39.7571182250976,-86.4673309326172
903122770,2018,2018-03-23,Marion,Indianapolis,I465 011 RAMP,Vehicle,RAN OFF ROAD,OVERCORRECTING/OVERSTEERING,Fatal,DAYLIGHT,CLEAR,DRY,True,39.7301406860352,-86.2620315551758
903202569,2018,2018-07-27,Marion,Indianapolis,10TH ST & EMERSON AVE,Vehicle,SAME DIRECTION SIDESWIPE,IMPROPER PASSING,Fatal,DAYLIGHT,CLEAR,DRY,False,39.7815399169922,-86.0831069946289
903211338,2018,2018-08-29,Marion,Indianapolis,BINFORD BLVD & 46TH ST,Vehicle,RIGHT ANGLE,DISREGARD SIGNAL/REG SIGN,SSI,DAYLIGHT,CLEAR,DRY,False,39.8401832580566,-86.1132888793945
903123446,2018,2018-03-24,Marion,Speedway,CRAWFORDSVILLE RD & LYNHURST DR,Vehicle,RIGHT ANGLE,DISREGARD SIGNAL/REG SIGN,Fatal,DAYLIGHT,SNOW,WET,False,39.7919273376465,-86.2507400512695
903192913,2018,2018-07-28,Morgan,MARTINSVILLE,SR37S & LEGENDARY DR,Vehicle,RAN OFF ROAD,ROADWAY SURFACE CONDITION,SSI,DARK (NOT LIGHTED),CLEAR,DRY,False,39.3834991455078,-86.4692535400391
903211618,2018,2018-08-29,Hancock,Greenfield,DAVIS RD & DREAM MARCH DR,Vehicle,RIGHT ANGLE,FAILURE TO YIELD RIGHT OF WAY,SSI,DAYLIGHT,RAIN,WET,False,39.772087097168,-85.7722015380859
903124800,2018,2018-03-24,Marion,Indianapolis,I65S,Vehicle,REAR END,FOLLOWING TOO CLOSELY,SSI,DARK (NOT LIGHTED),CLEAR,DRY,False,39.6746940612793,-86.0995559692383
903204332,2018,2018-07-28,Marion,Indianapolis,MORRIS ST & SHEPARD ST,Pedalcycle,REAR END,IMPROPER LANE USAGE,SSI,DARK (LIGHTED),CLEAR,DRY,False,39.7511138916016,-86.1930770874023
903218424,2018,2018-08-29,Marion,Indianapolis,MENDENHALL RD & MILLS RD,Vehicle,RIGHT ANGLE,FAILURE TO YIELD RIGHT OF WAY,SSI,DAYLIGHT,CLEAR,DRY,False,39.6692810058594,-86.2882919311523
903122877,2018,2018-03-25,Marion,Indianapolis,I65,Vehicle,HEAD ON BETWEEN TWO MOTOR VEHICLES,SPEED TOO FAST FOR WEATHER CONDITIONS,SSI,DARK (LIGHTED),CLEAR,SNOW/SLUSH,True,39.8242835998535,-86.2034225463867
903192867,2018,2018-07-29,Shelby,SHELBYVILLE,CR1200S,Vehicle,RAN OFF ROAD,RAN OFF ROAD RIGHT,SSI,DAYLIGHT,CLOUDY,DRY,False,39.3481483459473,-85.9159469604492
903211575,2018,2018-08-30,Marion,Indianapolis,W MICHIGAN ST & UNIVERSITY BLVD,Vehicle,LEFT/RIGHT TURN,FAILURE TO YIELD RIGHT OF WAY,SSI,DAYLIGHT,CLEAR,DRY,False,39.7745780944824,-86.1754837036133
903126125,2018,2018-03-25,Marion,Indianapolis,MERIDIAN ST & SOUTHPORT RD,Vehicle,REAR END,FOLLOWING TOO CLOSELY,SSI,DAYLIGHT,CLOUDY,DRY,False,39.6644592285156,-86.1585388183594
903195840,2018,2018-07-29,Marion,Indianapolis,NORTH TIBBS AVE & WEST 23RD ST,Vehicle,SAME DIRECTION SIDESWIPE,UNSAFE LANE MOVEMENT,SSI,DAYLIGHT,CLOUDY,DRY,False,39.7980499267578,-86.2159423828125
903211730,2018,2018-08-30,Marion,Lawrence,E 42ND ST & N FRANKLIN RD,Vehicle,LEFT/RIGHT TURN,FAILURE TO YIELD RIGHT OF WAY,SSI,DARK (NOT LIGHTED),CLEAR,DRY,False,39.8330383300781,-86.0283508300781
903123266,2018,2018-03-26,Marion,Indianapolis,54TH ST & CAPITOL AVE,Vehicle,RIGHT ANGLE,FAILURE TO YIELD RIGHT OF WAY,Fatal,DAYLIGHT,CLOUDY,DRY,False,39.8504066467285,-86.1618881225586
903218601,2018,2018-08-30,Marion,Indianapolis,MILHOUSE RD & MILHOUSE CT,Pedalcycle,RIGHT ANGLE,FAILURE TO YIELD RIGHT OF WAY,SSI,DAYLIGHT,CLEAR,DRY,False,39.6772041320801,-86.2569961547852
903202570,2018,2018-07-30,Marion,Indianapolis,GUINEVERE DR & 30TH ST,Vehicle,REAR END,FAILURE TO YIELD RIGHT OF WAY,SSI,DAYLIGHT,RAIN,WET,False,39.8115081787109,-85.9966278076172
903123831,2018,2018-03-27,Marion,Indianapolis,E SOUTHPORT RD,Vehicle,OTHER - EXPLAIN IN NARRATIVE,FAILURE TO YIELD RIGHT OF WAY,SSI,DAYLIGHT,CLOUDY,WET,False,39.6693878173828,-86.0823135375977
903197091,2018,2018-07-31,Marion,Indianapolis,SHADELAND AVE & RAMA DR,Vehicle,HEAD ON BETWEEN TWO MOTOR VEHICLES,FAILURE TO YIELD RIGHT OF WAY,SSI,DAYLIGHT,RAIN,WET,False,39.794750213623,-86.0455017089844
903123996,2018,2018-03-28,Marion,Indianapolis,I70W,Vehicle,REAR END,FOLLOWING TOO CLOSELY,SSI,DAYLIGHT,CLOUDY,WET,False,39.7901916503906,-86.1276702880859
903197094,2018,2018-07-31,Marion,Indianapolis,COLLEGE AVE & 32ND ST,Vehicle,RIGHT ANGLE,FAILURE TO YIELD RIGHT OF WAY,SSI,DAYLIGHT,RAIN,WET,False,39.8139038085938,-86.1448822021484
903124316,2018,2018-03-28,Marion,Indianapolis,ROOSEVELT AVE & RURAL ST,Vehicle,RIGHT ANGLE,FAILURE TO YIELD RIGHT OF WAY,SSI,DAYLIGHT,CLEAR,DRY,False,39.795166015625,-86.11669921875
903194930,2018,2018-08-01,Marion,Indianapolis,I465,Pedestrian,OTHER - EXPLAIN IN NARRATIVE,UNSAFE SPEED,SSI,DAYLIGHT,CLOUDY,DRY,True,39.7994346618652,-86.031135559082
903124494,2018,2018-03-28,Marion,Indianapolis,I65S,Vehicle,RAN OFF ROAD,OVERCORRECTING/OVERSTEERING,SSI,DAYLIGHT,CLEAR,DRY,False,39.6986083984375,-86.1070327758789
903194885,2018,2018-08-02,Hamilton,,MIDDLETOWN AVE & CYNTHEANNE RD,Vehicle,RAN OFF ROAD,RAN OFF ROAD RIGHT,Fatal,DARK (NOT LIGHTED),CLEAR,DRY,False,40.0566940307617,-85.8896026611328
903124211,2018,2018-03-29,Hamilton,Fishers,SR37 & EXIT FIVE PKWY,Vehicle,RAN OFF ROAD,SPEED TOO FAST FOR WEATHER CONDITIONS,SSI,DARK (LIGHTED),RAIN,WET,False,39.9551200866699,-86.0085830688477
903196020,2018,2018-08-02,Marion,Indianapolis,I465E,Vehicle,REAR END,FOLLOWING TOO CLOSELY,SSI,DAYLIGHT,CLEAR,DRY,False,39.7047882080078,-86.0691604614258
903125326,2018,2018-03-29,Marion,Indianapolis,I65N,Vehicle,SAME DIRECTION SIDESWIPE,UNSAFE LANE MOVEMENT,SSI,DAYLIGHT,RAIN,WET,False,39.7570533752441,-86.1433334350586
903196755,2018,2018-08-02,Morgan,MARTINSVILLE,BLUE BLUFF RD & BLUE BLUFF RDG,Vehicle,COLLISION WITH DEER,ANIMAL/OBJECT IN ROADWAY,SSI,DARK (NOT LIGHTED),CLEAR,DRY,False,39.4508743286133,-86.425895690918
903125101,2018,2018-03-30,Hendricks,Plainfield,US40 & EARLHAM RD,Vehicle,LEFT TURN,IMPROPER TURNING,SSI,DAWN/DUSK,CLEAR,DRY,False,39.7277908325195,-86.3329620361328
903197708,2018,2018-08-02,Hancock,Greenfield,US40E,Vehicle,RIGHT ANGLE,DISREGARD SIGNAL/REG SIGN,Fatal,DAWN/DUSK,FOG/SMOKE/SMOG,DRY,False,39.7871017456055,-85.7269897460938
903125171,2018,2018-03-30,Hendricks,Avon,CR100N & COLONIAL DR,Pedestrian,RIGHT ANGLE,PEDESTRIAN ACTION,Fatal,DARK (NOT LIGHTED),CLEAR,DRY,False,39.7773132324219,-86.4029693603516
903126943,2018,2018-03-30,Marion,Indianapolis,56TH ST & MOLLER RD,Pedestrian,RAN OFF ROAD,RAN OFF ROAD RIGHT,SSI,DAYLIGHT,CLEAR,DRY,False,39.8531684875488,-86.2548828125
903129379,2018,2018-03-30,Marion,Indianapolis,BROOKVILLE RD & MUESSING RD,Vehicle,REAR END,DRIVER DISTRACTED - EXPLAIN IN NARRATIVE,SSI,DAYLIGHT,CLEAR,DRY,False,39.7360572814941,-85.9612197875977
903125476,2018,2018-03-31,Hamilton,,SR38 & DUNBAR RD,Vehicle,RIGHT ANGLE,OVERCORRECTING/OVERSTEERING,SSI,DAYLIGHT,CLOUDY,DRY,False,40.0976982116699,-86.1356353759765
903126315,2018,2018-04-02,Boone,Zionsville,US421S & ANSLEY DR,Vehicle,RAN OFF ROAD,UNSAFE SPEED,Fatal,DAYLIGHT,CLEAR,DRY,False,39.9650955200195,-86.2486038208008
903127006,2018,2018-04-03,Marion,Indianapolis,I70W,Vehicle,RAN OFF ROAD,RAN OFF ROAD RIGHT,SSI,DARK (LIGHTED),RAIN,WET,False,39.798526763916,-86.1154479980469
903128077,2018,2018-04-03,Marion,Indianapolis,SENOUR RD & SOUTHEASTERN AVE,Vehicle,OTHER - EXPLAIN IN NARRATIVE,SPEED TOO FAST FOR WEATHER CONDITIONS,SSI,DAYLIGHT,RAIN,WET,False,39.6846389770508,-85.9756774902344
903218926,2018,2018-08-30,Marion,Indianapolis,I465N,Vehicle,REAR END,FOLLOWING TOO CLOSELY,SSI,DAYLIGHT,CLEAR,DRY,False,39.7467956542969,-86.0367431640625
903129607,2018,2018-04-03,Hamilton,Noblesville,I69,Vehicle,RAN OFF ROAD,RAN OFF ROAD RIGHT,SSI,DARK (NOT LIGHTED),RAIN,WET,True,39.991397857666,-85.8893356323242
903137052,2018,2018-04-04,Marion,Indianapolis,BROOKVILLE RD & ARLINGTON AVE,Vehicle,RIGHT ANGLE,UNSAFE SPEED,Fatal,DAYLIGHT,CLEAR,DRY,False,39.7579689025879,-86.0640029907227
903128262,2018,2018-04-05,Marion,Indianapolis,NORTH ROXBURY RD,Pedestrian,OTHER - EXPLAIN IN NARRATIVE,DRIVER DISTRACTED - EXPLAIN IN NARRATIVE,SSI,DAYLIGHT,CLOUDY,DRY,False,39.8493576049805,-86.0718231201172
903128638,2018,2018-04-06,Morgan,MARTINSVILLE,SR39S & WEST SUMNER AVE,Vehicle,REAR END,DRIVER DISTRACTED - EXPLAIN IN NARRATIVE,SSI,DAYLIGHT,CLEAR,DRY,False,39.4217109680176,-86.4357070922852
903128858,2018,2018-04-07,Boone,Whitestown,I65S,Vehicle,REAR END,ENGINE FAILURE OR DEFECTIVE,Fatal,DARK (NOT LIGHTED),CLEAR,DRY,False,39.9518051147461,-86.3590545654297
903128998,2018,2018-04-07,Johnson,Bargersville,SR144E,Vehicle,NON-COLLISION,OVERCORRECTING/OVERSTEERING,SSI,DAYLIGHT,CLEAR,DRY,False,39.5183334350586,-86.1579971313476
903129407,2018,2018-04-08,Shelby,SHELBYVILLE,SR9N,Vehicle,HEAD ON BETWEEN TWO MOTOR VEHICLES,LEFT OF CENTER,SSI,DAYLIGHT,CLEAR,DRY,False,39.6820869445801,-85.7732925415039
903130006,2018,2018-04-08,Marion,Indianapolis,E 56TH ST,Vehicle,OTHER - EXPLAIN IN NARRATIVE,LEFT OF CENTER,SSI,DAYLIGHT,CLEAR,DRY,False,39.8549919128418,-86.2648620605469
903130965,2018,2018-04-08,Marion,Indianapolis,I70E,Vehicle,SAME DIRECTION SIDESWIPE,UNSAFE LANE MOVEMENT,SSI,DAYLIGHT,CLEAR,DRY,False,39.8053321838379,-86.0669174194336
903130671,2018,2018-04-09,Boone,,I65N,Vehicle,OTHER - EXPLAIN IN NARRATIVE,OTHER (DRIVER) - EXPLAIN IN NARRATIVE,SSI,DARK (NOT LIGHTED),CLEAR,DRY,False,40.1751976013184,-86.5530090332031
903131918,2018,2018-04-09,Boone,Lebanon,I65,Vehicle,RAN OFF ROAD,IMPROPER LANE USAGE,SSI,DAYLIGHT,CLOUDY,DRY,True,40.0341720581055,-86.4719161987305
903131130,2018,2018-04-11,Marion,Indianapolis,HIGH SCHOOL RD,Vehicle,OPPOSITE DIRECTION SIDESWIPE,LEFT OF CENTER,SSI,DAYLIGHT,CLEAR,DRY,False,39.7228927612305,-86.2648620605469
903131648,2018,2018-04-12,Hancock,FORTVILLE,US36 & WALNUT ST,Vehicle,LEFT TURN,FAILURE TO YIELD RIGHT OF WAY,SSI,DAYLIGHT,CLEAR,DRY,False,39.9327774047851,-85.8452529907227
903132208,2018,2018-04-13,Hendricks,Avon,RONALD REAGAN PKWY,Vehicle,RIGHT ANGLE,FAILURE TO YIELD RIGHT OF WAY,SSI,DAYLIGHT,CLEAR,DRY,False,39.7783584594726,-86.3436279296875
903133777,2018,2018-04-13,Marion,Indianapolis,HARDING ST & MORRIS ST,Vehicle,RIGHT ANGLE,DISREGARD SIGNAL/REG SIGN,SSI,DAYLIGHT,CLEAR,DRY,False,39.7510414123535,-86.1872177124023
903415853,2019,2019-07-25,Hamilton,Carmel,146TH ST & ROHRER RD,Vehicle,RIGHT ANGLE,DISREGARD SIGNAL/REG SIGN,SSI,DAYLIGHT,CLEAR,DRY,False,39.9998664855957,-86.1365966796875
903416009,2019,2019-07-25,Marion,Cumberland,US40 & GERMAN CHURCH RD,Vehicle,HEAD ON BETWEEN TWO MOTOR VEHICLES,FAILURE TO YIELD RIGHT OF WAY,SSI,DAYLIGHT,CLEAR,DRY,False,39.7757682800293,-85.9712600708008
903417029,2019,2019-07-25,Marion,Indianapolis,I65S,Vehicle,RAN OFF ROAD,IMPROPER LANE USAGE,SSI,DARK (NOT LIGHTED),CLEAR,DRY,False,39.8279724121094,-86.2319946289063
903440106,2019,2019-07-25,Marion,Indianapolis,KENTUCKY AVE & AMERIPLEX PKWY,Vehicle,REAR END,FOLLOWING TOO CLOSELY,Fatal,DARK (NOT LIGHTED),CLEAR,DRY,False,39.6704788208008,-86.2998504638672
903416303,2019,2019-07-26,Johnson,,SR252E,Vehicle,RIGHT ANGLE,FAILURE TO YIELD RIGHT OF WAY,SSI,DAYLIGHT,CLEAR,DRY,False,39.3592491149902,-85.9854888916016
903421616,2019,2019-07-26,Hancock,FORTVILLE,SR234,Pedalcycle,REAR END,DRIVER DISTRACTED - EXPLAIN IN NARRATIVE,Fatal,DAYLIGHT,CLEAR,DRY,False,39.9009017944336,-85.7838516235352
903417252,2019,2019-07-27,Marion,Indianapolis,ARLINGTON AVE & 11TH ST,Pedestrian,RIGHT ANGLE,PEDESTRIAN ACTION,SSI,DAYLIGHT,CLEAR,DRY,False,39.7825431823731,-86.0641403198242
903417601,2019,2019-07-27,Marion,Indianapolis,MASSACHUSETTS AVE & DEARBORN ST,Vehicle,OTHER - EXPLAIN IN NARRATIVE,UNSAFE SPEED,SSI,DARK (LIGHTED),CLEAR,DRY,False,39.7966766357422,-86.1118240356445
903417606,2019,2019-07-27,Marion,Indianapolis,WASHINGTON ST & BRIDGEPORT RD,Vehicle,OTHER - EXPLAIN IN NARRATIVE,DISREGARD SIGNAL/REG SIGN,SSI,DAYLIGHT,CLEAR,DRY,False,39.7314834594727,-86.3194122314453
903417633,2019,2019-07-27,Marion,Indianapolis,PROSPECT ST & SPRUCE ST,Vehicle,REAR END,FOLLOWING TOO CLOSELY,SSI,DAYLIGHT,CLEAR,DRY,False,39.7523689270019,-86.1337585449219
903417069,2019,2019-07-28,Morgan,MONROVIA,I70E,Vehicle,OTHER - EXPLAIN IN NARRATIVE,DRIVER ASLEEP OR FATIGUED,SSI,DARK (NOT LIGHTED),CLEAR,DRY,False,39.5650901794434,-86.6413955688477
903417667,2019,2019-07-28,Marion,Indianapolis,GEORGETOWN RD & 81ST ST,Vehicle,HEAD ON BETWEEN TWO MOTOR VEHICLES,UNSAFE LANE MOVEMENT,SSI,DAYLIGHT,CLEAR,DRY,False,39.904167175293,-86.2406768798828
903418254,2019,2019-07-29,Marion,Indianapolis,ARLINGTON AVE & 14TH ST,Pedestrian,RIGHT ANGLE,FAILURE TO YIELD RIGHT OF WAY,SSI,DARK (NOT LIGHTED),RAIN,WET,False,39.7871971130371,-86.0643692016602
903418330,2019,2019-07-29,Morgan,MARTINSVILLE,SR37S & OHIO ST,Vehicle,LEFT TURN,DISREGARD SIGNAL/REG SIGN,SSI,DAYLIGHT,CLEAR,DRY,False,39.4087142944336,-86.4234924316406
903417989,2019,2019-07-30,Boone,JAMESTOWN(BOONE),I74E,Vehicle,RAN OFF ROAD,RAN OFF ROAD RIGHT,SSI,DARK (NOT LIGHTED),CLEAR,DRY,False,39.9351768493652,-86.6027526855469
903418522,2019,2019-07-30,Hendricks,AMO,CR450W,Vehicle,RAN OFF ROAD,RAN OFF ROAD RIGHT,Fatal,DARK (NOT LIGHTED),CLEAR,DRY,False,39.7313766479492,-86.604507446289
903418643,2019,2019-07-30,Marion,Indianapolis,I70E,Vehicle,OTHER - EXPLAIN IN NARRATIVE,UNSAFE LANE MOVEMENT,SSI,DARK (LIGHTED),CLEAR,DRY,False,39.8046417236328,-86.0540771484375
903418821,2019,2019-07-30,Marion,Indianapolis,21ST ST & POST RD,Pedestrian,OTHER - EXPLAIN IN NARRATIVE,FAILURE TO YIELD RIGHT OF WAY,SSI,DAYLIGHT,CLEAR,DRY,False,39.7967185974121,-86.0093994140625
903419135,2019,2019-07-30,Hendricks,Plainfield,I70E,Vehicle,REAR END,UNSAFE SPEED,Fatal,DAYLIGHT,CLEAR,DRY,False,39.6665191650391,-86.3743133544922
903419207,2019,2019-07-31,Shelby,SHELBYVILLE,CR900S & MT AUBURN MULBERRY ST,Vehicle,LEFT/RIGHT TURN,FAILURE TO YIELD RIGHT OF WAY,SSI,DAYLIGHT,CLEAR,DRY,False,39.3925247192383,-85.8928833007813
903425068,2019,2019-07-31,Boone,Zionsville,SR267S,Vehicle,RAN OFF ROAD,RAN OFF ROAD RIGHT,SSI,DAYLIGHT,CLEAR,DRY,False,39.9416389465332,-86.3977584838867
903313768,2019,2019-02-08,Marion,Indianapolis,CAPITOL AVE & TROY AVE,Pedestrian,LEFT TURN,FAILURE TO YIELD RIGHT OF WAY,SSI,DARK (LIGHTED),CLOUDY,DRY,False,39.7224388122559,-86.1610946655273
903426235,2019,2019-07-31,Hancock,Greenfield,NEW RD,Vehicle,HEAD ON BETWEEN TWO MOTOR VEHICLES,FAILURE TO YIELD RIGHT OF WAY,Fatal,DAYLIGHT,CLEAR,DRY,False,39.8142242431641,-85.769775390625
903451888,2019,2019-07-31,Marion,Indianapolis,MCCARTY ST & DELAWARE ST,Vehicle,NON-COLLISION,RAN OFF ROAD RIGHT,Fatal,DARK (LIGHTED),CLEAR,DRY,False,39.7563591003418,-86.1543579101563
903452277,2019,2019-09-23,Marion,Indianapolis,RURAL ST & 11TH ST,Pedestrian,OTHER - EXPLAIN IN NARRATIVE,PEDESTRIAN ACTION,Fatal,DARK (NOT LIGHTED),CLEAR,DRY,False,39.7825927734375,-86.1164169311523
903419509,2019,2019-08-01,Boone,JAMESTOWN(BOONE),I74W,Vehicle,OTHER - EXPLAIN IN NARRATIVE,UNSAFE SPEED,SSI,DAYLIGHT,CLEAR,DRY,False,39.9790191650391,-86.6764678955078
903420201,2019,2019-08-01,Marion,Indianapolis,TIBBS AVE & 16TH ST,Vehicle,RAN OFF ROAD,ROADWAY SURFACE CONDITION,SSI,DARK (LIGHTED),CLEAR,LOOSE MATERIAL ON ROAD,False,39.7880668640137,-86.2154693603515
903511118,2019,2019-12-19,Hamilton,Carmel,WESTFIELD BLVD & WOOD VALLEY DR,Pedestrian,COLLISION WITH OBJECT IN ROAD,PEDESTRIAN ACTION,SSI,DAWN/DUSK,CLEAR,DRY,False,39.9524612426758,-86.1267547607422
903375206,2019,2019-05-19,Marion,Indianapolis,ENGLISH AVE & TROWBRIDGE ST,Vehicle,HEAD ON BETWEEN TWO MOTOR VEHICLES,LEFT OF CENTER,SSI,DAWN/DUSK,CLOUDY,DRY,False,39.7597923278809,-86.1194839477539
903313769,2019,2019-02-08,Marion,Indianapolis,38TH ST,Vehicle,OTHER - EXPLAIN IN NARRATIVE,ROADWAY SURFACE CONDITION,SSI,DAYLIGHT,SEVERE CROSS WIND,ICE,False,39.8264427185059,-85.9813766479492
903431391,2019,2019-08-01,Hancock,,I70,Vehicle,NON-COLLISION,HOLES/RUTS IN SURFACE,Fatal,DAYLIGHT,CLEAR,DRY,True,39.8281784057617,-85.6002349853516
903453060,2019,2019-09-23,Marion,Indianapolis,I465E,Vehicle,REAR END,OTHER (DRIVER) - EXPLAIN IN NARRATIVE,SSI,DAYLIGHT,CLEAR,DRY,False,39.6938552856445,-86.1946105957031