id,year,date,county,city,cross_street,crash_type,manner,primary_factor,ssi_fatal,light,weather,surface,interstate,lat,lon
903379815,2019,2019-05-19,Marion,Indianapolis,ROCKVILLE RD & HIGH SCHOOL RD,Vehicle,LEFT TURN,DISREGARD SIGNAL/REG SIGN,SSI,DAYLIGHT,RAIN,WET,False,39.7647132873535,-86.2698974609375
903511171,2019,2019-12-19,Hamilton,Noblesville,CURRANT DR,Pedestrian,REAR END,OTHER (DRIVER) - EXPLAIN IN NARRATIVE,SSI,DAYLIGHT,CLEAR,ICE,False,40.0696258544922,-86.0501022338867
903314204,2019,2019-02-08,Shelby,SHELBYVILLE,I74E,Vehicle,RAN OFF ROAD,RAN OFF ROAD RIGHT,Fatal,DAYLIGHT,CLEAR,DRY,False,39.4980621337891,-85.6953353881836
903420463,2019,2019-08-02,Hancock,Greenfield,DAVIS RD & FRANKLIN ST,Vehicle,RIGHT ANGLE,FAILURE TO YIELD RIGHT OF WAY,SSI,DAYLIGHT,CLOUDY,DRY,False,39.7721405029297,-85.7835998535156
903451682,2019,2019-09-24,Johnson,TRAFALGAR,W INDIAN CREEK DR,Pedestrian,OTHER - EXPLAIN IN NARRATIVE,OTHER (DRIVER) - EXPLAIN IN NARRATIVE,SSI,DAYLIGHT,CLEAR,DRY,False,39.4080505371094,-86.1589050292969
903397934,2019,2019-05-19,Marion,Indianapolis,SHELBY ST & PALMER ST,Vehicle,OTHER - EXPLAIN IN NARRATIVE,OVERCORRECTING/OVERSTEERING,Fatal,DARK (NOT LIGHTED),CLEAR,LOOSE MATERIAL ON ROAD,False,39.746467590332,-86.1397247314453
903510875,2019,2019-12-20,Johnson,Franklin,US31 & WESTVIEW DR,Vehicle,RIGHT ANGLE,DISREGARD SIGNAL/REG SIGN,SSI,DARK (LIGHTED),CLEAR,DRY,False,39.4947776794434,-86.0652313232422
903315502,2019,2019-02-09,Marion,Indianapolis,16TH ST & GRAHAM AVE,Vehicle,REAR END,UNSAFE LANE MOVEMENT,SSI,DARK (LIGHTED),CLEAR,DRY,False,39.7889404296875,-86.0689468383789
903421649,2019,2019-08-02,Hamilton,Noblesville,MERCANTILE BLVD,Pedestrian,LEFT TURN,OTHER (DRIVER) - EXPLAIN IN NARRATIVE,SSI,DAYLIGHT,CLEAR,DRY,False,40.0371551513672,-85.9939651489258
903451806,2019,2019-09-24,Johnson,Greenwood,ACADEMY ST,Vehicle,HEAD ON BETWEEN TWO MOTOR VEHICLES,OTHER (DRIVER) - EXPLAIN IN NARRATIVE,SSI,DARK (NOT LIGHTED),CLEAR,DRY,False,39.616512298584,-86.1018905639648
903452553,2019,2019-09-24,Marion,Indianapolis,16TH ST & WATERWAY BLVD,Vehicle,HEAD ON BETWEEN TWO MOTOR VEHICLES,LEFT OF CENTER,SSI,DAYLIGHT,CLEAR,DRY,False,39.7892951965332,-86.1955871582031
903460708,2019,2019-09-25,Marion,Indianapolis,PLAINFIELD AVE & GERRARD DR,Pedestrian,NON-COLLISION,PEDESTRIAN ACTION,SSI,DARK (NOT LIGHTED),CLEAR,DRY,False,39.7473068237305,-86.2483825683594
903509267,2019,2019-09-25,Marion,Indianapolis,DR ANDREW J BROWN AVE & 23RD ST,Vehicle,SAME DIRECTION SIDESWIPE,FAILURE TO YIELD RIGHT OF WAY,SSI,DARK (LIGHTED),CLEAR,DRY,False,39.7989082336426,-86.1356506347656
903460709,2019,2019-09-26,Marion,Indianapolis,SHERMAN DR & 39TH ST,Vehicle,NON-COLLISION,LEFT OF CENTER,SSI,DAYLIGHT,CLEAR,DRY,False,39.8268775939941,-86.1027450561523
903461983,2019,2019-09-26,Hancock,Greenfield,MCKENZIE RD & BRANDYWINE ST,Pedestrian,OTHER - EXPLAIN IN NARRATIVE,UNSAFE LANE MOVEMENT,Fatal,DARK (LIGHTED),CLOUDY,DRY,False,39.7995185852051,-85.7625427246094
903464649,2019,2019-09-26,Marion,Indianapolis,SHELBYVILLE RD & FIVE POINTS RD,Vehicle,RIGHT ANGLE,DISREGARD SIGNAL/REG SIGN,Fatal,DAYLIGHT,CLEAR,DRY,False,39.6620140075684,-86.04443359375
903453147,2019,2019-09-27,Hamilton,Westfield,146 ST & SADDLEBACK DR,Vehicle,OTHER - EXPLAIN IN NARRATIVE,DRIVER DISTRACTED - EXPLAIN IN NARRATIVE,SSI,DARK (NOT LIGHTED),CLEAR,DRY,False,40.0000762939453,-86.142707824707
903453245,2019,2019-09-27,Hancock,,CR700W,Vehicle,RAN OFF ROAD,OVERCORRECTING/OVERSTEERING,SSI,DAYLIGHT,CLEAR,DRY,False,39.8131294250488,-85.8410797119141
903453635,2019,2019-09-27,Marion,Indianapolis,STOP 11 RD & EMERSON AVE,Vehicle,OPPOSITE DIRECTION SIDESWIPE,FAILURE TO YIELD RIGHT OF WAY,SSI,DAYLIGHT,CLEAR,DRY,False,39.6511497497558,-86.082649230957
903454720,2019,2019-09-27,Hamilton,Noblesville,GREENFIELD AVE & 16TH ST,Vehicle,RAN OFF ROAD,DRIVER ASLEEP OR FATIGUED,SSI,DAYLIGHT,CLEAR,DRY,False,40.0305671691895,-86.0044403076172
903455664,2019,2019-09-27,Marion,Indianapolis,30TH ST & KESSLER BLVD DR,Vehicle,OTHER - EXPLAIN IN NARRATIVE,OVERCORRECTING/OVERSTEERING,SSI,DAYLIGHT,CLEAR,DRY,False,39.8097496032715,-86.2110977172852
903465755,2019,2019-09-27,Marion,Indianapolis,I465N,Vehicle,REAR END,FOLLOWING TOO CLOSELY,SSI,DAYLIGHT,CLEAR,DRY,False,39.7308006286621,-86.2643661499023
903453766,2019,2019-09-28,Marion,Indianapolis,COL H WEIR COOK MEMORIAL DR & I70 SPLIT RP,Vehicle,RAN OFF ROAD,OTHER (DRIVER) - EXPLAIN IN NARRATIVE,SSI,DARK (LIGHTED),CLEAR,DRY,True,39.697021484375,-86.3201065063476
903454728,2019,2019-09-28,Hamilton,Noblesville,SR38,Vehicle,RIGHT ANGLE,FAILURE TO YIELD RIGHT OF WAY,SSI,DAYLIGHT,CLEAR,DRY,False,40.048023223877,-86.0251007080078
903455546,2019,2019-09-28,Marion,Indianapolis,STATESMEN DR & 82ND ST,Vehicle,RIGHT ANGLE,UNSAFE SPEED,SSI,DAYLIGHT,CLEAR,DRY,False,39.9056205749512,-86.0889434814453
903456578,2019,2019-09-28,Hancock,,CR300N,Vehicle,RAN OFF ROAD,UNSAFE SPEED,Fatal,DAWN/DUSK,CLEAR,DRY,False,39.8292503356934,-85.7254180908203
903454145,2019,2019-09-29,Hendricks,STILESVILLE,CR550W & HENDRICKS COUNTY LINE RD,Vehicle,RAN OFF ROAD,RAN OFF ROAD RIGHT,SSI,DARK (NOT LIGHTED),CLEAR,DRY,False,39.6174774169922,-86.6226654052734
903455759,2019,2019-09-29,Marion,Indianapolis,ENTERPRISE PKWY & KEYSTONE WAY,Vehicle,RIGHT ANGLE,LEFT OF CENTER,SSI,DAYLIGHT,CLEAR,DRY,False,39.8005332946777,-86.1186676025391
903455781,2019,2019-09-30,Marion,Indianapolis,16TH ST & SHORTRIDGE RD,Vehicle,RIGHT ANGLE,IMPROPER PASSING,SSI,DARK (NOT LIGHTED),CLEAR,DRY,False,39.7891578674316,-86.040657043457
903457228,2019,2019-09-30,Marion,Indianapolis,38TH ST & KEYSTONE AVE,Vehicle,RIGHT ANGLE,DISREGARD SIGNAL/REG SIGN,Fatal,DARK (LIGHTED),CLEAR,DRY,False,39.8252906799316,-86.1217269897461
903456596,2019,2019-10-01,Marion,Indianapolis,I70E,Vehicle,REAR END,UNSAFE SPEED,Fatal,DAYLIGHT,CLEAR,DRY,False,39.8028831481934,-85.9739532470703
903457016,2019,2019-10-01,Marion,Indianapolis,I465E,Pedestrian,OTHER - EXPLAIN IN NARRATIVE,OTHER (ENVIRONMENTAL) - EXPLAIN IN NARR,Fatal,DARK (NOT LIGHTED),CLEAR,DRY,False,39.9230422973633,-86.118408203125
903458343,2019,2019-10-01,Marion,Lawrence,US36E & LA PINTA DR,Vehicle,HEAD ON BETWEEN TWO MOTOR VEHICLES,LEFT OF CENTER,Fatal,DAYLIGHT,CLEAR,DRY,False,39.8516693115234,-85.9954833984375
903456340,2019,2019-10-02,Morgan,,SR267 & COUNTY LINE RD,Vehicle,HEAD ON BETWEEN TWO MOTOR VEHICLES,FAILURE TO YIELD RIGHT OF WAY,SSI,DAYLIGHT,CLOUDY,DRY,False,39.630672454834,-86.3855819702148
903456946,2019,2019-10-02,Marion,Indianapolis,35TH ST & MARTIN LUTHER KING JR ST,Vehicle,REAR END,DRIVER DISTRACTED - EXPLAIN IN NARRATIVE,SSI,DAYLIGHT,CLEAR,DRY,False,39.8163681030273,-86.1768341064453
903457245,2019,2019-10-02,Hendricks,,SR267,Vehicle,RIGHT ANGLE,FAILURE TO YIELD RIGHT OF WAY,Fatal,DAYLIGHT,CLOUDY,DRY,False,39.9092636108398,-86.3975067138672
903459618,2019,2019-10-03,Marion,Indianapolis,I65N,Vehicle,REAR END,FOLLOWING TOO CLOSELY,SSI,DAYLIGHT,CLEAR,DRY,False,39.8131980895996,-86.1813278198242
903464650,2019,2019-10-03,Marion,Indianapolis,DEARBORN ST & BROOKSIDE PARKWAY DR,Vehicle,SAME DIRECTION SIDESWIPE,OVERCORRECTING/OVERSTEERING,SSI,DAYLIGHT,CLEAR,DRY,False,39.7929191589355,-86.1119003295899
903457972,2019,2019-10-04,Shelby,SHELBYVILLE,SR44E,Vehicle,REAR END,FOLLOWING TOO CLOSELY,SSI,DAYLIGHT,CLEAR,DRY,False,39.534008026123,-85.7181167602539
903464253,2019,2019-10-04,Marion,Indianapolis,ZONA DR,Pedestrian,OTHER - EXPLAIN IN NARRATIVE,PEDESTRIAN ACTION,SSI,DAYLIGHT,CLEAR,DRY,False,39.6478385925293,-86.1187973022461
903464651,2019,2019-10-04,Marion,Indianapolis,PLAINFIELD AVE & MORRIS ST,Pedalcycle,,OTHER (DRIVER) - EXPLAIN IN NARRATIVE,Fatal,DARK (LIGHTED),CLEAR,DRY,False,39.7492179870605,-86.2406005859375
903458728,2019,2019-10-05,Hamilton,,206 ST & SYLVAN DR,Vehicle,RAN OFF ROAD,RAN OFF ROAD RIGHT,SSI,DARK (NOT LIGHTED),CLEAR,DRY,False,40.0877685546875,-85.9665756225586
903459326,2019,2019-10-05,Marion,Indianapolis,SR135S & HUDDLESTON DR,Vehicle,RAN OFF ROAD,RAN OFF ROAD RIGHT,SSI,DARK (NOT LIGHTED),CLEAR,DRY,False,39.6563529968262,-86.158317565918
903458404,2019,2019-10-06,Marion,Beech Grove,EMERSON AVE & MAIN ST,Vehicle,LEFT/RIGHT TURN,IMPROPER TURNING,SSI,DARK (LIGHTED),CLEAR,DRY,False,39.6142425537109,-86.0827789306641
903458825,2019,2019-10-06,Johnson,,MATTHEWS RD & ROCKLANE RD,Vehicle,RAN OFF ROAD,RAN OFF ROAD RIGHT,SSI,DAYLIGHT,RAIN,WET,False,39.6146278381348,-86.0256729125977
903458901,2019,2019-10-06,Hendricks,,CR200N,Vehicle,REAR END,FOLLOWING TOO CLOSELY,SSI,DARK (NOT LIGHTED),CLOUDY,WET,False,39.7902984619141,-86.5053176879883
903464652,2019,2019-10-07,Marion,Indianapolis,38TH ST & GALE ST,Pedestrian,OTHER - EXPLAIN IN NARRATIVE,PEDESTRIAN ACTION,SSI,DAYLIGHT,CLEAR,DRY,False,39.8252944946289,-86.1056671142578
903459696,2019,2019-10-08,Johnson,Greenwood,INDEPENDENCE DR & PROVIDENCE DR,Vehicle,RAN OFF ROAD,UNSAFE SPEED,SSI,DARK (LIGHTED),CLEAR,DRY,False,39.5852317810059,-86.1018295288086
903460107,2019,2019-10-08,Johnson,,COUNTY LINE RD RD & CHESSIE DR DR,Vehicle,REAR END,DRIVER DISTRACTED - EXPLAIN IN NARRATIVE,SSI,DAYLIGHT,CLEAR,DRY,False,39.6346626281738,-86.1815032958984
903460630,2019,2019-10-08,Marion,Indianapolis,SHELBY ST & SANDERS ST,Pedalcycle,RIGHT ANGLE,FAILURE TO YIELD RIGHT OF WAY,SSI,DAYLIGHT,CLEAR,DRY,False,39.7505836486816,-86.1398010253906
903469111,2019,2019-10-08,Hamilton,Noblesville,SR19 & FIELD DR,Vehicle,REAR END,FOLLOWING TOO CLOSELY,SSI,DAYLIGHT,CLEAR,DRY,False,40.0629272460938,-86.0164184570313
903460938,2019,2019-10-09,Morgan,Mooresville,SR67 & MERRIMAN RD,Vehicle,REAR END,FOLLOWING TOO CLOSELY,Fatal,DAYLIGHT,CLEAR,DRY,False,39.5679168701172,-86.3778915405273
903463960,2019,2019-10-09,Marion,Lawrence,LEE RD & E 63RD ST,Vehicle,HEAD ON BETWEEN TWO MOTOR VEHICLES,LEFT OF CENTER,SSI,DAYLIGHT,CLEAR,DRY,False,39.8729553222656,-85.9999465942383
903468181,2019,2019-10-09,Marion,Indianapolis,21ST ST & SHORELAND DR,Vehicle,NON-COLLISION,IMPROPER LANE USAGE,SSI,DARK (LIGHTED),CLEAR,DRY,False,39.7968482971191,-85.9987945556641
903461264,2019,2019-10-10,Marion,Indianapolis,DELAWARE ST & 16TH ST,Vehicle,RAN OFF ROAD,RAN OFF ROAD RIGHT,SSI,DARK (LIGHTED),CLEAR,DRY,False,39.7884292602539,-86.1539077758789
903464285,2019,2019-10-10,Marion,Indianapolis,STOUT FIELD DR & SAM JONES DR,Vehicle,HEAD ON BETWEEN TWO MOTOR VEHICLES,DISREGARD SIGNAL/REG SIGN,SSI,DAYLIGHT,CLEAR,DRY,False,39.7325325012207,-86.2345809936523
903461706,2019,2019-10-11,Johnson,Greenwood,STOP 18 RD & SAWGRASS LN,Vehicle,RAN OFF ROAD,SPEED TOO FAST FOR WEATHER CONDITIONS,SSI,DARK (NOT LIGHTED),CLEAR,WET,False,39.5947303771973,-86.0829162597656
903461915,2019,2019-10-11,Hancock,,I70W,Vehicle,RAN OFF ROAD,UNSAFE LANE MOVEMENT,SSI,DARK (NOT LIGHTED),CLEAR,DRY,False,39.8199615478515,-85.8611450195313
903462544,2019,2019-10-11,Hancock,Greenfield,SR9 & OPPORTUNITY PKWY,Vehicle,REAR END,DRIVER DISTRACTED - EXPLAIN IN NARRATIVE,SSI,DAYLIGHT,RAIN,WET,False,39.8260192871094,-85.7701110839844
903464495,2019,2019-10-11,Marion,Indianapolis,WASHINGTON ST & DEARBORN ST,Pedestrian,NON-COLLISION,PEDESTRIAN ACTION,SSI,DAWN/DUSK,RAIN,WET,False,39.7687492370605,-86.110595703125
903462966,2019,2019-10-13,Hancock,,CR200W,Vehicle,RIGHT ANGLE,FAILURE TO YIELD RIGHT OF WAY,SSI,DAYLIGHT,CLEAR,DRY,False,39.757137298584,-85.8391036987305
903463541,2019,2019-10-13,Hamilton,Carmel,96TH ST & SPRING MILL RD,Vehicle,NON-COLLISION,OTHER (DRIVER) - EXPLAIN IN NARRATIVE,SSI,DAYLIGHT,CLEAR,DRY,False,39.9273109436035,-86.1649703979492
903463788,2019,2019-10-13,Marion,Indianapolis,I74W,Vehicle,RAN OFF ROAD,RAN OFF ROAD RIGHT,Fatal,DAWN/DUSK,CLEAR,DRY,False,39.725902557373,-86.0201034545898
903465666,2019,2019-10-13,Hamilton,Fishers,96TH ST & CARROLL RD,Vehicle,RAN OFF ROAD,RAN OFF ROAD RIGHT,SSI,DARK (LIGHTED),CLEAR,DRY,False,39.9277191162109,-85.9358901977539
903468195,2019,2019-10-14,Marion,Indianapolis,WASHINGTON ST & IRVINGTON AVE,Vehicle,LEFT TURN,FAILURE TO YIELD RIGHT OF WAY,SSI,DAYLIGHT,CLEAR,DRY,False,39.7705764770508,-86.0757904052734
903465046,2019,2019-10-15,Marion,Indianapolis,CAPITOL AVE & SOUTH ST,Vehicle,RAN OFF ROAD,RAN OFF ROAD RIGHT,SSI,DARK (LIGHTED),RAIN,WET,False,39.7613487243652,-86.1621627807617
903465732,2019,2019-10-16,Hamilton,Carmel,CHERRY TREE RD & MAIN ST,Pedalcycle,OTHER - EXPLAIN IN NARRATIVE,OTHER (DRIVER) - EXPLAIN IN NARRATIVE,SSI,DAYLIGHT,CLOUDY,DRY,False,39.9785537719727,-86.080078125
903466059,2019,2019-10-17,Boone,Zionsville,SR267 & INDIANAPOLIS RD,Vehicle,RIGHT ANGLE,DISREGARD SIGNAL/REG SIGN,Fatal,DAYLIGHT,CLEAR,DRY,False,39.9778633117676,-86.3985748291016
903494074,2019,2019-10-17,Marion,Indianapolis,35TH ST & TACOMA AVE,Pedestrian,,LEFT OF CENTER,Fatal,DARK (NOT LIGHTED),CLEAR,DRY,False,39.8199119567871,-86.1196975708008
903466763,2019,2019-10-18,Hamilton,Westfield,CAREY RD & VILLAGE PARK DR,Vehicle,REAR END,FOLLOWING TOO CLOSELY,SSI,DAYLIGHT,CLEAR,DRY,False,40.0023956298828,-86.1086273193359
903487295,2019,2019-10-18,Marion,Indianapolis,MADISON AVE & WORMAN ST,Pedestrian,OTHER - EXPLAIN IN NARRATIVE,PEDESTRIAN ACTION,Fatal,DARK (LIGHTED),CLEAR,DRY,False,39.663501739502,-86.1265640258789
903468274,2019,2019-10-19,Marion,Indianapolis,EMERSON AVE & ELENOR ST,Vehicle,LEFT TURN,LEFT OF CENTER,Fatal,DARK (LIGHTED),CLEAR,DRY,False,39.7008590698242,-86.082389831543
903469972,2019,2019-10-19,Marion,Indianapolis,I465,Vehicle,REAR END,FOLLOWING TOO CLOSELY,SSI,DAYLIGHT,CLEAR,DRY,True,39.9067115783691,-86.0724182128906
903467728,2019,2019-10-20,Johnson,Greenwood,SR135S & SMITH VALLEY RD,Vehicle,LEFT TURN,DISREGARD SIGNAL/REG SIGN,SSI,DAYLIGHT,CLEAR,DRY,False,39.6058959960938,-86.1590042114258
903468340,2019,2019-10-20,Marion,Indianapolis,21ST ST & KENYON ST,Vehicle,HEAD ON BETWEEN TWO MOTOR VEHICLES,OVERCORRECTING/OVERSTEERING,SSI,DAYLIGHT,CLOUDY,DRY,False,39.7964477539062,-86.0566940307617
903469436,2019,2019-10-20,Shelby,SHELBYVILLE,CR500S,Vehicle,RAN OFF ROAD,RAN OFF ROAD RIGHT,Fatal,DARK (NOT LIGHTED),CLEAR,DRY,False,39.453010559082,-85.7191543579102
903468711,2019,2019-10-21,Morgan,MARTINSVILLE,WILBUR RD & PUMPKINVINE HILL RD,Vehicle,RAN OFF ROAD,RAN OFF ROAD RIGHT,SSI,DAYLIGHT,RAIN,WET,False,39.4607543945312,-86.4583435058594
903469776,2019,2019-10-21,Morgan,,COUNTY LINE RD,Vehicle,OTHER - EXPLAIN IN NARRATIVE,OTHER (DRIVER) - EXPLAIN IN NARRATIVE,SSI,DARK (NOT LIGHTED),CLEAR,WET,False,39.6319961547852,-86.3304901123047
903474506,2019,2019-10-21,Marion,Indianapolis,ARLINGTON AVE & 10TH ST,Vehicle,RIGHT ANGLE,UNSAFE SPEED,Fatal,DARK (LIGHTED),CLEAR,DRY,False,39.781551361084,-86.0641403198242
903474532,2019,2019-10-21,Marion,Indianapolis,TIBBS AVE & 17TH ST,Pedestrian,OTHER - EXPLAIN IN NARRATIVE,PEDESTRIAN ACTION,SSI,DARK (LIGHTED),CLEAR,DRY,False,39.7897567749024,-86.2158432006836
903470993,2019,2019-10-22,Johnson,Greenwood,FRY RD,Vehicle,RAN OFF ROAD,DRIVER ILLNESS,SSI,DAYLIGHT,CLEAR,DRY,False,39.6281623840332,-86.1524963378906
903470021,2019,2019-10-23,Hamilton,Carmel,146 ST & DITCH RD,Vehicle,RAN OFF ROAD,RAN OFF ROAD RIGHT,SSI,DAYLIGHT,CLEAR,DRY,False,39.9992179870605,-86.1838912963867
903470169,2019,2019-10-23,Hendricks,CLAYTON,CR200E & MARKET ST,Vehicle,RAN OFF ROAD,RAN OFF ROAD RIGHT,SSI,DARK (NOT LIGHTED),CLEAR,DRY,False,39.6810226440429,-86.4851303100586
903483489,2019,2019-10-23,Marion,Indianapolis,E OHIO ST,Vehicle,RAN OFF ROAD,OTHER (DRIVER) - EXPLAIN IN NARRATIVE,Fatal,DARK (LIGHTED),CLEAR,DRY,False,39.7694625854492,-86.1526718139648
903471254,2019,2019-10-24,Boone,,I65S,Vehicle,RAN OFF ROAD,DRIVER ILLNESS,SSI,DARK (NOT LIGHTED),CLEAR,DRY,False,40.1153259277344,-86.5146331787109
903473561,2019,2019-10-25,Marion,Indianapolis,14TH ST & COLLEGE AVE,Vehicle,OTHER - EXPLAIN IN NARRATIVE,UNSAFE LANE MOVEMENT,SSI,DAYLIGHT,CLOUDY,DRY,False,39.785530090332,-86.1447525024414
903472044,2019,2019-10-27,Johnson,Greenwood,SHEEK RD & MAIN ST,Vehicle,LEFT TURN,FAILURE TO YIELD RIGHT OF WAY,SSI,DARK (LIGHTED),CLEAR,DRY,False,39.6143760681152,-86.0784912109375
903472691,2019,2019-10-27,Morgan,MARTINSVILLE,SR37S & TWIN BRANCH RD,Vehicle,RIGHT ANGLE,FAILURE TO YIELD RIGHT OF WAY,SSI,DAYLIGHT,CLEAR,DRY,False,39.4417457580566,-86.3871231079102
903483490,2019,2019-10-27,Marion,Indianapolis,SHERMAN DR & 28TH ST,Vehicle,LEFT TURN,FAILURE TO YIELD RIGHT OF WAY,SSI,DAYLIGHT,CLEAR,DRY,False,39.8068428039551,-86.1025466918945
903488967,2019,2019-10-27,Marion,Indianapolis,EXETER AVE & 18TH ST,Pedestrian,OTHER - EXPLAIN IN NARRATIVE,UNSAFE BACKING,Fatal,DARK (NOT LIGHTED),CLEAR,DRY,False,39.7912673950195,-86.2198638916015
903473364,2019,2019-10-28,Marion,Indianapolis,INDIANA AVE & UNIVERSITY BLVD,Pedestrian,LEFT TURN,FAILURE TO YIELD RIGHT OF WAY,SSI,DARK (LIGHTED),CLOUDY,DRY,False,39.7799911499023,-86.1740951538086
903473595,2019,2019-10-28,Marion,Indianapolis,WASHINGTON ST & LASALLE ST,Vehicle,HEAD ON BETWEEN TWO MOTOR VEHICLES,CELL PHONE USAGE,SSI,DAYLIGHT,CLOUDY,DRY,False,39.768798828125,-86.1095809936523
903479967,2019,2019-10-28,Marion,Indianapolis,RURAL ST & MASSACHUSETTS AVE,Vehicle,RIGHT ANGLE,FAILURE TO YIELD RIGHT OF WAY,SSI,DARK (LIGHTED),CLEAR,DRY,False,39.7939491271973,-86.116584777832
903484397,2019,2019-10-28,Marion,Indianapolis,BROOKVILLE RD & AUDUBON RD,Vehicle,LEFT TURN,FAILURE TO YIELD RIGHT OF WAY,Fatal,DAYLIGHT,CLEAR,DRY,False,39.7592926025391,-86.0701904296875
903490000,2019,2019-10-28,Marion,Indianapolis,PARKER AVE & 37TH ST,Vehicle,RAN OFF ROAD,RAN OFF ROAD RIGHT,SSI,DAYLIGHT,CLEAR,DRY,False,39.8230743408203,-86.1134872436524
903494900,2019,2019-10-29,Hamilton,Arcadia,276TH ST & WEBSTER PIT RD,Vehicle,NON-COLLISION,UNSAFE SPEED,SSI,DARK (NOT LIGHTED),CLEAR,DRY,False,40.1904144287109,-86.0562744140625
903474688,2019,2019-10-30,Shelby,SHELBYVILLE,I74E,Vehicle,RAN OFF ROAD,RAN OFF ROAD RIGHT,SSI,DAYLIGHT,RAIN,WET,False,39.568359375,-85.8008422851563
903480701,2019,2019-10-30,Marion,Indianapolis,38TH ST & MARIETTA DR,Pedestrian,HEAD ON BETWEEN TWO MOTOR VEHICLES,OTHER (DRIVER) - EXPLAIN IN NARRATIVE,SSI,DARK (NOT LIGHTED),RAIN,WET,False,39.826301574707,-85.9886016845703
903483491,2019,2019-10-30,Marion,Speedway,25TH ST & AUBURN ST,Vehicle,HEAD ON BETWEEN TWO MOTOR VEHICLES,LEFT OF CENTER,SSI,DARK (NOT LIGHTED),CLOUDY,WET,False,39.8020095825195,-86.2449722290039
903476202,2019,2019-10-31,Marion,Indianapolis,E 21ST ST,Vehicle,LEFT TURN,FAILURE TO YIELD RIGHT OF WAY,SSI,DAYLIGHT,CLOUDY,DRY,False,39.7965965270996,-86.025276184082
903479802,2019,2019-10-31,Marion,Indianapolis,LYNHURST DR & DELMAR AVE,Vehicle,RIGHT ANGLE,DISREGARD SIGNAL/REG SIGN,SSI,DAYLIGHT,CLEAR,DRY,False,39.7563896179199,-86.2501754760742
903476157,2019,2019-11-01,Johnson,Edinburgh,US31S & CR550E RD,Vehicle,REAR END,OTHER (VEHICLE) - EXPLAIN IN NARRATIVE,Fatal,DARK (NOT LIGHTED),CLEAR,DRY,False,39.3939552307129,-85.98828125
903476718,2019,2019-11-01,Johnson,Greenwood,SOUTHERN PINES DR & LODGEPOLE DR,Pedalcycle,RIGHT ANGLE,FAILURE TO YIELD RIGHT OF WAY,SSI,DAYLIGHT,CLEAR,DRY,False,39.5759315490723,-86.1167449951172
903477286,2019,2019-11-02,Morgan,MARTINSVILLE,BURTON LN & SOUTHVIEW DR,Vehicle,RAN OFF ROAD,RAN OFF ROAD RIGHT,SSI,DARK (NOT LIGHTED),CLEAR,DRY,False,39.3998832702637,-86.4371109008789
903477907,2019,2019-11-02,Hamilton,Carmel,116TH ST & ST ANDREWS LN,Vehicle,REAR END,FOLLOWING TOO CLOSELY,SSI,DAYLIGHT,CLEAR,DRY,False,39.9557838439941,-86.1966171264649
903476977,2019,2019-11-03,Marion,Indianapolis,SAM JONES EXPY & HIGH SCHOOL RD,Vehicle,RAN OFF ROAD,OTHER (DRIVER) - EXPLAIN IN NARRATIVE,SSI,DARK (LIGHTED),CLEAR,DRY,False,39.7299652099609,-86.2699584960938
903314688,2019,2019-02-10,Johnson,Franklin,N GRAHAM RD,Vehicle,RAN OFF ROAD,SPEED TOO FAST FOR WEATHER CONDITIONS,SSI,DAYLIGHT,SNOW,SNOW/SLUSH,False,39.5245590209961,-86.0588912963867
903374906,2019,2019-05-20,Marion,Indianapolis,I465W,Vehicle,REAR END,UNSAFE SPEED,SSI,DAYLIGHT,CLEAR,DRY,False,39.6979064941406,-86.1794052124023
903511554,2019,2019-12-20,Hendricks,CLAYTON,US40,Pedestrian,OTHER - EXPLAIN IN NARRATIVE,OTHER (DRIVER) - EXPLAIN IN NARRATIVE,SSI,DARK (NOT LIGHTED),CLEAR,DRY,False,39.6806297302246,-86.4754638671875
903315769,2019,2019-02-11,Hancock,,CR900N,Vehicle,RAN OFF ROAD,RAN OFF ROAD RIGHT,SSI,DAWN/DUSK,FOG/SMOKE/SMOG,SNOW/SLUSH,False,39.9162254333496,-85.7042846679688
903375054,2019,2019-05-20,Marion,Indianapolis,GIRLS SCHOOL RD,Vehicle,NON-COLLISION,OTHER (DRIVER) - EXPLAIN IN NARRATIVE,SSI,DAYLIGHT,CLEAR,DRY,False,39.7818069458008,-86.2926483154297
903517317,2019,2019-12-20,Morgan,MARTINSVILLE,SR37N & HENDERSON FORD RD,Vehicle,OTHER - EXPLAIN IN NARRATIVE,FAILURE TO YIELD RIGHT OF WAY,SSI,DAWN/DUSK,CLEAR,DRY,False,39.4880409240723,-86.355224609375
903518260,2019,2019-12-20,Marion,Indianapolis,DITCH RD & 86TH ST,Vehicle,RIGHT ANGLE,FAILURE TO YIELD RIGHT OF WAY,SSI,DARK (LIGHTED),CLEAR,WET,False,39.9121856689453,-86.1839828491211
903318731,2019,2019-02-11,Marion,Indianapolis,MARYLAND ST & MERIDIAN ST,Pedestrian,NON-COLLISION,FAILURE TO YIELD RIGHT OF WAY,SSI,DARK (LIGHTED),RAIN,WET,False,39.7656440734863,-86.1581192016602