id,year,date,county,city,cross_street,crash_type,manner,primary_factor,ssi_fatal,light,weather,surface,interstate,lat,lon
903442343,2019,2019-08-02,Marion,Indianapolis,29TH ST & RADER ST,Vehicle,REAR END,UNSAFE LANE MOVEMENT,SSI,DAYLIGHT,CLEAR,DRY,False,39.8082733154297,-86.1779174804688
903511739,2019,2019-12-21,Boone,THORNTOWN,I65S,Vehicle,SAME DIRECTION SIDESWIPE,UNSAFE LANE MOVEMENT,SSI,DAYLIGHT,CLEAR,DRY,False,40.0998497009277,-86.5095520019531
903513549,2019,2019-12-21,Johnson,Greenwood,OAKWOOD DR & SURREY HILL LN,Vehicle,HEAD ON BETWEEN TWO MOTOR VEHICLES,LEFT OF CENTER,SSI,DAYLIGHT,CLEAR,DRY,False,39.6110229492187,-86.1260604858398
903322128,2019,2019-02-11,Marion,Indianapolis,WASHINGTON ST & AUBURN ST,Vehicle,RIGHT ANGLE,LEFT OF CENTER,SSI,DARK (LIGHTED),RAIN,WET,False,39.7547988891601,-86.2439651489258
903378579,2019,2019-05-20,Marion,Indianapolis,I465,Vehicle,REAR END,FOLLOWING TOO CLOSELY,SSI,DAYLIGHT,CLEAR,DRY,True,39.6923217773438,-86.2178344726563
903521467,2019,2019-12-21,Marion,Indianapolis,US136 & WATERFRONT PARKWAY DR,Vehicle,HEAD ON BETWEEN TWO MOTOR VEHICLES,OTHER (DRIVER) - EXPLAIN IN NARRATIVE,SSI,DARK (NOT LIGHTED),CLEAR,WET,False,39.8035850524902,-86.2828369140625
903318410,2019,2019-02-13,Hamilton,Noblesville,MONUMENT ST & 16TH ST,Pedestrian,LEFT TURN,FAILURE TO YIELD RIGHT OF WAY,SSI,DARK (LIGHTED),CLEAR,DRY,False,40.051097869873,-86.0051345825195
903375977,2019,2019-05-22,Marion,Indianapolis,ARLINGTON AVE & 34TH ST,Vehicle,RIGHT ANGLE,SPEED TOO FAST FOR WEATHER CONDITIONS,SSI,DAYLIGHT,RAIN,WET,False,39.818359375,-86.0645980834961
903420814,2019,2019-08-03,Morgan,MONROVIA,SR42W & EVERETT RD,Vehicle,HEAD ON BETWEEN TWO MOTOR VEHICLES,IMPROPER TURNING,SSI,DAYLIGHT,CLEAR,DRY,False,39.5789451599121,-86.4916763305664
903512267,2019,2019-12-22,Hendricks,Plainfield,SR267,Vehicle,HEAD ON BETWEEN TWO MOTOR VEHICLES,FAILURE TO YIELD RIGHT OF WAY,SSI,DARK (LIGHTED),CLEAR,DRY,False,39.7038459777832,-86.3994216918945
903324178,2019,2019-02-13,Hendricks,CLAYTON,I70E,Pedestrian,OTHER - EXPLAIN IN NARRATIVE,PEDESTRIAN ACTION,Fatal,DARK (LIGHTED),CLEAR,DRY,False,39.6144981384277,-86.4761962890625
903421314,2019,2019-08-03,Morgan,MARTINSVILLE,SR37S & GRAND VALLEY BLVD,Vehicle,OTHER - EXPLAIN IN NARRATIVE,IMPROPER LANE USAGE,SSI,DARK (NOT LIGHTED),CLEAR,DRY,False,39.4169387817383,-86.4120101928711
903376015,2019,2019-05-22,Shelby,SHELBYVILLE,N RILEY HWY,Vehicle,OTHER - EXPLAIN IN NARRATIVE,OTHER (DRIVER) - EXPLAIN IN NARRATIVE,Fatal,DAYLIGHT,RAIN,WET,False,39.5653762817383,-85.7748718261719
903512778,2019,2019-12-23,Johnson,Franklin,US31 & LEMLEY ST,Vehicle,LEFT TURN,FAILURE TO YIELD RIGHT OF WAY,SSI,DAYLIGHT,CLEAR,DRY,False,39.4919548034668,-86.0644760131836
903333006,2019,2019-02-13,Marion,Indianapolis,I70E,Vehicle,RAN OFF ROAD,RAN OFF ROAD RIGHT,SSI,DAYLIGHT,CLEAR,DRY,False,39.7971572875977,-86.1044387817383
903421735,2019,2019-08-03,Marion,Indianapolis,LYNHURST DR & BRADBURY AVE,Vehicle,RIGHT ANGLE,FAILURE TO YIELD RIGHT OF WAY,SSI,DAYLIGHT,CLEAR,DRY,False,39.7314147949219,-86.2502822875977
903376642,2019,2019-05-22,Marion,Indianapolis,GOLF STREAM DR,Vehicle,NON-COLLISION,OTHER (VEHICLE) - EXPLAIN IN NARRATIVE,SSI,DAYLIGHT,CLOUDY,DRY,False,39.7942695617676,-85.9749755859375
903513064,2019,2019-12-23,Johnson,Greenwood,WORTHSVILLE RD & AVERITT RD,Vehicle,RIGHT ANGLE,DISREGARD SIGNAL/REG SIGN,SSI,DARK (LIGHTED),CLEAR,DRY,False,39.5858879089355,-86.1206893920898
903319073,2019,2019-02-14,Marion,Indianapolis,COUNTRY CLUB RD & COUNTRY CLUB PINE,Vehicle,HEAD ON BETWEEN TWO MOTOR VEHICLES,UNSAFE SPEED,SSI,DARK (NOT LIGHTED),CLEAR,DRY,False,39.8088302612305,-86.3080291748047
903427706,2019,2019-08-03,Hancock,,US40E,Vehicle,SAME DIRECTION SIDESWIPE,DRIVER DISTRACTED - EXPLAIN IN NARRATIVE,SSI,DAYLIGHT,CLEAR,DRY,False,39.7908058166504,-85.6308517456055
903376657,2019,2019-05-23,Marion,Indianapolis,MANN RD & SOUTHPORT RD,Vehicle,OTHER - EXPLAIN IN NARRATIVE,ANIMAL/OBJECT IN ROADWAY,SSI,DARK (NOT LIGHTED),CLEAR,DRY,False,39.6647415161133,-86.2475509643555
903514740,2019,2019-12-23,Hendricks,Danville,E MAIN ST,Vehicle,HEAD ON BETWEEN TWO MOTOR VEHICLES,DISREGARD SIGNAL/REG SIGN,SSI,DARK (LIGHTED),CLEAR,DRY,False,39.7575874328613,-86.5066452026367
903319696,2019,2019-02-16,Johnson,Greenwood,CHRISTY DR & IDA CT,Pedestrian,SAME DIRECTION SIDESWIPE,PEDESTRIAN ACTION,SSI,DAYLIGHT,CLEAR,DRY,False,39.6336975097656,-86.103515625
903456832,2019,2019-08-03,Marion,Indianapolis,BROOKVILLE RD & ARLINGTON AVE,Pedestrian,OTHER - EXPLAIN IN NARRATIVE,OTHER (DRIVER) - EXPLAIN IN NARRATIVE,Fatal,DARK (NOT LIGHTED),CLOUDY,DRY,False,39.7574768066406,-86.0617370605469
903377449,2019,2019-05-23,Marion,Beech Grove,BIG FOUR RD & RITTER AVE,Vehicle,RAN OFF ROAD,RAN OFF ROAD RIGHT,SSI,DARK (LIGHTED),CLEAR,DRY,False,39.7167701721191,-86.0699768066406
903515582,2019,2019-12-23,Marion,Indianapolis,FISHBACK RD & RACEWAY RD,Vehicle,HEAD ON BETWEEN TWO MOTOR VEHICLES,RAN OFF ROAD RIGHT,SSI,DAYLIGHT,CLEAR,DRY,False,39.8861427307129,-86.3200759887695
903319704,2019,2019-02-16,Hancock,,US52,Vehicle,RIGHT ANGLE,FAILURE TO YIELD RIGHT OF WAY,SSI,DAYLIGHT,CLEAR,DRY,False,39.7040061950684,-85.8192749023438
903398019,2019,2019-06-25,Marion,Indianapolis,42ND ST & SHADELAND AVE,Vehicle,REAR END,FAILURE TO YIELD RIGHT OF WAY,SSI,DAYLIGHT,CLEAR,DRY,False,39.8343696594238,-86.0459747314453
903320004,2019,2019-02-17,Boone,,US421N,Vehicle,HEAD ON BETWEEN TWO MOTOR VEHICLES,ROADWAY SURFACE CONDITION,SSI,DARK (NOT LIGHTED),RAIN,ICE,False,40.1750411987305,-86.3513107299805
903421207,2019,2019-08-04,Hendricks,Brownsburg,N GREEN ST & W NORTHFIELD DR,Vehicle,LEFT TURN,FAILURE TO YIELD RIGHT OF WAY,SSI,DAYLIGHT,CLEAR,DRY,False,39.8560333251953,-86.3927993774414
903398530,2019,2019-06-25,Hancock,,US40W,Vehicle,REAR END,FOLLOWING TOO CLOSELY,SSI,DARK (NOT LIGHTED),CLEAR,DRY,False,39.7794570922852,-85.8947525024414
903320682,2019,2019-02-17,Marion,Indianapolis,HANNA AVE & NEW JERSEY ST,Pedestrian,REAR END,IMPROPER LANE USAGE,SSI,DARK (LIGHTED),RAIN,WET,False,39.707878112793,-86.1508560180664
903378047,2019,2019-05-24,Morgan,MARTINSVILLE,SR252E & WHETSTINE RD,Vehicle,RAN OFF ROAD,RAN OFF ROAD RIGHT,SSI,DAYLIGHT,CLEAR,DRY,False,39.3764991760254,-86.3079376220703
903399170,2019,2019-06-25,Marion,Indianapolis,34 ST,Vehicle,RAN OFF ROAD,BRAKE FAILURE OR DEFECTIVE,SSI,DAYLIGHT,CLEAR,DRY,False,39.8183250427246,-86.0535278320313
903321821,2019,2019-02-19,Marion,Indianapolis,55TH ST & CARROLTON AVE,Vehicle,RAN OFF ROAD,RAN OFF ROAD RIGHT,Fatal,DAYLIGHT,CLEAR,DRY,False,39.8527717590332,-86.1442184448242
903421975,2019,2019-08-04,Boone,,SR39S,Vehicle,RAN OFF ROAD,RAN OFF ROAD RIGHT,SSI,DAYLIGHT,CLEAR,DRY,False,39.9654235839844,-86.5045166015625
903535524,2019,2019-12-23,Marion,Indianapolis,WASHINGTON ST & WALLACE AVE,Vehicle,HEAD ON BETWEEN TWO MOTOR VEHICLES,LEFT OF CENTER,Fatal,DAYLIGHT,CLEAR,DRY,False,39.7698745727539,-86.0888824462891
903422830,2019,2019-08-04,Morgan,MARTINSVILLE,SR37S,Vehicle,REAR END,OTHER (DRIVER) - EXPLAIN IN NARRATIVE,SSI,DAYLIGHT,CLEAR,DRY,False,39.4256973266602,-86.4016494750977
903379897,2019,2019-05-24,Marion,Indianapolis,E 10TH ST,Pedestrian,HEAD ON BETWEEN TWO MOTOR VEHICLES,OTHER (DRIVER) - EXPLAIN IN NARRATIVE,SSI,DAYLIGHT,CLEAR,DRY,False,39.7813529968262,-86.1158828735352
903325544,2019,2019-02-19,Hamilton,Noblesville,GREENFIELD AVE & 16TH ST,Vehicle,RIGHT ANGLE,DISREGARD SIGNAL/REG SIGN,SSI,DAYLIGHT,CLEAR,DRY,False,40.0308380126953,-86.0045928955078
903398216,2019,2019-06-26,Marion,Indianapolis,SR135 & MERIDIAN ST,Vehicle,REAR END,DRIVER ILLNESS,SSI,DAYLIGHT,CLEAR,DRY,False,39.6929206848144,-86.1579437255859
903513802,2019,2019-12-25,Hendricks,CLAYTON,CR875S,Vehicle,COLLISION WITH DEER,ANIMAL/OBJECT IN ROADWAY,SSI,DARK (NOT LIGHTED),CLEAR,WET,False,39.6335601806641,-86.4777374267578
903422146,2019,2019-08-05,Hamilton,Westfield,GRASSY BRANCH RD & MERE BLVD,Vehicle,RAN OFF ROAD,RAN OFF ROAD RIGHT,Fatal,DAYLIGHT,CLEAR,DRY,False,40.0526313781738,-86.109245300293
903380577,2019,2019-05-24,Marion,Indianapolis,COLLEGE AVE & NEW YORK ST,Vehicle,RIGHT ANGLE,DISREGARD SIGNAL/REG SIGN,SSI,DAYLIGHT,CLEAR,DRY,False,39.7710418701172,-86.1454772949219
903322466,2019,2019-02-20,Marion,Indianapolis,KEYSTONE AVE & 27TH ST,Vehicle,RIGHT ANGLE,FAILURE TO YIELD RIGHT OF WAY,SSI,DAYLIGHT,RAIN,WET,False,39.805248260498,-86.1215515136719
903398489,2019,2019-06-26,Shelby,SHELBYVILLE,CR600W,Vehicle,RAN OFF ROAD,RAN OFF ROAD RIGHT,SSI,DARK (NOT LIGHTED),CLEAR,DRY,False,39.3559303283691,-85.8942794799805
903514833,2019,2019-12-25,Hendricks,,US136,Vehicle,RIGHT ANGLE,DISREGARD SIGNAL/REG SIGN,SSI,DAYLIGHT,CLEAR,DRY,False,39.8711624145508,-86.5055465698242
903442344,2019,2019-08-05,Marion,Indianapolis,SHADELAND AVE & KENSINGTON DR,Pedestrian,OTHER - EXPLAIN IN NARRATIVE,PEDESTRIAN ACTION,SSI,DARK (NOT LIGHTED),CLEAR,DRY,False,39.8211135864258,-86.0459060668945
903384344,2019,2019-05-24,Marion,Indianapolis,SOUTHEASTERN AVE & SHERIDAN AVE,Vehicle,NON-COLLISION,UNSAFE SPEED,SSI,DARK (LIGHTED),CLEAR,DRY,False,39.7317886352539,-86.0581741333008
903322481,2019,2019-02-20,Marion,Indianapolis,FALL CREEK PKWY N DR & WOODLAND AVE,Vehicle,HEAD ON BETWEEN TWO MOTOR VEHICLES,IMPROPER LANE USAGE,SSI,,RAIN,WET,False,39.8236618041992,-86.1335525512695
903398745,2019,2019-06-26,Marion,Indianapolis,SOUTHEASTERN AVE & RAYMOND ST,Vehicle,LEFT TURN,FAILURE TO YIELD RIGHT OF WAY,Fatal,DAYLIGHT,CLEAR,DRY,False,39.7387428283691,-86.0712203979492
903515977,2019,2019-12-25,Marion,Indianapolis,LYNHURST DR & KENTUCKY AVE,Vehicle,OTHER - EXPLAIN IN NARRATIVE,OTHER (DRIVER) - EXPLAIN IN NARRATIVE,SSI,DAYLIGHT,CLEAR,DRY,False,39.7087440490723,-86.2502822875977
903423680,2019,2019-08-07,Marion,Indianapolis,GEORGETOWN RD & 71 ST,Vehicle,REAR TO REAR,BRAKE FAILURE OR DEFECTIVE,SSI,DAYLIGHT,CLEAR,DRY,False,39.8816146850586,-86.2442779541015
903378452,2019,2019-05-25,Johnson,,SR37N,Vehicle,REAR END,DISREGARD SIGNAL/REG SIGN,SSI,DARK (LIGHTED),CLEAR,DRY,False,39.6345062255859,-86.2053070068359
903514052,2019,2019-12-26,Morgan,MARTINSVILLE,SR37S & E MORGAN ST,Vehicle,OTHER - EXPLAIN IN NARRATIVE,FAILURE TO YIELD RIGHT OF WAY,SSI,DARK (NOT LIGHTED),FOG/SMOKE/SMOG,WET,False,39.446159362793,-86.3872451782227
903322482,2019,2019-02-20,Marion,Indianapolis,WASHINGTON ST & ALTON AVE,Vehicle,SAME DIRECTION SIDESWIPE,IMPROPER LANE USAGE,SSI,DAYLIGHT,RAIN,WET,False,39.7632179260254,-86.217170715332
903401392,2019,2019-06-26,Johnson,Greenwood,I65N,Vehicle,REAR END,FOLLOWING TOO CLOSELY,SSI,DAYLIGHT,CLEAR,DRY,False,39.6086692810059,-86.0717315673828
903379046,2019,2019-05-25,Marion,Indianapolis,I465N,Vehicle,REAR END,FOLLOWING TOO CLOSELY,SSI,DAYLIGHT,CLEAR,DRY,False,39.7467460632324,-86.0369110107422
903427099,2019,2019-08-07,Marion,Indianapolis,AMERIPLEX PKWY & DECATUR BLVD,Vehicle,RIGHT ANGLE,FAILURE TO YIELD RIGHT OF WAY,SSI,DAYLIGHT,CLEAR,DRY,False,39.6761856079102,-86.3015060424805
903421883,2019,2019-06-26,Marion,Indianapolis,MICHIGAN ST & GRANDE AVE,Vehicle,RAN OFF ROAD,OVERCORRECTING/OVERSTEERING,Fatal,DAYLIGHT,CLEAR,DRY,False,39.7738800048828,-86.2342681884766
903379952,2019,2019-05-25,Marion,Indianapolis,LAFAYETTE RD & COMMERCIAL DR,Vehicle,RAN OFF ROAD,OVERCORRECTING/OVERSTEERING,SSI,DAYLIGHT,CLEAR,DRY,False,39.8175811767578,-86.2286605834961
903514208,2019,2019-12-26,Boone,Whitestown,ALBERT S WHITE DR,Vehicle,RAN OFF ROAD,RAN OFF ROAD RIGHT,SSI,DARK (NOT LIGHTED),CLEAR,DRY,False,39.9828491210937,-86.336669921875
903323243,2019,2019-02-20,Marion,Indianapolis,25TH ST & POST RD,Vehicle,REAR END,DRIVER DISTRACTED - EXPLAIN IN NARRATIVE,SSI,DAYLIGHT,RAIN,WET,False,39.8040466308594,-86.0094223022461
903423933,2019,2019-08-08,Johnson,,PETERMAN RD & WOODCREEK RD,Vehicle,RAN OFF ROAD,RAN OFF ROAD RIGHT,SSI,DAYLIGHT,CLEAR,DRY,False,39.6323356628418,-86.1772613525391
903399429,2019,2019-06-27,Hamilton,Carmel,E 96TH ST,Vehicle,RIGHT ANGLE,DRIVER DISTRACTED - EXPLAIN IN NARRATIVE,SSI,DAYLIGHT,CLEAR,DRY,False,39.9270095825195,-86.1579818725586
903397921,2019,2019-05-25,Marion,Indianapolis,WASHINGTON ST & ELIZABETH ST,Vehicle,LEFT TURN,FAILURE TO YIELD RIGHT OF WAY,Fatal,DAYLIGHT,CLEAR,DRY,False,39.7717361450195,-86.0517349243164
903514738,2019,2019-12-27,Marion,Indianapolis,I465W,Vehicle,RAN OFF ROAD,UNSAFE LANE MOVEMENT,SSI,DARK (NOT LIGHTED),CLEAR,DRY,False,39.710506439209,-86.0590591430664
903324380,2019,2019-02-21,Marion,Indianapolis,WEST 30TH ST & LAFAYETTE RD,Vehicle,OPPOSITE DIRECTION SIDESWIPE,DRIVER ILLNESS,SSI,DARK (LIGHTED),CLEAR,DRY,False,39.809440612793,-86.2202682495117
903426227,2019,2019-08-08,Marion,Indianapolis,I465N,Vehicle,SAME DIRECTION SIDESWIPE,UNSAFE LANE MOVEMENT,SSI,DAYLIGHT,CLEAR,DRY,False,39.7451400756836,-86.0383071899414
903421895,2019,2019-06-27,Marion,Indianapolis,MASSACHUSETTS AVE & DEARBORN ST,Vehicle,RAN OFF ROAD,RAN OFF ROAD RIGHT,Fatal,DARK (NOT LIGHTED),CLEAR,DRY,False,39.7960968017578,-86.1121444702148
903404509,2019,2019-05-25,Marion,Indianapolis,I70W,Vehicle,REAR END,ANIMAL/OBJECT IN ROADWAY,Fatal,DARK (LIGHTED),CLEAR,DRY,False,39.755802154541,-86.2039031982422
903514857,2019,2019-12-28,Johnson,Greenwood,LACEBARK DR,Pedestrian,OTHER - EXPLAIN IN NARRATIVE,DRIVER DISTRACTED - EXPLAIN IN NARRATIVE,SSI,DAYLIGHT,CLEAR,DRY,False,39.6022682189941,-86.1530838012695
903323734,2019,2019-02-23,Hendricks,Brownsburg,CR1000E,Vehicle,OTHER - EXPLAIN IN NARRATIVE,DISREGARD SIGNAL/REG SIGN,Fatal,DARK (NOT LIGHTED),RAIN,WET,False,39.8237686157226,-86.3462066650391
903426496,2019,2019-08-08,Marion,Indianapolis,38TH ST & POST RD,Vehicle,SAME DIRECTION SIDESWIPE,UNSAFE LANE MOVEMENT,SSI,DAYLIGHT,RAIN,WET,False,39.8261108398437,-86.0097274780273
903400578,2019,2019-06-28,Boone,Lebanon,CAMP ST & W ULEN DR,Pedalcycle,OTHER - EXPLAIN IN NARRATIVE,FAILURE TO YIELD RIGHT OF WAY,SSI,DARK (NOT LIGHTED),CLEAR,DRY,False,40.0573616027832,-86.4682540893555
903380580,2019,2019-05-26,Marion,Indianapolis,WASHINGTON ST & SOMERSET AVE,Vehicle,RIGHT ANGLE,FAILURE TO YIELD RIGHT OF WAY,SSI,DAYLIGHT,CLEAR,DRY,False,39.7615509033203,-86.2217483520508
903520555,2019,2019-12-28,Marion,Indianapolis,KESSLER BLVD & KEYSTONE AVE,Pedestrian,NON-COLLISION,PEDESTRIAN ACTION,SSI,DARK (LIGHTED),RAIN,WET,False,39.8623695373535,-86.1221084594727
903340646,2019,2019-02-26,Marion,Indianapolis,46TH ST & EMERSON AVE,Vehicle,LEFT TURN,UNSAFE LANE MOVEMENT,SSI,DAYLIGHT,CLEAR,DRY,False,39.8404426574707,-86.0840911865234
903424541,2019,2019-08-09,Hamilton,,SR38 & BODEN RD,Vehicle,OPPOSITE DIRECTION SIDESWIPE,FAILURE TO YIELD RIGHT OF WAY,SSI,DAYLIGHT,CLEAR,DRY,False,40.0363655090332,-85.9376373291016
903401734,2019,2019-06-28,Marion,Indianapolis,I65N,Vehicle,RAN OFF ROAD,UNSAFE SPEED,Fatal,DAYLIGHT,CLEAR,DRY,False,39.7833518981934,-86.1413726806641
903348688,2019,2019-04-05,Hendricks,Brownsburg,US136 & MARDALE DR,Vehicle,RAN OFF ROAD,RAN OFF ROAD RIGHT,SSI,DAYLIGHT,CLOUDY,DRY,False,39.8468437194824,-86.408447265625
903386013,2019,2019-05-26,Marion,Indianapolis,EPLER AVE & BLUFF RD,Vehicle,RIGHT ANGLE,DISREGARD SIGNAL/REG SIGN,Fatal,DAYLIGHT,CLEAR,DRY,False,39.6859512329102,-86.1746597290039
903397922,2019,2019-05-27,Marion,Indianapolis,34TH ST & OLNEY ST,Vehicle,RIGHT ANGLE,FAILURE TO YIELD RIGHT OF WAY,Fatal,DARK (LIGHTED),CLEAR,DRY,False,39.8181762695313,-86.1070175170898
903411898,2019,2019-05-27,Marion,Indianapolis,34TH ST & ARLINGTON AVE,Vehicle,RIGHT ANGLE,UNSAFE BACKING,SSI,DARK (NOT LIGHTED),CLEAR,DRY,False,39.8184127807617,-86.0619277954102
903381179,2019,2019-05-29,Hendricks,,SR39,Vehicle,RAN OFF ROAD,RAN OFF ROAD RIGHT,SSI,DARK (NOT LIGHTED),RAIN,WET,False,39.7226524353027,-86.5235900878906
903381400,2019,2019-05-29,Marion,Indianapolis,MADISON AVE & TERRACE ST,Vehicle,RAN OFF ROAD,UNSAFE LANE MOVEMENT,SSI,DARK (LIGHTED),RAIN,WET,False,39.7475051879883,-86.1539993286133
903381923,2019,2019-05-30,Johnson,Whiteland,WHITE ST & WHITELAND RD,Vehicle,RIGHT ANGLE,OTHER (DRIVER) - EXPLAIN IN NARRATIVE,SSI,DARK (LIGHTED),CLEAR,DRY,False,39.5505332946777,-86.0356903076172
903382156,2019,2019-05-30,Marion,Indianapolis,SHADELAND AVE & CARLTON ARMS PLZ,Vehicle,LEFT TURN,FAILURE TO YIELD RIGHT OF WAY,SSI,DARK (LIGHTED),RAIN,WET,False,39.892520904541,-86.0461120605469
903384959,2019,2019-05-30,Marion,Indianapolis,I465E,Vehicle,REAR END,FOLLOWING TOO CLOSELY,SSI,DAYLIGHT,CLEAR,DRY,False,39.9242324829101,-86.190803527832
903387309,2019,2019-05-30,Hendricks,Avon,RONALD REAGAN PKWY,Vehicle,REAR END,DRIVER ILLNESS,SSI,DAYLIGHT,CLEAR,DRY,False,39.7781181335449,-86.3434448242188
903382291,2019,2019-05-31,Morgan,MARTINSVILLE,WILBUR RD & SHELTON RD,Vehicle,RAN OFF ROAD,RAN OFF ROAD RIGHT,SSI,DAYLIGHT,CLOUDY,DRY,False,39.4840126037598,-86.4690780639648
903384560,2019,2019-05-31,Marion,Indianapolis,KESSLER BLVD E DR & OLNEY ST,Vehicle,RIGHT ANGLE,FAILURE TO YIELD RIGHT OF WAY,SSI,DAYLIGHT,CLOUDY,DRY,False,39.8623161315918,-86.1078872680664
903385093,2019,2019-05-31,Morgan,MARTINSVILLE,GODSEY RD & CRAMER RD,Vehicle,RAN OFF ROAD,RAN OFF ROAD RIGHT,SSI,DARK (NOT LIGHTED),CLEAR,DRY,False,39.3755226135254,-86.5027084350586
903383398,2019,2019-06-01,Hancock,,SR9,Vehicle,HEAD ON BETWEEN TWO MOTOR VEHICLES,LEFT OF CENTER,SSI,DARK (NOT LIGHTED),CLEAR,DRY,False,39.8893890380859,-85.7705383300781
903383140,2019,2019-06-02,Johnson,Greenwood,SR135N & STONEGATE DR,Vehicle,RIGHT ANGLE,FAILURE TO YIELD RIGHT OF WAY,SSI,DAYLIGHT,CLOUDY,DRY,False,39.6303825378418,-86.1583099365234
903384161,2019,2019-06-02,Marion,Indianapolis,I70W,Vehicle,REAR END,FOLLOWING TOO CLOSELY,SSI,DARK (NOT LIGHTED),CLEAR,DRY,False,39.8010063171387,-86.0060501098633
903384043,2019,2019-06-03,Hancock,,US40 & POTOMAC BLVD,Vehicle,RIGHT ANGLE,FAILURE TO YIELD RIGHT OF WAY,SSI,DAYLIGHT,CLEAR,DRY,False,39.7799682617187,-85.8835296630859
903385357,2019,2019-06-03,Marion,Indianapolis,HIGH SCHOOL RD & WESTDRUM RD,Pedestrian,OTHER - EXPLAIN IN NARRATIVE,PEDESTRIAN ACTION,SSI,DAYLIGHT,CLEAR,DRY,False,39.7569198608398,-86.2698669433594
903385536,2019,2019-06-03,Shelby,SHELBYVILLE,SR44E,Vehicle,HEAD ON BETWEEN TWO MOTOR VEHICLES,LEFT OF CENTER,Fatal,DAWN/DUSK,CLEAR,DRY,False,39.562385559082,-85.6507186889648
903418866,2019,2019-06-03,Marion,Indianapolis,29TH ST & CALIFORNIA ST,Vehicle,RIGHT ANGLE,FAILURE TO YIELD RIGHT OF WAY,SSI,DAYLIGHT,CLEAR,DRY,False,39.8082962036133,-86.1703033447266
903384930,2019,2019-06-04,Hendricks,CLAYTON,US40 & MILES RD,Vehicle,RIGHT ANGLE,FAILURE TO YIELD RIGHT OF WAY,SSI,DAWN/DUSK,CLEAR,DRY,False,39.6880836486816,-86.446044921875
903385386,2019,2019-06-04,Marion,Indianapolis,SOUTHEASTERN AVE & ARLINGTON AVE,Vehicle,LEFT TURN,FAILURE TO YIELD RIGHT OF WAY,SSI,DAYLIGHT,CLEAR,DRY,False,39.7347106933594,-86.0637130737305
903444593,2019,2019-06-04,Marion,Indianapolis,MADISON AVE & TERRACE AVE,Pedestrian,LEFT TURN,FAILURE TO YIELD RIGHT OF WAY,SSI,DAYLIGHT,CLOUDY,DRY,False,39.7481422424316,-86.1541213989258
903385820,2019,2019-06-05,Marion,Speedway,N HIGH SCHOOL RD & HOLLISTER DR,Vehicle,HEAD ON BETWEEN TWO MOTOR VEHICLES,LEFT OF CENTER,SSI,DAWN/DUSK,CLOUDY,WET,False,39.8071823120117,-86.2700347900391
903388156,2019,2019-06-05,Hendricks,Avon,CR100N,Vehicle,RAN OFF ROAD,UNSAFE SPEED,Fatal,DARK (NOT LIGHTED),CLEAR,DRY,False,39.7784538269043,-86.33642578125
903388535,2019,2019-06-07,Morgan,MARTINSVILLE,SR37S & OLD SR 37 RD,Vehicle,REAR END,DRIVER ASLEEP OR FATIGUED,SSI,DARK (NOT LIGHTED),CLEAR,DRY,False,39.4775276184082,-86.367561340332
903389009,2019,2019-06-08,Marion,Indianapolis,MADISON AVE & MCCARTY ST,Vehicle,RAN OFF ROAD,RAN OFF ROAD RIGHT,SSI,DAYLIGHT,CLOUDY,DRY,False,39.7570915222168,-86.1565551757813
903389373,2019,2019-06-09,Marion,Indianapolis,91ST ST & MERIDIAN ST,Vehicle,RAN OFF ROAD,RAN OFF ROAD RIGHT,SSI,DARK (LIGHTED),CLEAR,DRY,False,39.9196281433105,-86.156623840332
903390391,2019,2019-06-09,Marion,Indianapolis,38TH ST & EUCLID AVE,Vehicle,HEAD ON BETWEEN TWO MOTOR VEHICLES,LEFT OF CENTER,SSI,DAYLIGHT,CLEAR,DRY,False,39.8254356384277,-86.0946807861328
903405275,2019,2019-06-09,Marion,Indianapolis,POST RD & 30TH ST,Vehicle,RAN OFF ROAD,RAN OFF ROAD RIGHT,SSI,DAYLIGHT,CLEAR,DRY,False,39.8133850097656,-86.009880065918
903388762,2019,2019-06-10,Hamilton,Fishers,SOUTHEASTERN PKWY & FLORIDA RD,Vehicle,REAR END,FOLLOWING TOO CLOSELY,SSI,DAYLIGHT,CLEAR,DRY,False,39.9709014892578,-85.8896865844727
903388767,2019,2019-06-10,Boone,,CR400E & PERRY WORTH RD,Vehicle,RAN OFF ROAD,LEFT OF CENTER,SSI,DARK (NOT LIGHTED),CLEAR,DRY,False,39.9918022155762,-86.3938064575195
903389597,2019,2019-06-10,Marion,Indianapolis,I70E,Vehicle,RAN OFF ROAD,UNSAFE SPEED,SSI,DARK (NOT LIGHTED),CLEAR,DRY,False,39.7541580200195,-86.1719284057617
903410510,2019,2019-06-10,Marion,Indianapolis,WASHINGTON ST & WASHINGTON POINT DR,Pedalcycle,OTHER - EXPLAIN IN NARRATIVE,PEDESTRIAN ACTION,SSI,DAYLIGHT,CLEAR,DRY,False,39.7753143310547,-85.981803894043
903389015,2019,2019-06-11,Marion,Indianapolis,KESSLER BLVD N DR & SPRINGWOOD TRL,Vehicle,OTHER - EXPLAIN IN NARRATIVE,RAN OFF ROAD RIGHT,SSI,DARK (NOT LIGHTED),CLEAR,DRY,False,39.8342247009277,-86.2117919921875