id,year,date,county,city,cross_street,crash_type,manner,primary_factor,ssi_fatal,light,weather,surface,interstate,lat,lon
903389604,2019,2019-06-11,Hendricks,Brownsburg,N GREEN ST & NORTHFIELD DR,Vehicle,LEFT TURN,DISREGARD SIGNAL/REG SIGN,Fatal,DAYLIGHT,CLEAR,DRY,False,39.8572387695313,-86.3925018310547
903389674,2019,2019-06-11,Hamilton,,SR13 & STRAWTOWN AVE,Vehicle,RIGHT ANGLE,FAILURE TO YIELD RIGHT OF WAY,SSI,DAYLIGHT,CLOUDY,DRY,False,40.1388969421387,-85.8628311157227
903389808,2019,2019-06-11,Marion,Indianapolis,34TH ST & ARLINGTON AVE,Vehicle,RAN OFF ROAD,OTHER (DRIVER) - EXPLAIN IN NARRATIVE,SSI,DAYLIGHT,CLEAR,DRY,False,39.8184394836426,-86.0648422241211
903389826,2019,2019-06-11,Marion,Indianapolis,SOUTHPORT RD & WELLWOOD DR,Vehicle,RIGHT ANGLE,FAILURE TO YIELD RIGHT OF WAY,SSI,DAYLIGHT,CLEAR,DRY,False,39.6635398864746,-86.2053298950195
903390713,2019,2019-06-11,Marion,Indianapolis,I465W,Vehicle,REAR END,UNSAFE LANE MOVEMENT,SSI,DAYLIGHT,CLEAR,DRY,False,39.7043609619141,-86.1043319702148
903393082,2019,2019-06-11,Marion,Indianapolis,ROCKVILLE RD & WASHINGTON ST,Vehicle,HEAD ON BETWEEN TWO MOTOR VEHICLES,FAILURE TO YIELD RIGHT OF WAY,SSI,DAYLIGHT,CLEAR,DRY,False,39.7626647949219,-86.2196350097656
903393083,2019,2019-06-12,Marion,Indianapolis,ENGLISH AVE & PLEASANT RUN PKWY DR,Vehicle,OTHER - EXPLAIN IN NARRATIVE,DRIVER ASLEEP OR FATIGUED,SSI,DAYLIGHT,CLEAR,DRY,False,39.7600440979004,-86.1063079833985
903390517,2019,2019-06-13,Hendricks,Brownsburg,CR1000E,Vehicle,RIGHT ANGLE,DISREGARD SIGNAL/REG SIGN,SSI,DAYLIGHT,CLEAR,DRY,False,39.8077125549316,-86.3458404541016
903390632,2019,2019-06-13,Hendricks,NORTH SALEM,LADOGA RD,Vehicle,RAN OFF ROAD,RAN OFF ROAD RIGHT,SSI,DAYLIGHT,CLOUDY,DRY,False,39.8796272277832,-86.6664962768555
903392298,2019,2019-06-13,Hamilton,Carmel,111TH ST & PENNSYLVANIA ST,Vehicle,RAN OFF ROAD,RAN OFF ROAD RIGHT,SSI,DARK (LIGHTED),CLEAR,DRY,False,39.9490127563477,-86.1549224853516
903393087,2019,2019-06-13,Marion,Indianapolis,HOLT RD & MINNESOTA ST,Vehicle,RIGHT ANGLE,DISREGARD SIGNAL/REG SIGN,SSI,DAYLIGHT,CLEAR,DRY,False,39.7425308227539,-86.2252502441406
903393259,2019,2019-06-13,Marion,Indianapolis,34TH ST & SALEM ST,Vehicle,RIGHT ANGLE,IMPROPER TURNING,SSI,DAYLIGHT,CLEAR,DRY,False,39.817398071289,-86.1579513549805
903393169,2019,2019-06-14,Marion,Indianapolis,CASTLE CREEK PKWY DR,Vehicle,OTHER - EXPLAIN IN NARRATIVE,DRIVER ILLNESS,SSI,DAYLIGHT,CLEAR,DRY,False,39.9142303466797,-86.0653076171875
903394826,2019,2019-06-14,Hamilton,Fishers,SR37N & 131ST ST,Vehicle,REAR END,FOLLOWING TOO CLOSELY,SSI,DAYLIGHT,CLEAR,WET,False,39.9785842895508,-86.0036544799805
903398986,2019,2019-06-14,Marion,Indianapolis,SOUTHEASTERN AVE & FERGUSON RD,Pedestrian,OTHER - EXPLAIN IN NARRATIVE,OVERSIZE/OVERWEIGHT LOAD,Fatal,DARK (NOT LIGHTED),RAIN,WET,False,39.7163009643555,-86.0302734375
903415957,2019,2019-06-14,Marion,Indianapolis,SOUTHPORT RD & TIBBS AVE,Vehicle,RIGHT ANGLE,FAILURE TO YIELD RIGHT OF WAY,SSI,DAYLIGHT,CLEAR,DRY,False,39.663646697998,-86.2155838012695
903392630,2019,2019-06-15,Marion,Indianapolis,LYNHURST DR & SAM JONES EXPY,Vehicle,LEFT/RIGHT TURN,FAILURE TO YIELD RIGHT OF WAY,SSI,DAYLIGHT,RAIN,WET,False,39.729736328125,-86.2502670288086
903392885,2019,2019-06-15,Marion,Indianapolis,I65N,Vehicle,RAN OFF ROAD,UNSAFE SPEED,SSI,DARK (NOT LIGHTED),RAIN,WET,False,39.8105697631836,-86.1672058105469
903392455,2019,2019-06-16,Marion,Indianapolis,GEORGETOWN RD & 62ND ST,Vehicle,RIGHT ANGLE,DISREGARD SIGNAL/REG SIGN,SSI,DARK (LIGHTED),RAIN,WET,False,39.8673820495606,-86.2443237304688
903392805,2019,2019-06-16,Marion,Indianapolis,I465N,Vehicle,OTHER - EXPLAIN IN NARRATIVE,OVERCORRECTING/OVERSTEERING,SSI,DAYLIGHT,CLEAR,DRY,False,39.8018684387207,-86.0326995849609
903393701,2019,2019-06-16,Marion,Indianapolis,I70E,Vehicle,SAME DIRECTION SIDESWIPE,UNSAFE LANE MOVEMENT,SSI,DARK (LIGHTED),CLEAR,WET,False,39.802188873291,-86.0837020874023
903392182,2019,2019-06-17,Boone,,ELM SWAMP RD,Vehicle,RAN OFF ROAD,RAN OFF ROAD RIGHT,SSI,DARK (NOT LIGHTED),CLEAR,DRY,False,40.1194114685058,-86.4549789428711
903392793,2019,2019-06-17,Boone,Whitestown,I65S,Vehicle,SAME DIRECTION SIDESWIPE,UNSAFE LANE MOVEMENT,SSI,DAYLIGHT,CLOUDY,DRY,False,39.9669303894043,-86.3780746459961
903392851,2019,2019-06-17,Marion,Lawrence,US36W & OAKLANDON RD,Vehicle,LEFT TURN,FAILURE TO YIELD RIGHT OF WAY,SSI,DAYLIGHT,RAIN,WET,False,39.8719139099121,-85.9570999145508
903398987,2019,2019-06-17,Marion,Indianapolis,KESSLER BLVD E DR & OAKLAND AVE,Vehicle,NON-COLLISION,RAN OFF ROAD RIGHT,SSI,DAYLIGHT,RAIN,WET,False,39.8624572753906,-86.1112213134766
903393572,2019,2019-06-18,Marion,Lawrence,US36 & MITTHOEFER RD,Vehicle,LEFT TURN,FAILURE TO YIELD RIGHT OF WAY,SSI,DAYLIGHT,CLOUDY,DRY,False,39.8535346984863,-85.9913787841797
903393654,2019,2019-06-18,Marion,Indianapolis,MICHIGAN ST & UNIVERSITY BLVD,Vehicle,RIGHT ANGLE,DISREGARD SIGNAL/REG SIGN,SSI,DAYLIGHT,CLOUDY,DRY,False,39.7745628356934,-86.1754913330078
903394568,2019,2019-06-18,Marion,Indianapolis,COLD SPRING RD & WHITE RIVER PKWY,Pedalcycle,HEAD ON BETWEEN TWO MOTOR VEHICLES,LEFT OF CENTER,SSI,DAYLIGHT,RAIN,WET,False,39.8254585266113,-86.1929244995117
903395900,2019,2019-06-18,Marion,Indianapolis,I465W,Vehicle,SAME DIRECTION SIDESWIPE,UNSAFE LANE MOVEMENT,SSI,DARK (LIGHTED),CLEAR,DRY,False,39.9011154174805,-86.0636367797852
903395377,2019,2019-06-19,Morgan,MARTINSVILLE,SR37S & E MORGAN ST,Vehicle,RIGHT ANGLE,FAILURE TO YIELD RIGHT OF WAY,SSI,DAYLIGHT,RAIN,WET,False,39.4460906982422,-86.3872604370117
903395758,2019,2019-06-19,Marion,Indianapolis,BROOKVILLE RD,Vehicle,RAN OFF ROAD,RAN OFF ROAD RIGHT,SSI,DAWN/DUSK,CLOUDY,DRY,False,39.7491073608399,-86.0424499511719
903395256,2019,2019-06-20,Marion,Indianapolis,71 ST & CAMBERWOOD DR,Pedestrian,OTHER - EXPLAIN IN NARRATIVE,UNSAFE LANE MOVEMENT,SSI,DAYLIGHT,CLEAR,DRY,False,39.8824081420898,-86.224235534668
903396873,2019,2019-06-20,Marion,Indianapolis,WASHINGTON ST & BERWICK AVE,Vehicle,HEAD ON BETWEEN TWO MOTOR VEHICLES,LEFT OF CENTER,SSI,DAYLIGHT,CLOUDY,DRY,False,39.7629699707031,-86.2188110351563
903398264,2019,2019-06-20,Hendricks,Plainfield,I70W,Vehicle,REAR END,UNSAFE SPEED,SSI,DAYLIGHT,CLEAR,DRY,False,39.6684379577637,-86.3698806762695
903396031,2019,2019-06-22,Johnson,Greenwood,MAIN ST,Vehicle,NON-COLLISION,OTHER (DRIVER) - EXPLAIN IN NARRATIVE,SSI,DAYLIGHT,CLEAR,WET,False,39.6145515441895,-86.075553894043
903396671,2019,2019-06-22,Marion,Indianapolis,ALLISONVILLE RD,Vehicle,OTHER - EXPLAIN IN NARRATIVE,IMPROPER TURNING,SSI,DAYLIGHT,CLOUDY,DRY,False,39.9084014892578,-86.0768127441406
903398989,2019,2019-06-22,Marion,Indianapolis,HOLMES AVE & 11TH ST,Vehicle,LEFT TURN,IMPROPER PASSING,SSI,DAWN/DUSK,CLEAR,DRY,False,39.7824630737305,-86.2051315307617
903396773,2019,2019-06-23,Marion,Indianapolis,SHADELAND AVE & RAMA DR,Vehicle,RIGHT ANGLE,FAILURE TO YIELD RIGHT OF WAY,SSI,DAYLIGHT,CLEAR,DRY,False,39.7949714660644,-86.0455093383789
903409123,2019,2019-06-23,Marion,Indianapolis,SHADELAND AVE & 43RD ST,Pedestrian,SAME DIRECTION SIDESWIPE,DRIVER DISTRACTED - EXPLAIN IN NARRATIVE,SSI,DAYLIGHT,CLEAR,DRY,False,39.8311538696289,-86.0456771850586
903431105,2019,2019-06-23,Marion,Indianapolis,I465,Pedestrian,OTHER - EXPLAIN IN NARRATIVE,PEDESTRIAN ACTION,Fatal,DARK (NOT LIGHTED),CLEAR,DRY,True,39.6949615478516,-86.1880264282227
903397403,2019,2019-06-24,Marion,Indianapolis,KEYSTONE AVE & 78TH ST,Vehicle,REAR END,OTHER (DRIVER) - EXPLAIN IN NARRATIVE,SSI,DAYLIGHT,CLOUDY,DRY,False,39.8978576660156,-86.1217346191406
903397441,2019,2019-06-24,Marion,Indianapolis,MERIDIAN ST & ARIZONA ST,Vehicle,REAR END,FOLLOWING TOO CLOSELY,SSI,DAYLIGHT,CLEAR,DRY,False,39.7487297058105,-86.1591262817383
903397472,2019,2019-06-24,Marion,Indianapolis,FRANKLIN RD & SOUTHEASTERN AVE,Vehicle,LEFT TURN,DISREGARD SIGNAL/REG SIGN,Fatal,DAYLIGHT,RAIN,WET,False,39.7090454101563,-86.0176391601563
903413660,2019,2019-06-24,Marion,Indianapolis,HARDING ST & RAYMOND ST,Vehicle,RIGHT ANGLE,DISREGARD SIGNAL/REG SIGN,Fatal,DAYLIGHT,CLEAR,DRY,False,39.7364463806152,-86.1870880126953
903398015,2019,2019-06-25,Marion,Indianapolis,THOMPSON RD & ENCORE DR,Pedestrian,LEFT/RIGHT TURN,FAILURE TO YIELD RIGHT OF WAY,SSI,DAYLIGHT,CLEAR,DRY,False,39.6947746276855,-86.0734786987305
903325627,2019,2019-02-27,Johnson,Franklin,SIMON RD & MEADOW GLEN BLVD,Pedestrian,COLLISION WITH OBJECT IN ROAD,FAILURE TO YIELD RIGHT OF WAY,SSI,DAWN/DUSK,CLEAR,DRY,False,39.5040092468262,-86.0748901367188
903350103,2019,2019-04-07,Marion,Indianapolis,RODEBAUGH RD & WATERSTONE DR,Vehicle,OTHER - EXPLAIN IN NARRATIVE,DRIVER ASLEEP OR FATIGUED,SSI,DARK (LIGHTED),CLEAR,DRY,False,39.8808212280273,-86.2221298217774
903400132,2019,2019-06-29,Marion,Indianapolis,I70W,Vehicle,SAME DIRECTION SIDESWIPE,UNSAFE LANE MOVEMENT,SSI,DAYLIGHT,CLEAR,DRY,False,39.8018188476562,-86.0506210327148
903325990,2019,2019-02-27,Shelby,ST. PAUL(SHELBY),CR625E & VANDALIA RD,Vehicle,OPPOSITE DIRECTION SIDESWIPE,LEFT OF CENTER,SSI,DAYLIGHT,CLEAR,DRY,False,39.3725471496582,-85.6635665893555
903349955,2019,2019-04-08,Hendricks,NORTH SALEM,CR725W & LADOGA RD,Vehicle,RAN OFF ROAD,RAN OFF ROAD RIGHT,SSI,DARK (NOT LIGHTED),CLEAR,DRY,False,39.8821754455566,-86.661994934082
903424776,2019,2019-08-09,Hendricks,Avon,US36E & MEIJER GAS STATION ACCESS RD,Vehicle,RIGHT ANGLE,FAILURE TO YIELD RIGHT OF WAY,SSI,DAYLIGHT,CLEAR,DRY,False,39.7635383605957,-86.3291168212891
903400413,2019,2019-06-30,Boone,Zionsville,I465W,Vehicle,REAR END,DRIVER DISTRACTED - EXPLAIN IN NARRATIVE,SSI,DAYLIGHT,CLEAR,DRY,False,39.9284629821777,-86.2619323730469
903350212,2019,2019-04-08,Marion,Indianapolis,CRESTVIEW AVE,Vehicle,OTHER - EXPLAIN IN NARRATIVE,OTHER (VEHICLE) - EXPLAIN IN NARRATIVE,SSI,DAYLIGHT,CLEAR,DRY,False,39.8561477661133,-86.1372375488281
903424839,2019,2019-08-09,Johnson,Greenwood,SR135N & ALYEA LN,Vehicle,RIGHT ANGLE,IMPROPER LANE USAGE,SSI,DAYLIGHT,CLEAR,DRY,False,39.589298248291,-86.1591110229492
903329329,2019,2019-02-27,Marion,Indianapolis,I70,Vehicle,REAR END,FOLLOWING TOO CLOSELY,SSI,DARK (LIGHTED),CLEAR,DRY,True,39.78466796875,-86.1433715820312
903404884,2019,2019-06-30,Marion,Indianapolis,52ND ST & LAFAYETTE RD,Vehicle,LEFT TURN,IMPROPER TURNING,SSI,DARK (LIGHTED),CLEAR,DRY,False,39.8455848693848,-86.2562103271485
903350944,2019,2019-04-08,Marion,Indianapolis,US52 & SOREL ST,Vehicle,RIGHT ANGLE,FAILURE TO YIELD RIGHT OF WAY,SSI,DAYLIGHT,CLEAR,DRY,False,39.7350387573242,-85.9563064575195
903425075,2019,2019-08-09,Shelby,SHELBYVILLE,SR44E & LEE BLVD,Vehicle,,DISREGARD SIGNAL/REG SIGN,SSI,DAYLIGHT,CLEAR,DRY,False,39.5256423950195,-85.7375717163086
903332187,2019,2019-02-28,Marion,Indianapolis,I465,Vehicle,RAN OFF ROAD,SPEED TOO FAST FOR WEATHER CONDITIONS,SSI,DAYLIGHT,BLOWING SAND/SOIL/SNOW,SNOW/SLUSH,True,39.7002258300781,-86.1489944458008
903402458,2019,2019-07-01,Johnson,,I65,Pedestrian,OTHER - EXPLAIN IN NARRATIVE,OTHER (DRIVER) - EXPLAIN IN NARRATIVE,SSI,DAYLIGHT,CLEAR,DRY,True,39.5169525146484,-86.0232238769531
903350955,2019,2019-04-08,Marion,Indianapolis,NATIONAL AVE & CARSON AVE,Vehicle,OTHER - EXPLAIN IN NARRATIVE,OVERCORRECTING/OVERSTEERING,SSI,DAYLIGHT,CLEAR,DRY,False,39.7120780944824,-86.1261444091797
903426210,2019,2019-08-09,Hamilton,Noblesville,SR32 & OAKMONT DR,Vehicle,RIGHT ANGLE,FAILURE TO YIELD RIGHT OF WAY,SSI,DAYLIGHT,CLEAR,DRY,False,40.04345703125,-86.0468292236328
903334701,2019,2019-02-28,Marion,Indianapolis,THOMPSON RD & SHERMAN DR,Vehicle,REAR END,FOLLOWING TOO CLOSELY,Fatal,DAYLIGHT,CLEAR,DRY,False,39.6941299438477,-86.1015090942383
903406254,2019,2019-07-01,Marion,Indianapolis,LYNHURST DR & SOUTHERN AVE,Vehicle,RIGHT ANGLE,UNSAFE SPEED,SSI,DAYLIGHT,CLEAR,DRY,False,39.728141784668,-86.2504119873047
903352035,2019,2019-04-08,Marion,Indianapolis,21ST ST & CATHERWOOD DR,Vehicle,RAN OFF ROAD,RAN OFF ROAD RIGHT,Fatal,DARK (LIGHTED),CLEAR,DRY,False,39.7963905334473,-86.0614929199219
903500454,2019,2019-08-09,Marion,Indianapolis,34TH ST & HIGH SCHOOL RD,Vehicle,RAN OFF ROAD,RAN OFF ROAD RIGHT,Fatal,DARK (LIGHTED),CLEAR,DRY,False,39.8162155151367,-86.2705993652344
903328059,2019,2019-03-01,Marion,Indianapolis,MICHIGAN ST & BLACKFORD ST,Vehicle,RAN OFF ROAD,RAN OFF ROAD RIGHT,SSI,DARK (LIGHTED),CLOUDY,DRY,False,39.7745971679687,-86.1700820922852
903427083,2019,2019-07-01,Marion,Indianapolis,RURAL ST & 11TH ST,Pedalcycle,OTHER - EXPLAIN IN NARRATIVE,PEDESTRIAN ACTION,SSI,DAYLIGHT,CLEAR,DRY,False,39.7824974060059,-86.1164627075195
903350399,2019,2019-04-09,Johnson,Franklin,US31 & INDUSTRIAL DR,Vehicle,REAR END,FOLLOWING TOO CLOSELY,SSI,DAYLIGHT,CLEAR,DRY,False,39.5169792175293,-86.0739364624023
903425181,2019,2019-08-10,Shelby,SHELBYVILLE,I74W,Vehicle,RAN OFF ROAD,RAN OFF ROAD RIGHT,SSI,DARK (NOT LIGHTED),CLEAR,DRY,False,39.4569091796875,-85.6376342773438
903329608,2019,2019-03-01,Johnson,Franklin,HURRICANE RD & AMY LN,Vehicle,RAN OFF ROAD,RAN OFF ROAD RIGHT,SSI,DARK (NOT LIGHTED),CLEAR,DRY,False,39.4964408874512,-86.0419769287109
903402259,2019,2019-07-02,Shelby,SHELBYVILLE,US52E,Vehicle,LEFT TURN,FAILURE TO YIELD RIGHT OF WAY,SSI,DAWN/DUSK,CLEAR,DRY,False,39.6804275512695,-85.7256469726563
903350797,2019,2019-04-09,Marion,Indianapolis,38TH ST & RURAL ST,Vehicle,LEFT TURN,FAILURE TO YIELD RIGHT OF WAY,SSI,DAYLIGHT,CLEAR,DRY,False,39.8252410888672,-86.1167449951172
903425393,2019,2019-08-10,Hendricks,CLAYTON,SR39 & HENDRICKS COUNTY RD,Vehicle,RIGHT ANGLE,DISREGARD SIGNAL/REG SIGN,SSI,DAYLIGHT,CLEAR,DRY,False,39.6007804870605,-86.4796295166016
903402637,2019,2019-07-02,Marion,Indianapolis,N ARLINGTON AVE & 46TH ST,Vehicle,RIGHT ANGLE,FAILURE TO YIELD RIGHT OF WAY,SSI,DAYLIGHT,CLEAR,DRY,False,39.8254928588867,-86.0647811889648
903330941,2019,2019-03-02,Marion,Indianapolis,HIGH SCHOOL RD & SAM JONES EXPY,Vehicle,RIGHT ANGLE,UNSAFE LANE MOVEMENT,SSI,DARK (LIGHTED),CLEAR,DRY,False,39.7300796508789,-86.2698440551758
903355429,2019,2019-04-10,Marion,Indianapolis,SUTHERLAND AVE & DR ANDREW J BROWN AVE,Vehicle,OPPOSITE DIRECTION SIDESWIPE,LEFT OF CENTER,Fatal,DARK (LIGHTED),CLEAR,DRY,False,39.816650390625,-86.1352996826172
903426230,2019,2019-08-10,Marion,Indianapolis,I465S,Vehicle,REAR END,UNSAFE LANE MOVEMENT,SSI,DAYLIGHT,CLEAR,DRY,False,39.8911552429199,-86.0499496459961
903331411,2019,2019-03-02,Marion,Indianapolis,COUNTY LINE RD & HEARTLAND BLVD,Vehicle,RAN OFF ROAD,DRIVER ILLNESS,Fatal,DAYLIGHT,CLOUDY,DRY,False,39.6325607299805,-86.3106536865234
903352163,2019,2019-04-11,Hamilton,Noblesville,NATASHA DR & TERESA LN,Vehicle,OTHER - EXPLAIN IN NARRATIVE,OTHER (DRIVER) - EXPLAIN IN NARRATIVE,SSI,DAYLIGHT,CLEAR,DRY,False,40.0368919372559,-86.030143737793
903405567,2019,2019-07-02,Hamilton,Noblesville,PLEASANT ST & CLOVER RD,Vehicle,HEAD ON BETWEEN TWO MOTOR VEHICLES,FAILURE TO YIELD RIGHT OF WAY,SSI,DAYLIGHT,CLEAR,DRY,False,40.0393562316895,-85.9975280761719
903427024,2019,2019-08-10,Marion,Indianapolis,WASHINGTON ST & IRWIN ST,Vehicle,RIGHT ANGLE,FAILURE TO YIELD RIGHT OF WAY,SSI,DAYLIGHT,CLEAR,DRY,False,39.7717170715332,-86.0522994995117
903331414,2019,2019-03-02,Marion,Indianapolis,ILLINOIS ST & NEW YORK ST,Vehicle,RIGHT ANGLE,DISREGARD SIGNAL/REG SIGN,SSI,DAYLIGHT,CLOUDY,DRY,False,39.7713508605957,-86.1597213745117
903352611,2019,2019-04-11,Boone,Zionsville,I465E,Vehicle,REAR END,FOLLOWING TOO CLOSELY,SSI,DAYLIGHT,CLEAR,DRY,False,39.9274787902832,-86.2589340209961
903431401,2019,2019-07-02,Marion,Indianapolis,56TH ST & HIGH SCHOOL RD,Vehicle,LEFT TURN,FAILURE TO YIELD RIGHT OF WAY,Fatal,DAYLIGHT,CLEAR,DRY,False,39.8528099060059,-86.2709808349609
903427277,2019,2019-08-10,Marion,Indianapolis,PLEASANT RUN PARKWAY DR & KEYSTONE AVE,Vehicle,,FAILURE TO YIELD RIGHT OF WAY,SSI,DARK (LIGHTED),CLEAR,DRY,False,39.7507209777832,-86.1211471557617
903340241,2019,2019-03-02,Marion,Indianapolis,I465E,Vehicle,RAN OFF ROAD,OTHER (DRIVER) - EXPLAIN IN NARRATIVE,SSI,DARK (LIGHTED),CLEAR,DRY,False,39.6920356750488,-86.2159652709961
903354201,2019,2019-04-12,Marion,Indianapolis,FALLCREEK PARKWAY DR & DREXEL AVE,Vehicle,HEAD ON BETWEEN TWO MOTOR VEHICLES,IMPROPER LANE USAGE,SSI,DAYLIGHT,CLOUDY,WET,False,39.8493843078613,-86.0931549072266
903402706,2019,2019-07-03,Morgan,MARTINSVILLE,HERBEMONT RD & BEREAN RD,Vehicle,RAN OFF ROAD,RAN OFF ROAD RIGHT,Fatal,DAYLIGHT,CLEAR,DRY,False,39.5094223022461,-86.5637817382813
903427279,2019,2019-08-10,Marion,Indianapolis,LAFAYETTE RD & KESSLER BLVD DR,Pedestrian,OTHER - EXPLAIN IN NARRATIVE,PEDESTRIAN ACTION,SSI,DARK (NOT LIGHTED),CLEAR,DRY,False,39.7995223999023,-86.2101745605469
903331209,2019,2019-03-03,Marion,Indianapolis,38TH ST & WINTHROP AVE,Vehicle,RIGHT ANGLE,FAILURE TO YIELD RIGHT OF WAY,SSI,DAYLIGHT,CLOUDY,DRY,False,39.8250885009766,-86.140998840332
903353406,2019,2019-04-13,Marion,Indianapolis,I465N,Vehicle,REAR END,DRIVER DISTRACTED - EXPLAIN IN NARRATIVE,SSI,DAYLIGHT,CLEAR,DRY,False,39.7757148742676,-86.2700881958008
903404723,2019,2019-07-03,Marion,Indianapolis,OLIVE ST & LEXINGTON AVE,Vehicle,RIGHT ANGLE,FAILURE TO YIELD RIGHT OF WAY,SSI,DAYLIGHT,CLEAR,DRY,False,39.756519317627,-86.138069152832
903425428,2019,2019-08-11,Hancock,,US52,Vehicle,RIGHT ANGLE,FAILURE TO YIELD RIGHT OF WAY,SSI,DAYLIGHT,CLEAR,DRY,False,39.7039794921875,-85.8192520141602
903331470,2019,2019-03-04,Marion,Indianapolis,EDGEWOOD AVE & ROUTIERS AVE,Vehicle,RAN OFF ROAD,RAN OFF ROAD RIGHT,SSI,DARK (LIGHTED),CLEAR,DRY,False,39.6812973022461,-86.0254135131836
903354230,2019,2019-04-13,Marion,Indianapolis,38TH ST & SHORE DR,Vehicle,RIGHT ANGLE,DISREGARD SIGNAL/REG SIGN,SSI,DAYLIGHT,CLOUDY,DRY,False,39.8231925964355,-86.2811279296875
903405101,2019,2019-07-03,Marion,Indianapolis,52ND ST & HIGH SCHOOL RD,Vehicle,OTHER - EXPLAIN IN NARRATIVE,OVERCORRECTING/OVERSTEERING,SSI,DAYLIGHT,CLEAR,DRY,False,39.8453483581543,-86.2705078125
903427027,2019,2019-08-11,Marion,Indianapolis,WESTLANE RD & MICHIGAN RD,Pedestrian,,PEDESTRIAN ACTION,SSI,DARK (NOT LIGHTED),CLEAR,DRY,False,39.8852691650391,-86.207992553711
903361621,2019,2019-03-06,Marion,Indianapolis,PENDLETON PIKE & KINGMAN DR,Vehicle,RAN OFF ROAD,RAN OFF ROAD RIGHT,Fatal,DARK (LIGHTED),CLEAR,DRY,False,39.829704284668,-86.0411529541016
903354257,2019,2019-04-13,Marion,Indianapolis,PERKINS AVE & ROYAL AVE,Pedestrian,REAR END,IMPROPER LANE USAGE,SSI,DARK (LIGHTED),RAIN,WET,False,39.7268371582031,-86.1112976074219
903403136,2019,2019-07-04,Boone,,I65N,Vehicle,RAN OFF ROAD,RAN OFF ROAD RIGHT,SSI,DARK (NOT LIGHTED),CLEAR,DRY,False,40.173454284668,-86.5515670776367
903403638,2019,2019-07-04,Marion,Lawrence,US36E & E 46TH ST,Vehicle,RIGHT ANGLE,FAILURE TO YIELD RIGHT OF WAY,SSI,DAYLIGHT,CLEAR,DRY,False,39.8407897949219,-86.0175857543945
903403890,2019,2019-07-04,Hancock,,SR234E,Vehicle,HEAD ON BETWEEN TWO MOTOR VEHICLES,LEFT OF CENTER,Fatal,DARK (NOT LIGHTED),CLEAR,DRY,False,39.9012489318848,-85.7469100952148
903404906,2019,2019-07-04,Marion,Indianapolis,HIGHLAND PL & 29TH ST,Vehicle,RIGHT ANGLE,FAILURE TO YIELD RIGHT OF WAY,SSI,DAYLIGHT,CLEAR,DRY,False,39.8083114624023,-86.1671600341797
903430245,2019,2019-07-04,Marion,Indianapolis,SHERMAN DR & MASSACHUSETTS AVE,Vehicle,HEAD ON BETWEEN TWO MOTOR VEHICLES,LEFT OF CENTER,Fatal,DARK (NOT LIGHTED),CLEAR,DRY,False,39.8000602722168,-86.1023864746094
903404114,2019,2019-07-05,Morgan,Mooresville,LANDERSDALE  & HADLEY,Vehicle,RAN OFF ROAD,DRIVER DISTRACTED - EXPLAIN IN NARRATIVE,SSI,DAYLIGHT,CLEAR,DRY,False,39.6100311279297,-86.335807800293
903404738,2019,2019-07-05,Marion,Indianapolis,W WASHINGTON ST,Vehicle,RIGHT ANGLE,IMPROPER LANE USAGE,SSI,DAYLIGHT,CLEAR,DRY,False,39.7674674987793,-86.1683502197266
903404745,2019,2019-07-05,Marion,Indianapolis,38TH ST,Vehicle,RIGHT ANGLE,DISREGARD SIGNAL/REG SIGN,SSI,DARK (LIGHTED),CLEAR,DRY,False,39.8233795166016,-86.2738265991211
903405590,2019,2019-07-05,Hamilton,Noblesville,SR32 & LITTLE CHICAGO RD,Vehicle,RIGHT ANGLE,FAILURE TO YIELD RIGHT OF WAY,SSI,DAYLIGHT,CLOUDY,DRY,False,40.0432395935059,-86.0708770751953
903404769,2019,2019-07-06,Marion,Indianapolis,PAYNE RD & HUNTER RD,Vehicle,RAN OFF ROAD,RAN OFF ROAD RIGHT,SSI,DARK (NOT LIGHTED),CLEAR,DRY,False,39.7197608947754,-86.050895690918
903404916,2019,2019-07-06,Marion,Indianapolis,86TH ST & DITCH RD,Vehicle,REAR END,FOLLOWING TOO CLOSELY,SSI,DAYLIGHT,CLEAR,DRY,False,39.9121856689453,-86.1839828491211
903431018,2019,2019-07-06,Marion,Indianapolis,LAFAYETTE RD & 62ND ST,Vehicle,RAN OFF ROAD,OVERCORRECTING/OVERSTEERING,SSI,DARK (NOT LIGHTED),CLEAR,DRY,False,39.8664512634277,-86.2767105102539
903404521,2019,2019-07-07,Johnson,,SR135N,Vehicle,RAN OFF ROAD,FAILURE TO YIELD RIGHT OF WAY,SSI,DARK (NOT LIGHTED),CLEAR,DRY,False,39.4319610595703,-86.1579513549805
903404670,2019,2019-07-07,Marion,Lawrence,59TH ST,Pedestrian,OTHER - EXPLAIN IN NARRATIVE,PEDESTRIAN ACTION,SSI,DAYLIGHT,CLEAR,DRY,False,39.8636436462402,-85.9967346191406
903404847,2019,2019-07-07,Marion,Indianapolis,EAGLE CREEK PKWY & 62ND ST,Pedalcycle,OTHER - EXPLAIN IN NARRATIVE,PEDESTRIAN ACTION,SSI,DAYLIGHT,CLEAR,DRY,False,39.8665313720703,-86.2992935180664