id,year,date,county,city,cross_street,crash_type,manner,primary_factor,ssi_fatal,light,weather,surface,interstate,lat,lon
903408233,2019,2019-07-07,Shelby,Edinburgh,I65N,Vehicle,RAN OFF ROAD,RAN OFF ROAD RIGHT,Fatal,DARK (NOT LIGHTED),FOG/SMOKE/SMOG,DRY,False,39.398551940918,-85.9431228637695
903405273,2019,2019-07-08,Hendricks,CLAYTON,CR0,Vehicle,RIGHT ANGLE,FAILURE TO YIELD RIGHT OF WAY,SSI,DAYLIGHT,CLEAR,DRY,False,39.6300621032715,-86.5222778320313
903405643,2019,2019-07-08,Marion,Indianapolis,91ST ST & MONON TRL,Pedalcycle,RIGHT ANGLE,FAILURE TO YIELD RIGHT OF WAY,SSI,DAYLIGHT,CLEAR,DRY,False,39.9197311401367,-86.1363220214844
903408013,2019,2019-07-08,Hancock,New Palestine,US52W,Vehicle,NON-COLLISION,RAN OFF ROAD RIGHT,SSI,DAYLIGHT,CLEAR,DRY,False,39.7248344421387,-85.9079132080078
903432752,2019,2019-07-08,Marion,Indianapolis,RAYMOND ST & SHELBY ST,Vehicle,RAN OFF ROAD,DISREGARD SIGNAL/REG SIGN,SSI,DAYLIGHT,CLEAR,DRY,False,39.7375068664551,-86.1397476196289
903406409,2019,2019-07-09,Hamilton,Westfield,LITTLE EAGLE CREEK  & 146 ST,Vehicle,RIGHT ANGLE,FAILURE TO YIELD RIGHT OF WAY,SSI,DAYLIGHT,CLEAR,DRY,False,39.9987373352051,-86.2389373779297
903406798,2019,2019-07-10,Shelby,SHELBYVILLE,MILLER AVE & ST JOSEPH ST,Vehicle,RIGHT ANGLE,FAILURE TO YIELD RIGHT OF WAY,SSI,DAYLIGHT,CLEAR,DRY,False,39.5120735168457,-85.7936401367187
903406826,2019,2019-07-11,Johnson,Bargersville,CR144W & WHITELAND RD,Vehicle,HEAD ON BETWEEN TWO MOTOR VEHICLES,LEFT OF CENTER,SSI,DAYLIGHT,CLEAR,DRY,False,39.5443229675293,-86.1973266601562
903407052,2019,2019-07-11,Hamilton,Westfield,161ST ST & BARRINGER CT,Pedestrian,COLLISION WITH OBJECT IN ROAD,PEDESTRIAN ACTION,SSI,DAYLIGHT,CLEAR,DRY,False,40.0216598510742,-86.1367340087891
903407065,2019,2019-07-11,Johnson,,NINEVEH RD,Vehicle,RAN OFF ROAD,RAN OFF ROAD RIGHT,SSI,DAYLIGHT,CLEAR,DRY,False,39.4603233337402,-86.0677261352539
903407075,2019,2019-07-11,Hamilton,,SR213 & 266 ST,Vehicle,RIGHT ANGLE,FAILURE TO YIELD RIGHT OF WAY,SSI,DAYLIGHT,CLEAR,DRY,False,40.1764640808105,-85.939338684082
903407329,2019,2019-07-11,Johnson,Greenwood,COUNTY LINE RD & JANET DR,Vehicle,OTHER - EXPLAIN IN NARRATIVE,DRIVER DISTRACTED - EXPLAIN IN NARRATIVE,SSI,DAYLIGHT,CLEAR,DRY,False,39.6357383728027,-86.1112289428711
903407390,2019,2019-07-11,Hamilton,Arcadia,266 ST & CORNELL RD,Vehicle,RAN OFF ROAD,RAN OFF ROAD RIGHT,SSI,DARK (NOT LIGHTED),CLEAR,DRY,False,40.1773643493652,-85.9013748168945
903407497,2019,2019-07-11,Hamilton,Carmel,CITY CENTER DR & BREAKLINES ST,Pedestrian,COLLISION WITH OBJECT IN ROAD,OTHER (ENVIRONMENTAL) - EXPLAIN IN NARR,Fatal,DAWN/DUSK,CLEAR,DRY,False,39.9681243896485,-86.1392822265625
903407970,2019,2019-07-12,Hendricks,,SR267,Vehicle,REAR END,FOLLOWING TOO CLOSELY,SSI,DAYLIGHT,CLEAR,DRY,False,39.9139251708984,-86.3975601196289
903431019,2019,2019-07-12,Marion,Indianapolis,MICHIGAN RD & 86TH ST,Pedestrian,RIGHT TURN,FAILURE TO YIELD RIGHT OF WAY,SSI,DAYLIGHT,CLEAR,DRY,False,39.9122123718262,-86.2226867675781
903408284,2019,2019-07-13,Johnson,,SR44E,Vehicle,RAN OFF ROAD,UNSAFE SPEED,SSI,DAYLIGHT,CLEAR,DRY,False,39.4623832702637,-86.1170272827148
903408543,2019,2019-07-13,Marion,Indianapolis,TIBBS AV AVE & 30TH ST,Vehicle,LEFT TURN,FAILURE TO YIELD RIGHT OF WAY,SSI,DAYLIGHT,CLEAR,DRY,False,39.8096923828125,-86.2161102294922
903408906,2019,2019-07-13,Marion,Indianapolis,56TH ST & SHOREWOOD DR,Vehicle,RIGHT ANGLE,FAILURE TO YIELD RIGHT OF WAY,SSI,DAYLIGHT,CLEAR,DRY,False,39.8549842834473,-86.1125106811523
903409063,2019,2019-07-13,Johnson,Edinburgh,SR252E & LINCOLN ST,Vehicle,LEFT TURN,FAILURE TO YIELD RIGHT OF WAY,SSI,DAYLIGHT,CLEAR,DRY,False,39.3608131408691,-85.9607772827148
903409690,2019,2019-07-13,Marion,Indianapolis,SOUTHERN AVE & MADISON AVE,Vehicle,RAN OFF ROAD,RAN OFF ROAD RIGHT,SSI,DAYLIGHT,CLEAR,DRY,False,39.729679107666,-86.153678894043
903409912,2019,2019-07-13,Marion,Indianapolis,MADISON AVE & SOUTH ST,Vehicle,LEFT TURN,FAILURE TO YIELD RIGHT OF WAY,SSI,DAYLIGHT,CLEAR,DRY,False,39.7614784240723,-86.158332824707
903408439,2019,2019-07-14,Boone,Whitestown,INDIANAPOLIS RD & WHITESTOWN PKWY,Pedalcycle,LEFT TURN,OTHER (DRIVER) - EXPLAIN IN NARRATIVE,SSI,DAYLIGHT,CLEAR,DRY,False,39.9476127624512,-86.3600082397461
903408539,2019,2019-07-14,Marion,Indianapolis,I70   &  83.60,Vehicle,RAN OFF ROAD,RAN OFF ROAD RIGHT,Fatal,DAYLIGHT,CLEAR,DRY,True,39.7870445251465,-86.1343460083008
903408689,2019,2019-07-14,Hamilton,Westfield,US31,Vehicle,RAN OFF ROAD,RAN OFF ROAD RIGHT,SSI,DARK (NOT LIGHTED),CLEAR,DRY,False,40.0941467285156,-86.1279144287109
903408960,2019,2019-07-14,Marion,Indianapolis,LAKETON DR,Pedalcycle,HEAD ON BETWEEN TWO MOTOR VEHICLES,FAILURE TO YIELD RIGHT OF WAY,SSI,DAYLIGHT,CLEAR,DRY,False,39.8779678344726,-86.0681533813477
903409021,2019,2019-07-14,Morgan,MORGANTOWN,SR135S & FARM DR,Vehicle,COLLISION WITH DEER,ANIMAL/OBJECT IN ROADWAY,SSI,DARK (NOT LIGHTED),CLEAR,DRY,False,39.3573570251465,-86.2610855102539
903411825,2019,2019-07-14,Marion,Indianapolis,I465E,Vehicle,REAR END,OTHER (DRIVER) - EXPLAIN IN NARRATIVE,Fatal,DAYLIGHT,CLEAR,DRY,False,39.9215278625488,-86.1130294799805
903574743,2019,2019-07-14,Marion,Speedway,10TH ST & HOLT RD,Pedalcycle,REAR END,LEFT OF CENTER,SSI,DAYLIGHT,CLEAR,DRY,False,39.7802047729492,-86.2306213378906
903409458,2019,2019-07-15,Marion,Indianapolis,I65S,Vehicle,RAN OFF ROAD,IMPROPER LANE USAGE,Fatal,DARK (LIGHTED),CLEAR,DRY,False,39.8610420227051,-86.2718734741211
903410380,2019,2019-07-15,Hamilton,Noblesville,10TH ST & CHERRY ST,Pedalcycle,RIGHT ANGLE,FAILURE TO YIELD RIGHT OF WAY,SSI,DAYLIGHT,CLEAR,DRY,False,40.043773651123,-86.0122146606445
903421295,2019,2019-07-15,Marion,Lawrence,US36E & N POST RD,Vehicle,HEAD ON BETWEEN TWO MOTOR VEHICLES,FAILURE TO YIELD RIGHT OF WAY,SSI,DAYLIGHT,CLEAR,DRY,False,39.8444862365723,-86.0101699829102
903409447,2019,2019-07-16,Johnson,New Whiteland,WHITELAND RD & LYNWOOD DR,Vehicle,OTHER - EXPLAIN IN NARRATIVE,OTHER (DRIVER) - EXPLAIN IN NARRATIVE,SSI,DARK (LIGHTED),CLEAR,DRY,False,39.549732208252,-86.0974807739258
903409823,2019,2019-07-16,Marion,Indianapolis,30TH ST & BAVARIAN W DR,Pedestrian,OTHER - EXPLAIN IN NARRATIVE,PEDESTRIAN ACTION,SSI,DARK (LIGHTED),CLEAR,DRY,False,39.8117027282715,-85.9870758056641
903410167,2019,2019-07-16,Shelby,SHELBYVILLE,CR200E,Vehicle,RAN OFF ROAD,RAN OFF ROAD RIGHT,SSI,DAYLIGHT,CLEAR,WET,False,39.5721206665039,-85.7195587158203
903410971,2019,2019-07-17,Boone,Whitestown,I65S,Vehicle,REAR END,OTHER (DRIVER) - EXPLAIN IN NARRATIVE,SSI,DARK (LIGHTED),CLEAR,DRY,False,39.9461669921875,-86.3523941040039
903411431,2019,2019-07-17,Hendricks,Plainfield,PERRY RD,Pedestrian,BACKING CRASH,OTHER (DRIVER) - EXPLAIN IN NARRATIVE,SSI,DAYLIGHT,CLEAR,DRY,False,39.7024688720703,-86.357536315918
903413993,2019,2019-07-17,Marion,Indianapolis,KENTUCKY AVE & MENDENHALL RD,Vehicle,REAR END,FOLLOWING TOO CLOSELY,SSI,DARK (LIGHTED),CLOUDY,WET,False,39.6796493530273,-86.2883834838867
903411572,2019,2019-07-18,Johnson,Franklin,FLEETWOOD BLVD  & VINEDALE CT,Pedestrian,LEFT TURN,PEDESTRIAN ACTION,SSI,DAWN/DUSK,CLEAR,DRY,False,39.4745788574219,-86.0783309936523
903411923,2019,2019-07-18,Marion,Indianapolis,WESTFIELD BLVD & 79TH ST,Vehicle,REAR END,DRIVER DISTRACTED - EXPLAIN IN NARRATIVE,SSI,DAYLIGHT,CLEAR,DRY,False,39.8979301452637,-86.1363677978516
903411940,2019,2019-07-18,Marion,Indianapolis,EMERSON AVE & STOP 11 RD,Vehicle,RIGHT ANGLE,FAILURE TO YIELD RIGHT OF WAY,SSI,DAYLIGHT,CLOUDY,DRY,False,39.6520118713379,-86.0826568603516
903416291,2019,2019-07-18,Johnson,Greenwood,STOP 18 RD & BLUE LAKE DR,Pedestrian,OPPOSITE DIRECTION SIDESWIPE,FAILURE TO YIELD RIGHT OF WAY,SSI,DAYLIGHT,CLEAR,DRY,False,39.593391418457,-86.117919921875
903427911,2019,2019-07-18,Marion,Indianapolis,I465,Vehicle,REAR END,FOLLOWING TOO CLOSELY,SSI,DAYLIGHT,CLEAR,DRY,True,39.9116249084473,-86.0810470581055
903412263,2019,2019-07-19,Marion,Beech Grove,EMERSON AVE & MAIN ST,Vehicle,LEFT TURN,FAILURE TO YIELD RIGHT OF WAY,Fatal,DAYLIGHT,CLEAR,DRY,False,39.7217826843262,-86.0825500488281
903412497,2019,2019-07-19,Marion,Indianapolis,I465,Vehicle,SAME DIRECTION SIDESWIPE,UNSAFE LANE MOVEMENT,SSI,DAYLIGHT,CLEAR,DRY,True,39.7024269104004,-86.1144332885742
903413424,2019,2019-07-19,Marion,Indianapolis,SHADELAND AVE & CARLTON ARMS PLZ,Vehicle,RIGHT ANGLE,FAILURE TO YIELD RIGHT OF WAY,SSI,DAYLIGHT,CLEAR,DRY,False,39.8924331665039,-86.0459976196289
903413547,2019,2019-07-19,Marion,Indianapolis,16TH ST & POST RD,Pedestrian,OTHER - EXPLAIN IN NARRATIVE,PEDESTRIAN ACTION,SSI,DAYLIGHT,CLEAR,DRY,False,39.7891311645508,-86.0092544555664
903413994,2019,2019-07-19,Marion,Indianapolis,SOUTHEASTERN AVE & SHERIDAN AVE,Vehicle,NON-COLLISION,RAN OFF ROAD RIGHT,SSI,DARK (LIGHTED),CLEAR,DRY,False,39.7319488525391,-86.0583190917969
903413996,2019,2019-07-19,Marion,Indianapolis,MOORESVILLE RD & HOSTA DR,Vehicle,NON-COLLISION,RAN OFF ROAD RIGHT,SSI,DAYLIGHT,CLEAR,DRY,False,39.646858215332,-86.322265625
903414651,2019,2019-07-20,Marion,Indianapolis,INDUSTRIAL BLVD & 38TH ST,Vehicle,SAME DIRECTION SIDESWIPE,OTHER (DRIVER) - EXPLAIN IN NARRATIVE,SSI,DAYLIGHT,CLEAR,DRY,False,39.8244132995605,-86.2300262451172
903414893,2019,2019-07-20,Hamilton,Fishers,I69S,Vehicle,REAR END,FOLLOWING TOO CLOSELY,SSI,DAYLIGHT,CLEAR,DRY,False,39.9817085266113,-85.9469833374023
903431526,2019,2019-07-20,Marion,Indianapolis,EAST ST & EPLER AVE,Vehicle,RIGHT ANGLE,DISREGARD SIGNAL/REG SIGN,SSI,DAYLIGHT,CLEAR,DRY,False,39.686336517334,-86.1487579345703
903413630,2019,2019-07-21,Marion,Indianapolis,MICHIGAN RD & 79TH ST,Vehicle,SAME DIRECTION SIDESWIPE,FAILURE TO YIELD RIGHT OF WAY,SSI,DAYLIGHT,CLEAR,DRY,False,39.8969421386719,-86.2155838012695
903419073,2019,2019-07-21,Hancock,,CR500W,Vehicle,RIGHT ANGLE,FAILURE TO YIELD RIGHT OF WAY,Fatal,DAYLIGHT,CLEAR,DRY,False,39.7570915222168,-85.8959655761719
903413375,2019,2019-07-22,Marion,Indianapolis,MADISON AVE & BREWER DR,Pedalcycle,SAME DIRECTION SIDESWIPE,OTHER (DRIVER) - EXPLAIN IN NARRATIVE,Fatal,DARK (LIGHTED),CLOUDY,DRY,False,39.6533432006836,-86.1229629516602
903413963,2019,2019-07-23,Johnson,Bargersville,WHITELAND RD,Vehicle,SAME DIRECTION SIDESWIPE,IMPROPER PASSING,SSI,DAYLIGHT,CLEAR,DRY,False,39.5471229553223,-86.2204055786133
903414618,2019,2019-07-23,Hancock,,US40,Vehicle,RAN OFF ROAD,DRIVER ILLNESS,SSI,DAYLIGHT,CLEAR,DRY,False,39.7889022827148,-85.6824722290039
903414786,2019,2019-07-23,Marion,Indianapolis,MICHIGAN ST & KEALING AVE,Vehicle,RAN OFF ROAD,OTHER (DRIVER) - EXPLAIN IN NARRATIVE,SSI,DAYLIGHT,CLEAR,DRY,False,39.7747077941895,-86.1038360595703
903414814,2019,2019-07-23,Marion,Indianapolis,ACTON RD & MCGREGOR RD,Vehicle,RIGHT ANGLE,FAILURE TO YIELD RIGHT OF WAY,SSI,DAYLIGHT,CLEAR,DRY,False,39.6468811035156,-86.3201217651367
903415180,2019,2019-07-25,Hamilton,Cicero,MAIN ST & JACKSON ST,Pedestrian,COLLISION WITH OBJECT IN ROAD,PEDESTRIAN ACTION,SSI,DAYLIGHT,CLEAR,DRY,False,40.1318054199219,-86.0190887451172
903477299,2019,2019-11-03,Hamilton,Fishers,CUMBERLAND RD & OVERLOOK DR,Vehicle,HEAD ON BETWEEN TWO MOTOR VEHICLES,FAILURE TO YIELD RIGHT OF WAY,SSI,DAYLIGHT,CLEAR,DRY,False,39.9541549682617,-85.9948883056641
903520678,2019,2019-12-28,Marion,Indianapolis,46TH ST & EMERSON AVE,Vehicle,REAR END,FOLLOWING TOO CLOSELY,SSI,DARK (LIGHTED),CLEAR,DRY,False,39.8403053283691,-86.0838088989258
903439119,2019,2019-08-24,Morgan,MARTINSVILLE,GOAT HOLLOW RD,Vehicle,RAN OFF ROAD,OVERCORRECTING/OVERSTEERING,SSI,DAYLIGHT,CLEAR,DRY,False,39.5162696838379,-86.4132537841797
903427029,2019,2019-08-11,Marion,Indianapolis,SHADELAND AVE & FALL CREEK NORTH DR,Vehicle,RIGHT ANGLE,FAILURE TO YIELD RIGHT OF WAY,SSI,DAYLIGHT,CLEAR,DRY,False,39.8673286437988,-86.0456924438476
903479158,2019,2019-11-03,Hamilton,Fishers,I69S,Vehicle,REAR END,IMPROPER LANE USAGE,Fatal,DAYLIGHT,CLEAR,DRY,False,39.9450454711914,-86.0166015625
903433551,2019,2019-08-25,Hendricks,,SR39,Vehicle,RAN OFF ROAD,RAN OFF ROAD RIGHT,SSI,DARK (NOT LIGHTED),CLEAR,DRY,False,39.7788200378418,-86.5429763793945
903353751,2019,2019-04-15,Morgan,MARTINSVILLE,SR252W & JONES PL,Pedestrian,OTHER - EXPLAIN IN NARRATIVE,PEDESTRIAN ACTION,SSI,DAYLIGHT,CLEAR,DRY,False,39.4213447570801,-86.3905334472656
903425744,2019,2019-08-12,Hendricks,Pittsboro,JEFF GORDON BLVD & COMMERCE WAY,Vehicle,HEAD ON BETWEEN TWO MOTOR VEHICLES,FAILURE TO YIELD RIGHT OF WAY,Fatal,DARK (NOT LIGHTED),CLEAR,DRY,False,39.8817176818848,-86.4727401733398
903335324,2019,2019-03-08,Marion,Indianapolis,86TH ST & PRIVATE DR,Pedestrian,COLLISION WITH OBJECT IN ROAD,DRIVER DISTRACTED - EXPLAIN IN NARRATIVE,SSI,DARK (LIGHTED),CLEAR,DRY,False,39.9124717712402,-86.1279602050781
903358368,2019,2019-04-15,Marion,Indianapolis,I65N,Vehicle,REAR END,FOLLOWING TOO CLOSELY,SSI,DAYLIGHT,CLEAR,DRY,False,39.782657623291,-86.1479797363281
903354533,2019,2019-04-16,Hamilton,Westfield,SPRINGMILL RD & COUNTRYSIDE BLVD,Vehicle,REAR END,FOLLOWING TOO CLOSELY,SSI,DAYLIGHT,CLEAR,DRY,False,40.0244636535645,-86.1649017333984
903354589,2019,2019-04-16,Hamilton,,SR37,Vehicle,REAR END,DRIVER DISTRACTED - EXPLAIN IN NARRATIVE,SSI,DAYLIGHT,CLEAR,DRY,False,40.1295051574707,-85.938850402832
903358989,2019,2019-04-16,Marion,Indianapolis,FALL CREEK RD & WYCOMBE LN,Vehicle,RIGHT ANGLE,DISREGARD SIGNAL/REG SIGN,SSI,DAYLIGHT,CLEAR,DRY,False,39.8634376525879,-86.0800857543945
903361728,2019,2019-04-16,Hamilton,Noblesville,CUMBERLAND RD & POINTE BLVD,Vehicle,COLLISION WITH OBJECT IN ROAD,ANIMAL/OBJECT IN ROADWAY,SSI,DAYLIGHT,CLEAR,DRY,False,40.0177459716797,-85.9975967407227
903358990,2019,2019-04-17,Marion,Indianapolis,KEYSTONE AVE & 62ND ST,Vehicle,RIGHT ANGLE,FAILURE TO YIELD RIGHT OF WAY,Fatal,DAYLIGHT,CLEAR,DRY,False,39.8679428100586,-86.1223678588867
903355768,2019,2019-04-18,Hamilton,,US31N & 256 ST,Vehicle,RIGHT ANGLE,FAILURE TO YIELD RIGHT OF WAY,SSI,DAYLIGHT,RAIN,WET,False,40.160270690918,-86.1278762817383
903356448,2019,2019-04-19,Johnson,Franklin,EL COMA CT & PARKWOOD DR,Pedestrian,OTHER - EXPLAIN IN NARRATIVE,OTHER (DRIVER) - EXPLAIN IN NARRATIVE,SSI,DAYLIGHT,CLOUDY,DRY,False,39.4751281738281,-86.0790710449219
903356467,2019,2019-04-19,Hancock,,MOUNT COMFORT RD & AIRPORT BLVD,Vehicle,HEAD ON BETWEEN TWO MOTOR VEHICLES,LEFT OF CENTER,Fatal,DAYLIGHT,CLEAR,DRY,False,39.8436164855957,-85.9152984619141
903356474,2019,2019-04-19,Johnson,Franklin,US31 & BANTA ST,Vehicle,RIGHT ANGLE,FAILURE TO YIELD RIGHT OF WAY,SSI,DAYLIGHT,RAIN,WET,False,39.4842910766602,-86.064094543457
903359122,2019,2019-04-20,Marion,Indianapolis,I65S,Vehicle,OTHER - EXPLAIN IN NARRATIVE,RAN OFF ROAD RIGHT,Fatal,DAYLIGHT,CLOUDY,DRY,False,39.7522468566894,-86.1454162597656
903361774,2019,2019-04-20,Marion,Indianapolis,21ST ST,Vehicle,OTHER - EXPLAIN IN NARRATIVE,RAN OFF ROAD RIGHT,Fatal,DARK (LIGHTED),RAIN,WET,False,39.797119140625,-85.9832763671875
903369550,2019,2019-04-20,Hendricks,Avon,RONALD REAGAN PKWY,Vehicle,HEAD ON BETWEEN TWO MOTOR VEHICLES,DISREGARD SIGNAL/REG SIGN,SSI,DARK (NOT LIGHTED),CLEAR,WET,False,39.7930107116699,-86.3470306396484
903356963,2019,2019-04-21,Hamilton,Westfield,15602 CAREY RD & JOSHUA CIR,Vehicle,RAN OFF ROAD,OVERCORRECTING/OVERSTEERING,SSI,DAYLIGHT,CLEAR,DRY,False,40.0168037414551,-86.1086578369141
903358846,2019,2019-04-21,Marion,Indianapolis,BROAD RIPPLE AVE & ROSSLYN AVE,Vehicle,OTHER - EXPLAIN IN NARRATIVE,OTHER (DRIVER) - EXPLAIN IN NARRATIVE,SSI,DAYLIGHT,CLEAR,DRY,False,39.8686294555664,-86.1340713500976
903366141,2019,2019-04-21,Marion,Indianapolis,MITTHOEFER RD & JOHN JAY DR,Vehicle,RAN OFF ROAD,OVERCORRECTING/OVERSTEERING,Fatal,DARK (LIGHTED),CLEAR,DRY,False,39.8226318359375,-85.9911193847656
903374734,2019,2019-04-22,Marion,Indianapolis,WASHINGTON ST & EUCLID AVE,Pedestrian,OTHER - EXPLAIN IN NARRATIVE,PEDESTRIAN ACTION,SSI,DAYLIGHT,CLEAR,DRY,False,39.7696228027344,-86.0946273803711
903375435,2019,2019-04-22,Marion,Indianapolis,SOUTHEASTERN AVE & EARHART ST,Vehicle,OTHER - EXPLAIN IN NARRATIVE,OVERCORRECTING/OVERSTEERING,SSI,DAYLIGHT,CLEAR,DRY,False,39.7568283081055,-86.1062850952148
903359552,2019,2019-04-23,Marion,Indianapolis,I465W,Vehicle,REAR END,FOLLOWING TOO CLOSELY,SSI,DARK (LIGHTED),CLEAR,DRY,False,39.6922988891601,-86.2208480834961
903359605,2019,2019-04-23,Marion,Indianapolis,I65,Vehicle,OTHER - EXPLAIN IN NARRATIVE,OTHER (DRIVER) - EXPLAIN IN NARRATIVE,SSI,DAYLIGHT,CLOUDY,DRY,True,39.7528533935547,-86.1448211669922
903359883,2019,2019-04-23,Hendricks,CLAYTON,US40 & DIXON DR,Vehicle,RAN OFF ROAD,RAN OFF ROAD RIGHT,Fatal,DAYLIGHT,CLEAR,DRY,False,39.683032989502,-86.4667739868164
903361518,2019,2019-04-24,Hancock,Greenfield,US40E & JAYCIE PHELPS RD,Vehicle,RIGHT ANGLE,FAILURE TO YIELD RIGHT OF WAY,SSI,DAYLIGHT,CLEAR,DRY,False,39.7872543334961,-85.7269973754883
903360039,2019,2019-04-25,Marion,Indianapolis,WASHINGTON ST & KEYSTONE AVE,Vehicle,RIGHT ANGLE,DISREGARD SIGNAL/REG SIGN,SSI,DAYLIGHT,RAIN,WET,False,39.7679481506348,-86.1218109130859
903360082,2019,2019-04-25,Marion,Indianapolis,ENGLISH AVE & PARKER AVE,Pedestrian,HEAD ON BETWEEN TWO MOTOR VEHICLES,FAILURE TO YIELD RIGHT OF WAY,SSI,DAYLIGHT,RAIN,WET,False,39.759880065918,-86.1140060424805
903365619,2019,2019-04-25,Marion,Indianapolis,KENTUCKY AVE & BAR DEL DR,Vehicle,NON-COLLISION,RAN OFF ROAD RIGHT,Fatal,DARK (LIGHTED),RAIN,WET,False,39.6811065673828,-86.2865142822266
903370395,2019,2019-04-25,Marion,Indianapolis,US31 & BANTA RD,Vehicle,RIGHT ANGLE,DISREGARD SIGNAL/REG SIGN,SSI,DAYLIGHT,CLOUDY,WET,False,39.6717147827148,-86.1491317749023
903479998,2019,2019-11-03,Hamilton,Noblesville,MALLERY RD & 181ST ST,Vehicle,RAN OFF ROAD,DISREGARD SIGNAL/REG SIGN,SSI,DAYLIGHT,CLEAR,DRY,False,40.0513877868652,-85.9624633789063
903434689,2019,2019-08-25,Marion,Indianapolis,I70E,Vehicle,RAN OFF ROAD,UNSAFE SPEED,Fatal,DARK (NOT LIGHTED),CLEAR,DRY,False,39.7983322143555,-86.0992050170898
903361876,2019,2019-04-26,Hamilton,Carmel,US31N,Vehicle,REAR END,DRIVER DISTRACTED - EXPLAIN IN NARRATIVE,SSI,DARK (LIGHTED),CLEAR,DRY,False,39.931713104248,-86.1578826904297
903363289,2019,2019-04-26,Marion,Indianapolis,MERIDIAN ST & 32ND ST,Pedestrian,NON-COLLISION,PEDESTRIAN ACTION,SSI,DARK (LIGHTED),CLEAR,DRY,False,39.8137359619141,-86.1567993164063
903360804,2019,2019-04-27,Shelby,SHELBYVILLE,CR600W,Vehicle,RAN OFF ROAD,RAN OFF ROAD RIGHT,SSI,DAYLIGHT,RAIN,WET,False,39.4343605041504,-85.8867950439453
903360919,2019,2019-04-27,Boone,Lebanon,INDIANAPOLIS RD,Vehicle,HEAD ON BETWEEN TWO MOTOR VEHICLES,IMPROPER LANE USAGE,SSI,DARK (NOT LIGHTED),RAIN,WET,False,40.0137062072754,-86.4341735839844
903361156,2019,2019-04-27,Hancock,,CR600W,Vehicle,RIGHT ANGLE,FAILURE TO YIELD RIGHT OF WAY,SSI,DAYLIGHT,CLOUDY,DRY,False,39.7420272827148,-85.9139633178711
903361821,2019,2019-04-27,Marion,Indianapolis,21ST ST & ARLINGTON AVE,Vehicle,SAME DIRECTION SIDESWIPE,DISREGARD SIGNAL/REG SIGN,SSI,DAYLIGHT,CLOUDY,DRY,False,39.7962646484375,-86.064323425293
903363290,2019,2019-04-27,Marion,Indianapolis,COLLEGE AVE & 21ST ST,Vehicle,REAR END,IMPROPER LANE USAGE,Fatal,DARK (NOT LIGHTED),CLEAR,DRY,False,39.7953720092773,-86.1448364257813
903361854,2019,2019-04-28,Marion,Indianapolis,38TH ST & ARQUETTE DR,Vehicle,HEAD ON BETWEEN TWO MOTOR VEHICLES,FAILURE TO YIELD RIGHT OF WAY,SSI,DARK (LIGHTED),CLEAR,DRY,False,39.8262519836426,-85.9973678588867
903366609,2019,2019-04-28,Marion,Indianapolis,ALLISONVILLE RD & 75TH ST,Vehicle,RIGHT ANGLE,DISREGARD SIGNAL/REG SIGN,SSI,DAYLIGHT,CLEAR,DRY,False,39.8903923034668,-86.0862579345703
903365620,2019,2019-04-29,Marion,Indianapolis,LASALLE ST & 26TH ST,Vehicle,NON-COLLISION,RAN OFF ROAD RIGHT,Fatal,DARK (LIGHTED),CLOUDY,DRY,False,39.8044586181641,-86.1108779907227
903362958,2019,2019-04-30,Marion,Indianapolis,SOUTHPORT RD & BARTH AVE,Pedestrian,SAME DIRECTION SIDESWIPE,OVERCORRECTING/OVERSTEERING,SSI,DARK (NOT LIGHTED),CLOUDY,DRY,False,39.664436340332,-86.1417007446289
903363606,2019,2019-05-01,Marion,Indianapolis,WESTLANE RD & DITCH RD,Vehicle,HEAD ON BETWEEN TWO MOTOR VEHICLES,FAILURE TO YIELD RIGHT OF WAY,SSI,DAYLIGHT,CLOUDY,DRY,False,39.886157989502,-86.1839294433594
903366061,2019,2019-05-01,Marion,Indianapolis,ALLISONVILLE RD & 62ND ST,Pedestrian,HEAD ON BETWEEN TWO MOTOR VEHICLES,PEDESTRIAN ACTION,SSI,DAYLIGHT,CLEAR,DRY,False,39.8692359924316,-86.0967788696289
903370989,2019,2019-05-03,Marion,Indianapolis,MICHIGAN ST & ALTON AVE,Pedestrian,REAR END,IMPROPER LANE USAGE,Fatal,DARK (LIGHTED),CLEAR,DRY,False,39.7739753723144,-86.2178192138672
903364834,2019,2019-05-04,Marion,Indianapolis,I70E,Vehicle,OTHER - EXPLAIN IN NARRATIVE,SPEED TOO FAST FOR WEATHER CONDITIONS,SSI,DAYLIGHT,RAIN,WET,False,39.7535095214844,-86.1623229980469
903369088,2019,2019-05-04,Marion,Indianapolis,I65,Vehicle,RAN OFF ROAD,UNSAFE SPEED,SSI,DARK (LIGHTED),CLEAR,DRY,True,39.8424987792969,-86.2513427734375
903385770,2019,2019-05-04,Marion,Indianapolis,I65S,Pedestrian,OTHER - EXPLAIN IN NARRATIVE,PEDESTRIAN ACTION,Fatal,DARK (NOT LIGHTED),CLEAR,DRY,False,39.677864074707,-86.1005935668945
903365290,2019,2019-05-05,Hamilton,Fishers,106TH ST & LANTERN RD,Vehicle,NON-COLLISION,IMPROPER TURNING,SSI,DAYLIGHT,CLEAR,DRY,False,39.9419593811035,-86.0225067138672