id,year,date,county,city,cross_street,crash_type,manner,primary_factor,ssi_fatal,light,weather,surface,interstate,lat,lon
903367757,2019,2019-05-05,Marion,Indianapolis,ARLINGTON AVE & KITLEY ST,Vehicle,RAN OFF ROAD,IMPROPER LANE USAGE,SSI,DARK (LIGHTED),CLEAR,DRY,False,39.8228797912598,-86.0551910400391
903370744,2019,2019-05-05,Hamilton,Noblesville,CUMBERLAND RD & ALLISONVILLE RD,Pedestrian,OTHER - EXPLAIN IN NARRATIVE,PEDESTRIAN ACTION,Fatal,DAYLIGHT,CLEAR,DRY,False,40.0712203979492,-85.9957275390625
903376116,2019,2019-05-05,Marion,Indianapolis,HARDING ST & 22ND ST,Vehicle,LEFT TURN,FAILURE TO YIELD RIGHT OF WAY,SSI,DARK (NOT LIGHTED),CLEAR,DRY,False,39.7978286743164,-86.1875076293945
903366030,2019,2019-05-06,Marion,Indianapolis,WESTFIELD BLVD & HELEN DR,Vehicle,RIGHT ANGLE,FAILURE TO YIELD RIGHT OF WAY,SSI,DAYLIGHT,CLEAR,DRY,False,39.8897285461426,-86.1404190063477
903375886,2019,2019-05-06,Marion,Indianapolis,MERIDIAN ST & 64TH ST,Vehicle,RIGHT ANGLE,LEFT OF CENTER,SSI,DAYLIGHT,CLEAR,DRY,False,39.8743400573731,-86.1569442749024
903366933,2019,2019-05-07,Morgan,,MANN RD & HADLEY RD,Vehicle,LEFT TURN,DISREGARD SIGNAL/REG SIGN,SSI,DAYLIGHT,CLEAR,DRY,False,39.6113052368164,-86.2665252685547
903367889,2019,2019-05-07,Marion,Indianapolis,WASHINGTON ST & WASHINGTON ST,Vehicle,RIGHT ANGLE,DISREGARD SIGNAL/REG SIGN,SSI,DAYLIGHT,CLEAR,DRY,False,39.766960144043,-86.1489562988281
903368096,2019,2019-05-07,Marion,Indianapolis,LYNHURST DR & YOUNT BLVD,Pedestrian,RIGHT ANGLE,PEDESTRIAN ACTION,SSI,DARK (LIGHTED),CLEAR,DRY,False,39.7744598388672,-86.2504806518555
903367578,2019,2019-05-08,Hendricks,LIZTON,I74E,Pedestrian,RAN OFF ROAD,UNSAFE LANE MOVEMENT,Fatal,DAYLIGHT,CLEAR,DRY,False,39.9183464050293,-86.5768966674805
903370991,2019,2019-05-08,Marion,Indianapolis,38TH ST & DUBARRY ST,Vehicle,LEFT TURN,FAILURE TO YIELD RIGHT OF WAY,SSI,DARK (LIGHTED),CLEAR,DRY,False,39.8260002136231,-86.0164642333984
903382223,2019,2019-05-08,Marion,Indianapolis,56TH ST & FALL CREEK DR,Vehicle,HEAD ON BETWEEN TWO MOTOR VEHICLES,LEFT OF CENTER,SSI,DAYLIGHT,CLEAR,DRY,False,39.8550262451172,-86.082649230957
903370405,2019,2019-05-09,Marion,Indianapolis,SOUTH ST & ILLINOIS ST,Vehicle,RIGHT ANGLE,WRONG WAY ON ONE WAY,SSI,DARK (LIGHTED),CLEAR,DRY,False,39.7615013122559,-86.1601638793945
903368458,2019,2019-05-10,Hendricks,Plainfield,CR900E & TOWNSHIP LINE RD,Vehicle,NON-COLLISION,UNSAFE SPEED,SSI,DARK (LIGHTED),CLOUDY,DRY,False,39.7204513549805,-86.3601684570313
903371837,2019,2019-05-11,Hamilton,Fishers,HAWTHORN RDG & HYACINTH DR,Vehicle,RAN OFF ROAD,OTHER (DRIVER) - EXPLAIN IN NARRATIVE,SSI,DARK (NOT LIGHTED),CLEAR,DRY,False,39.9523124694824,-85.9451370239258
903373339,2019,2019-05-11,Marion,Indianapolis,I65S,Vehicle,RAN OFF ROAD,SPEED TOO FAST FOR WEATHER CONDITIONS,SSI,DARK (NOT LIGHTED),RAIN,WET,False,39.7828216552734,-86.158576965332
903388303,2019,2019-05-12,Marion,Indianapolis,86TH ST & CHOLLA RD,Vehicle,SAME DIRECTION SIDESWIPE,UNSAFE LANE MOVEMENT,Fatal,DARK (NOT LIGHTED),CLEAR,DRY,False,39.9124565124512,-86.1302795410156
903370523,2019,2019-05-13,Marion,Indianapolis,EAST ST & EPLER AVE,Vehicle,RIGHT ANGLE,DISREGARD SIGNAL/REG SIGN,SSI,DAYLIGHT,CLOUDY,DRY,False,39.6863174438477,-86.1488265991211
903370776,2019,2019-05-13,Hamilton,Westfield,UNION ST & IMMI WAY,Vehicle,RAN OFF ROAD,UNSAFE SPEED,SSI,DAYLIGHT,CLEAR,DRY,False,40.0583305358887,-86.1275329589844
903371122,2019,2019-05-14,Hendricks,,CR225E,Vehicle,RAN OFF ROAD,RAN OFF ROAD RIGHT,SSI,DARK (NOT LIGHTED),CLEAR,DRY,False,39.7304000854492,-86.4813613891601
903371373,2019,2019-05-14,Marion,Indianapolis,I465,Vehicle,REAR END,FOLLOWING TOO CLOSELY,SSI,DAYLIGHT,CLEAR,DRY,True,39.6974220275879,-86.1814498901367
903374464,2019,2019-05-14,Marion,Indianapolis,ENGLISH AVE & SHERIDAN AVE,Vehicle,OTHER - EXPLAIN IN NARRATIVE,DRIVER ASLEEP OR FATIGUED,SSI,DAYLIGHT,CLEAR,DRY,False,39.761058807373,-86.059928894043
903376253,2019,2019-05-14,Marion,Indianapolis,I70W,Vehicle,OTHER - EXPLAIN IN NARRATIVE,OVERCORRECTING/OVERSTEERING,SSI,DARK (LIGHTED),CLEAR,DRY,False,39.7942352294922,-86.1224670410156
903371570,2019,2019-05-15,Hamilton,Fishers,121 ST & CHATEAU CT,Vehicle,RAN OFF ROAD,RAN OFF ROAD RIGHT,Fatal,DARK (NOT LIGHTED),CLEAR,DRY,False,39.9645576477051,-85.9773254394531
903389534,2019,2019-05-15,Boone,Zionsville,BENNINGTON DR,Vehicle,NON-COLLISION,RAN OFF ROAD RIGHT,SSI,DAYLIGHT,CLEAR,DRY,False,39.9642295837402,-86.2729644775391
903372457,2019,2019-05-16,Johnson,Greenwood,SR135N & FAIRVIEW RD,Vehicle,HEAD ON BETWEEN TWO MOTOR VEHICLES,LEFT OF CENTER,SSI,DAYLIGHT,CLEAR,DRY,False,39.619945526123,-86.1585311889649
903372707,2019,2019-05-16,Marion,Speedway,CRAWFORDSVILLE RD & W 22ND ST,Vehicle,HEAD ON BETWEEN TWO MOTOR VEHICLES,FAILURE TO YIELD RIGHT OF WAY,SSI,DARK (LIGHTED),CLEAR,DRY,False,39.7940063476563,-86.2563552856445
903372944,2019,2019-05-17,Hancock,Greenfield,STATE ST & NEW RD,Vehicle,RIGHT ANGLE,FAILURE TO YIELD RIGHT OF WAY,SSI,DAYLIGHT,CLEAR,DRY,False,39.8140144348145,-85.7699356079102
903373057,2019,2019-05-17,Boone,,SR75N,Vehicle,OTHER - EXPLAIN IN NARRATIVE,DISREGARD SIGNAL/REG SIGN,SSI,DAYLIGHT,CLEAR,DRY,False,40.0544090270996,-86.6197280883789
903375095,2019,2019-05-17,Marion,Indianapolis,KENTUCKY AVE & GATWICK DR,Vehicle,SAME DIRECTION SIDESWIPE,UNSAFE LANE MOVEMENT,SSI,DAYLIGHT,CLEAR,DRY,False,39.6867446899414,-86.2796859741211
903375231,2019,2019-05-17,Hamilton,Noblesville,CUMBERLAND RD,Vehicle,RAN OFF ROAD,OTHER (DRIVER) - EXPLAIN IN NARRATIVE,SSI,DARK (LIGHTED),CLEAR,DRY,False,40.0543365478516,-85.996223449707
903375770,2019,2019-05-17,Marion,Indianapolis,MCCARTY ST & ADDISON ST,Vehicle,NON-COLLISION,OTHER (DRIVER) - EXPLAIN IN NARRATIVE,Fatal,DARK (NOT LIGHTED),CLEAR,DRY,False,39.7562065124512,-86.2036361694336
903374001,2019,2019-05-18,Hamilton,Fishers,I69,Pedestrian,OTHER - EXPLAIN IN NARRATIVE,PEDESTRIAN ACTION,SSI,DARK (NOT LIGHTED),CLEAR,DRY,True,39.958610534668,-86.0064086914063
903375199,2019,2019-05-18,Marion,Indianapolis,10TH ST & MITTHOEFFER RD,Vehicle,REAR END,FOLLOWING TOO CLOSELY,SSI,DAYLIGHT,CLEAR,DRY,False,39.782299041748,-85.9902267456055
903375230,2019,2019-05-18,Shelby,SHELBYVILLE,I74W,Vehicle,OTHER - EXPLAIN IN NARRATIVE,OVERCORRECTING/OVERSTEERING,Fatal,DAYLIGHT,CLEAR,DRY,False,39.6082878112793,-85.8552703857422
903376709,2019,2019-05-18,Shelby,SHELBYVILLE,I65N,Vehicle,REAR END,FOLLOWING TOO CLOSELY,SSI,DAYLIGHT,CLEAR,DRY,False,39.3690223693848,-85.9423828125
903377333,2019,2019-05-18,Marion,Indianapolis,I465S,Vehicle,REAR END,FOLLOWING TOO CLOSELY,SSI,DAYLIGHT,CLEAR,DRY,False,39.8787879943848,-86.269157409668
903386574,2019,2019-05-18,Hamilton,Fishers,116TH ST & KITTERY DR,Vehicle,SAME DIRECTION SIDESWIPE,UNSAFE LANE MOVEMENT,SSI,DAYLIGHT,CLEAR,DRY,False,39.9574127197266,-85.9607009887695
903373924,2019,2019-05-19,Boone,Whitestown,I132,Vehicle,COLLISION WITH DEER,ANIMAL/OBJECT IN ROADWAY,SSI,DAYLIGHT,CLEAR,WET,True,39.9733085632324,-86.3859558105469
903374558,2019,2019-05-19,Marion,Indianapolis,EMERSON AVE & 19TH ST,Vehicle,REAR END,FOLLOWING TOO CLOSELY,SSI,DAYLIGHT,RAIN,WET,False,39.7929306030274,-86.0832977294922
903515337,2019,2019-12-29,Johnson,Greenwood,SR135 & MAIN ST,Vehicle,RIGHT ANGLE,FAILURE TO YIELD RIGHT OF WAY,SSI,DARK (LIGHTED),RAIN,WET,False,39.6131896972656,-86.1585311889649
903335245,2019,2019-03-09,Marion,Indianapolis,COUNTY LINE RD & LEISURE LN,Vehicle,REAR END,SPEED TOO FAST FOR WEATHER CONDITIONS,SSI,DAYLIGHT,RAIN,WET,False,39.634895324707,-86.1681060791016
903516431,2019,2019-12-30,Hendricks,,CR1000E,Vehicle,RAN OFF ROAD,RAN OFF ROAD RIGHT,Fatal,DAYLIGHT,CLOUDY,DRY,False,39.8430328369141,-86.3466110229492
903480720,2019,2019-11-04,Marion,Indianapolis,BINFORD BLVD & 71ST ST,Vehicle,REAR END,FOLLOWING TOO CLOSELY,SSI,DARK (LIGHTED),CLOUDY,WET,False,39.8834037780762,-86.0664978027344
903445993,2019,2019-08-25,Marion,Indianapolis,EDGEWOOD AVE & ROUTIERS AVE,Vehicle,RAN OFF ROAD,RAN OFF ROAD RIGHT,Fatal,DARK (NOT LIGHTED),CLEAR,DRY,False,39.6814270019531,-86.0254287719727
903426400,2019,2019-08-12,Marion,Indianapolis,ARLINGTON AVE & 14TH ST,Vehicle,HEAD ON BETWEEN TWO MOTOR VEHICLES,OTHER (DRIVER) - EXPLAIN IN NARRATIVE,SSI,DAYLIGHT,CLEAR,DRY,False,39.7870903015137,-86.0642852783203
903336998,2019,2019-03-09,Boone,,SR47E,Vehicle,HEAD ON BETWEEN TWO MOTOR VEHICLES,LEFT OF CENTER,Fatal,DAYLIGHT,CLOUDY,DRY,False,40.1272735595703,-86.354118347168
903445994,2019,2019-08-25,Marion,Indianapolis,32ND ST & DEQUINCY ST,Vehicle,RAN OFF ROAD,OVERCORRECTING/OVERSTEERING,Fatal,DAYLIGHT,CLEAR,DRY,False,39.8146934509277,-86.0878067016602
903480636,2019,2019-11-05,Marion,Indianapolis,RITTER AVE & LOWELL AVE,Vehicle,RIGHT ANGLE,OTHER (DRIVER) - EXPLAIN IN NARRATIVE,SSI,DAYLIGHT,CLOUDY,DRY,False,39.7729339599609,-86.073616027832
903435542,2019,2019-08-12,Marion,Indianapolis,KEYSTONE AVE & 24TH ST,Vehicle,RIGHT ANGLE,LEFT OF CENTER,Fatal,DARK (LIGHTED),RAIN,WET,False,39.8016052246094,-86.121452331543
903334942,2019,2019-03-10,Marion,Lawrence,E 42ND ST & ASPEN WAY,Pedestrian,OTHER - EXPLAIN IN NARRATIVE,PEDESTRIAN ACTION,SSI,DARK (NOT LIGHTED),CLEAR,WET,False,39.8333244323731,-86.0161666870117
903434356,2019,2019-08-26,Marion,Indianapolis,CAPITOL AVE & 29TH ST,Vehicle,RIGHT ANGLE,DISREGARD SIGNAL/REG SIGN,SSI,DAYLIGHT,RAIN,WET,False,39.8083610534668,-86.161376953125
903479255,2019,2019-11-06,Marion,Indianapolis,E WASHINGTON ST & CECIL AVE,Vehicle,LEFT TURN,DISREGARD SIGNAL/REG SIGN,SSI,DAYLIGHT,CLEAR,DRY,False,39.7730560302734,-86.0228805541992
903491154,2019,2019-08-12,Marion,Speedway,10TH ST & LYNHURST DR,Pedalcycle,LEFT/RIGHT TURN,FAILURE TO YIELD RIGHT OF WAY,SSI,DARK (LIGHTED),CLEAR,DRY,False,39.7799606323242,-86.2505798339844
903336031,2019,2019-03-12,Johnson,Greenwood,COUNTY LINE RD & GRAHAM RD,Vehicle,SAME DIRECTION SIDESWIPE,UNSAFE LANE MOVEMENT,SSI,DAYLIGHT,CLEAR,DRY,False,39.636848449707,-86.0636138916016
903435406,2019,2019-08-26,Marion,Indianapolis,I65S,Vehicle,RIGHT TURN,UNSAFE LANE MOVEMENT,SSI,DARK (LIGHTED),CLEAR,DRY,False,39.7783737182617,-86.1408615112305
903480741,2019,2019-11-07,Marion,Indianapolis,FERGUSON RD & HANNA AVE,Vehicle,RAN OFF ROAD,RAN OFF ROAD RIGHT,SSI,DARK (NOT LIGHTED),CLEAR,DRY,False,39.709285736084,-86.0303573608398
903426070,2019,2019-08-13,Johnson,Franklin,US31 & BRANIGIN RD,Vehicle,REAR END,UNSAFE SPEED,SSI,DARK (LIGHTED),CLEAR,DRY,False,39.5153121948242,-86.07373046875
903336533,2019,2019-03-12,Boone,,I65S,Vehicle,RAN OFF ROAD,RAN OFF ROAD RIGHT,SSI,DARK (NOT LIGHTED),CLEAR,DRY,False,40.1027488708496,-86.5108184814453
903438452,2019,2019-08-26,Marion,Indianapolis,I74E,Vehicle,RAN OFF ROAD,SPEED TOO FAST FOR WEATHER CONDITIONS,SSI,DAYLIGHT,RAIN,WET,False,39.7321891784668,-86.0364227294922
903484579,2019,2019-11-07,Morgan,MONROVIA,SR39S & KELLER HILL RD,Vehicle,HEAD ON BETWEEN TWO MOTOR VEHICLES,FAILURE TO YIELD RIGHT OF WAY,SSI,DARK (NOT LIGHTED),CLEAR,DRY,False,39.6006851196289,-86.479606628418
903427520,2019,2019-08-14,Marion,Indianapolis,NORTH MERIDIAN ST & GREGG RD,Vehicle,RIGHT TURN,UNSAFE LANE MOVEMENT,SSI,DAYLIGHT,CLEAR,DRY,False,39.8998336791992,-86.1579895019531
903341702,2019,2019-03-12,Marion,Indianapolis,HARTMAN DR & 35TH ST,Vehicle,RAN OFF ROAD,DISREGARD SIGNAL/REG SIGN,SSI,DAYLIGHT,CLEAR,DRY,False,39.8202781677246,-86.0387878417969
903443948,2019,2019-08-26,Marion,Indianapolis,MICHIGAN ST & EXETER AVE,Pedestrian,RIGHT ANGLE,PEDESTRIAN ACTION,SSI,DAYLIGHT,CLEAR,DRY,False,39.7739105224609,-86.2195816040039
903484491,2019,2019-11-08,Morgan,MARTINSVILLE,SR37N & INDUSTRIAL DR,Vehicle,RIGHT ANGLE,FAILURE TO YIELD RIGHT OF WAY,SSI,DAYLIGHT,CLEAR,DRY,False,39.4104537963867,-86.4199600219727
903427828,2019,2019-08-14,Marion,Indianapolis,MORRIS ST & RACEWAY RD,Vehicle,OPPOSITE DIRECTION SIDESWIPE,LEFT OF CENTER,SSI,DAYLIGHT,CLEAR,DRY,False,39.7487525939941,-86.3265914916992
903534713,2020,2020-02-02,Morgan,MARTINSVILLE,I69N,Vehicle,RAN OFF ROAD,,SSI,DARK (LIGHTED),CLEAR,DRY,False,39.3716888427734,-86.4813995361328
903485135,2019,2019-11-08,Marion,Indianapolis,US136W & 2ND AVE,Vehicle,HEAD ON BETWEEN TWO MOTOR VEHICLES,LEFT OF CENTER,Fatal,DARK (LIGHTED),CLEAR,DRY,False,39.8145141601563,-86.3187637329102
903435126,2019,2019-08-27,Marion,Indianapolis,COSSELL RD & GRANDE AVE,Vehicle,HEAD ON BETWEEN TWO MOTOR VEHICLES,LEFT OF CENTER,Fatal,DARK (NOT LIGHTED),RAIN,WET,False,39.7757987976074,-86.2402496337891
903514039,2019,2019-11-08,Marion,Indianapolis,EMERSON AVE & TOPP DR,Vehicle,REAR END,IMPROPER LANE USAGE,SSI,DAYLIGHT,CLEAR,DRY,False,39.8083648681641,-86.0834197998047
903336552,2019,2019-03-13,Marion,Indianapolis,BURDSAL PKWY & KOEHNE ST,Vehicle,OTHER - EXPLAIN IN NARRATIVE,UNSAFE LANE MOVEMENT,SSI,DAYLIGHT,CLOUDY,WET,False,39.8008155822754,-86.189582824707
903535200,2020,2020-02-02,Marion,Indianapolis,21ST ST & TANSEL RD,Vehicle,RAN OFF ROAD,RAN OFF ROAD RIGHT,SSI,DAYLIGHT,CLEAR,DRY,False,39.7932472229004,-86.3230895996094
903427876,2019,2019-08-14,Marion,Indianapolis,ENGLISH AVE & GRAND AVE,Pedestrian,RIGHT ANGLE,OTHER (DRIVER) - EXPLAIN IN NARRATIVE,Fatal,DAYLIGHT,CLOUDY,DRY,False,39.7603225708008,-86.0820388793945
903435546,2019,2019-08-15,Marion,Indianapolis,30TH ST & HIDDEN PINE DR,Vehicle,HEAD ON BETWEEN TWO MOTOR VEHICLES,LEFT OF CENTER,SSI,DAYLIGHT,CLEAR,DRY,False,39.8120002746582,-85.959846496582
903566272,2019,2019-12-30,Marion,Lawrence,PENDLETON PIKE & OAKLANDON RD,Vehicle,RIGHT ANGLE,DISREGARD SIGNAL/REG SIGN,Fatal,DAYLIGHT,CLOUDY,WET,False,39.8719024658203,-85.9571533203125
903436289,2019,2019-08-28,Marion,Indianapolis,CAHILL LN & FARLEY DR,Pedestrian,SAME DIRECTION SIDESWIPE,FAILURE TO YIELD RIGHT OF WAY,SSI,DAYLIGHT,CLEAR,DRY,False,39.7732200622559,-86.2753601074219
903337462,2019,2019-03-14,Marion,Indianapolis,56TH ST & KESSLER BLVD,Vehicle,OTHER - EXPLAIN IN NARRATIVE,OTHER (ENVIRONMENTAL) - EXPLAIN IN NARR,SSI,DAYLIGHT,CLEAR,DRY,False,39.8538093566895,-86.1990737915039
903428335,2019,2019-08-16,Hamilton,Fishers,I69,Vehicle,SAME DIRECTION SIDESWIPE,OTHER (DRIVER) - EXPLAIN IN NARRATIVE,SSI,DARK (NOT LIGHTED),CLEAR,DRY,True,39.949333190918,-86.0133972167969
903516934,2019,2019-12-31,Shelby,SHELBYVILLE,SR9N,Vehicle,OTHER - EXPLAIN IN NARRATIVE,LEFT OF CENTER,Fatal,DAYLIGHT,CLOUDY,DRY,False,39.5778923034668,-85.7761535644531
903535549,2020,2020-02-02,Boone,Zionsville,SR32E,Vehicle,OTHER - EXPLAIN IN NARRATIVE,RAN OFF ROAD RIGHT,SSI,DAYLIGHT,CLEAR,DRY,False,40.0408630371094,-86.2854843139648
903436298,2019,2019-08-28,Marion,Indianapolis,38TH ST & BUTLER AVE,Pedestrian,HEAD ON BETWEEN TWO MOTOR VEHICLES,PEDESTRIAN ACTION,SSI,DAYLIGHT,CLEAR,DRY,False,39.8255348205566,-86.0800552368164
903485471,2019,2019-11-09,Marion,Indianapolis,THOMPSON RD & PAPPAS DR,Pedestrian,RAN OFF ROAD,RAN OFF ROAD RIGHT,SSI,DARK (NOT LIGHTED),CLEAR,DRY,False,39.6947822570801,-86.0704956054688
903337463,2019,2019-03-14,Marion,Indianapolis,HAGUE RD & 88TH ST,Vehicle,NON-COLLISION,OVERCORRECTING/OVERSTEERING,SSI,DAYLIGHT,SEVERE CROSS WIND,DRY,False,39.9160079956055,-86.0330352783203
903428707,2019,2019-08-16,Hendricks,Plainfield,SR267 & REEVES RD,Vehicle,RAN OFF ROAD,UNSAFE SPEED,SSI,DAYLIGHT,CLOUDY,DRY,False,39.6823692321777,-86.3710403442383
903517111,2019,2019-12-31,Hancock,,US40,Vehicle,RIGHT ANGLE,UNSAFE LANE MOVEMENT,SSI,DAYLIGHT,SLEET/HAIL/FREEZING RAIN,WET,False,39.7807807922363,-85.8657073974609
903535561,2020,2020-02-02,Marion,Indianapolis,SR135S & HILL VALLY DR,Vehicle,HEAD ON BETWEEN TWO MOTOR VEHICLES,LEFT OF CENTER,SSI,DARK (NOT LIGHTED),CLEAR,DRY,False,39.6460151672363,-86.1584320068359
903436373,2019,2019-08-28,Hamilton,Carmel,E 106TH ST & ORCHARD XING,Vehicle,HEAD ON BETWEEN TWO MOTOR VEHICLES,OTHER (DRIVER) - EXPLAIN IN NARRATIVE,SSI,DAYLIGHT,CLEAR,DRY,False,39.9416427612305,-86.1298675537109
903490942,2019,2019-11-09,Marion,Indianapolis,I465,Vehicle,RAN OFF ROAD,UNSAFE SPEED,Fatal,DARK (LIGHTED),CLEAR,DRY,True,39.7512550354004,-86.2648391723633
903340701,2019,2019-03-14,Marion,Indianapolis,EAST ST,Pedalcycle,NON-COLLISION,FAILURE TO YIELD RIGHT OF WAY,SSI,DARK (LIGHTED),CLOUDY,DRY,False,39.6966857910156,-86.1489334106445
903428852,2019,2019-08-16,Hendricks,Avon,DAN JONES RD,Vehicle,RIGHT ANGLE,FAILURE TO YIELD RIGHT OF WAY,SSI,DARK (NOT LIGHTED),CLEAR,DRY,False,39.7925071716309,-86.3810806274414
903522114,2020,2020-01-01,Marion,Indianapolis,MICHIGAN ST & DAVIDSON ST,Vehicle,RIGHT ANGLE,DISREGARD SIGNAL/REG SIGN,Fatal,DAYLIGHT,CLEAR,DRY,False,39.7738037109375,-86.1433563232422
903535606,2020,2020-02-02,Morgan,MARTINSVILLE,CENTENNIAL RD & MAPLE GROVE RD,Vehicle,OPPOSITE DIRECTION SIDESWIPE,OTHER (DRIVER) - EXPLAIN IN NARRATIVE,SSI,DAYLIGHT,CLOUDY,DRY,False,39.4693870544434,-86.3502502441406
903436916,2019,2019-08-28,Hancock,,CR300N & FOUNTAIN LAKE DR,Pedalcycle,REAR END,OTHER (DRIVER) - EXPLAIN IN NARRATIVE,Fatal,DAYLIGHT,CLEAR,DRY,False,39.8277626037598,-85.8345413208008
903514077,2019,2019-11-09,Marion,Indianapolis,MADISON AVE & THOMPSON RD,Pedestrian,OTHER - EXPLAIN IN NARRATIVE,PEDESTRIAN ACTION,Fatal,DARK (LIGHTED),CLOUDY,DRY,False,39.6938934326172,-86.136833190918
903337933,2019,2019-03-15,Marion,Indianapolis,I465N,Pedestrian,COLLISION WITH OBJECT IN ROAD,PEDESTRIAN ACTION,Fatal,DARK (LIGHTED),CLEAR,DRY,False,39.8117218017578,-86.0308837890625
903438832,2019,2019-08-28,Hamilton,Carmel,I465E,Vehicle,REAR END,FOLLOWING TOO CLOSELY,SSI,DAYLIGHT,CLEAR,DRY,False,39.93017578125,-86.1441116333008
903481795,2019,2019-11-10,Boone,Lebanon,I65N,Vehicle,RAN OFF ROAD,UNSAFE LANE MOVEMENT,SSI,DAYLIGHT,CLOUDY,DRY,False,40.0226058959961,-86.4434432983399
903340392,2019,2019-03-15,Marion,Indianapolis,42ND ST & HAUGHEY AVE,Vehicle,RAN OFF ROAD,UNSAFE SPEED,SSI,DARK (LIGHTED),CLOUDY,DRY,False,39.831958770752,-86.1785354614258
903436448,2019,2019-08-29,Marion,Indianapolis,I465,Vehicle,RAN OFF ROAD,UNSAFE SPEED,SSI,DAYLIGHT,CLEAR,DRY,True,39.6982383728027,-86.1474227905273
903518750,2020,2020-01-03,Morgan,Mooresville,SR67 & CROSBY RD,Vehicle,OTHER - EXPLAIN IN NARRATIVE,FAILURE TO YIELD RIGHT OF WAY,Fatal,DARK (NOT LIGHTED),RAIN,WET,False,39.5864944458008,-86.3771514892578
903535931,2020,2020-02-03,Hancock,,I70E,Vehicle,OTHER - EXPLAIN IN NARRATIVE,BRAKE FAILURE OR DEFECTIVE,SSI,DARK (LIGHTED),CLEAR,DRY,False,39.8191375732422,-85.9117813110352
903428925,2019,2019-08-16,Marion,Indianapolis,I70W,Vehicle,RAN OFF ROAD,OVERCORRECTING/OVERSTEERING,SSI,DAWN/DUSK,CLOUDY,DRY,False,39.6999320983887,-86.2941207885742
903436605,2019,2019-08-29,Hamilton,Noblesville,RIVER RD & 146 ST,Vehicle,RAN OFF ROAD,SPEED TOO FAST FOR WEATHER CONDITIONS,SSI,DARK (NOT LIGHTED),CLEAR,DRY,False,40.0052070617676,-86.0338134765625
903482221,2019,2019-11-10,Shelby,SHELBYVILLE,CR550W,Vehicle,RAN OFF ROAD,RAN OFF ROAD RIGHT,SSI,DARK (NOT LIGHTED),CLOUDY,DRY,False,39.4928092956543,-85.8853607177734
903338749,2019,2019-03-16,Marion,Indianapolis,34TH ST & LAFAYETTE RD,Vehicle,HEAD ON BETWEEN TWO MOTOR VEHICLES,IMPROPER LANE USAGE,SSI,DAYLIGHT,CLEAR,DRY,False,39.8175315856934,-86.2287902832031
903436669,2019,2019-08-29,Hamilton,,US31 & 226 ST,Vehicle,REAR END,FAILURE TO YIELD RIGHT OF WAY,SSI,DARK (NOT LIGHTED),CLOUDY,DRY,False,40.1160507202148,-86.1280822753906
903429103,2019,2019-08-17,Johnson,,CR525E,Vehicle,RAN OFF ROAD,OTHER (DRIVER) - EXPLAIN IN NARRATIVE,SSI,DAYLIGHT,CLOUDY,DRY,False,39.5293159484863,-86.0039443969726
903482511,2019,2019-11-11,Morgan,PARAGON,BASELINE RD & DRUNKARDS PIKE RD,Vehicle,RAN OFF ROAD,SPEED TOO FAST FOR WEATHER CONDITIONS,SSI,DAWN/DUSK,RAIN,WET,False,39.4306983947754,-86.6318130493164
903339456,2019,2019-03-16,Marion,Indianapolis,30TH ST & TIBBS AVE,Vehicle,RIGHT ANGLE,FAILURE TO YIELD RIGHT OF WAY,Fatal,DARK (LIGHTED),CLEAR,DRY,False,39.8096504211426,-86.2160873413086
903439170,2019,2019-08-29,Hancock,New Palestine,US52E,Vehicle,HEAD ON BETWEEN TWO MOTOR VEHICLES,UNSAFE SPEED,SSI,DAYLIGHT,CLEAR,DRY,False,39.7238960266113,-85.9033203125
903429981,2019,2019-08-17,Marion,Indianapolis,THOMPSON RD & LAKESEDGE BLVD,Vehicle,RAN OFF ROAD,RAN OFF ROAD RIGHT,SSI,DAYLIGHT,CLOUDY,DRY,False,39.6951713562012,-86.0522918701172
903483965,2019,2019-11-11,Marion,Indianapolis,E ENGLISH AVE & SHERMAN DR,Pedestrian,HEAD ON BETWEEN TWO MOTOR VEHICLES,PEDESTRIAN ACTION,SSI,DARK (LIGHTED),CLEAR,DRY,False,39.760066986084,-86.1018600463867
903343303,2019,2019-03-16,Marion,Indianapolis,38TH ST & MITTHOEFER RD,Pedestrian,OTHER - EXPLAIN IN NARRATIVE,PEDESTRIAN ACTION,Fatal,DARK (NOT LIGHTED),CLEAR,DRY,False,39.826286315918,-85.9929733276367
903535934,2020,2020-02-04,Boone,Lebanon,I65N,Vehicle,OTHER - EXPLAIN IN NARRATIVE,IMPROPER LANE USAGE,SSI,DAYLIGHT,RAIN,WET,False,40.0072402954101,-86.426139831543
903520155,2020,2020-01-03,Marion,Indianapolis,SERVICE RD & ENTRANCE RD,Vehicle,HEAD ON BETWEEN TWO MOTOR VEHICLES,IMPROPER LANE USAGE,SSI,DAYLIGHT,CLEAR,DRY,False,39.7014503479004,-86.3105773925781
903438688,2019,2019-08-30,Marion,Indianapolis,OHIO ST & PINE ST,Vehicle,SAME DIRECTION SIDESWIPE,IMPROPER PASSING,SSI,DARK (LIGHTED),CLEAR,DRY,False,39.7695503234863,-86.1423110961914