id,year,date,county,city,cross_street,crash_type,manner,primary_factor,ssi_fatal,light,weather,surface,interstate,lat,lon
903430064,2019,2019-08-17,Marion,Indianapolis,CRAWFORDSVILLE RD & WATERFRONT PKWY DR,Vehicle,HEAD ON BETWEEN TWO MOTOR VEHICLES,DISREGARD SIGNAL/REG SIGN,SSI,DAYLIGHT,CLEAR,DRY,False,39.8036499023438,-86.282829284668
903484007,2019,2019-11-11,Hancock,New Palestine,US52 & CENTRAL ST,Pedalcycle,OTHER - EXPLAIN IN NARRATIVE,FAILURE TO YIELD RIGHT OF WAY,SSI,DAWN/DUSK,CLOUDY,DRY,False,39.7212715148926,-85.8905181884766
903344719,2019,2019-03-16,Marion,Indianapolis,MERIDIAN ST & VERMONT ST,Pedestrian,OTHER - EXPLAIN IN NARRATIVE,DRIVER DISTRACTED - EXPLAIN IN NARRATIVE,SSI,DARK (LIGHTED),CLEAR,DRY,False,39.7732124328613,-86.1577758789063
903536875,2020,2020-02-04,Marion,Lawrence,E 71ST ST & LEE RD,Vehicle,HEAD ON BETWEEN TWO MOTOR VEHICLES,SPEED TOO FAST FOR WEATHER CONDITIONS,SSI,DAYLIGHT,RAIN,WET,False,39.8836326599121,-85.9996795654297
903487277,2019,2019-11-11,Marion,Indianapolis,RAYMOND ST & HARDING ST,Vehicle,RIGHT ANGLE,DISREGARD SIGNAL/REG SIGN,SSI,DAYLIGHT,RAIN,WET,False,39.7363471984863,-86.1868438720703
903438855,2019,2019-08-30,Marion,Indianapolis,I65N,Vehicle,REAR END,FOLLOWING TOO CLOSELY,SSI,DAYLIGHT,CLEAR,DRY,False,39.879810333252,-86.2919387817383
903430607,2019,2019-08-17,Hamilton,Noblesville,BERGEN BLVD & 146TH ST,Vehicle,LEFT TURN,IMPROPER TURNING,SSI,DARK (LIGHTED),CLEAR,DRY,False,39.9978637695313,-85.9269104003906
903520252,2020,2020-01-03,Marion,Indianapolis,38TH ST & BOULEVARD PL,Pedalcycle,LEFT/RIGHT TURN,FAILURE TO YIELD RIGHT OF WAY,SSI,DARK (LIGHTED),CLOUDY,DRY,False,39.8249282836914,-86.1640777587891
903485872,2019,2019-11-13,Marion,Indianapolis,I465   &  11.50,Pedestrian,SAME DIRECTION SIDESWIPE,UNSAFE LANE MOVEMENT,Fatal,DARK (LIGHTED),CLEAR,DRY,True,39.7427177429199,-86.2647399902344
903540080,2020,2020-02-04,Hancock,,SR234E,Vehicle,RIGHT ANGLE,DISREGARD SIGNAL/REG SIGN,Fatal,DAYLIGHT,RAIN,WET,False,39.9018936157226,-85.6917572021484
903338999,2019,2019-03-17,Marion,Indianapolis,WASHINGTON ST & WHITE RIVER PKWY DR,Vehicle,OTHER - EXPLAIN IN NARRATIVE,OVERCORRECTING/OVERSTEERING,SSI,DARK (LIGHTED),CLEAR,DRY,False,39.7644500732422,-86.1766662597656
903437262,2019,2019-08-31,Hamilton,,CYNTHEANNE RD & 156 ST,Pedalcycle,RIGHT ANGLE,DISREGARD SIGNAL/REG SIGN,SSI,DAYLIGHT,RAIN,WET,False,40.0167694091797,-85.8813247680664
903429793,2019,2019-08-18,Marion,Indianapolis,ARLINGTON AVE & 16TH ST,Vehicle,OTHER - EXPLAIN IN NARRATIVE,OVERCORRECTING/OVERSTEERING,SSI,DAYLIGHT,CLEAR,DRY,False,39.7889518737793,-86.0643081665039
903339012,2019,2019-03-17,Marion,Indianapolis,52ND ST & PRIMROSE AVE,Vehicle,REAR END,DRIVER ILLNESS,SSI,DAYLIGHT,CLOUDY,WET,False,39.8475608825684,-86.1325759887695
903449476,2019,2019-08-31,Marion,Indianapolis,16TH ST & TIBBS AVE,Pedestrian,OTHER - EXPLAIN IN NARRATIVE,PEDESTRIAN ACTION,SSI,DARK (LIGHTED),CLEAR,DRY,False,39.7878875732422,-86.2156829833984
903485951,2019,2019-11-14,Boone,,US52N & COUNTY ROAD 400 NORTH RD,Vehicle,COLLISION WITH DEER,ANIMAL/OBJECT IN ROADWAY,SSI,DAWN/DUSK,CLOUDY,DRY,False,40.0955543518066,-86.527458190918
903430030,2019,2019-08-18,Marion,Indianapolis,22ND ST & ANDREW J BROWN ST,Vehicle,REAR END,FAILURE TO YIELD RIGHT OF WAY,SSI,DARK (NOT LIGHTED),CLEAR,DRY,False,39.7977409362793,-86.1354904174805
903339964,2019,2019-03-18,Johnson,Edinburgh,GRANT ST & SHELBY ST,Vehicle,RIGHT ANGLE,DISREGARD SIGNAL/REG SIGN,SSI,DARK (LIGHTED),CLEAR,DRY,False,39.3577575683594,-85.9619750976563
903437803,2019,2019-09-01,Hamilton,,216 ST & ANTHONY RD,Vehicle,REAR END,FOLLOWING TOO CLOSELY,SSI,DAYLIGHT,CLEAR,DRY,False,40.1016159057617,-86.1093826293945
903486415,2019,2019-11-14,Boone,,CR100S,Vehicle,RIGHT ANGLE,DISREGARD SIGNAL/REG SIGN,Fatal,DAYLIGHT,CLEAR,DRY,False,40.0258407592773,-86.3939743041992
903431742,2019,2019-08-18,Marion,Indianapolis,FALL CREEK PKWY & 39TH ST,Pedestrian,OTHER - EXPLAIN IN NARRATIVE,FAILURE TO YIELD RIGHT OF WAY,SSI,DARK (LIGHTED),RAIN,WET,False,39.827449798584,-86.1301345825195
903340074,2019,2019-03-19,Johnson,Whiteland,CR600N,Vehicle,OTHER - EXPLAIN IN NARRATIVE,FAILURE TO YIELD RIGHT OF WAY,Fatal,DARK (NOT LIGHTED),CLEAR,DRY,False,39.5647773742676,-86.0836181640625
903437828,2019,2019-09-01,Hendricks,Plainfield,TARPON AV ST & HOLIDAY DR,Vehicle,RAN OFF ROAD,UNSAFE SPEED,SSI,DAYLIGHT,CLEAR,DRY,False,39.7076263427734,-86.3803253173828
903486921,2019,2019-11-14,Marion,Indianapolis,US52 & POST RD,Vehicle,REAR END,UNSAFE SPEED,SSI,DARK (NOT LIGHTED),CLEAR,DRY,False,39.7461891174316,-86.0087127685547
903436729,2019,2019-08-18,Hancock,,SR9 & 300,Vehicle,HEAD ON BETWEEN TWO MOTOR VEHICLES,LEFT OF CENTER,SSI,DARK (NOT LIGHTED),RAIN,WET,False,39.7449035644531,-85.763916015625
903340616,2019,2019-03-20,Marion,Indianapolis,RAYMOND ST & SLOAN AVE,Vehicle,RAN OFF ROAD,RAN OFF ROAD RIGHT,Fatal,DAYLIGHT,RAIN,WET,False,39.7378807067871,-86.08935546875
903537090,2020,2020-02-06,Marion,Indianapolis,HEMINGWAY DR & ORWELL DR,Vehicle,RIGHT ANGLE,SPEED TOO FAST FOR WEATHER CONDITIONS,SSI,DARK (NOT LIGHTED),SLEET/HAIL/FREEZING RAIN,ICE,False,39.6899299621582,-86.0174026489258
903520967,2020,2020-01-03,Marion,Indianapolis,I74E,Vehicle,,FOLLOWING TOO CLOSELY,SSI,DARK (LIGHTED),CLOUDY,WET,False,39.8076324462891,-86.2791061401367
903438706,2019,2019-09-01,Marion,Indianapolis,SOUTHPORT RD & HARDING ST,Pedestrian,RIGHT TURN,FAILURE TO YIELD RIGHT OF WAY,SSI,DAYLIGHT,CLOUDY,WET,False,39.6637916564941,-86.1870193481445
903523795,2020,2020-01-03,Marion,Indianapolis,SHERMAN DR & 9TH ST,Vehicle,HEAD ON BETWEEN TWO MOTOR VEHICLES,LEFT OF CENTER,SSI,DAYLIGHT,CLEAR,DRY,False,39.7789421081543,-86.1021270751953
903487086,2019,2019-11-15,Marion,Indianapolis,16TH ST & KEALING AVE,Vehicle,HEAD ON BETWEEN TWO MOTOR VEHICLES,LEFT OF CENTER,SSI,DARK (LIGHTED),CLEAR,DRY,False,39.7887649536133,-86.1037139892578
903520425,2020,2020-01-04,Marion,Indianapolis,N WHITTIER AVE,Vehicle,RAN OFF ROAD,OTHER (DRIVER) - EXPLAIN IN NARRATIVE,SSI,DARK (LIGHTED),CLEAR,DRY,False,39.7836189270019,-86.0748825073242
903430054,2019,2019-08-19,Marion,Indianapolis,CLEARVISTA DR & SHADELAND AVE,Vehicle,HEAD ON BETWEEN TWO MOTOR VEHICLES,FAILURE TO YIELD RIGHT OF WAY,SSI,DAYLIGHT,CLEAR,DRY,False,39.900691986084,-86.0461120605469
903340621,2019,2019-03-20,Marion,Indianapolis,EAST ST & EDGEWOOD AVE,Pedestrian,HEAD ON BETWEEN TWO MOTOR VEHICLES,PEDESTRIAN ACTION,SSI,DAYLIGHT,CLEAR,WET,False,39.6787986755371,-86.1490859985351
903539068,2020,2020-02-07,Hendricks,,CR1000N,Vehicle,RIGHT ANGLE,FAILURE TO YIELD RIGHT OF WAY,SSI,DAYLIGHT,CLOUDY,WET,False,39.9095840454101,-86.3307189941406
903488694,2019,2019-11-15,Marion,Indianapolis,56TH ST & ROXBURY RD,Vehicle,REAR END,OTHER (DRIVER) - EXPLAIN IN NARRATIVE,SSI,DARK (LIGHTED),CLEAR,DRY,False,39.855094909668,-86.071662902832
903430785,2019,2019-08-19,Marion,Indianapolis,38TH ST & CAPITOL AVE,Vehicle,OTHER - EXPLAIN IN NARRATIVE,UNSAFE LANE MOVEMENT,SSI,DAYLIGHT,CLEAR,DRY,False,39.8248481750488,-86.1615524291992
903518865,2020,2020-01-05,Morgan,,NEITZEL RD,Vehicle,RAN OFF ROAD,UNSAFE SPEED,SSI,DARK (NOT LIGHTED),CLOUDY,DRY,False,39.5961761474609,-86.3122482299805
903455466,2019,2019-09-01,Marion,Indianapolis,MASSACHUSETTS AVE & DEARBORN ST,Vehicle,HEAD ON BETWEEN TWO MOTOR VEHICLES,LEFT OF CENTER,SSI,DARK (LIGHTED),CLEAR,DRY,False,39.7963981628418,-86.1118621826172
903520180,2020,2020-01-05,Marion,Indianapolis,RACEWAY RD & FOREST LAKE CT,Vehicle,RAN OFF ROAD,RAN OFF ROAD RIGHT,SSI,DARK (NOT LIGHTED),CLEAR,DRY,False,39.8721237182617,-86.3259048461914
903538766,2020,2020-02-08,Hendricks,CLAYTON,US40,Vehicle,RIGHT ANGLE,DISREGARD SIGNAL/REG SIGN,SSI,DAYLIGHT,SNOW,WET,False,39.6578712463379,-86.5601577758789
903431536,2019,2019-08-19,Marion,Indianapolis,30TH ST & GRASSY CREEK RD,Vehicle,SAME DIRECTION SIDESWIPE,IMPROPER TURNING,SSI,DAYLIGHT,CLEAR,DRY,False,39.8117179870605,-85.9799194335938
903342602,2019,2019-03-21,Hamilton,Noblesville,SR32 & PEBBLE CENTER DR,Vehicle,RIGHT ANGLE,FAILURE TO YIELD RIGHT OF WAY,SSI,DAWN/DUSK,CLEAR,DRY,False,40.0432090759277,-86.0727005004883
903456903,2019,2019-09-01,Marion,Indianapolis,42ND ST & ASPEN WAY,Vehicle,RAN OFF ROAD,UNSAFE SPEED,Fatal,DAYLIGHT,CLEAR,DRY,False,39.8333702087402,-86.0190582275391
903488431,2019,2019-11-17,Hancock,,CR100E,Vehicle,RAN OFF ROAD,UNSAFE SPEED,SSI,DARK (NOT LIGHTED),CLEAR,DRY,False,39.7422218322754,-85.7829437255859
903521862,2020,2020-01-05,Boone,Zionsville,I65N,Vehicle,REAR END,FOLLOWING TOO CLOSELY,Fatal,DAYLIGHT,CLEAR,DRY,False,39.940990447998,-86.3473052978516
903545413,2020,2020-02-08,Marion,Indianapolis,MICHIGAN RD & 86TH ST,Pedestrian,OTHER - EXPLAIN IN NARRATIVE,PEDESTRIAN ACTION,Fatal,DARK (LIGHTED),CLEAR,DRY,False,39.9121589660644,-86.2230529785156
903443478,2019,2019-08-19,Marion,Indianapolis,DAWSON ST,Pedestrian,OTHER - EXPLAIN IN NARRATIVE,DRIVER DISTRACTED - EXPLAIN IN NARRATIVE,Fatal,DAYLIGHT,CLEAR,DRY,False,39.7439002990723,-86.1281585693359
903345129,2019,2019-03-21,Marion,Indianapolis,ILLINOIS ST & 38TH ST,Vehicle,REAR END,UNSAFE LANE MOVEMENT,SSI,DAYLIGHT,CLEAR,DRY,False,39.8236236572266,-86.1591415405273
903438142,2019,2019-09-02,Hendricks,,CR200S,Vehicle,RAN OFF ROAD,RAN OFF ROAD RIGHT,Fatal,DAYLIGHT,CLEAR,DRY,False,39.7313117980957,-86.6125946044922
903488433,2019,2019-11-17,Hamilton,Westfield,SPRING MILL RD & E 169TH ST,Vehicle,HEAD ON BETWEEN TWO MOTOR VEHICLES,LEFT OF CENTER,SSI,DAYLIGHT,CLEAR,DRY,False,40.0321273803711,-86.1647491455078
903525700,2020,2020-01-05,Marion,Indianapolis,I465S,Vehicle,RAN OFF ROAD,UNSAFE SPEED,SSI,DARK (LIGHTED),CLEAR,DRY,False,39.8505058288574,-86.2764434814453
903538974,2020,2020-02-09,Hamilton,Westfield,GRAY RD & 161ST ST,Vehicle,RAN OFF ROAD,RAN OFF ROAD RIGHT,SSI,DARK (NOT LIGHTED),CLOUDY,DRY,False,40.0166206359863,-86.0897369384766
903430669,2019,2019-08-20,Marion,Lawrence,E 46TH ST & MITTHOEFFER RD,Vehicle,RAN OFF ROAD,RAN OFF ROAD RIGHT,SSI,DAYLIGHT,CLEAR,DRY,False,39.8411254882813,-85.9801406860352
903443874,2019,2019-09-02,Marion,Indianapolis,30TH ST & CHESTER AVE,Pedestrian,OTHER - EXPLAIN IN NARRATIVE,PEDESTRIAN ACTION,SSI,DARK (NOT LIGHTED),CLEAR,DRY,False,39.8107566833496,-86.1006240844727
903490207,2019,2019-11-17,Marion,Indianapolis,I465S,Vehicle,REAR END,FOLLOWING TOO CLOSELY,SSI,DARK (LIGHTED),CLEAR,DRY,False,39.7663803100586,-86.0293960571289
903520241,2020,2020-01-06,Hamilton,Noblesville,FIELD DR & CUMBERLAND RD,Pedalcycle,RIGHT TURN,FAILURE TO YIELD RIGHT OF WAY,SSI,DAWN/DUSK,CLEAR,DRY,False,40.0582466125488,-85.9986724853516
903491158,2019,2019-11-17,Marion,Indianapolis,GEORGETOWN RD & LAFAYETTE RD,Vehicle,HEAD ON BETWEEN TWO MOTOR VEHICLES,OTHER (DRIVER) - EXPLAIN IN NARRATIVE,SSI,DARK (LIGHTED),CLOUDY,DRY,False,39.8277816772461,-86.2402877807617
903439311,2019,2019-09-03,Johnson,Bargersville,SR144W,Vehicle,RAN OFF ROAD,RAN OFF ROAD RIGHT,Fatal,DARK (NOT LIGHTED),CLOUDY,DRY,False,39.5578536987305,-86.2212066650391
903341214,2019,2019-03-22,Marion,Indianapolis,56TH ST & EMERSON WAY,Vehicle,REAR END,VIEW OBSTRUCTED,SSI,DAYLIGHT,CLEAR,DRY,False,39.8551368713379,-86.0867233276367
903539174,2020,2020-02-09,Hendricks,Brownsburg,S GREEN ST & WILLIAMS DR,Vehicle,BACKING CRASH,UNSAFE BACKING,SSI,DAYLIGHT,SLEET/HAIL/FREEZING RAIN,SNOW/SLUSH,False,39.8331069946289,-86.4012222290039
903431114,2019,2019-08-20,Hamilton,SHERIDAN(HAMILTON),US31S & 236 ST,Vehicle,REAR END,UNSAFE SPEED,SSI,DAWN/DUSK,CLEAR,DRY,False,40.130687713623,-86.1282196044922
903341511,2019,2019-03-22,Hamilton,Westfield,SR38W,Vehicle,HEAD ON BETWEEN TWO MOTOR VEHICLES,FAILURE TO YIELD RIGHT OF WAY,SSI,DAYLIGHT,CLEAR,DRY,False,40.0929641723633,-86.1250228881836
903489953,2019,2019-11-19,Hendricks,Brownsburg,CREEKSIDE DR & BROOKVIEW DR,Vehicle,REAR END,OTHER (DRIVER) - EXPLAIN IN NARRATIVE,SSI,DAYLIGHT,CLOUDY,WET,False,39.8273582458496,-86.3662796020508
903520351,2020,2020-01-07,Hendricks,Avon,CR100N & COMB RUN LN,Pedalcycle,REAR END,DRIVER DISTRACTED - EXPLAIN IN NARRATIVE,Fatal,DARK (NOT LIGHTED),CLEAR,DRY,False,39.7782897949219,-86.3492584228516
903439345,2019,2019-09-03,Marion,Indianapolis,BURDSAL PKWY & RIVERSIDE DR,Vehicle,RAN OFF ROAD,RAN OFF ROAD RIGHT,Fatal,DARK (LIGHTED),CLOUDY,DRY,False,39.8006019592285,-86.1929931640625
903539862,2020,2020-02-09,Marion,Indianapolis,SOUTHPORT RD & WELLINGSHIRE BLVD,Pedalcycle,SAME DIRECTION SIDESWIPE,PEDESTRIAN ACTION,SSI,DARK (NOT LIGHTED),RAIN,WET,False,39.6635704040527,-86.2007369995117
903431486,2019,2019-08-20,Marion,Indianapolis,58TH ST & WASHINGTON BLVD,Pedestrian,OTHER - EXPLAIN IN NARRATIVE,UNSAFE SPEED,SSI,DAYLIGHT,RAIN,WET,False,39.8588752746582,-86.1525726318359
903343198,2019,2019-03-22,Marion,Indianapolis,BINFORD BLVD & GRAHAM RD,Vehicle,HEAD ON BETWEEN TWO MOTOR VEHICLES,IMPROPER TURNING,SSI,DAYLIGHT,CLEAR,DRY,False,39.8810806274414,-86.0697250366211
903493754,2019,2019-11-21,Marion,Indianapolis,KENTUCKY AVE & COLLIER ST,Vehicle,LEFT TURN,FAILURE TO YIELD RIGHT OF WAY,SSI,DARK (LIGHTED),RAIN,WET,False,39.7177391052246,-86.2309494018555
903520479,2020,2020-01-07,Marion,Indianapolis,SOUTHPORT RD & MANN RD,Vehicle,RAN OFF ROAD,UNSAFE SPEED,SSI,DARK (NOT LIGHTED),CLEAR,DRY,False,39.6602401733398,-86.245491027832
903440845,2019,2019-09-03,Boone,ADVANCE,WALL ST & MAPLE ST,Pedestrian,SAME DIRECTION SIDESWIPE,RAN OFF ROAD RIGHT,SSI,DARK (LIGHTED),CLEAR,DRY,False,39.9956741333008,-86.6189422607422
903540859,2020,2020-02-09,Marion,Indianapolis,I-70,Vehicle,REAR END,SPEED TOO FAST FOR WEATHER CONDITIONS,SSI,DAYLIGHT,RAIN,WET,True,39.7474937438965,-86.2354354858398
903435549,2019,2019-08-20,Marion,Indianapolis,WASHINGTON ST & DENISON ST,Vehicle,LEFT TURN,FAILURE TO YIELD RIGHT OF WAY,Fatal,DARK (LIGHTED),CLEAR,DRY,False,39.756477355957,-86.2383193969727
903342362,2019,2019-03-23,Marion,Indianapolis,30TH ST & ANNETTE ST,Pedestrian,OTHER - EXPLAIN IN NARRATIVE,PEDESTRIAN ACTION,SSI,DARK (LIGHTED),CLEAR,DRY,False,39.8101043701172,-86.1749496459961
903515516,2019,2019-11-21,Marion,Indianapolis,KENTUCKY AVE & RAYMOND ST,Vehicle,LEFT/RIGHT TURN,FAILURE TO YIELD RIGHT OF WAY,SSI,DARK (LIGHTED),CLEAR,DRY,False,39.735294342041,-86.1985549926758
903520742,2020,2020-01-08,Marion,Indianapolis,MORRIS ST & SENATE AVE,Vehicle,HEAD ON BETWEEN TWO MOTOR VEHICLES,LEFT OF CENTER,SSI,DARK (LIGHTED),CLEAR,DRY,False,39.7516174316406,-86.1643295288086
903456501,2019,2019-09-03,Hendricks,,US36E,Vehicle,REAR END,OTHER (DRIVER) - EXPLAIN IN NARRATIVE,Fatal,DAYLIGHT,CLEAR,DRY,False,39.7623023986816,-86.415153503418
903541359,2020,2020-02-09,Marion,Indianapolis,LAFAYETTE RD & 62ND ST,Vehicle,RAN OFF ROAD,OTHER (DRIVER) - EXPLAIN IN NARRATIVE,SSI,DARK (NOT LIGHTED),RAIN,WET,False,39.8661613464355,-86.2757568359375
903442729,2019,2019-08-20,Morgan,,W KELLER HILL RD & N GASBURG RD,Vehicle,OTHER - EXPLAIN IN NARRATIVE,IMPROPER LANE USAGE,SSI,DAYLIGHT,CLEAR,DRY,False,39.6010627746582,-86.4367370605469
903492076,2019,2019-11-22,Boone,Zionsville,I65N,Vehicle,RAN OFF ROAD,DRIVER ILLNESS,SSI,DAYLIGHT,CLOUDY,DRY,False,39.9323425292969,-86.3397369384766
903439795,2019,2019-09-04,Marion,Indianapolis,ILLINOIS ST & 30TH ST,Vehicle,SAME DIRECTION SIDESWIPE,IMPROPER TURNING,SSI,DAYLIGHT,CLEAR,DRY,False,39.8101387023926,-86.1590728759766
903342480,2019,2019-03-23,Marion,Indianapolis,HIGH SCHOOL RD & 34TH ST,Vehicle,RIGHT ANGLE,FAILURE TO YIELD RIGHT OF WAY,SSI,DAYLIGHT,CLEAR,DRY,False,39.8162155151367,-86.2701568603515
903494508,2019,2019-11-22,Marion,Indianapolis,16TH ST & RITTER AVE,Vehicle,REAR END,FAILURE TO YIELD RIGHT OF WAY,SSI,DAYLIGHT,CLEAR,DRY,False,39.7888832092285,-86.0732116699219
903520922,2020,2020-01-08,Morgan,,SR144 & E OLD SR 144 RD,Vehicle,HEAD ON BETWEEN TWO MOTOR VEHICLES,LEFT OF CENTER,SSI,DAYLIGHT,CLEAR,DRY,False,39.5663223266602,-86.2519912719727
903431697,2019,2019-08-21,Marion,Indianapolis,I465W,Vehicle,RAN OFF ROAD,UNSAFE LANE MOVEMENT,SSI,DAWN/DUSK,CLEAR,DRY,False,39.6987266540527,-86.1758193969727
903540424,2020,2020-02-10,Johnson,,CR400W & KRISTI WAY,Vehicle,OTHER - EXPLAIN IN NARRATIVE,LEFT OF CENTER,SSI,DAYLIGHT,CLEAR,DRY,False,39.6312828063965,-86.1773529052734
903441232,2019,2019-09-04,Hancock,,I70W,Vehicle,SAME DIRECTION SIDESWIPE,IMPROPER PASSING,SSI,DAYLIGHT,CLEAR,DRY,False,39.8190193176269,-85.9151000976563
903343229,2019,2019-03-23,Marion,Indianapolis,EAGLEDALE DR & 30TH ST,Vehicle,HEAD ON BETWEEN TWO MOTOR VEHICLES,FAILURE TO YIELD RIGHT OF WAY,SSI,DAYLIGHT,CLEAR,DRY,False,39.8095283508301,-86.2278137207031
903497821,2019,2019-11-23,Hamilton,Noblesville,PROMISE RD & 191ST ST,Vehicle,RAN OFF ROAD,ANIMAL/OBJECT IN ROADWAY,SSI,DARK (NOT LIGHTED),RAIN,WET,False,40.0644493103027,-85.9718627929688
903432797,2019,2019-08-21,Marion,Indianapolis,I70W,Vehicle,COLLISION WITH OBJECT IN ROAD,ANIMAL/OBJECT IN ROADWAY,SSI,DARK (LIGHTED),CLEAR,DRY,False,39.7924194335937,-86.1247863769531
903540684,2020,2020-02-11,Morgan,MARTINSVILLE,W MORGAN ST & MULBERRY ST,Vehicle,RAN OFF ROAD,DRIVER ILLNESS,SSI,DAYLIGHT,CLEAR,DRY,False,39.4281692504883,-86.4299240112305
903521251,2020,2020-01-08,Hendricks,Plainfield,CR300S & VESTAL RD,Vehicle,RAN OFF ROAD,UNSAFE SPEED,SSI,DARK (NOT LIGHTED),CLEAR,DRY,False,39.7184638977051,-86.4186706542969
903444795,2019,2019-09-04,Marion,Indianapolis,SAM JONES EXPY & BRADBURY RD,Vehicle,RIGHT ANGLE,DISREGARD SIGNAL/REG SIGN,Fatal,DARK (LIGHTED),CLEAR,DRY,False,39.7325134277344,-86.2345733642578
903342566,2019,2019-03-24,Marion,Indianapolis,LAFAYETTE RD & 34TH ST,Vehicle,LEFT TURN,FAILURE TO YIELD RIGHT OF WAY,SSI,DARK (LIGHTED),CLEAR,DRY,False,39.8175811767578,-86.2287063598633
903493168,2019,2019-11-24,Hancock,,CR200W,Vehicle,RAN OFF ROAD,FAILURE TO YIELD RIGHT OF WAY,SSI,DAYLIGHT,CLEAR,DRY,False,39.8495712280273,-85.8407821655274
903445991,2019,2019-08-21,Marion,Indianapolis,EAST ST & NORTON AVE,Vehicle,LEFT TURN,UNSAFE LANE MOVEMENT,SSI,DARK (LIGHTED),CLEAR,DRY,False,39.7128067016601,-86.1490859985351
903541894,2020,2020-02-12,Marion,Indianapolis,W HAMPTON DR & SUNSET AVE,Pedestrian,OTHER - EXPLAIN IN NARRATIVE,DRIVER DISTRACTED - EXPLAIN IN NARRATIVE,SSI,DARK (LIGHTED),SLEET/HAIL/FREEZING RAIN,SNOW/SLUSH,False,39.8366050720215,-86.1700134277344
903523190,2020,2020-01-08,Marion,Indianapolis,I465W,Pedestrian,COLLISION WITH ANIMAL OTHER,PEDESTRIAN ACTION,Fatal,DARK (LIGHTED),CLEAR,DRY,False,39.7043838500977,-86.0714492797852
903475998,2019,2019-09-04,Marion,Indianapolis,GEORGETOWN RD & 34TH ST,Vehicle,LEFT TURN,FAILURE TO YIELD RIGHT OF WAY,SSI,DARK (LIGHTED),CLEAR,DRY,False,39.8166618347168,-86.2399291992188
903345130,2019,2019-03-24,Marion,Indianapolis,MERIDIAN ST & 86TH ST,Vehicle,RIGHT ANGLE,DISREGARD SIGNAL/REG SIGN,Fatal,DAYLIGHT,RAIN,WET,False,39.9125328063965,-86.1579437255859
903493296,2019,2019-11-24,Marion,Indianapolis,INDIANA AVE & UNIVERSITY BLVD,Pedestrian,LEFT TURN,FAILURE TO YIELD RIGHT OF WAY,SSI,DARK (LIGHTED),CLEAR,DRY,False,39.7800216674805,-86.1740493774414
903431931,2019,2019-08-22,Marion,Lawrence,SUNNYSIDE RD & FOX RD,Vehicle,HEAD ON BETWEEN TWO MOTOR VEHICLES,LEFT OF CENTER,SSI,DAYLIGHT,CLEAR,WET,False,39.9016914367676,-85.9756622314453
903544460,2020,2020-02-13,Marion,Indianapolis,CAMDEN ST & THOMPSON RD,Vehicle,NON-COLLISION,RAN OFF ROAD RIGHT,SSI,DARK (NOT LIGHTED),CLOUDY,DRY,False,39.6918601989746,-86.1437454223633
903525464,2020,2020-01-09,Marion,Indianapolis,SR135N & THOMPSON RD,Pedestrian,,PEDESTRIAN ACTION,Fatal,DARK (NOT LIGHTED),CLOUDY,DRY,False,39.6918144226074,-86.1575546264648
903440434,2019,2019-09-05,Marion,Indianapolis,W 73RD ST & MERIDIAN ST,Vehicle,RAN OFF ROAD,RAN OFF ROAD RIGHT,SSI,DAYLIGHT,CLEAR,DRY,False,39.886589050293,-86.162353515625
903493323,2019,2019-11-24,Shelby,SHELBYVILLE,SR252W,Vehicle,RAN OFF ROAD,RAN OFF ROAD RIGHT,SSI,DAWN/DUSK,CLEAR,ICE,False,39.3650894165039,-85.789924621582
903432693,2019,2019-08-22,Marion,Indianapolis,MCFARLAND BLVD & SOUTHPORT RD,Vehicle,LEFT TURN,FAILURE TO YIELD RIGHT OF WAY,SSI,DARK (LIGHTED),RAIN,WET,False,39.6655578613281,-86.094970703125
903521998,2020,2020-01-10,Shelby,SHELBYVILLE,SR9S & WOODRIDGE RD,Vehicle,RAN OFF ROAD,RAN OFF ROAD RIGHT,Fatal,DARK (LIGHTED),RAIN,WET,False,39.4917144775391,-85.7690811157227
903493882,2019,2019-11-24,Marion,Indianapolis,38TH ST & HIGH SCHOOL RD,Vehicle,RIGHT ANGLE,DISREGARD SIGNAL/REG SIGN,SSI,DARK (NOT LIGHTED),CLEAR,WET,False,39.8235893249512,-86.2702560424805
903344655,2019,2019-03-25,Marion,Lawrence,SUNNYSIDE RD & 75TH ST,Vehicle,NON-COLLISION,OVERCORRECTING/OVERSTEERING,SSI,DAYLIGHT,RAIN,WET,False,39.8862800598145,-85.974365234375
903550665,2020,2020-02-13,Marion,Indianapolis,I-70  & I65,Vehicle,REAR END,FOLLOWING TOO CLOSELY,SSI,DARK (LIGHTED),CLEAR,DRY,True,39.7528877258301,-86.1463928222656
903440456,2019,2019-09-05,Marion,Indianapolis,LAFAYETTE RD & 30TH ST,Pedestrian,HEAD ON BETWEEN TWO MOTOR VEHICLES,PEDESTRIAN ACTION,SSI,DAYLIGHT,CLEAR,DRY,False,39.8092231750488,-86.2200546264648
903350266,2019,2019-03-26,Marion,Indianapolis,MINNESOTA ST & CONCORD ST,Vehicle,LEFT TURN,UNSAFE SPEED,Fatal,DARK (NOT LIGHTED),CLEAR,DRY,False,39.7430839538574,-86.2096939086914