id,year,date,county,city,cross_street,crash_type,manner,primary_factor,ssi_fatal,light,weather,surface,interstate,lat,lon
903522168,2020,2020-01-10,Johnson,Franklin,WESTVIEW DR & ROBIN RD,Vehicle,HEAD ON BETWEEN TWO MOTOR VEHICLES,DRIVER DISTRACTED - EXPLAIN IN NARRATIVE,SSI,DAYLIGHT,CLOUDY,WET,False,39.4908638000488,-86.0744857788086
903542995,2020,2020-02-14,Marion,Indianapolis,EAGLES WATCH LN,Vehicle,RAN OFF ROAD,RAN OFF ROAD RIGHT,SSI,DARK (LIGHTED),SNOW,DRY,False,39.8394088745117,-86.2829208374023
903434285,2019,2019-08-22,Marion,Indianapolis,EMERSON AVE & THOMPSON RD,Vehicle,LEFT TURN,FAILURE TO YIELD RIGHT OF WAY,SSI,DAYLIGHT,CLOUDY,DRY,False,39.6921653747559,-86.0824890136719
903441936,2019,2019-09-05,Marion,Indianapolis,SHERMAN DR & ROBSON ST,Vehicle,REAR END,FOLLOWING TOO CLOSELY,SSI,DAYLIGHT,CLEAR,DRY,False,39.7737426757813,-86.10205078125
903494080,2019,2019-11-24,Marion,Indianapolis,34TH ST & LIVE OAK RD,Vehicle,HEAD ON BETWEEN TWO MOTOR VEHICLES,LEFT OF CENTER,Fatal,DARK (NOT LIGHTED),CLOUDY,ICE,False,39.8160858154297,-86.2759628295898
903344207,2019,2019-03-27,Marion,Indianapolis,FALL CREEK PKWY DR & 38TH ST,Vehicle,REAR END,UNSAFE SPEED,SSI,DARK (LIGHTED),CLEAR,DRY,False,39.8254547119141,-86.1316070556641
903522386,2020,2020-01-10,Hamilton,Carmel,146 ST & GRAY RD,Vehicle,LEFT TURN,FAILURE TO YIELD RIGHT OF WAY,SSI,DARK (LIGHTED),RAIN,WET,False,40.0004463195801,-86.0897445678711
903543179,2020,2020-02-14,Boone,Zionsville,SR32E & N 1100 E RD,Vehicle,REAR END,DRIVER DISTRACTED - EXPLAIN IN NARRATIVE,SSI,DAYLIGHT,CLEAR,DRY,False,40.0413017272949,-86.2602615356445
903443873,2019,2019-08-22,Marion,Indianapolis,TROY AVE & STANLEY AVE,Vehicle,RAN OFF ROAD,RAN OFF ROAD RIGHT,SSI,DAYLIGHT,CLEAR,DRY,False,39.7227478027344,-86.1461334228515
903443875,2019,2019-09-05,Marion,Indianapolis,46TH ST & ARLINGTON AVE,Vehicle,RIGHT ANGLE,FAILURE TO YIELD RIGHT OF WAY,SSI,DAYLIGHT,CLEAR,DRY,False,39.8403778076172,-86.0639724731445
903494173,2019,2019-11-24,Johnson,PRINCES LAKES,I65N,Vehicle,RAN OFF ROAD,SPEED TOO FAST FOR WEATHER CONDITIONS,SSI,DARK (NOT LIGHTED),CLEAR,ICE,False,39.4374046325684,-85.9830551147461
903355754,2019,2019-03-27,Marion,Indianapolis,FALL CREEK PKWY N DR & DELAWARE ST,Vehicle,LEFT TURN,FAILURE TO YIELD RIGHT OF WAY,SSI,DAYLIGHT,CLEAR,DRY,False,39.8060035705566,-86.1530380249023
903523634,2020,2020-01-10,Marion,Indianapolis,EDGEWOOD AVE & HARDEGAN ST,Vehicle,RIGHT ANGLE,FAILURE TO YIELD RIGHT OF WAY,SSI,DARK (LIGHTED),RAIN,WET,False,39.6795959472656,-86.1255493164063
903543283,2020,2020-02-14,Boone,,I65N,Vehicle,SAME DIRECTION SIDESWIPE,TIRE FAILURE OR DEFECTIVE,SSI,DAYLIGHT,CLEAR,DRY,False,40.1632690429688,-86.5441818237305
903433158,2019,2019-08-24,Johnson,Franklin,US31 & LANCER DR,Vehicle,RIGHT ANGLE,FAILURE TO YIELD RIGHT OF WAY,SSI,DAYLIGHT,CLEAR,DRY,False,39.5230674743652,-86.0766220092773
903440838,2019,2019-09-06,Shelby,SHELBYVILLE,SUGAR CREEK MYRTLE LN,Vehicle,OTHER - EXPLAIN IN NARRATIVE,UNSAFE SPEED,SSI,DAYLIGHT,CLEAR,DRY,False,39.6389236450195,-85.9131622314453
903494511,2019,2019-11-24,Marion,Indianapolis,KEYSTONE AVE & FALL CREEK PKWY,Vehicle,RIGHT ANGLE,FAILURE TO YIELD RIGHT OF WAY,SSI,DARK (LIGHTED),CLOUDY,WET,False,39.8348999023438,-86.1218490600586
903344460,2019,2019-03-28,Hancock,,CR100N,Vehicle,REAR END,FOLLOWING TOO CLOSELY,SSI,DAYLIGHT,CLEAR,DRY,False,39.798038482666,-85.8852005004883
903433303,2019,2019-08-24,Hendricks,CLAYTON,SR39 & WASHINGTON ST,Vehicle,RAN OFF ROAD,RAN OFF ROAD RIGHT,SSI,DAYLIGHT,CLEAR,DRY,False,39.6788711547851,-86.4932403564453
903526124,2020,2020-01-10,Marion,Indianapolis,30TH ST & BOLTON AVE,Pedestrian,RIGHT ANGLE,PEDESTRIAN ACTION,Fatal,DARK (NOT LIGHTED),RAIN,WET,False,39.8109931945801,-86.0670394897461
903500016,2019,2019-11-25,Marion,Indianapolis,PROSPECT ST & KEALING AVE,Pedalcycle,NON-COLLISION,DISREGARD SIGNAL/REG SIGN,SSI,DAYLIGHT,CLEAR,DRY,False,39.7526512145996,-86.1031112670898
903344729,2019,2019-03-28,Hamilton,Carmel,W 106TH ST & FERGUS AVE,Pedestrian,OTHER - EXPLAIN IN NARRATIVE,PEDESTRIAN ACTION,SSI,DAYLIGHT,CLEAR,DRY,False,39.9411125183105,-86.2150726318359
903441973,2019,2019-09-06,Marion,Indianapolis,30TH ST & GERMAN CHURCH RD,Vehicle,HEAD ON BETWEEN TWO MOTOR VEHICLES,DRIVER ILLNESS,SSI,DAYLIGHT,CLEAR,DRY,False,39.8211135864258,-85.9719085693359
903543353,2020,2020-02-14,Johnson,Greenwood,SR135S & OLIVE BRANCH RD,Vehicle,REAR END,UNSAFE LANE MOVEMENT,SSI,DARK (NOT LIGHTED),CLEAR,DRY,False,39.5926094055176,-86.159049987793
903351318,2019,2019-03-28,Marion,Indianapolis,I70,Vehicle,RAN OFF ROAD,UNSAFE LANE MOVEMENT,SSI,DARK (LIGHTED),CLEAR,DRY,True,39.7985038757324,-86.1150970458984
903442065,2019,2019-09-07,Marion,Indianapolis,34TH ST & MOLLER RD,Vehicle,LEFT TURN,FAILURE TO YIELD RIGHT OF WAY,SSI,DAYLIGHT,CLEAR,DRY,False,39.8164443969727,-86.2560119628906
903494974,2019,2019-11-26,Marion,Indianapolis,I65S,Vehicle,RAN OFF ROAD,IMPROPER LANE USAGE,SSI,DAYLIGHT,CLEAR,DRY,False,39.6638145446777,-86.0873718261719
903435812,2019,2019-08-24,Marion,Indianapolis,I465N,Vehicle,NON-COLLISION,UNSAFE SPEED,SSI,DARK (LIGHTED),CLEAR,DRY,False,39.8508262634277,-86.2761001586914
903544307,2020,2020-02-14,Morgan,MARTINSVILLE,CRAVER RD & AREND RD,Vehicle,HEAD ON BETWEEN TWO MOTOR VEHICLES,OTHER (DRIVER) - EXPLAIN IN NARRATIVE,SSI,DAYLIGHT,CLEAR,DRY,False,39.446117401123,-86.6418914794922
903532335,2020,2020-01-10,Marion,Indianapolis,FRANKLIN RD & WASHINGTON ST,Pedestrian,OTHER - EXPLAIN IN NARRATIVE,UNSAFE LANE MOVEMENT,SSI,DAYLIGHT,RAIN,WET,False,39.7689590454102,-86.0261764526367
903344658,2019,2019-03-29,Marion,Indianapolis,I70E,Vehicle,RAN OFF ROAD,SPEED TOO FAST FOR WEATHER CONDITIONS,SSI,DARK (LIGHTED),RAIN,WET,False,39.7841415405273,-86.1402587890625
903442175,2019,2019-09-07,Marion,Indianapolis,32ND ST & SHERMAN DR,Pedestrian,BACKING CRASH,PEDESTRIAN ACTION,SSI,DARK (LIGHTED),CLEAR,DRY,False,39.8129806518555,-86.102653503418
903495098,2019,2019-11-26,Marion,Indianapolis,SHADELAND AVE & FALL CREEK DR,Vehicle,LEFT TURN,FAILURE TO YIELD RIGHT OF WAY,SSI,DAYLIGHT,CLOUDY,WET,False,39.8674583435059,-86.0457305908203
903436337,2019,2019-08-24,Marion,Indianapolis,EMERSON AVE & ENGLISH AVE,Vehicle,RIGHT ANGLE,DISREGARD SIGNAL/REG SIGN,Fatal,DARK (LIGHTED),CLEAR,DRY,False,39.7603645324707,-86.0829086303711
903546048,2020,2020-02-14,Marion,Indianapolis,I- 465  & CRYSTAL LAKE DR,Vehicle,REAR END,FOLLOWING TOO CLOSELY,SSI,DAYLIGHT,CLEAR,DRY,True,39.9158668518066,-86.0937347412109
903522739,2020,2020-01-11,Johnson,,DIVISION RD,Vehicle,HEAD ON BETWEEN TWO MOTOR VEHICLES,LEFT OF CENTER,Fatal,DARK (NOT LIGHTED),CLOUDY,WET,False,39.4763374328613,-86.1609954833984
903344839,2019,2019-03-29,Marion,Lawrence,E 52ND ST & SHADELAND WAY,Vehicle,RAN OFF ROAD,OTHER (DRIVER) - EXPLAIN IN NARRATIVE,SSI,DAYLIGHT,CLOUDY,DRY,False,39.8473281860352,-86.0431594848633
903447264,2019,2019-09-07,Marion,Indianapolis,SHELBY ST & UNNAMED DR,Vehicle,NON-COLLISION,IMPROPER LANE USAGE,SSI,DARK (LIGHTED),CLEAR,DRY,False,39.7098350524902,-86.1394195556641
903498159,2019,2019-11-26,Marion,Indianapolis,WASHINGTON ST & UNNAMED DR,Pedestrian,OTHER - EXPLAIN IN NARRATIVE,PEDESTRIAN ACTION,Fatal,DARK (NOT LIGHTED),CLOUDY,WET,False,39.7754859924316,-85.9793853759766
903543761,2020,2020-02-15,Hamilton,,SR32 & CYNTHEANNE RD,Vehicle,RAN OFF ROAD,RAN OFF ROAD RIGHT,Fatal,DARK (NOT LIGHTED),CLEAR,DRY,False,40.0621147155762,-85.8784713745117
903522740,2020,2020-01-11,Hendricks,Brownsburg,GREEN ST,Vehicle,REAR END,DRIVER DISTRACTED - EXPLAIN IN NARRATIVE,SSI,DARK (NOT LIGHTED),RAIN,WET,False,39.8655052185059,-86.3924789428711
903344932,2019,2019-03-29,Johnson,Whiteland,US31N & TRACY RD,Vehicle,REAR END,DRIVER DISTRACTED - EXPLAIN IN NARRATIVE,SSI,DAYLIGHT,RAIN,WET,False,39.564567565918,-86.0926208496094
903441616,2019,2019-09-08,Johnson,,TRACY RD & DONICA RD,Vehicle,RAN OFF ROAD,OTHER (DRIVER) - EXPLAIN IN NARRATIVE,SSI,DARK (NOT LIGHTED),CLEAR,DRY,False,39.563850402832,-86.1254501342773
903546697,2020,2020-02-15,Marion,Indianapolis,I- 465  & COUNSELORS ROW,Vehicle,RAN OFF ROAD,UNSAFE LANE MOVEMENT,SSI,DARK (LIGHTED),CLEAR,DRY,True,39.9192276000977,-86.1043701171875
903518102,2019,2019-11-26,Marion,Indianapolis,KESSLER BLVD & 54TH ST,Vehicle,REAR END,FOLLOWING TOO CLOSELY,Fatal,DAWN/DUSK,CLEAR,DRY,False,39.84912109375,-86.2117919921875
903549973,2020,2020-02-16,Marion,Indianapolis,MITTHOEFER RD & WILLOWTREE LN,Vehicle,REAR END,FOLLOWING TOO CLOSELY,SSI,DARK (LIGHTED),CLOUDY,DRY,False,39.8078384399414,-85.9905776977539
903523644,2020,2020-01-11,Marion,Indianapolis,MANN RD & RALSTON RD,Vehicle,HEAD ON BETWEEN TWO MOTOR VEHICLES,LEFT OF CENTER,SSI,DAYLIGHT,RAIN,WATER (STANDING OR MOVING),False,39.6326599121094,-86.2521286010742
903345046,2019,2019-03-29,Marion,Indianapolis,I69S,Vehicle,REAR END,TIRE FAILURE OR DEFECTIVE,SSI,DARK (LIGHTED),CLOUDY,WET,False,39.918586730957,-86.035903930664
903553387,2020,2020-02-16,Marion,Indianapolis,I-70  & I70,Vehicle,SAME DIRECTION SIDESWIPE,OVERCORRECTING/OVERSTEERING,SSI,DAYLIGHT,CLEAR,DRY,True,39.7308082580566,-86.2429809570313
903494964,2019,2019-11-27,Boone,Zionsville,I865,Vehicle,RAN OFF ROAD,UNSAFE LANE MOVEMENT,SSI,DARK (NOT LIGHTED),RAIN,WET,True,39.9316024780273,-86.3087310791016
903441650,2019,2019-09-08,Hamilton,Westfield,US31,Vehicle,REAR END,FOLLOWING TOO CLOSELY,SSI,DARK (NOT LIGHTED),CLEAR,DRY,False,40.016918182373,-86.1297988891602
903532375,2020,2020-01-11,Marion,Indianapolis,CARROLL RD & 42ND ST,Vehicle,RIGHT ANGLE,FAILURE TO YIELD RIGHT OF WAY,SSI,DAYLIGHT,RAIN,WET,False,39.8341102600098,-85.9533233642578
903545157,2020,2020-02-17,Hamilton,Fishers,SOUTHEASTERN PKWY & 126 ST,Vehicle,RIGHT ANGLE,FAILURE TO YIELD RIGHT OF WAY,SSI,DAYLIGHT,RAIN,WET,False,39.9730987548828,-85.8935928344727
903346744,2019,2019-03-30,Marion,Indianapolis,MADISON AVE & PERRY ST,Vehicle,RAN OFF ROAD,RAN OFF ROAD RIGHT,SSI,DARK (LIGHTED),BLOWING SAND/SOIL/SNOW,WET,False,39.7196617126465,-86.1485595703125
903441667,2019,2019-09-08,Hamilton,,SOUTHEASTERN PKWY & CONNETICUT AVE,Vehicle,RAN OFF ROAD,RAN OFF ROAD RIGHT,Fatal,DARK (NOT LIGHTED),CLEAR,DRY,False,39.9440383911133,-85.8629531860351
903497333,2019,2019-11-27,Marion,Indianapolis,S MISSOURI ST & W SOUTH ST,Vehicle,SAME DIRECTION SIDESWIPE,UNSAFE LANE MOVEMENT,SSI,DAYLIGHT,CLEAR,DRY,False,39.761043548584,-86.1656723022461
903523199,2020,2020-01-13,Marion,Lawrence,RUE RIVIERA,Vehicle,OTHER - EXPLAIN IN NARRATIVE,UNSAFE SPEED,SSI,DARK (NOT LIGHTED),CLOUDY,WET,False,39.8353538513184,-86.0114288330078
903545297,2020,2020-02-17,Shelby,SHELBYVILLE,SR44,Vehicle,RAN OFF ROAD,DRIVER ILLNESS,SSI,DAYLIGHT,CLOUDY,DRY,False,39.5229377746582,-85.7735900878906
903346814,2019,2019-03-30,Marion,Indianapolis,I65N,Vehicle,RIGHT ANGLE,SPEED TOO FAST FOR WEATHER CONDITIONS,SSI,DAYLIGHT,SNOW,SNOW/SLUSH,False,39.8279724121094,-86.2319946289063
903443017,2019,2019-09-09,Marion,Indianapolis,MCFARLAND RD & MIDLAND RD,Vehicle,RAN OFF ROAD,DRIVER ASLEEP OR FATIGUED,SSI,DARK (LIGHTED),CLEAR,DRY,False,39.6894760131836,-86.1115264892578
903497430,2019,2019-11-27,Marion,Indianapolis,42ND ST & NEWBURGH LN,Vehicle,RIGHT ANGLE,FAILURE TO YIELD RIGHT OF WAY,SSI,DAYLIGHT,SEVERE CROSS WIND,DRY,False,39.8337211608887,-85.9849166870117
903525587,2020,2020-01-15,Marion,Indianapolis,KENTUCKY AVE & THE RIVER LN,Vehicle,RAN OFF ROAD,RAN OFF ROAD RIGHT,SSI,DARK (NOT LIGHTED),CLEAR,DRY,False,39.730052947998,-86.2045135498047
903545393,2020,2020-02-17,Morgan,Mooresville,HADLEY RD & JOHNSON RD,Vehicle,RIGHT ANGLE,DISREGARD SIGNAL/REG SIGN,SSI,DARK (NOT LIGHTED),CLOUDY,DRY,False,39.6094398498535,-86.353645324707
903347305,2019,2019-03-30,Marion,Indianapolis,WASHINGTON ST & EAST ST,Vehicle,OTHER - EXPLAIN IN NARRATIVE,OTHER (DRIVER) - EXPLAIN IN NARRATIVE,SSI,DARK (LIGHTED),RAIN,WET,False,39.7669906616211,-86.1489105224609
903450959,2019,2019-09-09,Marion,Indianapolis,EMERSON AVE & 32ND ST,Vehicle,LEFT TURN,FAILURE TO YIELD RIGHT OF WAY,SSI,DAYLIGHT,CLEAR,DRY,False,39.8147087097168,-86.0836486816406
903498162,2019,2019-11-27,Marion,Indianapolis,WASHINGTON ST & WASHINGTON POINTE DR,Pedestrian,OTHER - EXPLAIN IN NARRATIVE,PEDESTRIAN ACTION,Fatal,DARK (NOT LIGHTED),CLOUDY,DRY,False,39.7752952575684,-85.9803771972656
903532376,2020,2020-01-15,Marion,Indianapolis,SHADELAND AVE & 38TH ST,Pedestrian,OTHER - EXPLAIN IN NARRATIVE,PEDESTRIAN ACTION,SSI,DAYLIGHT,CLEAR,DRY,False,39.8262977600098,-86.0457534790039
903545434,2020,2020-02-17,Shelby,SHELBYVILLE,BOGGSTOWN RD,Vehicle,RAN OFF ROAD,UNSAFE SPEED,Fatal,DARK (NOT LIGHTED),CLEAR,DRY,False,39.5291328430176,-85.8050994873047
903442761,2019,2019-09-10,Marion,Indianapolis,30TH ST & WALLACE AVE,Vehicle,HEAD ON BETWEEN TWO MOTOR VEHICLES,FOLLOWING TOO CLOSELY,SSI,DAYLIGHT,CLEAR,DRY,False,39.8108558654785,-86.0902862548828
903347550,2019,2019-03-30,Hamilton,Noblesville,HAZEL DELL RD & 161ST ST,Vehicle,RAN OFF ROAD,SPEED TOO FAST FOR WEATHER CONDITIONS,SSI,DAYLIGHT,RAIN,WET,False,40.0221405029297,-86.0707244873047
903496616,2019,2019-11-28,Marion,Indianapolis,I70W,Vehicle,LEFT TURN,UNSAFE LANE MOVEMENT,SSI,DARK (LIGHTED),CLEAR,DRY,False,39.741340637207,-86.2388076782227
903526083,2020,2020-01-16,Marion,Indianapolis,OLIVER AVE & ARBOR AVE,Vehicle,LEFT TURN,FAILURE TO YIELD RIGHT OF WAY,SSI,DAYLIGHT,CLEAR,DRY,False,39.7581901550293,-86.1836776733398
903545876,2020,2020-02-18,Marion,Indianapolis,US40 & GIRLS SCHOOL RD,Vehicle,REAR END,IMPROPER LANE USAGE,SSI,DARK (LIGHTED),CLEAR,WET,False,39.7409515380859,-86.2888488769531
903444605,2019,2019-09-10,Marion,Indianapolis,ENGLISH AVE & PARKER AVE,Vehicle,LEFT TURN,FAILURE TO YIELD RIGHT OF WAY,SSI,DAYLIGHT,CLEAR,DRY,False,39.759880065918,-86.1140060424805
903496162,2019,2019-11-29,Marion,Lawrence,I465,Vehicle,RAN OFF ROAD,RAN OFF ROAD RIGHT,SSI,DARK (LIGHTED),CLEAR,DRY,True,39.8531875610352,-86.0459823608398
903347603,2019,2019-03-31,Marion,Indianapolis,I65,Pedestrian,SAME DIRECTION SIDESWIPE,SPEED TOO FAST FOR WEATHER CONDITIONS,SSI,DARK (LIGHTED),CLEAR,ICE,True,39.7827033996582,-86.1632308959961
903545950,2020,2020-02-18,Marion,Indianapolis,KEYSTONE AVE,Vehicle,RIGHT ANGLE,FAILURE TO YIELD RIGHT OF WAY,SSI,DAYLIGHT,CLOUDY,DRY,False,39.7152786254883,-86.1204147338867
903535206,2020,2020-01-16,Marion,Indianapolis,PENNSYLVANIA ST & ST JOSEPH ST,Pedestrian,OTHER - EXPLAIN IN NARRATIVE,PEDESTRIAN ACTION,SSI,DARK (LIGHTED),CLEAR,DRY,False,39.7804946899414,-86.1557235717773
903446012,2019,2019-09-10,Marion,Indianapolis,I70W,Vehicle,REAR END,FOLLOWING TOO CLOSELY,SSI,DAYLIGHT,CLEAR,DRY,False,39.7979125976563,-86.1082077026367
903496260,2019,2019-11-29,Hamilton,,CAMMACK RD & 216 ST,Vehicle,COLLISION WITH DEER,ANIMAL/OBJECT IN ROADWAY,SSI,DARK (NOT LIGHTED),CLEAR,DRY,False,40.1042976379395,-86.0759582519531
903355591,2019,2019-03-31,Marion,Indianapolis,BROAD RIPPLE AVE & CARROLLTON AVE,Pedestrian,OTHER - EXPLAIN IN NARRATIVE,UNSAFE LANE MOVEMENT,Fatal,DARK (LIGHTED),CLEAR,LOOSE MATERIAL ON ROAD,False,39.869743347168,-86.144660949707
903547106,2020,2020-02-20,Marion,Indianapolis,WASHINGTON ST & POST RD,Vehicle,LEFT TURN,FAILURE TO YIELD RIGHT OF WAY,SSI,DAYLIGHT,CLEAR,DRY,False,39.7738418579102,-86.0092010498047
903526300,2020,2020-01-17,Hendricks,Pittsboro,US136N & MAPLE   MAIN ST,Pedestrian,COLLISION WITH OBJECT IN ROAD,PEDESTRIAN ACTION,SSI,DARK (LIGHTED),CLEAR,DRY,False,39.8638381958008,-86.467170715332
903443579,2019,2019-09-11,Hamilton,,SR38 & BODEN RD,Vehicle,RIGHT ANGLE,FAILURE TO YIELD RIGHT OF WAY,SSI,DAYLIGHT,CLOUDY,DRY,False,40.0363044738769,-85.9376525878906
903496514,2019,2019-11-30,Johnson,Bargersville,SR135W,Vehicle,RAN OFF ROAD,RAN OFF ROAD RIGHT,SSI,DARK (LIGHTED),RAIN,WET,False,39.5453643798828,-86.1586608886719
903461365,2019,2019-03-31,Marion,Indianapolis,CAMPANILE DR,Pedestrian,SAME DIRECTION SIDESWIPE,DRIVER DISTRACTED - EXPLAIN IN NARRATIVE,SSI,DAYLIGHT,CLEAR,DRY,False,39.7668800354004,-86.2078552246094
903547891,2020,2020-02-20,Marion,Indianapolis,I-70  & I465,Vehicle,SAME DIRECTION SIDESWIPE,UNSAFE LANE MOVEMENT,SSI,DAYLIGHT,CLEAR,DRY,True,39.8000221252441,-86.0364074707031
903527914,2020,2020-01-17,Marion,Indianapolis,HIGH SCHOOL RD & MONARCH DR,Vehicle,RAN OFF ROAD,RAN OFF ROAD RIGHT,SSI,DARK (LIGHTED),SLEET/HAIL/FREEZING RAIN,WET,False,39.8205451965332,-86.2700347900391
903443740,2019,2019-09-11,Marion,Indianapolis,INDIANA AVE & 10TH ST,Pedestrian,LEFT TURN,PEDESTRIAN ACTION,SSI,DARK (LIGHTED),CLEAR,DRY,False,39.7810173034668,-86.1758804321289
903497774,2019,2019-11-30,Hamilton,Carmel,I465,Vehicle,OTHER - EXPLAIN IN NARRATIVE,OVERCORRECTING/OVERSTEERING,SSI,DARK (LIGHTED),RAIN,WET,True,39.930492401123,-86.1499633789063
903346967,2019,2019-04-02,Marion,Lawrence,US36E & N GERMAN CHURCH RD,Vehicle,REAR END,FOLLOWING TOO CLOSELY,SSI,DAYLIGHT,CLEAR,DRY,False,39.8618507385254,-85.9741134643555
903548890,2020,2020-02-20,Hendricks,,RACEWAY RD,Vehicle,HEAD ON BETWEEN TWO MOTOR VEHICLES,LEFT OF CENTER,SSI,DAYLIGHT,CLEAR,DRY,False,39.7932472229004,-86.3266906738281
903527994,2020,2020-01-17,Marion,Indianapolis,38TH ST & RICHARDT AVE,Vehicle,HEAD ON BETWEEN TWO MOTOR VEHICLES,SPEED TOO FAST FOR WEATHER CONDITIONS,SSI,DARK (LIGHTED),SLEET/HAIL/FREEZING RAIN,ICE,False,39.8256950378418,-86.0362548828125
903347150,2019,2019-04-02,Hamilton,Carmel,US31,Pedestrian,OTHER - EXPLAIN IN NARRATIVE,PEDESTRIAN ACTION,Fatal,DAYLIGHT,CLEAR,DRY,False,39.996410369873,-86.1253967285156
903444612,2019,2019-09-11,Marion,Indianapolis,MERIDIAN ST & ROBERTS RD,Vehicle,HEAD ON BETWEEN TWO MOTOR VEHICLES,LEFT OF CENTER,SSI,DARK (NOT LIGHTED),CLEAR,DRY,False,39.6959228515625,-86.1581192016602
903347225,2019,2019-04-02,Marion,Indianapolis,WASHINGTON ST & ARSENAL AVE,Vehicle,OTHER - EXPLAIN IN NARRATIVE,OTHER (VEHICLE) - EXPLAIN IN NARRATIVE,SSI,DARK (LIGHTED),CLEAR,DRY,False,39.7672653198242,-86.1328277587891
903547148,2020,2020-02-21,Marion,Indianapolis,MICHIGAN RD & 64TH ST,Vehicle,HEAD ON BETWEEN TWO MOTOR VEHICLES,LEFT OF CENTER,SSI,DAWN/DUSK,CLEAR,DRY,False,39.8712463378906,-86.2031707763672
903532336,2020,2020-01-17,Marion,Indianapolis,WASHINGTON ST & COLLIER ST,Vehicle,REAR END,RAN OFF ROAD RIGHT,SSI,DARK (LIGHTED),SLEET/HAIL/FREEZING RAIN,ICE,False,39.759090423584,-86.2296752929688
903446475,2019,2019-09-11,Marion,Indianapolis,ROCKVILLE RD & BRIDGEPORT RD,Vehicle,LEFT TURN,FAILURE TO YIELD RIGHT OF WAY,SSI,DAYLIGHT,CLOUDY,DRY,False,39.7638473510742,-86.3171157836914
903348004,2019,2019-04-02,Marion,Indianapolis,I65S,Vehicle,REAR END,FOLLOWING TOO CLOSELY,SSI,DAYLIGHT,CLEAR,DRY,False,39.6412200927734,-86.0743713378906
903547329,2020,2020-02-21,Hancock,,I70,Vehicle,REAR END,FOLLOWING TOO CLOSELY,SSI,DAYLIGHT,CLEAR,DRY,True,39.8224029541016,-85.7332077026367
903497709,2019,2019-12-01,Marion,Indianapolis,SOUTHPORT RD & TASSEL MEADOW DR,Vehicle,SAME DIRECTION SIDESWIPE,DRIVER DISTRACTED - EXPLAIN IN NARRATIVE,SSI,DAYLIGHT,RAIN,WET,False,39.6634063720703,-86.1834259033203
903541024,2020,2020-01-17,Marion,Indianapolis,86TH ST & TOWNSHIP LINE RD,Vehicle,RAN OFF ROAD,OVERCORRECTING/OVERSTEERING,Fatal,DARK (LIGHTED),SLEET/HAIL/FREEZING RAIN,ICE,False,39.9120445251465,-86.2047729492188
903349038,2019,2019-04-02,Hendricks,Plainfield,CR200S,Pedestrian,SAME DIRECTION SIDESWIPE,PEDESTRIAN ACTION,SSI,DARK (NOT LIGHTED),CLOUDY,DRY,False,39.7338600158691,-86.3642501831055
903547656,2020,2020-02-22,Hendricks,,US136,Vehicle,RIGHT ANGLE,FAILURE TO YIELD RIGHT OF WAY,SSI,DAYLIGHT,CLEAR,DRY,False,39.8711853027344,-86.505615234375
903497928,2019,2019-12-02,Marion,Indianapolis,I465E,Vehicle,RAN OFF ROAD,DRIVER ASLEEP OR FATIGUED,SSI,DARK (NOT LIGHTED),CLOUDY,WET,False,39.6986083984375,-86.1757125854492
903453967,2019,2019-09-11,Marion,Indianapolis,COIL ST & TREMONT ST,Vehicle,REAR END,FOLLOWING TOO CLOSELY,Fatal,DARK (NOT LIGHTED),CLEAR,DRY,False,39.873966217041,-86.2011413574219
903528259,2020,2020-01-18,Marion,Indianapolis,10TH ST & EMERSON AVE,Vehicle,LEFT TURN,FAILURE TO YIELD RIGHT OF WAY,SSI,DAYLIGHT,RAIN,WET,False,39.7814559936523,-86.0831985473633
903349633,2019,2019-04-02,Marion,Indianapolis,21ST ST & RITTER AVE,Vehicle,LEFT TURN,FAILURE TO YIELD RIGHT OF WAY,SSI,DARK (LIGHTED),CLEAR,DRY,False,39.796257019043,-86.073860168457
903548758,2020,2020-02-22,Marion,Indianapolis,I70E,Vehicle,RAN OFF ROAD,UNSAFE LANE MOVEMENT,Fatal,DARK (LIGHTED),CLEAR,DRY,False,39.7984313964844,-86.0397186279297
903520369,2019,2019-12-02,Marion,Indianapolis,KESSLER BLVD E DR & HAVERFORD AVE,Vehicle,RAN OFF ROAD,OVERCORRECTING/OVERSTEERING,SSI,DAYLIGHT,CLEAR,WET,False,39.8623046875,-86.1363754272461
903444553,2019,2019-09-12,Marion,Indianapolis,RITTER AVE & 30TH ST,Vehicle,RIGHT ANGLE,FAILURE TO YIELD RIGHT OF WAY,Fatal,DARK (LIGHTED),CLOUDY,DRY,False,39.8109283447266,-86.0737533569336
903528737,2020,2020-01-19,Marion,Indianapolis,E 33RD ST & N FRANKLIN RD,Vehicle,HEAD ON BETWEEN TWO MOTOR VEHICLES,UNSAFE LANE MOVEMENT,SSI,DAYLIGHT,CLOUDY,DRY,False,39.8171043395996,-86.0267333984375
903347625,2019,2019-04-03,Marion,Cumberland,E WASHINGTON ST & HUGO ST,Pedestrian,OTHER - EXPLAIN IN NARRATIVE,PEDESTRIAN ACTION,SSI,DARK (LIGHTED),CLEAR,DRY,False,39.7759590148926,-85.9662017822265