id,year,date,county,city,cross_street,crash_type,manner,primary_factor,ssi_fatal,light,weather,surface,interstate,lat,lon
903554971,2020,2020-02-23,Hamilton,Noblesville,SR32E & 8TH ST,Vehicle,OTHER - EXPLAIN IN NARRATIVE,OTHER (DRIVER) - EXPLAIN IN NARRATIVE,SSI,DAYLIGHT,CLEAR,DRY,False,40.0456466674805,-86.0148468017578
903498746,2019,2019-12-03,Marion,Indianapolis,MERIDIAN  (SR135) ST & STOP 11 RD,Vehicle,REAR END,DRIVER ILLNESS,Fatal,DAYLIGHT,CLOUDY,DRY,False,39.6524848937988,-86.1583404541015
903444647,2019,2019-09-12,Marion,Indianapolis,62ND ST & MERIDIAN ST,Vehicle,HEAD ON BETWEEN TWO MOTOR VEHICLES,FAILURE TO YIELD RIGHT OF WAY,SSI,DAYLIGHT,CLEAR,DRY,False,39.8681602478027,-86.155387878418
903499188,2019,2019-12-03,Hendricks,,CR700N,Vehicle,OTHER - EXPLAIN IN NARRATIVE,DISREGARD SIGNAL/REG SIGN,Fatal,DARK (NOT LIGHTED),CLEAR,DRY,False,39.8657646179199,-86.3667373657227
903529100,2020,2020-01-19,Marion,Indianapolis,I465N,Vehicle,RAN OFF ROAD,UNSAFE LANE MOVEMENT,SSI,DARK (LIGHTED),CLEAR,DRY,False,39.798583984375,-86.2749862670898
903499641,2019,2019-12-03,Marion,Indianapolis,38TH ST & TACOMA AVE,Vehicle,RIGHT ANGLE,FAILURE TO YIELD RIGHT OF WAY,SSI,DAYLIGHT,CLEAR,DRY,False,39.825325012207,-86.119255065918
903347836,2019,2019-04-04,Marion,Indianapolis,MALONEY RD & RACEWAY RD,Vehicle,RAN OFF ROAD,RAN OFF ROAD RIGHT,SSI,DARK (NOT LIGHTED),CLEAR,DRY,False,39.8820991516113,-86.326057434082
903543073,2020,2020-01-19,Marion,Indianapolis,ARLINGTON AVE & 30TH ST,Vehicle,RIGHT ANGLE,DISREGARD SIGNAL/REG SIGN,Fatal,DARK (NOT LIGHTED),CLEAR,DRY,False,39.8109169006348,-86.0645980834961
903554982,2020,2020-02-25,Hamilton,Noblesville,SR37 & GREENFIELD AVE,Vehicle,REAR END,BRAKE FAILURE OR DEFECTIVE,SSI,DARK (LIGHTED),RAIN,WET,False,40.022705078125,-85.9971542358398
903503422,2019,2019-12-03,Marion,Indianapolis,CONCORD ST & 10TH ST,Pedestrian,OTHER - EXPLAIN IN NARRATIVE,PEDESTRIAN ACTION,SSI,DAYLIGHT,CLEAR,DRY,False,39.7806358337402,-86.2099609375
903444781,2019,2019-09-12,Marion,Beech Grove,S EMERSON AVE & GROVEWOOD DR,Vehicle,RIGHT ANGLE,FAILURE TO YIELD RIGHT OF WAY,SSI,DAYLIGHT,CLEAR,DRY,False,39.7065086364746,-86.0826873779297
903555123,2020,2020-02-25,Hamilton,Noblesville,SR37 & GREENFIELD AVE,Vehicle,COLLISION WITH OBJECT IN ROAD,BRAKE FAILURE OR DEFECTIVE,SSI,DARK (LIGHTED),RAIN,WET,False,40.022705078125,-85.9971542358398
903348320,2019,2019-04-04,Marion,Indianapolis,10TH ST & ELEANOR AVE,Vehicle,RIGHT TURN,IMPROPER LANE USAGE,SSI,DAYLIGHT,CLOUDY,DRY,False,39.7794456481934,-86.2803649902344
903529088,2020,2020-01-20,Marion,Indianapolis,I70W,Vehicle,RAN OFF ROAD,UNSAFE LANE MOVEMENT,SSI,DARK (LIGHTED),CLEAR,DRY,False,39.7427558898926,-86.2383041381836
903444791,2019,2019-09-12,Hancock,,CR600N & FORTVILLE PIKE,Vehicle,NON-COLLISION,SPEED TOO FAST FOR WEATHER CONDITIONS,SSI,DAYLIGHT,RAIN,WET,False,39.8760795593262,-85.8222732543945
903499294,2019,2019-12-04,Hendricks,Plainfield,BRADFORD RD & SMITH RD,Vehicle,LEFT TURN,FAILURE TO YIELD RIGHT OF WAY,SSI,DAWN/DUSK,CLEAR,DRY,False,39.7339706420898,-86.3613128662109
903549985,2020,2020-02-26,Hancock,Cumberland,CR700W,Vehicle,LEFT TURN,DISREGARD SIGNAL/REG SIGN,SSI,DAYLIGHT,BLOWING SAND/SOIL/SNOW,WET,False,39.7910118103027,-85.9336395263672
903348509,2019,2019-04-05,Hendricks,Plainfield,I70W,Vehicle,RAN OFF ROAD,OVERCORRECTING/OVERSTEERING,SSI,DAYLIGHT,CLEAR,DRY,False,39.6641540527344,-86.3811111450195
903529906,2020,2020-01-21,Marion,Indianapolis,SHADELAND AVE & 82ND ST,Vehicle,REAR END,FOLLOWING TOO CLOSELY,SSI,DAYLIGHT,CLEAR,DRY,False,39.903751373291,-86.0446929931641
903454959,2019,2019-09-12,Marion,Indianapolis,56TH ST & GEORGETOWN RD,Vehicle,LEFT TURN,FAILURE TO YIELD RIGHT OF WAY,SSI,DAYLIGHT,CLEAR,DRY,False,39.8531875610352,-86.2394866943359
903499881,2019,2019-12-04,Hamilton,Carmel,US31S & 96TH ST,Vehicle,LEFT TURN,UNSAFE LANE MOVEMENT,SSI,DARK (LIGHTED),CLEAR,DRY,False,39.9270286560059,-86.1580200195313
903550313,2020,2020-02-26,Marion,Cumberland,EAST 10TH ST & BREMERTON DR,Vehicle,REAR END,UNSAFE SPEED,SSI,DARK (LIGHTED),SNOW,WET,False,39.7825775146484,-85.9651718139649
903529047,2020,2020-01-22,Morgan,Mooresville,SR67N & SAMUEL MOORE PKWY,Vehicle,REAR END,DRIVER DISTRACTED - EXPLAIN IN NARRATIVE,SSI,DARK (LIGHTED),CLEAR,DRY,False,39.6267700195313,-86.3522262573242
903445077,2019,2019-09-13,Marion,Lawrence,N KITLEY AVE & BROOKHAVEN DR,Vehicle,LEFT TURN,FAILURE TO YIELD RIGHT OF WAY,SSI,DARK (NOT LIGHTED),CLEAR,DRY,False,39.8430595397949,-86.0550842285156
903500953,2019,2019-12-04,Marion,Indianapolis,WASHINGTON ST & IRWIN ST,Vehicle,RIGHT ANGLE,FAILURE TO YIELD RIGHT OF WAY,SSI,DAYLIGHT,CLEAR,DRY,False,39.7717208862305,-86.0522842407227
903551786,2020,2020-02-27,Marion,Indianapolis,MADISON AVE & STOP 12 RD,Vehicle,LEFT TURN,FAILURE TO YIELD RIGHT OF WAY,SSI,DAYLIGHT,CLOUDY,DRY,False,39.6437454223633,-86.1197891235352
903529302,2020,2020-01-22,Marion,Indianapolis,MOLLER RD & 34TH ST,Pedestrian,RIGHT ANGLE,PEDESTRIAN ACTION,SSI,DAYLIGHT,CLOUDY,DRY,False,39.8164405822754,-86.2559967041015
903445754,2019,2019-09-13,Morgan,PARAGON,SR67N & BORDER ST,Vehicle,OTHER - EXPLAIN IN NARRATIVE,DISREGARD SIGNAL/REG SIGN,SSI,DAYLIGHT,CLEAR,DRY,False,39.3943061828613,-86.5636444091797
903552664,2020,2020-02-27,Shelby,SHELBYVILLE,US44W,Vehicle,RAN OFF ROAD,RAN OFF ROAD RIGHT,SSI,DAYLIGHT,CLOUDY,DRY,False,39.4955787658691,-85.906379699707
903531666,2020,2020-01-22,Marion,Indianapolis,I465E,Vehicle,RAN OFF ROAD,OTHER (DRIVER) - EXPLAIN IN NARRATIVE,SSI,DAYLIGHT,CLOUDY,DRY,False,39.7043380737305,-86.1047439575195
903551540,2020,2020-02-28,Hendricks,,CR1000N,Vehicle,RIGHT ANGLE,DISREGARD SIGNAL/REG SIGN,SSI,DAYLIGHT,CLOUDY,DRY,False,39.9091987609863,-86.3832015991211
903446141,2019,2019-09-13,Marion,Indianapolis,GLEN ARM RD & 10TH ST,Vehicle,HEAD ON BETWEEN TWO MOTOR VEHICLES,FAILURE TO YIELD RIGHT OF WAY,SSI,DAYLIGHT,CLEAR,DRY,False,39.7793769836426,-86.2735214233398
903503039,2019,2019-12-05,Marion,Indianapolis,I465S,Vehicle,RAN OFF ROAD,UNSAFE LANE MOVEMENT,SSI,DARK (LIGHTED),CLEAR,DRY,False,39.8627967834473,-86.0472030639648
903515723,2019,2019-12-05,Marion,Indianapolis,30TH ST & ARTHINGTON BLVD,Vehicle,RAN OFF ROAD,RAN OFF ROAD RIGHT,SSI,DARK (LIGHTED),CLEAR,DRY,False,39.8108749389648,-86.0911865234375
903501225,2019,2019-12-06,Hamilton,,SR38 & BODEN RD,Vehicle,RIGHT ANGLE,FAILURE TO YIELD RIGHT OF WAY,SSI,DAWN/DUSK,CLEAR,DRY,False,40.0363235473633,-85.937614440918
903505163,2019,2019-12-06,Morgan,PARAGON,SR67N & VICKREY RD,Vehicle,RAN OFF ROAD,RAN OFF ROAD RIGHT,Fatal,DAWN/DUSK,CLOUDY,DRY,False,39.3752555847168,-86.6175384521484
903501714,2019,2019-12-07,Hamilton,Atlanta,SR19 & 296 RD,Vehicle,RIGHT ANGLE,FAILURE TO YIELD RIGHT OF WAY,SSI,DARK (LIGHTED),CLEAR,DRY,False,40.2178993225098,-86.0363922119141
903501786,2019,2019-12-07,Hancock,,US36,Vehicle,HEAD ON BETWEEN TWO MOTOR VEHICLES,LEFT OF CENTER,SSI,DAYLIGHT,CLEAR,DRY,False,39.9223785400391,-85.8698272705078
903502630,2019,2019-12-07,Marion,Indianapolis,FALL CREEK RD & CREEK BED LN,Vehicle,RAN OFF ROAD,DRIVER ILLNESS,SSI,DAYLIGHT,CLEAR,DRY,False,39.8884315490723,-86.0020751953125
903502710,2019,2019-12-07,Marion,Indianapolis,ENGLISH AVE & ST PETER ST,Vehicle,HEAD ON BETWEEN TWO MOTOR VEHICLES,FAILURE TO YIELD RIGHT OF WAY,SSI,DAYLIGHT,CLOUDY,DRY,False,39.7597694396973,-86.1224670410156
903503393,2019,2019-12-07,Marion,Indianapolis,EAST ST & SUMNER AVE,Vehicle,RIGHT ANGLE,DISREGARD SIGNAL/REG SIGN,Fatal,DAYLIGHT,CLOUDY,DRY,False,39.7152137756348,-86.1490631103516
903510139,2019,2019-12-07,Marion,Indianapolis,I465,Vehicle,REAR END,FOLLOWING TOO CLOSELY,SSI,DAYLIGHT,CLEAR,DRY,True,39.8312225341797,-86.0350723266602
903522516,2019,2019-12-08,Marion,Indianapolis,16TH ST & MEDFORD AVE,Pedestrian,,PEDESTRIAN ACTION,SSI,DARK (LIGHTED),CLEAR,DRY,False,39.7879104614258,-86.2092666625977
903503051,2019,2019-12-09,Johnson,,CR700N,Vehicle,OPPOSITE DIRECTION SIDESWIPE,LEFT OF CENTER,Fatal,DARK (NOT LIGHTED),RAIN,WET,False,39.582275390625,-85.972152709961
903516649,2019,2019-12-09,Marion,Indianapolis,MORRIS ST & WARMAN AVE,Pedestrian,,OTHER (DRIVER) - EXPLAIN IN NARRATIVE,Fatal,DARK (LIGHTED),CLEAR,DRY,False,39.7505302429199,-86.2082214355469
903504120,2019,2019-12-10,Hamilton,Noblesville,SR32 & CHERRY TREE RD,Vehicle,REAR END,FOLLOWING TOO CLOSELY,SSI,DAWN/DUSK,CLEAR,DRY,False,40.0450096130371,-86.0351791381836
903504552,2019,2019-12-10,Marion,Indianapolis,I65S,Vehicle,REAR END,FOLLOWING TOO CLOSELY,SSI,DARK (LIGHTED),CLEAR,DRY,False,39.6851577758789,-86.1027297973633
903504790,2019,2019-12-11,Marion,Indianapolis,79TH ST & MICHIGAN RD,Pedestrian,COLLISION WITH OBJECT IN ROAD,PEDESTRIAN ACTION,SSI,DARK (LIGHTED),CLEAR,DRY,False,39.8993606567383,-86.2168960571289
903507699,2019,2019-12-11,Marion,Indianapolis,I70,Vehicle,RAN OFF ROAD,RAN OFF ROAD RIGHT,SSI,DAYLIGHT,CLEAR,DRY,True,39.7281188964844,-86.2465209960938
903505687,2019,2019-12-12,Hamilton,Noblesville,SR32 & 19TH ST,Vehicle,REAR END,DRIVER DISTRACTED - EXPLAIN IN NARRATIVE,SSI,DARK (LIGHTED),CLEAR,DRY,False,40.0456275939941,-86.0003051757812
903509977,2019,2019-12-12,Morgan,MONROVIA,I-70,Vehicle,RAN OFF ROAD,OVERCORRECTING/OVERSTEERING,SSI,DAYLIGHT,CLEAR,DRY,True,39.6255073547363,-86.4531707763672
903505447,2019,2019-12-13,Marion,Indianapolis,LYNHURST DR & SEERLEY RD,Vehicle,HEAD ON BETWEEN TWO MOTOR VEHICLES,LEFT OF CENTER,SSI,DARK (NOT LIGHTED),CLOUDY,DRY,False,39.7156143188477,-86.2503204345703
903522543,2019,2019-12-13,Marion,Indianapolis,SHERMAN DR & MOORE AVE,Vehicle,LEFT TURN,FAILURE TO YIELD RIGHT OF WAY,SSI,DAYLIGHT,CLEAR,DRY,False,39.7667770385742,-86.1020965576172
903510322,2019,2019-12-14,Marion,Indianapolis,TIBBS AVE & GOODLET AVE,Vehicle,REAR END,UNSAFE SPEED,SSI,DARK (LIGHTED),CLEAR,DRY,False,39.8025588989258,-86.2158050537109
903511700,2019,2019-12-14,Marion,Lawrence,N GERMAN CHURCH RD & E 56TH ST,Vehicle,RIGHT ANGLE,FAILURE TO YIELD RIGHT OF WAY,SSI,DAYLIGHT,CLEAR,DRY,False,39.8558578491211,-85.97265625
903551822,2020,2020-02-28,Johnson,Greenwood,SMITH VALLEY RD & MADISON AVE,Vehicle,OTHER - EXPLAIN IN NARRATIVE,OTHER (DRIVER) - EXPLAIN IN NARRATIVE,SSI,DAYLIGHT,BLOWING SAND/SOIL/SNOW,WET,False,39.6062240600586,-86.1070709228516
903535207,2020,2020-01-22,Marion,Indianapolis,LAFAYETTE RD & GEORGETOWN RD,Pedestrian,REAR END,FOLLOWING TOO CLOSELY,SSI,DARK (LIGHTED),CLEAR,DRY,False,39.8283958435059,-86.2394485473633
903522570,2019,2019-12-14,Marion,Indianapolis,16TH ST & RICHARDT AVE,Vehicle,REAR END,OVERCORRECTING/OVERSTEERING,SSI,DARK (NOT LIGHTED),CLEAR,DRY,False,39.7892570495605,-86.0358505249023
903552616,2020,2020-02-28,Johnson,Greenwood,E COUNTY LINE RD & AIRPORT RD,Vehicle,HEAD ON BETWEEN TWO MOTOR VEHICLES,LEFT OF CENTER,SSI,DAYLIGHT,CLEAR,DRY,False,39.6361198425293,-86.0932235717773
903446492,2019,2019-09-13,Marion,Indianapolis,NEW YORK ST,Pedalcycle,RIGHT ANGLE,FAILURE TO YIELD RIGHT OF WAY,SSI,DAYLIGHT,CLOUDY,DRY,False,39.7712554931641,-86.1585540771484
903529328,2020,2020-01-23,Marion,Indianapolis,GIRLS SCHOOL RD,Vehicle,RAN OFF ROAD,RAN OFF ROAD RIGHT,SSI,DAYLIGHT,CLOUDY,DRY,False,39.7980918884277,-86.2887802124023
903529486,2020,2020-01-23,Hendricks,,CR100S,Pedestrian,OTHER - EXPLAIN IN NARRATIVE,PEDESTRIAN ACTION,Fatal,DARK (NOT LIGHTED),CLEAR,DRY,False,39.747989654541,-86.4088516235352
903445929,2019,2019-09-16,Marion,Lawrence,E 46TH ST & DUNN ST,Vehicle,RAN OFF ROAD,RAN OFF ROAD RIGHT,SSI,DARK (NOT LIGHTED),CLEAR,DRY,False,39.8404083251953,-86.0299606323242
903515708,2019,2019-12-15,Marion,Indianapolis,82ND ST & SARGEANT RD,Vehicle,OTHER - EXPLAIN IN NARRATIVE,OTHER (ENVIRONMENTAL) - EXPLAIN IN NARR,SSI,DARK (NOT LIGHTED),SNOW,ICE,False,39.9035682678223,-86.0115127563477
903446672,2019,2019-09-16,Hamilton,Noblesville,LYNN AVE & WILLOW CT,Pedestrian,RAN OFF ROAD,DRIVER ILLNESS,SSI,DAYLIGHT,CLEAR,DRY,False,39.9983825683594,-86.0168762207031
903530881,2020,2020-01-25,Shelby,SHELBYVILLE,CR500N,Vehicle,RAN OFF ROAD,RAN OFF ROAD RIGHT,SSI,DARK (NOT LIGHTED),SLEET/HAIL/FREEZING RAIN,WET,False,39.5991821289062,-85.7875747680664
903507765,2019,2019-12-16,Marion,Indianapolis,SOUTH PERIMETER RD & SOUTH HIGH SCHOOL RD,Vehicle,HEAD ON BETWEEN TWO MOTOR VEHICLES,SPEED TOO FAST FOR WEATHER CONDITIONS,SSI,DAYLIGHT,SNOW,SNOW/SLUSH,False,39.7127571105957,-86.2696151733398
903555921,2020,2020-02-28,Marion,Indianapolis,I-70,Vehicle,RAN OFF ROAD,UNSAFE LANE MOVEMENT,SSI,DARK (LIGHTED),CLEAR,DRY,True,39.7984352111816,-86.0410919189453
903446712,2019,2019-09-16,Shelby,SHELBYVILLE,SR252W,Vehicle,RIGHT ANGLE,FAILURE TO YIELD RIGHT OF WAY,SSI,DAYLIGHT,CLEAR,DRY,False,39.3633270263672,-85.894416809082
903531700,2020,2020-01-25,Marion,Indianapolis,SHORTRIDGE RD & WASHINGTON ST,Vehicle,BACKING CRASH,UNSAFE BACKING,SSI,DAYLIGHT,CLOUDY,WET,False,39.7721290588379,-86.0403823852539
903508396,2019,2019-12-16,Hancock,,CR200W,Vehicle,RIGHT ANGLE,LEFT OF CENTER,Fatal,DARK (NOT LIGHTED),SNOW,SNOW/SLUSH,False,39.7570762634277,-85.839111328125
903562905,2020,2020-02-28,Marion,Indianapolis,30TH ST & ENTERPRISE ST,Vehicle,RIGHT ANGLE,LEFT OF CENTER,Fatal,DARK (NOT LIGHTED),CLEAR,WET,False,39.8111572265625,-86.0312805175781
903446920,2019,2019-09-16,Morgan,MARTINSVILLE,LINCOLN HILL RD & MAPLE TURN RD,Vehicle,REAR END,OTHER (DRIVER) - EXPLAIN IN NARRATIVE,SSI,DAYLIGHT,CLEAR,DRY,False,39.4777984619141,-86.408821105957
903531016,2020,2020-01-26,Hancock,Greenfield,US40W,Vehicle,RAN OFF ROAD,RAN OFF ROAD RIGHT,SSI,DARK (NOT LIGHTED),CLEAR,DRY,False,39.7824592590332,-85.8278732299805
903508549,2019,2019-12-17,Johnson,Franklin,US31 & SOUTH ST,Vehicle,LEFT TURN,FAILURE TO YIELD RIGHT OF WAY,SSI,DAYLIGHT,SNOW,ICE,False,39.4638938903809,-86.0537109375
903552551,2020,2020-03-01,Johnson,Bargersville,SR135N & WHITELAND RD,Vehicle,REAR END,FOLLOWING TOO CLOSELY,SSI,DAYLIGHT,CLOUDY,DRY,False,39.5440254211426,-86.1586685180664
903448285,2019,2019-09-16,Marion,Indianapolis,46TH ST & INLAND DR,Vehicle,RIGHT ANGLE,FAILURE TO YIELD RIGHT OF WAY,SSI,DAYLIGHT,CLEAR,DRY,False,39.8380165100098,-86.2799911499023
903531725,2020,2020-01-26,Marion,Indianapolis,LAFAYETTE RD & 30TH ST,Vehicle,OPPOSITE DIRECTION SIDESWIPE,LEFT OF CENTER,SSI,DARK (LIGHTED),CLEAR,DRY,False,39.809440612793,-86.2202682495117
903510914,2019,2019-12-17,Marion,Indianapolis,I65N,Vehicle,REAR END,UNSAFE LANE MOVEMENT,SSI,DARK (LIGHTED),BLOWING SAND/SOIL/SNOW,SNOW/SLUSH,False,39.782787322998,-86.1544799804688
903558348,2020,2020-03-01,Morgan,MARTINSVILLE,WILBUR RD & CABIN CREEK LN,Vehicle,REAR END,VIEW OBSTRUCTED,SSI,DAYLIGHT,CLEAR,DRY,False,39.4960289001465,-86.4805679321289
903450879,2019,2019-09-16,Marion,Indianapolis,I70,Vehicle,REAR END,UNSAFE SPEED,SSI,DARK (NOT LIGHTED),CLOUDY,DRY,True,39.7529487609863,-86.2248840332031
903538434,2020,2020-01-26,Marion,Indianapolis,MERIDIAN ST & WILLIAMS CREEK BLVD,Vehicle,HEAD ON BETWEEN TWO MOTOR VEHICLES,LEFT OF CENTER,SSI,DARK (LIGHTED),BLOWING SAND/SOIL/SNOW,WET,False,39.8984336853027,-86.1576614379883
903515044,2019,2019-12-17,Marion,Indianapolis,I465E,Vehicle,RAN OFF ROAD,RAN OFF ROAD RIGHT,SSI,DARK (LIGHTED),CLEAR,DRY,False,39.7043533325195,-86.2634506225586
903562054,2020,2020-03-01,Marion,Indianapolis,34TH ST & MINGER RD,Pedestrian,,,SSI,DARK (NOT LIGHTED),CLEAR,DRY,False,39.8167343139648,-86.2343215942383
903447636,2019,2019-09-17,Marion,Indianapolis,LAFAYETTE RD & PILGRIM DR,Vehicle,RIGHT ANGLE,FAILURE TO YIELD RIGHT OF WAY,SSI,DAYLIGHT,CLEAR,DRY,False,39.8572387695313,-86.2674865722656
903509694,2019,2019-12-18,Hendricks,Pittsboro,US136E & BURLINGTON PKWY,Vehicle,OTHER - EXPLAIN IN NARRATIVE,DRIVER ASLEEP OR FATIGUED,SSI,DAYLIGHT,CLEAR,DRY,False,39.8617897033691,-86.4618301391602
903447704,2019,2019-09-17,Marion,Indianapolis,KEYSTONE AVE & CARSON AVE,Vehicle,RIGHT ANGLE,FAILURE TO YIELD RIGHT OF WAY,SSI,DAYLIGHT,CLEAR,DRY,False,39.7077751159668,-86.1202850341797
903562972,2020,2020-03-01,Marion,Indianapolis,LAFAYETTE RD & KESSLER BLVD N DR,Vehicle,HEAD ON BETWEEN TWO MOTOR VEHICLES,LEFT OF CENTER,Fatal,DARK (LIGHTED),CLEAR,DRY,False,39.7980651855469,-86.2084121704102
903531468,2020,2020-01-27,Hendricks,LIZTON,CR850N,Vehicle,HEAD ON BETWEEN TWO MOTOR VEHICLES,LEFT OF CENTER,Fatal,DARK (NOT LIGHTED),CLEAR,DRY,False,39.8864822387695,-86.5885772705078
903532774,2020,2020-01-28,Marion,Indianapolis,ILLINOIS ST & MICHIGAN ST,Vehicle,RIGHT ANGLE,DISREGARD SIGNAL/REG SIGN,SSI,DAYLIGHT,CLEAR,DRY,False,39.773983001709,-86.1599349975586
903447758,2019,2019-09-18,Marion,Speedway,LYNHURST DR & ROSNER ST,Pedestrian,OTHER - EXPLAIN IN NARRATIVE,FAILURE TO YIELD RIGHT OF WAY,SSI,DAYLIGHT,CLEAR,DRY,False,39.783821105957,-86.250617980957
903532900,2020,2020-01-29,Marion,Indianapolis,I465E,Vehicle,REAR END,FOLLOWING TOO CLOSELY,SSI,DAYLIGHT,CLEAR,DRY,False,39.923526763916,-86.1199264526367
903553455,2020,2020-03-02,Hamilton,,CONNECTICUT AVE & SOUTHEASTERN PKWY,Vehicle,RIGHT ANGLE,DISREGARD SIGNAL/REG SIGN,SSI,DARK (NOT LIGHTED),CLOUDY,WET,False,39.9486503601074,-85.8649063110352
903533160,2020,2020-01-29,Marion,Indianapolis,GUION RD & 47TH ST,Vehicle,REAR END,FOLLOWING TOO CLOSELY,SSI,DAYLIGHT,CLOUDY,DRY,False,39.8401374816895,-86.2307968139648
903448453,2019,2019-09-18,Hamilton,Carmel,W MAIN ST & BROAD ST,Pedalcycle,LEFT TURN,FAILURE TO YIELD RIGHT OF WAY,SSI,DAYLIGHT,CLEAR,DRY,False,39.9773712158203,-86.1972503662109
903553887,2020,2020-03-02,Hendricks,,CARTERSBURG RD,Vehicle,RAN OFF ROAD,RAN OFF ROAD RIGHT,SSI,DAYLIGHT,CLEAR,WET,False,39.7106246948242,-86.4811172485352
903509858,2019,2019-12-18,Hendricks,CLAYTON,SR39N,Vehicle,OTHER - EXPLAIN IN NARRATIVE,OTHER (DRIVER) - EXPLAIN IN NARRATIVE,SSI,DARK (NOT LIGHTED),SNOW,SNOW/SLUSH,False,39.7168006896973,-86.5233917236328
903533629,2020,2020-01-29,Marion,Indianapolis,ZIONSVILLE RD & 71ST ST,Vehicle,RIGHT ANGLE,IMPROPER LANE USAGE,SSI,DARK (LIGHTED),CLEAR,DRY,False,39.8814392089844,-86.2598876953125
903448710,2019,2019-09-19,Marion,Lawrence,GERMAN CHURCH RD,Vehicle,OTHER - EXPLAIN IN NARRATIVE,FAILURE TO YIELD RIGHT OF WAY,SSI,DAYLIGHT,CLEAR,DRY,False,39.8609886169434,-85.9743041992188
903553912,2020,2020-03-02,Marion,Indianapolis,EMERSON AVE & 30TH ST,Vehicle,LEFT TURN,FAILURE TO YIELD RIGHT OF WAY,SSI,DAYLIGHT,RAIN,WET,False,39.8096961975098,-86.0834884643555
903516650,2019,2019-12-18,Marion,Indianapolis,UNNAMED ALY & 10TH ST,Pedestrian,,PEDESTRIAN ACTION,Fatal,DARK (NOT LIGHTED),CLEAR,SNOW/SLUSH,False,39.7802619934082,-86.1103134155274
903536967,2020,2020-01-29,Marion,Indianapolis,SUNSET AVE & HAMPTON DR,Vehicle,NON-COLLISION,RAN OFF ROAD RIGHT,Fatal,DARK (LIGHTED),CLEAR,DRY,False,39.8367462158203,-86.1689834594727
903449155,2019,2019-09-19,Marion,Indianapolis,ROCKVILLE RD & MISSION DR,Vehicle,REAR END,FOLLOWING TOO CLOSELY,SSI,DAYLIGHT,CLEAR,DRY,False,39.7645835876465,-86.2729721069336
903553965,2020,2020-03-02,Hancock,,SR13N,Vehicle,RIGHT ANGLE,DISREGARD SIGNAL/REG SIGN,SSI,DAYLIGHT,RAIN,WET,False,39.8858642578125,-85.8224258422852
903533479,2020,2020-01-30,Hendricks,CLAYTON,SR39 & INNOVATION BLVD,Vehicle,HEAD ON BETWEEN TWO MOTOR VEHICLES,LEFT OF CENTER,SSI,DARK (NOT LIGHTED),CLEAR,DRY,False,39.6235771179199,-86.4799118041992
903453968,2019,2019-09-19,Marion,Indianapolis,MICHIGAN RD & CASTANIA WAY,Vehicle,HEAD ON BETWEEN TWO MOTOR VEHICLES,LEFT OF CENTER,Fatal,DARK (NOT LIGHTED),CLEAR,DRY,False,39.8410873413086,-86.1886596679688
903553809,2020,2020-03-03,Johnson,Franklin,WESTVIEW DR & LAKESIDE DR,Vehicle,REAR END,DRIVER DISTRACTED - EXPLAIN IN NARRATIVE,SSI,DAYLIGHT,CLEAR,DRY,False,39.4905586242676,-86.0753784179688
903533595,2020,2020-01-30,Marion,Indianapolis,EXECUTIVE DR & RAYMOND ST,Vehicle,RIGHT ANGLE,FAILURE TO YIELD RIGHT OF WAY,SSI,DAYLIGHT,CLOUDY,DRY,False,39.7357368469238,-86.2549896240234
903474493,2019,2019-09-19,Marion,Indianapolis,38TH ST & GALE ST,Pedestrian,OTHER - EXPLAIN IN NARRATIVE,PEDESTRIAN ACTION,SSI,DAYLIGHT,CLEAR,DRY,False,39.8253784179688,-86.1053314208984
903553913,2020,2020-03-03,Marion,Indianapolis,75TH ST & ROSSLYN AVE,Vehicle,RAN OFF ROAD,RAN OFF ROAD RIGHT,SSI,DAYLIGHT,CLEAR,WET,False,39.8917121887207,-86.1326217651367
903533605,2020,2020-01-30,Marion,Indianapolis,PARKDALE PL & SHORE DR,Vehicle,RIGHT ANGLE,FAILURE TO YIELD RIGHT OF WAY,SSI,DAYLIGHT,CLOUDY,DRY,False,39.8257446289062,-86.2795028686523
903449264,2019,2019-09-20,Hancock,,SR9,Vehicle,REAR END,FOLLOWING TOO CLOSELY,SSI,DAYLIGHT,CLEAR,DRY,False,39.8484687805176,-85.7699203491211
903540150,2020,2020-01-30,Marion,Indianapolis,E RAYMOND ST & SHELBY ST,Vehicle,LEFT TURN,FAILURE TO YIELD RIGHT OF WAY,SSI,DAYLIGHT,CLEAR,DRY,False,39.737247467041,-86.1394577026367
903557450,2020,2020-03-03,Hendricks,Plainfield,MAIN ST,Vehicle,RIGHT ANGLE,FAILURE TO YIELD RIGHT OF WAY,SSI,DAYLIGHT,CLEAR,DRY,False,39.7271614074707,-86.3510208129883
903451897,2019,2019-09-20,Marion,Indianapolis,82ND ST & DEAN RD,Pedestrian,NON-COLLISION,PEDESTRIAN ACTION,SSI,DARK (LIGHTED),CLEAR,DRY,False,39.90771484375,-86.0979766845703