id,year,date,county,city,cross_street,crash_type,manner,primary_factor,ssi_fatal,light,weather,surface,interstate,lat,lon
903545459,2020,2020-01-30,Marion,Indianapolis,GEORGETOWN RD & 52ND ST,Vehicle,LEFT TURN,FAILURE TO YIELD RIGHT OF WAY,SSI,DAYLIGHT,CLEAR,DRY,False,39.8456497192383,-86.2414855957031
903562982,2020,2020-03-04,Marion,Indianapolis,TROY AVE & ALLEN AVE,Vehicle,REAR END,UNSAFE LANE MOVEMENT,SSI,DAYLIGHT,CLEAR,DRY,False,39.7224006652832,-86.1440963745117
903452182,2019,2019-09-20,Hamilton,Noblesville,MONUMENT ST & CUMBERLAND RD,Pedestrian,OTHER - EXPLAIN IN NARRATIVE,PEDESTRIAN ACTION,SSI,DAYLIGHT,CLEAR,DRY,False,40.0511589050293,-85.9993515014648
903533630,2020,2020-01-31,Marion,Indianapolis,46TH ST & ALLSIONVILLE RD,Vehicle,RIGHT ANGLE,OTHER (DRIVER) - EXPLAIN IN NARRATIVE,SSI,DAWN/DUSK,CLOUDY,WET,False,39.8402290344238,-86.1173400878906
903555159,2020,2020-03-05,Boone,Zionsville,I865,Vehicle,REAR END,IMPROPER TURNING,SSI,DAYLIGHT,CLEAR,DRY,True,39.9307594299316,-86.2759552001953
903533909,2020,2020-01-31,Hamilton,,236 ST & DEMING RD,Vehicle,REAR END,UNSAFE LANE MOVEMENT,Fatal,DAYLIGHT,CLOUDY,DRY,False,40.1319618225098,-86.0995101928711
903561406,2020,2020-03-05,Marion,Indianapolis,THOMPSON RD & COUNTY LINE RD,Vehicle,OPPOSITE DIRECTION SIDESWIPE,LEFT OF CENTER,SSI,DAYLIGHT,CLOUDY,DRY,False,39.6969871520996,-85.9579849243164
903449850,2019,2019-09-21,Morgan,MARTINSVILLE,SR252W & SAND CREEK TRL,Vehicle,RAN OFF ROAD,RAN OFF ROAD RIGHT,SSI,DAYLIGHT,CLEAR,DRY,False,39.4133415222168,-86.3678970336914
903534405,2020,2020-02-01,Hamilton,Fishers,I69N,Vehicle,RAN OFF ROAD,OTHER (DRIVER) - EXPLAIN IN NARRATIVE,SSI,DAYLIGHT,CLOUDY,DRY,False,39.9688377380371,-85.9791641235352
903561407,2020,2020-03-05,Marion,Indianapolis,EAST ST & BANTA RD,Vehicle,REAR END,DRIVER DISTRACTED - EXPLAIN IN NARRATIVE,SSI,DARK (NOT LIGHTED),CLOUDY,DRY,False,39.6717987060547,-86.1492691040039
903450792,2019,2019-09-21,Marion,Indianapolis,RURAL ST & 38TH ST,Vehicle,LEFT TURN,UNSAFE SPEED,SSI,DAYLIGHT,CLEAR,DRY,False,39.8253402709961,-86.1167602539063
903534598,2020,2020-02-01,Shelby,SHELBYVILLE,I74W,Vehicle,REAR END,IMPROPER LANE USAGE,SSI,DARK (NOT LIGHTED),CLOUDY,DRY,False,39.5495376586914,-85.7727127075195
903555902,2020,2020-03-06,Johnson,Greenwood,SR135S & CLARY NORTH BLVD,Vehicle,REAR END,FOLLOWING TOO CLOSELY,SSI,DARK (NOT LIGHTED),CLEAR,DRY,False,39.5722427368164,-86.1588287353516
903450798,2019,2019-09-21,Marion,Indianapolis,MOORESVILLE RD & MENDENHALL RD,Vehicle,RAN OFF ROAD,UNSAFE SPEED,SSI,DAYLIGHT,CLEAR,DRY,False,39.6508178710938,-86.2829895019531
903556992,2020,2020-03-06,Johnson,Edinburgh,KYLE ST & COUNTYLINE RD,Vehicle,OTHER - EXPLAIN IN NARRATIVE,DISREGARD SIGNAL/REG SIGN,SSI,DAYLIGHT,CLEAR,DRY,False,39.3470954895019,-85.9628753662109
903452754,2019,2019-09-21,Marion,Indianapolis,I465E,Vehicle,SAME DIRECTION SIDESWIPE,UNSAFE LANE MOVEMENT,Fatal,DAYLIGHT,CLEAR,DRY,False,39.6986236572266,-86.1481857299805
903557605,2020,2020-03-06,Marion,Indianapolis,MADISON AVE & STOP 12 RD,Vehicle,REAR END,FOLLOWING TOO CLOSELY,SSI,DARK (NOT LIGHTED),CLOUDY,DRY,False,39.645076751709,-86.1202239990234
903556245,2020,2020-03-07,Johnson,Franklin,COMMERCE DR & GRAHAM RD,Vehicle,REAR END,DRIVER ILLNESS,SSI,DARK (NOT LIGHTED),CLEAR,DRY,False,39.5075531005859,-86.0607757568359
903454133,2019,2019-09-21,Marion,Indianapolis,I70W,Vehicle,REAR END,OTHER (DRIVER) - EXPLAIN IN NARRATIVE,Fatal,DAWN/DUSK,CLEAR,DRY,False,39.8028831481934,-85.9739532470703
903556600,2020,2020-03-07,Johnson,Greenwood,S EMERSON AVE & PUSHVILLE RD,Pedalcycle,COLLISION WITH OBJECT IN ROAD,OTHER (DRIVER) - EXPLAIN IN NARRATIVE,Fatal,DARK (NOT LIGHTED),CLEAR,DRY,False,39.576343536377,-86.082893371582
903556673,2020,2020-03-07,Morgan,MARTINSVILLE,SR39S & DOGWOOD HL,Vehicle,RAN OFF ROAD,RAN OFF ROAD RIGHT,SSI,DAYLIGHT,CLEAR,DRY,False,39.5462303161621,-86.4491195678711
903460728,2019,2019-09-21,Marion,Indianapolis,BINFORD BLVD & 65TH ST,Vehicle,RAN OFF ROAD,RAN OFF ROAD RIGHT,Fatal,DARK (NOT LIGHTED),CLEAR,DRY,False,39.876823425293,-86.0747756958008
903562990,2020,2020-03-07,Marion,Indianapolis,EAST ST & EPLER AVE,Pedestrian,OTHER - EXPLAIN IN NARRATIVE,PEDESTRIAN ACTION,Fatal,DARK (LIGHTED),CLEAR,DRY,False,39.6867942810058,-86.1487350463867
903475999,2019,2019-09-21,Marion,Indianapolis,MADISON AVE & SOUTHERN AVE,Vehicle,NON-COLLISION,RAN OFF ROAD RIGHT,Fatal,DARK (LIGHTED),CLOUDY,WET,False,39.7310104370117,-86.1540145874023
903449960,2019,2019-09-22,Hendricks,CLAYTON,SR39 & HENDRICKS COUNTY RD,Vehicle,RIGHT ANGLE,DISREGARD SIGNAL/REG SIGN,SSI,DAYLIGHT,CLEAR,DRY,False,39.6007804870605,-86.4796295166016
903572259,2020,2020-03-07,Marion,Lawrence,US36E & MCCOY ST,Vehicle,RIGHT ANGLE,UNSAFE SPEED,Fatal,DARK (NOT LIGHTED),CLEAR,DRY,False,39.837474822998,-86.0249786376953
903562992,2020,2020-03-08,Marion,Indianapolis,42ND ST & DOWNES DR,Vehicle,RAN OFF ROAD,RAN OFF ROAD RIGHT,SSI,DARK (NOT LIGHTED),CLEAR,DRY,False,39.8336677551269,-85.9943466186524
903452618,2019,2019-09-22,Hamilton,Carmel,I465E,Vehicle,OTHER - EXPLAIN IN NARRATIVE,UNSAFE LANE MOVEMENT,SSI,DARK (LIGHTED),CLEAR,DRY,False,39.930233001709,-86.1545333862305
903562994,2020,2020-03-08,Marion,Indianapolis,WASHINGTON ST & HOLT RD,Vehicle,RAN OFF ROAD,OVERCORRECTING/OVERSTEERING,SSI,DAYLIGHT,CLEAR,DRY,False,39.7603378295898,-86.2246704101563
903456904,2019,2019-09-22,Marion,Indianapolis,LAFAYETTE RD & UNNAMED RD,Vehicle,RAN OFF ROAD,RAN OFF ROAD RIGHT,SSI,DARK (LIGHTED),CLEAR,DRY,False,39.8378601074219,-86.2480621337891
903563000,2020,2020-03-08,Marion,Indianapolis,HIGH SCHOOL RD & COMMONS DR,Pedestrian,OTHER - EXPLAIN IN NARRATIVE,IMPROPER PASSING,Fatal,DARK (LIGHTED),CLEAR,DRY,False,39.8315620422363,-86.2704620361328
903450573,2019,2019-09-23,Shelby,SHELBYVILLE,SR9N,Vehicle,HEAD ON BETWEEN TWO MOTOR VEHICLES,LEFT OF CENTER,Fatal,DARK (NOT LIGHTED),RAIN,WET,False,39.6501045227051,-85.7724990844727
903558127,2020,2020-03-10,Marion,Indianapolis,THOMPSON RD & WANNAMAKER RD,Vehicle,RAN OFF ROAD,DRIVER ILLNESS,SSI,DAYLIGHT,CLOUDY,DRY,False,39.695930480957,-86.0204772949219
903731152,2020,2020-03-10,Marion,Indianapolis,RAYMOND ST & HARDING ST,Pedalcycle,OTHER - EXPLAIN IN NARRATIVE,DISREGARD SIGNAL/REG SIGN,Fatal,DARK (LIGHTED),RAIN,WET,False,39.7364654541016,-86.1871871948242
903451059,2019,2019-09-23,Marion,Indianapolis,I465W,Vehicle,REAR END,FOLLOWING TOO CLOSELY,SSI,DAYLIGHT,CLEAR,DRY,False,39.9258079528809,-86.2515411376953
903558426,2020,2020-03-11,Johnson,Franklin,COMMERCE DR  & GRAHAM,Vehicle,REAR END,DRIVER DISTRACTED - EXPLAIN IN NARRATIVE,SSI,DAWN/DUSK,CLEAR,WET,False,39.5069999694824,-86.0553665161133
903451424,2019,2019-09-23,Marion,Indianapolis,MICHIGAN ST & HOLMES AVE,Vehicle,RIGHT ANGLE,FAILURE TO YIELD RIGHT OF WAY,SSI,DAYLIGHT,CLEAR,DRY,False,39.774600982666,-86.205192565918
903562055,2020,2020-03-11,Marion,Indianapolis,TACOMA AVE & BROOKWAY ST,Pedestrian,RAN OFF ROAD,PEDESTRIAN ACTION,SSI,DAYLIGHT,CLEAR,DRY,False,39.7906494140625,-86.1200866699219
903451437,2019,2019-09-23,Marion,Indianapolis,KENTUCKY AVE & HIGH SCHOOL RD,Vehicle,RIGHT ANGLE,FAILURE TO YIELD RIGHT OF WAY,SSI,DAYLIGHT,CLEAR,DRY,False,39.6941604614258,-86.2694549560547
903559674,2020,2020-03-12,Shelby,SHELBYVILLE,OLD RUSHVILLE RD & GERMAN RD,Vehicle,RAN OFF ROAD,RAN OFF ROAD RIGHT,SSI,DARK (NOT LIGHTED),CLEAR,DRY,False,39.5363998413086,-85.7443466186523
903559845,2020,2020-03-12,Hendricks,Avon,CR100N & RONALD REAGAN PKWY,Vehicle,RIGHT ANGLE,FAILURE TO YIELD RIGHT OF WAY,SSI,DAYLIGHT,CLOUDY,DRY,False,39.778377532959,-86.3434982299805
903560883,2020,2020-03-12,Shelby,ST. PAUL(SHELBY),I74E,Vehicle,RAN OFF ROAD,RAN OFF ROAD RIGHT,SSI,DAYLIGHT,CLOUDY,DRY,False,39.4579238891601,-85.6404037475586
903562340,2020,2020-03-12,Hamilton,Fishers,I-69  & BLUE SPRINGS LN,Vehicle,REAR END,UNSAFE LANE MOVEMENT,SSI,DAYLIGHT,CLEAR,DRY,True,39.9687995910644,-85.9799423217773
903559660,2020,2020-03-13,Hendricks,Brownsburg,E MAIN ST,Pedestrian,BACKING CRASH,UNSAFE BACKING,SSI,DAYLIGHT,CLEAR,DRY,False,39.8378067016602,-86.381721496582
903559910,2020,2020-03-13,Johnson,Greenwood,MAIN ST & COMMERCE PKWY W DR,Vehicle,REAR END,DRIVER DISTRACTED - EXPLAIN IN NARRATIVE,SSI,DARK (LIGHTED),CLEAR,DRY,False,39.6146049499512,-86.0693893432617
903560808,2020,2020-03-13,Marion,Indianapolis,FALL CREEK RD & MUD CREEK RD,Vehicle,LEFT/RIGHT TURN,FAILURE TO YIELD RIGHT OF WAY,SSI,DAYLIGHT,CLEAR,DRY,False,39.9054412841797,-85.9918899536133
903560826,2020,2020-03-13,Marion,Indianapolis,ARLINGTON AVE & 16TH ST,Pedestrian,OTHER - EXPLAIN IN NARRATIVE,PEDESTRIAN ACTION,SSI,DARK (LIGHTED),CLEAR,DRY,False,39.7889518737793,-86.0643081665039
903561214,2020,2020-03-13,Marion,Indianapolis,WASHINGTON ST & DEVON AVE,Vehicle,RIGHT ANGLE,FAILURE TO YIELD RIGHT OF WAY,SSI,DAYLIGHT,CLEAR,DRY,False,39.7734146118164,-86.0212783813477
903560212,2020,2020-03-14,Shelby,SHELBYVILLE,I74E,Vehicle,RAN OFF ROAD,RAN OFF ROAD RIGHT,Fatal,DAYLIGHT,SLEET/HAIL/FREEZING RAIN,SNOW/SLUSH,False,39.5383605957031,-85.7534713745117
903560419,2020,2020-03-14,Hancock,,CR600S,Vehicle,HEAD ON BETWEEN TWO MOTOR VEHICLES,LEFT OF CENTER,SSI,DARK (NOT LIGHTED),SNOW,WET,False,39.6973457336426,-85.9418106079102
903561797,2020,2020-03-15,Marion,Indianapolis,I-65  & N MISSOURI ST,Vehicle,RAN OFF ROAD,UNSAFE LANE MOVEMENT,SSI,DARK (LIGHTED),CLEAR,DRY,True,39.7853088378906,-86.1663970947265
903678689,2020,2020-10-22,Hamilton,Noblesville,SR32 & WILLOWVIEW RD,Vehicle,HEAD ON BETWEEN TWO MOTOR VEHICLES,OTHER (DRIVER) - EXPLAIN IN NARRATIVE,Fatal,DAYLIGHT,CLEAR,DRY,False,40.0433921813965,-86.0509338378906
903679420,2020,2020-10-22,Marion,Indianapolis,Directors Row,Vehicle,RAN OFF ROAD,OVERCORRECTING/OVERSTEERING,SSI,DARK (LIGHTED),CLEAR,DRY,False,39.7359390258789,-86.2643966674805
903613802,2020,2020-07-10,Johnson,,DIVISION RD,Vehicle,RAN OFF ROAD,RAN OFF ROAD RIGHT,SSI,DAYLIGHT,CLEAR,DRY,False,39.4770851135254,-86.1162414550781
903586094,2020,2020-05-13,Marion,Indianapolis,SHADELAND AVE & 30TH ST,Vehicle,OTHER - EXPLAIN IN NARRATIVE,OVERCORRECTING/OVERSTEERING,SSI,DAYLIGHT,CLEAR,DRY,False,39.811149597168,-86.0455703735352
903681819,2020,2020-10-22,Marion,Indianapolis,MANN RD & EPLER AVE,Vehicle,NON-COLLISION,RAN OFF ROAD RIGHT,SSI,DARK (NOT LIGHTED),FOG/SMOKE/SMOG,DRY,False,39.6880912780762,-86.2439346313477
903682350,2020,2020-10-22,Hamilton,Fishers,I-69,Vehicle,RAN OFF ROAD,UNSAFE SPEED,Fatal,DAYLIGHT,CLEAR,DRY,True,39.9644622802734,-86.0022125244141
903704585,2020,2020-10-22,Marion,Indianapolis,HARCOURT RD & HARCOURT RD,Pedestrian,OTHER - EXPLAIN IN NARRATIVE,PEDESTRIAN ACTION,SSI,DARK (NOT LIGHTED),FOG/SMOKE/SMOG,DRY,False,39.8993797302246,-86.1935195922852
903613862,2020,2020-07-10,Morgan,Brooklyn,E CENTENARY RD,Vehicle,OTHER - EXPLAIN IN NARRATIVE,OTHER (DRIVER) - EXPLAIN IN NARRATIVE,SSI,DAYLIGHT,CLEAR,DRY,False,39.5403594970703,-86.3642807006836
903646573,2020,2020-08-30,Johnson,New Whiteland,TRACY RD & PRINCETON DR,Vehicle,OTHER - EXPLAIN IN NARRATIVE,OTHER (DRIVER) - EXPLAIN IN NARRATIVE,SSI,DAYLIGHT,CLOUDY,DRY,False,39.5643768310547,-86.0996704101563
903598113,2020,2020-06-11,Marion,Indianapolis,30TH ST & MASSACHUSETTS AVE,Vehicle,NON-COLLISION,RAN OFF ROAD RIGHT,SSI,DARK (LIGHTED),CLEAR,DRY,False,39.8109474182129,-86.0803833007813
903579740,2020,2020-05-14,Hamilton,Fishers,I69N,Vehicle,RAN OFF ROAD,DRIVER ILLNESS,SSI,DARK (NOT LIGHTED),CLEAR,DRY,False,39.9677886962891,-85.9886016845703
903646805,2020,2020-08-30,Shelby,SHELBYVILLE,SR44E & HAMILTON ST,Vehicle,HEAD ON BETWEEN TWO MOTOR VEHICLES,FAILURE TO YIELD RIGHT OF WAY,SSI,DAYLIGHT,CLEAR,DRY,False,39.5229225158691,-85.7696914672851
903595279,2020,2020-06-12,Marion,Indianapolis,HEINEY RD & HANNA AVE,Vehicle,RAN OFF ROAD,RAN OFF ROAD RIGHT,SSI,DARK (LIGHTED),CLEAR,DRY,False,39.7060470581055,-86.2585906982422
903677107,2020,2020-10-23,Marion,Indianapolis,71ST ST & WESTLANE RD,Vehicle,RIGHT ANGLE,FAILURE TO YIELD RIGHT OF WAY,SSI,DAYLIGHT,CLEAR,DRY,False,39.8849105834961,-86.2091369628906
903621295,2020,2020-07-10,Marion,Lawrence,E 48th St  & Elmhurst Dr,Vehicle,SAME DIRECTION SIDESWIPE,UNSAFE LANE MOVEMENT,SSI,DARK (LIGHTED),CLEAR,DRY,False,39.8434906005859,-86.0424041748047
903600934,2020,2020-06-12,Hamilton,Noblesville,SR32 & CUMBERLAND RD,Vehicle,SAME DIRECTION SIDESWIPE,OTHER (DRIVER) - EXPLAIN IN NARRATIVE,SSI,DAYLIGHT,CLEAR,DRY,False,40.0456008911133,-85.997200012207
903678805,2020,2020-10-23,Boone,Lebanon,I65N,Vehicle,SAME DIRECTION SIDESWIPE,UNSAFE LANE MOVEMENT,SSI,DAYLIGHT,RAIN,WET,False,40.058048248291,-86.4936676025391
903580260,2020,2020-05-14,Marion,Indianapolis,BROOKVILLE RD & ARLINGTON AVE,Vehicle,OTHER - EXPLAIN IN NARRATIVE,SPEED TOO FAST FOR WEATHER CONDITIONS,SSI,DAYLIGHT,CLOUDY,WET,False,39.7579116821289,-86.0639877319336
903647686,2020,2020-08-30,Morgan,MONROVIA,SR39N & KELLER HILL RD,Vehicle,OTHER - EXPLAIN IN NARRATIVE,DISREGARD SIGNAL/REG SIGN,SSI,DARK (NOT LIGHTED),CLEAR,DRY,False,39.6008491516113,-86.4797439575195
903629557,2020,2020-07-11,Marion,Indianapolis,SHERMAN DR & MASSACHUSETTS AVE,Vehicle,RIGHT ANGLE,DISREGARD SIGNAL/REG SIGN,SSI,DAYLIGHT,CLEAR,DRY,False,39.8010711669922,-86.1024169921875
903595179,2020,2020-06-13,Marion,Indianapolis,71ST ST & BINFORD BLVD,Vehicle,REAR END,FOLLOWING TOO CLOSELY,SSI,DARK (LIGHTED),CLEAR,DRY,False,39.8833885192871,-86.067253112793
903677302,2020,2020-10-24,Marion,Indianapolis,COUNTY LINE RD & MADISON AVE,Pedalcycle,RIGHT ANGLE,FAILURE TO YIELD RIGHT OF WAY,SSI,DARK (NOT LIGHTED),CLEAR,DRY,False,39.6357879638672,-86.1131820678711
903700724,2020,2020-11-21,Marion,Indianapolis,I-70  & Columbia Ave,Vehicle,RIGHT ANGLE,SPEED TOO FAST FOR WEATHER CONDITIONS,SSI,DARK (LIGHTED),RAIN,WET,True,39.7859382629394,-86.1366653442383
903583100,2020,2020-05-14,Marion,Indianapolis,I- 465  & EMPIRE DR,Vehicle,REAR END,UNSAFE SPEED,SSI,DARK (NOT LIGHTED),CLEAR,DRY,True,39.8030548095703,-86.0322723388672
903657905,2020,2020-08-30,Marion,Indianapolis,POST RD & 25TH ST,Vehicle,LEFT TURN,FAILURE TO YIELD RIGHT OF WAY,SSI,DAYLIGHT,CLEAR,DRY,False,39.8040161132813,-86.009521484375
903615558,2020,2020-07-12,Marion,Indianapolis,MASSACHUSETTS AVE,Vehicle,RAN OFF ROAD,ROADWAY SURFACE CONDITION,SSI,DARK (LIGHTED),RAIN,WET,False,39.8082542419434,-86.0889282226563
903595003,2020,2020-06-14,Hendricks,Plainfield,CR100S & FLYING SUN DR,Vehicle,HEAD ON BETWEEN TWO MOTOR VEHICLES,LEFT OF CENTER,SSI,DARK (NOT LIGHTED),CLEAR,DRY,False,39.7489738464355,-86.3468017578125
903677308,2020,2020-10-24,Marion,Indianapolis,SHADELAND AVE & 21ST ST,Pedestrian,OTHER - EXPLAIN IN NARRATIVE,PEDESTRIAN ACTION,SSI,DARK (LIGHTED),CLEAR,DRY,False,39.7966041564941,-86.0454330444336
903694390,2020,2020-11-22,Hamilton,Westfield,SR32E & GRASSY BRANCH RD,Vehicle,REAR END,UNSAFE SPEED,SSI,DARK (LIGHTED),RAIN,WET,False,40.0428314208984,-86.1092987060547
903583103,2020,2020-05-14,Marion,Indianapolis,I- 465  & EMPIRE DR,Vehicle,SAME DIRECTION SIDESWIPE,UNSAFE SPEED,SSI,DAWN/DUSK,CLEAR,DRY,True,39.8030471801758,-86.0322875976563
903644944,2020,2020-08-31,Marion,Indianapolis,MILLS RD & OLD MILL DR,Vehicle,RAN OFF ROAD,RAN OFF ROAD RIGHT,SSI,DARK (LIGHTED),CLEAR,DRY,False,39.6699905395508,-86.2589645385742
903615578,2020,2020-07-12,Marion,Indianapolis,EMERSON AVE & E COUNTY LINE RD,Vehicle,LEFT TURN,DISREGARD SIGNAL/REG SIGN,SSI,DAYLIGHT,CLEAR,DRY,False,39.6364707946777,-86.0827407836914
903595229,2020,2020-06-14,Hamilton,Carmel,HAZEL DELL PKWY & 106TH ST,Vehicle,OTHER - EXPLAIN IN NARRATIVE,RAN OFF ROAD RIGHT,Fatal,DARK (NOT LIGHTED),CLEAR,DRY,False,39.9428253173828,-86.0739974975586
903683798,2020,2020-10-24,Shelby,SHELBYVILLE,250 EAST RD & 600 SOUTH RD,Vehicle,NON-COLLISION,UNSAFE SPEED,SSI,DAYLIGHT,CLOUDY,DRY,False,39.4385070800781,-85.7312393188477
903695298,2020,2020-11-23,Johnson,Greenwood,SR135N & W FAIRVIEW RD,Vehicle,HEAD ON BETWEEN TWO MOTOR VEHICLES,FAILURE TO YIELD RIGHT OF WAY,SSI,DARK (LIGHTED),CLEAR,DRY,False,39.6216278076172,-86.1584320068359
903563365,2020,2020-03-15,Marion,Indianapolis,I-70  & E 25TH ST,Vehicle,OTHER - EXPLAIN IN NARRATIVE,OTHER (DRIVER) - EXPLAIN IN NARRATIVE,Fatal,DARK (LIGHTED),CLEAR,DRY,True,39.8025588989258,-86.0779724121094
903632150,2020,2020-08-07,Boone,THORNTOWN,SR47W,Vehicle,RAN OFF ROAD,ANIMAL/OBJECT IN ROADWAY,SSI,DAWN/DUSK,CLEAR,DRY,False,40.1379432678223,-86.699203491211
903632395,2020,2020-08-07,Hendricks,Plainfield,S 925 E RD & E 800 S RD,Vehicle,RAN OFF ROAD,RAN OFF ROAD RIGHT,SSI,DARK (NOT LIGHTED),CLEAR,DRY,False,39.6462631225586,-86.3501892089844
903561334,2020,2020-03-16,Marion,Indianapolis,KESSLER BLVD & CENTRAL AVE,Vehicle,HEAD ON BETWEEN TWO MOTOR VEHICLES,DISREGARD SIGNAL/REG SIGN,SSI,DARK (LIGHTED),CLOUDY,DRY,False,39.8621673583984,-86.1502532958984
903645587,2020,2020-08-31,Marion,Indianapolis,MASSACHUSETTS AVE & KITLEY AVE,Vehicle,RIGHT ANGLE,OTHER (DRIVER) - EXPLAIN IN NARRATIVE,SSI,DAYLIGHT,CLOUDY,DRY,False,39.8221855163574,-86.0565490722656
903580525,2020,2020-05-15,Hendricks,Plainfield,US40 & MECKLENBURG DR,Vehicle,RIGHT ANGLE,FAILURE TO YIELD RIGHT OF WAY,SSI,DAYLIGHT,CLOUDY,DRY,False,39.6933860778809,-86.4304122924805
903632933,2020,2020-08-07,Hamilton,,CAMMACK RD & 216 ST,Vehicle,RAN OFF ROAD,RAN OFF ROAD RIGHT,Fatal,DAWN/DUSK,CLEAR,DRY,False,40.1029243469238,-86.0758743286133
903618451,2020,2020-07-12,Marion,Indianapolis,SPRING MILL RD & 64TH ST,Vehicle,RAN OFF ROAD,DISREGARD SIGNAL/REG SIGN,SSI,DARK (LIGHTED),CLEAR,DRY,False,39.8720283508301,-86.1650085449219
903604248,2020,2020-06-14,Marion,Indianapolis,38TH ST & GUION RD,Vehicle,RIGHT TURN,IMPROPER LANE USAGE,Fatal,DAYLIGHT,CLEAR,DRY,False,39.8235015869141,-86.2211608886719
903734558,2020,2020-10-24,Marion,Indianapolis,79TH ST & MELBOURNE RD,Vehicle,HEAD ON BETWEEN TWO MOTOR VEHICLES,LEFT OF CENTER,SSI,DARK (NOT LIGHTED),CLOUDY,WET,False,39.8970680236816,-86.2204437255859
903695605,2020,2020-11-23,Marion,Indianapolis,WASHINGTON ST & BELMONT AVE,Pedestrian,RIGHT ANGLE,PEDESTRIAN ACTION,SSI,DARK (LIGHTED),RAIN,WET,False,39.7662467956543,-86.1968765258789
903580965,2020,2020-05-15,Morgan,MARTINSVILLE,SR37N & WHITELAND RD,Vehicle,OTHER - EXPLAIN IN NARRATIVE,FAILURE TO YIELD RIGHT OF WAY,SSI,DAWN/DUSK,CLEAR,DRY,False,39.5461082458496,-86.264289855957
903618453,2020,2020-07-12,Marion,Indianapolis,STONYBROOK DR,Vehicle,OTHER - EXPLAIN IN NARRATIVE,OTHER (DRIVER) - EXPLAIN IN NARRATIVE,SSI,DARK (LIGHTED),CLEAR,DRY,False,39.7839698791504,-85.9883117675781
903677110,2020,2020-10-25,Hamilton,Carmel,CHERRY CREEK BLVD & WILDCAT DR,Vehicle,OTHER - EXPLAIN IN NARRATIVE,DRIVER DISTRACTED - EXPLAIN IN NARRATIVE,SSI,DARK (NOT LIGHTED),CLEAR,DRY,False,39.9927139282227,-86.0679092407227
903645684,2020,2020-09-01,Hamilton,Arcadia,SR19 & 256 ST,Vehicle,HEAD ON BETWEEN TWO MOTOR VEHICLES,LEFT OF CENTER,SSI,DAYLIGHT,FOG/SMOKE/SMOG,DRY,False,40.1547622680664,-86.0131759643555
903696344,2020,2020-11-23,Hendricks,Plainfield,US40 & VESTAL RD,Vehicle,RIGHT ANGLE,DISREGARD SIGNAL/REG SIGN,SSI,DAYLIGHT,CLEAR,DRY,False,39.700065612793,-86.4111099243164
903612460,2020,2020-06-14,Marion,Indianapolis,MOLLER RD & 62ND ST,Vehicle,RIGHT ANGLE,UNSAFE LANE MOVEMENT,Fatal,DARK (NOT LIGHTED),CLEAR,DRY,False,39.8649787902832,-86.2546615600586
903582142,2020,2020-05-15,Hancock,FORTVILLE,CR300W,Vehicle,RAN OFF ROAD,RAN OFF ROAD RIGHT,Fatal,DAYLIGHT,CLOUDY,DRY,False,39.9013404846191,-85.8621978759766
903619201,2020,2020-07-12,Marion,Indianapolis,SOUTHPORT RD & KILDEER DR,Vehicle,RIGHT ANGLE,FAILURE TO YIELD RIGHT OF WAY,SSI,DARK (LIGHTED),CLEAR,WET,False,39.6656303405762,-86.0950088500977
903677317,2020,2020-10-25,Marion,Indianapolis,10TH ST & BEACHWAY DR,Vehicle,REAR END,FOLLOWING TOO CLOSELY,SSI,DARK (LIGHTED),CLEAR,DRY,False,39.779727935791,-86.2656784057617
903646134,2020,2020-09-02,Johnson,Bargersville,SR144E & SMOKEY ROW RD,Vehicle,REAR END,OTHER (DRIVER) - EXPLAIN IN NARRATIVE,SSI,DAYLIGHT,CLOUDY,DRY,False,39.5580787658691,-86.2217178344727
903695533,2020,2020-11-24,Johnson,Franklin,CIRCLE DR,Vehicle,OTHER - EXPLAIN IN NARRATIVE,SPEED TOO FAST FOR WEATHER CONDITIONS,SSI,DAYLIGHT,RAIN,WET,False,39.4999885559082,-86.0605087280273
903596212,2020,2020-06-16,Shelby,SHELBYVILLE,E JACKSON ST & S PIKE ST,Vehicle,RIGHT ANGLE,FAILURE TO YIELD RIGHT OF WAY,SSI,DAYLIGHT,CLEAR,DRY,False,39.523681640625,-85.7746887207031
903588402,2020,2020-05-15,Marion,Indianapolis,I- 465  & FOX HARBOUR SOUTH DR,Vehicle,REAR END,UNSAFE LANE MOVEMENT,Fatal,DAWN/DUSK,CLOUDY,DRY,True,39.7020225524902,-86.1163787841797
903633644,2020,2020-08-07,Marion,Indianapolis,EMERSON AVE & GLENMAR LN,Vehicle,OPPOSITE DIRECTION SIDESWIPE,UNSAFE LANE MOVEMENT,SSI,DARK (LIGHTED),CLEAR,DRY,False,39.8375358581543,-86.0837783813476
903621805,2020,2020-07-12,Marion,Indianapolis,38TH ST & BUTLER AVE,Pedestrian,RIGHT ANGLE,UNSAFE SPEED,Fatal,DAYLIGHT,CLEAR,DRY,False,39.8254890441894,-86.0806503295899
903568618,2020,2020-03-17,Marion,Indianapolis,I-465  & W 73RD ST,Vehicle,RAN OFF ROAD,UNSAFE LANE MOVEMENT,SSI,DARK (LIGHTED),CLEAR,DRY,True,39.8843879699707,-86.2681198120117
903678709,2020,2020-10-25,Marion,Indianapolis,MASSACHUSETTS AVE & KITLEY AVE,Vehicle,RIGHT ANGLE,LEFT OF CENTER,Fatal,DARK (LIGHTED),CLOUDY,DRY,False,39.822639465332,-86.0556335449219