id,year,date,county,city,cross_street,crash_type,manner,primary_factor,ssi_fatal,light,weather,surface,interstate,lat,lon
903647736,2020,2020-09-02,Marion,Indianapolis,I- 465  & Roselawn Ln,Vehicle,REAR END,FOLLOWING TOO CLOSELY,SSI,DARK (LIGHTED),CLEAR,WET,True,39.7002563476562,-86.2597198486328
903696168,2020,2020-11-24,Marion,Indianapolis,POST RD & IVANHOE ST,Vehicle,HEAD ON BETWEEN TWO MOTOR VEHICLES,LEFT OF CENTER,SSI,DARK (NOT LIGHTED),RAIN,WET,False,39.7671661376953,-86.0089263916016
903642486,2020,2020-05-15,Marion,Indianapolis,I-65  & Ethel St,Vehicle,RAN OFF ROAD,UNSAFE LANE MOVEMENT,SSI,DAYLIGHT,CLEAR,DRY,True,39.8110504150391,-86.1681365966797
903599070,2020,2020-06-16,Shelby,Edinburgh,I-65,Vehicle,REAR END,FOLLOWING TOO CLOSELY,Fatal,DAWN/DUSK,CLEAR,DRY,True,39.3929214477539,-85.9431533813477
903705345,2020,2020-10-25,Marion,Indianapolis,KEYSTONE AVE & 37TH ST,Pedestrian,OTHER - EXPLAIN IN NARRATIVE,PEDESTRIAN ACTION,Fatal,DARK (NOT LIGHTED),CLEAR,DRY,False,39.8224868774414,-86.1216735839844
903648766,2020,2020-09-02,Marion,Indianapolis,42ND SHL & SHADY OAK DR,Vehicle,RIGHT ANGLE,FAILURE TO YIELD RIGHT OF WAY,SSI,DARK (LIGHTED),CLEAR,DRY,False,39.8335342407227,-85.9883804321289
903697444,2020,2020-11-24,Hancock,,W STINEMEYER RD RD,Vehicle,RAN OFF ROAD,RAN OFF ROAD RIGHT,SSI,DAYLIGHT,CLOUDY,WET,False,39.7156257629394,-85.9414672851563
903621846,2020,2020-07-12,Hamilton,Noblesville,10TH ST & PLEASANT ST,Pedestrian,OTHER - EXPLAIN IN NARRATIVE,OTHER (DRIVER) - EXPLAIN IN NARRATIVE,SSI,DARK (LIGHTED),CLEAR,DRY,False,40.0397491455078,-86.0121688842773
903562067,2020,2020-03-18,Morgan,MARTINSVILLE,HENDERSON FORD RD & CENTERTON RD,Vehicle,OTHER - EXPLAIN IN NARRATIVE,RAN OFF ROAD RIGHT,SSI,DAYLIGHT,CLOUDY,WET,False,39.5034790039063,-86.3550415039063
903634117,2020,2020-08-07,Marion,Indianapolis,21ST ST & SKILES N ST,Pedalcycle,COLLISION WITH OBJECT IN ROAD,PEDESTRIAN ACTION,SSI,DAYLIGHT,CLEAR,DRY,False,39.7934684753418,-86.3171768188477
903699533,2020,2020-11-24,Marion,Indianapolis,10TH ST & PLEASANT RUN PKWY S SR,Pedestrian,OTHER - EXPLAIN IN NARRATIVE,PEDESTRIAN ACTION,Fatal,DARK (NOT LIGHTED),CLOUDY,DRY,False,39.7816734313965,-86.0530395507813
903617024,2020,2020-07-14,Boone,Zionsville,OAK ST & 800 EAST RD,Vehicle,REAR END,FOLLOWING TOO CLOSELY,SSI,DAYLIGHT,CLEAR,DRY,False,39.9497184753418,-86.312973022461
903597483,2020,2020-06-17,Marion,Indianapolis,SOUTHERN AVE & PENNSYLVANIA ST,Pedalcycle,RIGHT TURN,IMPROPER LANE USAGE,SSI,DAYLIGHT,CLEAR,DRY,False,39.7297515869141,-86.1564331054688
903581443,2020,2020-05-16,Marion,Indianapolis,SHELBY ST & SOUTHERN AVE,Vehicle,SAME DIRECTION SIDESWIPE,IMPROPER LANE USAGE,SSI,DAYLIGHT,CLOUDY,DRY,False,39.7302398681641,-86.1392822265625
903677666,2020,2020-10-26,Hendricks,Plainfield,PERRY RD & REEVES RD,Vehicle,REAR END,SPEED TOO FAST FOR WEATHER CONDITIONS,SSI,DARK (LIGHTED),RAIN,WET,False,39.6822319030762,-86.3557739257812
903654692,2020,2020-09-02,Marion,Indianapolis,ST CLAIR ST & DORMAN ST,Vehicle,RAN OFF ROAD,OVERCORRECTING/OVERSTEERING,Fatal,DAYLIGHT,CLEAR,DRY,False,39.7775650024414,-86.1401672363281
903696062,2020,2020-11-25,Hendricks,LIZTON,SR39,Vehicle,RAN OFF ROAD,RAN OFF ROAD RIGHT,SSI,DARK (NOT LIGHTED),CLEAR,DRY,False,39.9198379516601,-86.5343475341797
903599095,2020,2020-06-17,Hancock,,I-70,Vehicle,REAR END,FOLLOWING TOO CLOSELY,SSI,DAYLIGHT,CLEAR,DRY,True,39.8194389343262,-85.892463684082
903637223,2020,2020-08-07,Marion,Indianapolis,HARDING ST & MORRIS ST,Vehicle,RIGHT ANGLE,FAILURE TO YIELD RIGHT OF WAY,SSI,DARK (NOT LIGHTED),CLEAR,DRY,False,39.7512741088867,-86.1874847412109
903617606,2020,2020-07-14,Shelby,SHELBYVILLE,CR900N,Vehicle,RAN OFF ROAD,RAN OFF ROAD RIGHT,SSI,DAYLIGHT,CLEAR,DRY,False,39.6543922424316,-85.8412780761719
903602278,2020,2020-06-17,Marion,Indianapolis,GUION RD & GUION LAKES BLVD,Vehicle,RAN OFF ROAD,OVERCORRECTING/OVERSTEERING,SSI,DAYLIGHT,CLEAR,DRY,False,39.8585433959961,-86.2315826416016
903696203,2020,2020-11-25,Marion,Indianapolis,E STOP 11 RD & SHELBY ST,Vehicle,HEAD ON BETWEEN TWO MOTOR VEHICLES,LEFT OF CENTER,SSI,DARK (NOT LIGHTED),CLEAR,DRY,False,39.6498985290527,-86.1393814086914
903581454,2020,2020-05-16,Marion,Indianapolis,THOMPSON RD & SANDHURST DR,Vehicle,RAN OFF ROAD,IMPROPER TURNING,SSI,DARK (NOT LIGHTED),CLEAR,DRY,False,39.6917991638184,-86.2187194824219
903678559,2020,2020-10-27,Marion,Indianapolis,MICHIGAN RD & WESTLAND RD,Vehicle,RIGHT ANGLE,FAILURE TO YIELD RIGHT OF WAY,SSI,DAYLIGHT,RAIN,WET,False,39.8849411010742,-86.2094955444336
903654722,2020,2020-09-02,Marion,Indianapolis,16TH ST & PERSHING AVE,Vehicle,LEFT TURN,DISREGARD SIGNAL/REG SIGN,SSI,DAYLIGHT,CLEAR,DRY,False,39.7879829406738,-86.1995391845703
903562796,2020,2020-03-19,Marion,Indianapolis,21ST ST & N POST RD,Vehicle,RAN OFF ROAD,IMPROPER LANE USAGE,SSI,DARK (LIGHTED),RAIN,WET,False,39.7967185974121,-86.0093612670898
903586095,2020,2020-05-16,Marion,Indianapolis,KENTUCKY AVE & 4TH AVE,Vehicle,LEFT TURN,FAILURE TO YIELD RIGHT OF WAY,SSI,DAYLIGHT,CLEAR,DRY,False,39.7207832336426,-86.2239456176758
903678730,2020,2020-10-27,Hancock,,CR500N & FORTVILLE PIKE,Vehicle,RAN OFF ROAD,RAN OFF ROAD RIGHT,SSI,DAYLIGHT,CLEAR,DRY,False,39.8572006225586,-85.8169021606445
903617617,2020,2020-07-14,Morgan,MARTINSVILLE,ROBB HILL RD & RED DAY RD,Vehicle,RAN OFF ROAD,STEERING FAILURE,SSI,DAYLIGHT,CLEAR,DRY,False,39.5142555236816,-86.4205627441406
903656938,2020,2020-09-02,Marion,Indianapolis,30TH ST & CARNABY ST,Pedestrian,OTHER - EXPLAIN IN NARRATIVE,PEDESTRIAN ACTION,Fatal,DARK (NOT LIGHTED),CLEAR,WET,False,39.8113975524902,-86.0059585571289
903617989,2020,2020-06-17,Marion,Indianapolis,POST RD & RAYMOND ST,Pedestrian,OTHER - EXPLAIN IN NARRATIVE,PEDESTRIAN ACTION,Fatal,DARK (NOT LIGHTED),CLEAR,DRY,False,39.7332458496094,-86.0086517333985
903696206,2020,2020-11-25,Marion,Indianapolis,W 38TH ST & N ILLINOIS ST,Vehicle,RIGHT ANGLE,DISREGARD SIGNAL/REG SIGN,SSI,DARK (LIGHTED),RAIN,WET,False,39.8245277404785,-86.1590423583984
903562803,2020,2020-03-19,Marion,Indianapolis,I-65  & I65,Vehicle,RIGHT ANGLE,SPEED TOO FAST FOR WEATHER CONDITIONS,SSI,DAYLIGHT,RAIN,WET,True,39.8635177612305,-86.2741394042969
903639543,2020,2020-08-07,Marion,Indianapolis,I- 465,Vehicle,RAN OFF ROAD,UNSAFE LANE MOVEMENT,Fatal,DARK (LIGHTED),CLEAR,DRY,True,39.7318077087402,-86.2643737792969
903588867,2020,2020-05-16,Marion,Indianapolis,38TH ST & WASHINGTON BLVD,Vehicle,RIGHT ANGLE,DISREGARD SIGNAL/REG SIGN,Fatal,DAYLIGHT,CLEAR,DRY,False,39.8250579833984,-86.1521224975586
903618579,2020,2020-07-14,Marion,Indianapolis,21ST ST & POST RD,Vehicle,RIGHT ANGLE,DISREGARD SIGNAL/REG SIGN,Fatal,DAYLIGHT,CLEAR,DRY,False,39.7967071533203,-86.0094680786133
903646941,2020,2020-09-03,Hendricks,Brownsburg,RONALD REAGAN PKWY,Vehicle,LEFT TURN,DISREGARD SIGNAL/REG SIGN,SSI,DAYLIGHT,CLEAR,DRY,False,39.8426170349121,-86.3555679321289
903700054,2020,2020-11-25,Marion,Indianapolis,HARDING ST & SUNDAY DR,Vehicle,HEAD ON BETWEEN TWO MOTOR VEHICLES,LEFT OF CENTER,SSI,DAWN/DUSK,RAIN,WET,False,39.6843948364258,-86.1869812011719
903562865,2020,2020-03-19,Marion,Indianapolis,ARLINGTON AVE & VILLAGE PLAZA S DR,Pedestrian,NON-COLLISION,PEDESTRIAN ACTION,SSI,DARK (NOT LIGHTED),CLOUDY,WET,False,39.7856903076172,-86.0642318725586
903648923,2020,2020-09-03,Marion,Indianapolis,STOP 10 RD & CREEKBROOK DR,Vehicle,RAN OFF ROAD,DRIVER ILLNESS,SSI,DAWN/DUSK,CLOUDY,DRY,False,39.6575202941894,-86.1329727172852
903679885,2020,2020-10-27,Marion,Indianapolis,MITTHOEFFER RD & 38TH ST,Vehicle,HEAD ON BETWEEN TWO MOTOR VEHICLES,UNSAFE LANE MOVEMENT,SSI,DAYLIGHT,RAIN,WET,False,39.8251419067383,-85.9908294677734
903630408,2020,2020-07-14,Marion,Indianapolis,BROOKVILLE RD & WORCESTER AVE,Vehicle,LEFT TURN,FAILURE TO YIELD RIGHT OF WAY,SSI,DAYLIGHT,CLEAR,DRY,False,39.7629280090332,-86.0876159667969
903632553,2020,2020-08-08,Johnson,,NINEVEH RD,Vehicle,OTHER - EXPLAIN IN NARRATIVE,DRIVER DISTRACTED - EXPLAIN IN NARRATIVE,SSI,DAYLIGHT,CLEAR,DRY,False,39.386833190918,-86.0851974487305
903597498,2020,2020-06-18,Marion,Indianapolis,MASSACHUSETTS AVE & DEARBORN ST,Vehicle,RAN OFF ROAD,RAN OFF ROAD RIGHT,SSI,DARK (LIGHTED),CLEAR,DRY,False,39.7962875366211,-86.1117935180664
903582600,2020,2020-05-17,Morgan,Mooresville,SR67S & MERRIMAN RD,Vehicle,REAR END,FOLLOWING TOO CLOSELY,SSI,DAYLIGHT,CLOUDY,DRY,False,39.565544128418,-86.3781890869141
903563135,2020,2020-03-20,Hancock,,MOUNT COMFORT RD,Vehicle,HEAD ON BETWEEN TWO MOTOR VEHICLES,LEFT OF CENTER,SSI,DARK (NOT LIGHTED),CLOUDY,DRY,False,39.7832183837891,-85.9145355224609
903632661,2020,2020-08-08,Hendricks,CLAYTON,US40 & CARTERSBURG RD,Vehicle,REAR END,FOLLOWING TOO CLOSELY,SSI,DAYLIGHT,CLEAR,DRY,False,39.6863212585449,-86.4550094604492
903619207,2020,2020-07-15,Marion,Indianapolis,COUNTRY CLUB RD & SUNNINGDALE BLVD,Vehicle,RAN OFF ROAD,RAN OFF ROAD RIGHT,SSI,DAYLIGHT,CLOUDY,DRY,False,39.8011093139648,-86.308723449707
903702661,2020,2020-11-25,Marion,Indianapolis,25TH ST & HILLSIDE AVE,Pedestrian,RIGHT ANGLE,PEDESTRIAN ACTION,SSI,DARK (NOT LIGHTED),RAIN,,False,39.8033866882324,-86.12451171875
903597588,2020,2020-06-18,Johnson,Greenwood,CRESTVIEW DR & SAYRE DR,Pedestrian,COLLISION WITH OBJECT IN ROAD,IMPROPER TURNING,SSI,DAYLIGHT,CLEAR,DRY,False,39.6290512084961,-86.0989837646485
903647215,2020,2020-09-04,Morgan,MARTINSVILLE,SYCAMORE ST & WASHINGTON ST,Vehicle,RIGHT ANGLE,OTHER (DRIVER) - EXPLAIN IN NARRATIVE,SSI,DARK (LIGHTED),CLEAR,DRY,False,39.4270553588867,-86.4260177612305
903678459,2020,2020-10-28,Hamilton,Westfield,CREEKS BEND CT,Vehicle,RAN OFF ROAD,RAN OFF ROAD RIGHT,SSI,DARK (NOT LIGHTED),RAIN,WET,False,40.0207710266113,-86.2030715942383
903584527,2020,2020-05-17,Marion,Indianapolis,I-465  & AUSTRAL DR,Vehicle,RAN OFF ROAD,SPEED TOO FAST FOR WEATHER CONDITIONS,SSI,DARK (LIGHTED),RAIN,WET,True,39.8473358154297,-86.2760162353516
903563606,2020,2020-03-20,Marion,Indianapolis,GEORGETOWN RD & 71 ST,Vehicle,REAR END,CELL PHONE USAGE,SSI,DARK (LIGHTED),CLEAR,DRY,False,39.8757209777832,-86.2445068359375
903632751,2020,2020-08-08,Hendricks,Brownsburg,56TH ST & E NORTHFIELD DR,Pedalcycle,OTHER - EXPLAIN IN NARRATIVE,PEDESTRIAN ACTION,Fatal,DARK (NOT LIGHTED),CLEAR,DRY,False,39.8512077331543,-86.3838882446289
903620570,2020,2020-07-15,Marion,Indianapolis,I-65  & N College Ave,Vehicle,REAR END,UNSAFE SPEED,SSI,DARK (LIGHTED),CLEAR,DRY,True,39.7833099365234,-86.1453704833984
903706754,2020,2020-11-25,Marion,Indianapolis,I- 74,Pedestrian,OTHER - EXPLAIN IN NARRATIVE,OTHER (DRIVER) - EXPLAIN IN NARRATIVE,Fatal,DARK (NOT LIGHTED),CLOUDY,WET,True,39.715446472168,-86.0540008544922
903598300,2020,2020-06-18,Hendricks,Pittsboro,MAPLE ST & SCOTT ST,Vehicle,OTHER - EXPLAIN IN NARRATIVE,OTHER (DRIVER) - EXPLAIN IN NARRATIVE,SSI,DAYLIGHT,CLEAR,DRY,False,39.8672523498535,-86.465934753418
903647377,2020,2020-09-04,Boone,Zionsville,SR32W & CR 650 RD,Pedalcycle,SAME DIRECTION SIDESWIPE,FOLLOWING TOO CLOSELY,SSI,DAYLIGHT,CLEAR,DRY,False,40.0400123596191,-86.3453674316406
903678755,2020,2020-10-28,Marion,Indianapolis,10TH ST & SHADELAND AVE,Vehicle,LEFT TURN,FAILURE TO YIELD RIGHT OF WAY,SSI,DAYLIGHT,CLOUDY,DRY,False,39.781723022461,-86.0431137084961
903581635,2020,2020-05-18,Marion,Lawrence,SHADELAND AVE & 46TH ST,Vehicle,HEAD ON BETWEEN TWO MOTOR VEHICLES,UNSAFE SPEED,SSI,DARK (LIGHTED),CLOUDY,WET,False,39.8403358459473,-86.0456924438476
903564117,2020,2020-03-21,Morgan,,BOTTOM RD APPRX. 1000FT N.  & RINKER RD,Vehicle,RAN OFF ROAD,LEFT OF CENTER,SSI,DAYLIGHT,CLOUDY,DRY,False,39.5323638916016,-86.3603897094727
903564600,2020,2020-03-22,Marion,Indianapolis,56TH ST & ARLINGTON AVE,Vehicle,LEFT TURN,DISREGARD SIGNAL/REG SIGN,SSI,DAYLIGHT,CLOUDY,DRY,False,39.8550071716309,-86.0652770996094
903564795,2020,2020-03-23,Marion,Indianapolis,10TH ST & WOODPOINTE DR,Pedestrian,OTHER - EXPLAIN IN NARRATIVE,PEDESTRIAN ACTION,Fatal,DARK (NOT LIGHTED),CLEAR,DRY,False,39.7788467407227,-86.3162689208984
903563951,2020,2020-03-24,Marion,Indianapolis,10TH ST & SHERMAN ST,Vehicle,RAN OFF ROAD,UNSAFE SPEED,SSI,DARK (LIGHTED),CLEAR,DRY,False,39.7808151245117,-86.1018524169922
903564508,2020,2020-03-24,Marion,Indianapolis,US31,Pedestrian,OTHER - EXPLAIN IN NARRATIVE,OTHER (DRIVER) - EXPLAIN IN NARRATIVE,SSI,DAYLIGHT,CLOUDY,DRY,False,39.6503524780273,-86.1367263793945
903566334,2020,2020-03-24,Marion,Indianapolis,N HIGH SCHOOL RD  & W 34TH ST,Vehicle,HEAD ON BETWEEN TWO MOTOR VEHICLES,FAILURE TO YIELD RIGHT OF WAY,SSI,DAYLIGHT,CLOUDY,DRY,False,39.816234588623,-86.270149230957
903570169,2020,2020-03-24,Marion,Indianapolis,N RURAL ST & E MASSACHUSETTS AVE,Vehicle,OTHER - EXPLAIN IN NARRATIVE,DISREGARD SIGNAL/REG SIGN,SSI,DARK (LIGHTED),RAIN,WET,False,39.7939376831055,-86.1166000366211
903564582,2020,2020-03-25,Marion,Indianapolis,WALLACE AVE & NEW YORK ST,Vehicle,RIGHT ANGLE,DISREGARD SIGNAL/REG SIGN,SSI,DAYLIGHT,CLEAR,DRY,False,39.7722396850586,-86.0887908935547
903564578,2020,2020-03-26,Marion,Speedway,22 ST & FAIR OAKS DR,Pedestrian,COLLISION WITH OBJECT IN ROAD,PEDESTRIAN ACTION,SSI,DAYLIGHT,CLEAR,DRY,False,39.7965469360352,-86.2527618408203
903564621,2020,2020-03-26,Hancock,,CR300N,Vehicle,RAN OFF ROAD,DRIVER ILLNESS,Fatal,DAYLIGHT,CLOUDY,DRY,False,39.8258934020996,-85.8325881958008
903564868,2020,2020-03-27,Hancock,,CR300N,Vehicle,RIGHT ANGLE,FAILURE TO YIELD RIGHT OF WAY,SSI,DAYLIGHT,RAIN,WET,False,39.8269538879394,-85.9197235107422
903565691,2020,2020-03-28,Marion,Indianapolis,N KESSLER BLVD & FOX HILL DR,Vehicle,OPPOSITE DIRECTION SIDESWIPE,LEFT OF CENTER,SSI,DAYLIGHT,CLOUDY,WET,False,39.8625450134277,-86.1677932739258
903565694,2020,2020-03-28,Marion,Indianapolis,KEYSTONE AVE & E 28TH ST,Vehicle,RAN OFF ROAD,SPEED TOO FAST FOR WEATHER CONDITIONS,SSI,DAYLIGHT,RAIN,WET,False,39.8060874938965,-86.12158203125
903565696,2020,2020-03-28,Marion,Indianapolis,KOUSA DR & COUNTRY CLUB RD,Vehicle,LEFT TURN,OTHER (DRIVER) - EXPLAIN IN NARRATIVE,SSI,DARK (LIGHTED),RAIN,WET,False,39.7862281799316,-86.3075714111328
903566058,2020,2020-03-28,Marion,Indianapolis,I-65  & W 29TH ST,Vehicle,RAN OFF ROAD,SPEED TOO FAST FOR WEATHER CONDITIONS,SSI,DAYLIGHT,RAIN,WET,True,39.8087501525879,-86.166244506836
903567218,2020,2020-03-28,Marion,Indianapolis,I65S,Vehicle,RAN OFF ROAD,RAN OFF ROAD RIGHT,SSI,DAYLIGHT,RAIN,WET,False,39.6645469665527,-86.0910339355469
903566642,2020,2020-04-03,Boone,Whitestown,INDUSTRIAL CT,Vehicle,NON-COLLISION,UNSAFE SPEED,SSI,DAYLIGHT,CLEAR,DRY,False,39.9629287719727,-86.3822555541992
903566694,2020,2020-04-03,Shelby,SHELBYVILLE,CR300N,Pedestrian,COLLISION WITH ANIMAL OTHER,ANIMAL/OBJECT IN ROADWAY,SSI,DAWN/DUSK,CLOUDY,DRY,False,39.5691947937012,-85.8562927246094
903566846,2020,2020-04-03,Shelby,SHELBYVILLE,SR44W & OLD FRANKLIN RD,Vehicle,NON-COLLISION,FOLLOWING TOO CLOSELY,SSI,DAYLIGHT,CLEAR,DRY,False,39.5037002563477,-85.8417587280273
903567164,2020,2020-04-03,Marion,Indianapolis,MICHIGAN ST & WALCOTT ST,Vehicle,SAME DIRECTION SIDESWIPE,UNSAFE LANE MOVEMENT,SSI,DARK (LIGHTED),CLEAR,DRY,False,39.7743186950684,-86.1295623779297
903567389,2020,2020-04-03,Marion,Indianapolis,KEYSTONE AVE & NATIONAL AVE,Vehicle,LEFT TURN,DISREGARD SIGNAL/REG SIGN,SSI,DAYLIGHT,CLEAR,DRY,False,39.7121276855469,-86.1206817626953
903567553,2020,2020-04-03,Marion,Indianapolis,KEYSTONE AVE & TROY AVE,Pedestrian,COLLISION WITH OBJECT IN ROAD,PEDESTRIAN ACTION,Fatal,DARK (LIGHTED),CLEAR,DRY,False,39.7233390808105,-86.1208038330078
903569085,2020,2020-04-03,Marion,Indianapolis,FALL CREEK RD & 65TH ST,Vehicle,OPPOSITE DIRECTION SIDESWIPE,LEFT OF CENTER,SSI,DAYLIGHT,CLOUDY,DRY,False,39.8721504211426,-86.0390853881836
903569088,2020,2020-04-06,Marion,Indianapolis,42ND ST & WEXFORD RD,Vehicle,SAME DIRECTION SIDESWIPE,IMPROPER PASSING,SSI,DARK (LIGHTED),CLEAR,DRY,False,39.8330612182617,-86.0797424316406
903574811,2020,2020-04-06,Marion,Indianapolis,SHEFFIELD ALY & WILKINS ST,Pedestrian,,,SSI,DARK (LIGHTED),CLEAR,DRY,False,39.752082824707,-86.1987991333008
903567797,2020,2020-04-07,Boone,Zionsville,FORD RD & PARKWAY DR,Vehicle,RIGHT ANGLE,OTHER (DRIVER) - EXPLAIN IN NARRATIVE,SSI,DAWN/DUSK,CLEAR,DRY,False,39.9491691589355,-86.2789154052735
903567880,2020,2020-04-07,Marion,Indianapolis,EDGEMONT AVE & ANNETTE ST,Pedalcycle,SAME DIRECTION SIDESWIPE,FAILURE TO YIELD RIGHT OF WAY,SSI,DAYLIGHT,CLOUDY,DRY,False,39.801887512207,-86.175666809082
903567899,2020,2020-04-08,Hamilton,SHERIDAN(HAMILTON),236 ST & SIX POINTS RD,Pedestrian,COLLISION WITH OBJECT IN ROAD,PEDESTRIAN ACTION,SSI,DARK (NOT LIGHTED),CLEAR,DRY,False,40.1305732727051,-86.166374206543
903567996,2020,2020-04-08,Marion,Beech Grove,BETHEL AVE & BEECHWOOD AVE,Vehicle,RAN OFF ROAD,UNSAFE SPEED,Fatal,DAYLIGHT,CLEAR,DRY,False,39.7303466796875,-86.0923156738281
903569095,2020,2020-04-08,Marion,Indianapolis,EAST ST & MURRY ST,Vehicle,LEFT TURN,FAILURE TO YIELD RIGHT OF WAY,SSI,DAYLIGHT,CLEAR,DRY,False,39.718090057373,-86.1489791870117
903568617,2020,2020-04-09,Hendricks,Plainfield,I-70,Vehicle,SAME DIRECTION SIDESWIPE,UNSAFE LANE MOVEMENT,SSI,DARK (LIGHTED),CLEAR,DRY,True,39.6799087524414,-86.3409271240235
903569410,2020,2020-04-10,Marion,Indianapolis,I-65  & N COLLEGE AVE,Vehicle,RAN OFF ROAD,UNSAFE LANE MOVEMENT,SSI,DAYLIGHT,CLOUDY,DRY,True,39.783374786377,-86.1453628540039
903568862,2020,2020-04-11,Hancock,,CR500W,Vehicle,REAR END,FOLLOWING TOO CLOSELY,SSI,DAYLIGHT,CLEAR,DRY,False,39.7571983337402,-85.8959732055664
903572389,2020,2020-04-11,Marion,Indianapolis,I- 74,Vehicle,REAR END,UNSAFE LANE MOVEMENT,SSI,DARK (LIGHTED),CLEAR,DRY,True,39.728832244873,-86.0459136962891
903569023,2020,2020-04-12,Hancock,,US40,Vehicle,RAN OFF ROAD,RAN OFF ROAD RIGHT,SSI,DAYLIGHT,CLEAR,DRY,False,39.7792816162109,-85.89599609375
903569161,2020,2020-04-12,Marion,Indianapolis,38TH ST & EAGLE CREEK PKWY,Vehicle,RAN OFF ROAD,OVERCORRECTING/OVERSTEERING,SSI,DARK (LIGHTED),CLEAR,WET,False,39.8232154846191,-86.2824478149414
903580415,2020,2020-04-12,Marion,Indianapolis,KENTUCKY AVE & LYNHURST DR,Pedestrian,COLLISION WITH OBJECT IN ROAD,OTHER (DRIVER) - EXPLAIN IN NARRATIVE,Fatal,DARK (NOT LIGHTED),CLOUDY,DRY,False,39.7076225280762,-86.2523880004883
903569673,2020,2020-04-14,Johnson,Bargersville,SR135N,Vehicle,REAR END,OTHER LIGHTS DEFECTIVE,SSI,DARK (NOT LIGHTED),CLEAR,DRY,False,39.5426177978516,-86.1586380004883
903569758,2020,2020-04-14,Marion,Indianapolis,29TH ST & ILLINOIS ST,Vehicle,RIGHT ANGLE,DISREGARD SIGNAL/REG SIGN,SSI,DAYLIGHT,CLEAR,DRY,False,39.8080635070801,-86.1590042114258
903574212,2020,2020-04-15,Marion,Indianapolis,I- 74  & VANDERGRIFF RD,Vehicle,RAN OFF ROAD,UNSAFE SPEED,SSI,DAYLIGHT,CLOUDY,DRY,True,39.7084732055664,-86.0005416870117
903579952,2020,2020-04-15,Marion,Indianapolis,VICTORY DR,Pedestrian,RAN OFF ROAD,RAN OFF ROAD RIGHT,Fatal,DAYLIGHT,CLOUDY,DRY,False,39.70166015625,-86.0800018310547
903570107,2020,2020-04-16,Hancock,New Palestine,CR500W & CR 300 SOUTH RD,Vehicle,RIGHT ANGLE,FAILURE TO YIELD RIGHT OF WAY,SSI,DAYLIGHT,CLEAR,DRY,False,39.7424049377441,-85.895622253418
903570168,2020,2020-04-16,Marion,Indianapolis,EMERSON AVE & E SOUTHPORT RD,Vehicle,LEFT TURN,FAILURE TO YIELD RIGHT OF WAY,SSI,DAYLIGHT,CLEAR,DRY,False,39.6658401489258,-86.0824813842773
903570755,2020,2020-04-17,Johnson,Greenwood,SR135N & CURRY RD,Vehicle,RAN OFF ROAD,DRIVER ILLNESS,SSI,DAYLIGHT,RAIN,WET,False,39.6000289916992,-86.1591033935547
903580394,2020,2020-04-17,Morgan,,BRAY RD & CRESTVIEW DR,Vehicle,RAN OFF ROAD,RAN OFF ROAD RIGHT,SSI,DARK (NOT LIGHTED),CLOUDY,LOOSE MATERIAL ON ROAD,False,39.6084213256836,-86.4319839477539
903572391,2020,2020-04-18,Marion,Indianapolis,I-65  & DRAPER ST,Vehicle,RAN OFF ROAD,UNSAFE LANE MOVEMENT,SSI,DARK (LIGHTED),CLEAR,DRY,True,39.7222328186035,-86.1322174072266
903571317,2020,2020-04-19,Marion,Indianapolis,MANN RD & DOLLAR RIDGE LN,Vehicle,REAR END,OTHER (DRIVER) - EXPLAIN IN NARRATIVE,SSI,DAYLIGHT,CLEAR,DRY,False,39.6772003173828,-86.2466888427734
903571926,2020,2020-04-20,Hendricks,Avon,US36E & DOVER ST,Vehicle,OPPOSITE DIRECTION SIDESWIPE,LEFT OF CENTER,SSI,DAYLIGHT,CLEAR,DRY,False,39.7630310058594,-86.3781356811523
903571850,2020,2020-04-21,Marion,Indianapolis,PIKE PLAZA RD & LAFAYETTE BLVD,Vehicle,HEAD ON BETWEEN TWO MOTOR VEHICLES,DRIVER DISTRACTED - EXPLAIN IN NARRATIVE,Fatal,DARK (LIGHTED),CLEAR,DRY,False,39.8343772888184,-86.2451782226563
903572539,2020,2020-04-21,Hendricks,,CR600E,Vehicle,RAN OFF ROAD,RAN OFF ROAD RIGHT,Fatal,DAYLIGHT,CLEAR,DRY,False,39.8103675842285,-86.4125366210937
903572039,2020,2020-04-22,Marion,Indianapolis,I- 465  & 38TH ST,Vehicle,RAN OFF ROAD,UNSAFE LANE MOVEMENT,SSI,DARK (LIGHTED),CLEAR,DRY,True,39.8249664306641,-86.0318908691406
903572150,2020,2020-04-22,Marion,Indianapolis,EAST ST,Vehicle,OTHER - EXPLAIN IN NARRATIVE,UNSAFE LANE MOVEMENT,SSI,DAWN/DUSK,CLOUDY,DRY,False,39.7003974914551,-86.1488876342773
903574173,2020,2020-04-22,Marion,Indianapolis,SHERMAN DR & STANTON AVE,Vehicle,LEFT TURN,FAILURE TO YIELD RIGHT OF WAY,Fatal,DAYLIGHT,CLEAR,DRY,False,39.7656478881836,-86.1021118164062