id,year,date,county,city,cross_street,crash_type,manner,primary_factor,ssi_fatal,light,weather,surface,interstate,lat,lon
903574561,2020,2020-04-22,Marion,Indianapolis,LAFAYETTE RD & 88TH ST,Vehicle,RAN OFF ROAD,OVERCORRECTING/OVERSTEERING,SSI,DAYLIGHT,CLEAR,DRY,False,39.912109375,-86.3130645751953
903572986,2020,2020-04-24,Marion,Indianapolis,56TH ST & EMERSON WAY,Vehicle,LEFT TURN,FAILURE TO YIELD RIGHT OF WAY,SSI,DAYLIGHT,CLEAR,DRY,False,39.8550415039062,-86.083984375
903573410,2020,2020-04-24,Marion,Indianapolis,COLD SPRING RD & 30TH ST,Vehicle,NON-COLLISION,RAN OFF ROAD RIGHT,SSI,DAYLIGHT,CLEAR,DRY,False,39.8172645568848,-86.200439453125
903573422,2020,2020-04-24,Marion,Indianapolis,46TH ST & EVANSTON AVE,Vehicle,LEFT/RIGHT TURN,FAILURE TO YIELD RIGHT OF WAY,SSI,DARK (LIGHTED),CLEAR,DRY,False,39.8399848937988,-86.126335144043
903574336,2020,2020-04-25,Morgan,MARTINSVILLE,SR37S & OLD STATE ROAD 37 RD,Vehicle,OTHER - EXPLAIN IN NARRATIVE,DISREGARD SIGNAL/REG SIGN,SSI,DARK (NOT LIGHTED),CLEAR,DRY,False,39.4776306152344,-86.3673934936523
903573475,2020,2020-04-26,Marion,Indianapolis,BEACHWAY DR & LAWNDALE AVE,Vehicle,HEAD ON BETWEEN TWO MOTOR VEHICLES,FAILURE TO YIELD RIGHT OF WAY,SSI,DAYLIGHT,CLOUDY,DRY,False,39.7399368286133,-86.2661819458008
903574174,2020,2020-04-26,Marion,Indianapolis,80TH ST & OAKLAND RD,Pedestrian,RAN OFF ROAD,RAN OFF ROAD RIGHT,SSI,DAYLIGHT,CLEAR,DRY,False,39.901439666748,-86.1284103393555
903574109,2020,2020-04-28,Morgan,MONROVIA,SR42W & CHARLES BRAY RD,Vehicle,RAN OFF ROAD,DRIVER ILLNESS,SSI,DAYLIGHT,CLEAR,DRY,False,39.5791816711426,-86.574333190918
903574129,2020,2020-04-28,Marion,Indianapolis,N SHERMAN DR & E 36TH ST,Vehicle,RIGHT ANGLE,FAILURE TO YIELD RIGHT OF WAY,SSI,DAYLIGHT,CLEAR,DRY,False,39.8217277526855,-86.1027069091797
903574241,2020,2020-04-28,Shelby,SHELBYVILLE,EDINBURG RD,Vehicle,RAN OFF ROAD,RAN OFF ROAD RIGHT,SSI,DAYLIGHT,CLEAR,DRY,False,39.4055519104004,-85.9138565063477
903574721,2020,2020-04-28,Morgan,MARTINSVILLE,SR37S & MORGAN ST,Vehicle,REAR END,UNSAFE SPEED,SSI,DARK (NOT LIGHTED),CLOUDY,WET,False,39.4447898864746,-86.3873672485351
903574344,2020,2020-04-29,Hamilton,Fishers,LANTERN RD,Pedestrian,OTHER - EXPLAIN IN NARRATIVE,OTHER (DRIVER) - EXPLAIN IN NARRATIVE,SSI,DAYLIGHT,CLOUDY,DRY,False,39.9584159851074,-86.0137481689453
903574468,2020,2020-04-29,Marion,Indianapolis,38TH ST & ADAMS ST,Vehicle,RAN OFF ROAD,UNSAFE SPEED,SSI,DAYLIGHT,RAIN,WET,False,39.8252487182617,-86.1084823608398
903574940,2020,2020-05-01,Morgan,MONROVIA,N EVANS RD & GORE RD,Vehicle,RIGHT ANGLE,DISREGARD SIGNAL/REG SIGN,SSI,DAYLIGHT,CLEAR,DRY,False,39.542896270752,-86.5896301269531
903575793,2020,2020-05-01,Marion,Indianapolis,RACEWAY RD & WELLSTON DR,Vehicle,HEAD ON BETWEEN TWO MOTOR VEHICLES,LEFT OF CENTER,SSI,DARK (NOT LIGHTED),CLEAR,DRY,False,39.7718505859375,-86.3268966674805
903576689,2020,2020-05-01,Marion,Indianapolis,82ND ST & HAGUE RD,Vehicle,REAR END,DISREGARD SIGNAL/REG SIGN,SSI,DAYLIGHT,CLEAR,DRY,False,39.9051361083984,-86.0328826904297
903575119,2020,2020-05-02,Johnson,TRAFALGAR,SR135N,Vehicle,NON-COLLISION,ANIMAL/OBJECT IN ROADWAY,SSI,DAYLIGHT,CLEAR,DRY,False,39.4318962097168,-86.157958984375
903575837,2020,2020-05-02,Marion,Indianapolis,MADISON AVE & SOUTHERN AVE,Vehicle,REAR END,UNSAFE SPEED,SSI,DAWN/DUSK,CLEAR,DRY,False,39.7299537658691,-86.153694152832
903578009,2020,2020-05-02,Morgan,MARTINSVILLE,SR142,Vehicle,RIGHT ANGLE,FAILURE TO YIELD RIGHT OF WAY,SSI,DAYLIGHT,CLEAR,DRY,False,39.5082092285156,-86.4568786621094
903579207,2020,2020-05-02,Marion,Indianapolis,MASSACHUSETTS AVE & KITLEY AVE,Vehicle,RAN OFF ROAD,OVERCORRECTING/OVERSTEERING,SSI,DAYLIGHT,CLEAR,DRY,False,39.8228530883789,-86.0548934936523
903575556,2020,2020-05-03,Johnson,Greenwood,US31S & SMITH VALLEY RD,Vehicle,RIGHT ANGLE,DISREGARD SIGNAL/REG SIGN,SSI,DAYLIGHT,RAIN,WET,False,39.6061744689941,-86.1085586547852
903575797,2020,2020-05-03,Marion,Indianapolis,MICHIGAN RD & 62ND ST,Vehicle,RAN OFF ROAD,DRIVER ASLEEP OR FATIGUED,SSI,DARK (NOT LIGHTED),CLEAR,DRY,False,39.8465194702148,-86.2017822265625
903576838,2020,2020-05-03,Marion,Indianapolis,I- 465  & I465,Vehicle,SAME DIRECTION SIDESWIPE,UNSAFE LANE MOVEMENT,SSI,DAYLIGHT,CLEAR,DRY,True,39.6990051269531,-86.1473617553711
903575583,2020,2020-05-04,Johnson,,SR37S & OLIVE BRANCH RD,Vehicle,RAN OFF ROAD,RAN OFF ROAD RIGHT,SSI,DARK (NOT LIGHTED),CLEAR,DRY,False,39.5844192504883,-86.2339630126953
903575734,2020,2020-05-04,Hancock,Greenfield,SR9 & MCCLARNON DR,Vehicle,RIGHT ANGLE,FAILURE TO YIELD RIGHT OF WAY,SSI,DAWN/DUSK,CLEAR,DRY,False,39.806770324707,-85.7697296142578
903576290,2020,2020-05-04,Marion,Indianapolis,EAST ST & HANNA AVE,Vehicle,RIGHT ANGLE,DISREGARD SIGNAL/REG SIGN,SSI,DAYLIGHT,CLOUDY,DRY,False,39.707893371582,-86.1489181518555
903576621,2020,2020-05-04,Hamilton,Fishers,I69,Vehicle,SAME DIRECTION SIDESWIPE,IMPROPER LANE USAGE,SSI,DAWN/DUSK,CLEAR,DRY,True,39.9692344665527,-85.9754028320313
903576312,2020,2020-05-05,Marion,Indianapolis,MERIDIAN ST & YOKE ST,Vehicle,RAN OFF ROAD,SPEED TOO FAST FOR WEATHER CONDITIONS,SSI,DAYLIGHT,RAIN,WET,False,39.7046775817871,-86.158821105957
903580416,2020,2020-05-06,Marion,Indianapolis,HARDING ST,Pedestrian,OTHER - EXPLAIN IN NARRATIVE,OTHER (DRIVER) - EXPLAIN IN NARRATIVE,Fatal,DARK (NOT LIGHTED),CLEAR,DRY,False,39.6943359375,-86.186393737793
903585480,2020,2020-05-07,Marion,Indianapolis,21ST ST & EMERSON AVE,Vehicle,RIGHT ANGLE,FAILURE TO YIELD RIGHT OF WAY,SSI,DAYLIGHT,CLEAR,DRY,False,39.7960319519043,-86.0833892822266
903585481,2020,2020-05-07,Marion,Indianapolis,MITTHOEFER RD & 38TH ST,Pedestrian,OTHER - EXPLAIN IN NARRATIVE,PEDESTRIAN ACTION,Fatal,DARK (NOT LIGHTED),CLEAR,DRY,False,39.8245315551758,-85.9909896850586
903579562,2020,2020-05-09,Marion,Indianapolis,RALSTON AVE & 20TH ST,Vehicle,SAME DIRECTION SIDESWIPE,OTHER (DRIVER) - EXPLAIN IN NARRATIVE,Fatal,DARK (LIGHTED),CLEAR,DRY,False,39.7939567565918,-86.1306457519531
903579410,2020,2020-05-11,Marion,Indianapolis,KESSLER BLVD & ALLISONVILLE RD,Vehicle,RIGHT ANGLE,DISREGARD SIGNAL/REG SIGN,SSI,DARK (LIGHTED),CLOUDY,DRY,False,39.8478050231933,-86.1106719970703
903580009,2020,2020-05-11,Marion,Indianapolis,SOUTHERN AVE & MERIDIAN ST,Vehicle,RAN OFF ROAD,OVERCORRECTING/OVERSTEERING,SSI,DAYLIGHT,CLEAR,DRY,False,39.7295875549316,-86.1601791381836
903585482,2020,2020-05-11,Marion,Indianapolis,EAST ST & EPLER ST,Vehicle,RAN OFF ROAD,OVERCORRECTING/OVERSTEERING,SSI,DAYLIGHT,CLEAR,DRY,False,39.6842765808105,-86.1488494873047
903585483,2020,2020-05-11,Marion,Indianapolis,ACTON RD & SOUTHPORT RD,Vehicle,HEAD ON BETWEEN TWO MOTOR VEHICLES,INSECURE/LEAKY LOAD,Fatal,DAYLIGHT,CLEAR,DRY,False,39.6605339050293,-85.9709625244141
903579754,2020,2020-05-13,Johnson,Greenwood,US31S & HILLTOP DR,Pedestrian,OTHER - EXPLAIN IN NARRATIVE,PEDESTRIAN ACTION,Fatal,DARK (NOT LIGHTED),CLEAR,DRY,False,39.6201705932617,-86.1168518066406
903579866,2020,2020-05-13,Marion,Indianapolis,US31S & STOP 12 RD,Vehicle,NON-COLLISION,OTHER (DRIVER) - EXPLAIN IN NARRATIVE,SSI,DAYLIGHT,CLOUDY,DRY,False,39.644359588623,-86.1329956054688
903712946,2020,2020-12-23,Boone,Lebanon,HALL BAKER RD & INDIANAPOLIS RD,Vehicle,RIGHT ANGLE,DRIVER DISTRACTED - EXPLAIN IN NARRATIVE,SSI,DARK (NOT LIGHTED),RAIN,WET,False,40.0257415771484,-86.4508972167969
903598845,2020,2020-06-18,Marion,Indianapolis,MADISON AVE & SOUTHERN AVE,Vehicle,RAN OFF ROAD,UNSAFE SPEED,SSI,DARK (LIGHTED),CLEAR,DRY,False,39.727123260498,-86.1523818969727
903621817,2020,2020-07-15,Hamilton,Noblesville,SR32 & 10TH ST,Vehicle,RIGHT ANGLE,DISREGARD SIGNAL/REG SIGN,SSI,DARK (LIGHTED),CLEAR,DRY,False,40.0455665588379,-86.0122985839844
903715035,2020,2020-12-23,Hamilton,Fishers,CUMBERLAND RD,Pedestrian,OTHER - EXPLAIN IN NARRATIVE,OTHER (DRIVER) - EXPLAIN IN NARRATIVE,SSI,DARK (LIGHTED),RAIN,WET,False,39.9698715209961,-85.9918746948242
903612479,2020,2020-06-18,Marion,Indianapolis,MICHGAN RD & 42ND ST,Vehicle,LEFT TURN,DISREGARD SIGNAL/REG SIGN,SSI,DAYLIGHT,CLEAR,DRY,False,39.8292350769043,-86.1828842163086
903679097,2020,2020-10-28,Johnson,,COUNTY LINE RD & COMBS RD,Vehicle,RAN OFF ROAD,UNSAFE SPEED,SSI,DARK (NOT LIGHTED),CLOUDY,DRY,False,39.6368675231934,-86.0584335327149
903716520,2020,2020-12-23,Marion,Indianapolis,I-65  & S Alley 1165 E,Vehicle,SAME DIRECTION SIDESWIPE,UNSAFE LANE MOVEMENT,SSI,DARK (LIGHTED),RAIN,WET,True,39.7356376647949,-86.1371154785156
903588900,2020,2020-05-18,Marion,Indianapolis,SOUTHEASTERN AVE & EMERSON AVE,Vehicle,RIGHT ANGLE,DISREGARD SIGNAL/REG SIGN,SSI,DAYLIGHT,RAIN,WET,False,39.7447853088379,-86.0825881958008
903599182,2020,2020-06-19,Hancock,,US40 & W POTOMAC DR,Vehicle,REAR END,FOLLOWING TOO CLOSELY,SSI,DAYLIGHT,CLEAR,DRY,False,39.7800102233887,-85.8835983276367
903623205,2020,2020-07-15,Marion,Indianapolis,I-65  & I65,Vehicle,RAN OFF ROAD,UNSAFE LANE MOVEMENT,SSI,DARK (NOT LIGHTED),CLEAR,DRY,True,39.6521911621094,-86.0741958618164
903648965,2020,2020-09-04,Marion,Indianapolis,21ST ST & SENATE AVE,Vehicle,HEAD ON BETWEEN TWO MOTOR VEHICLES,FAILURE TO YIELD RIGHT OF WAY,SSI,DAWN/DUSK,CLEAR,DRY,False,39.7950248718262,-86.1630325317383
903603315,2020,2020-06-19,Marion,Indianapolis,I-70  & E 15th St,Vehicle,RAN OFF ROAD,IMPROPER LANE USAGE,SSI,DAYLIGHT,CLEAR,DRY,True,39.7859802246094,-86.138427734375
903618460,2020,2020-07-16,Hendricks,,CR900E,Vehicle,RIGHT ANGLE,DISREGARD SIGNAL/REG SIGN,Fatal,DARK (NOT LIGHTED),CLEAR,DRY,False,39.8730316162109,-86.3639221191406
903679392,2020,2020-10-28,Marion,Indianapolis,GRANDVIEW DR & 59TH ST,Vehicle,RAN OFF ROAD,RAN OFF ROAD RIGHT,SSI,DARK (LIGHTED),CLOUDY,DRY,False,39.8613967895508,-86.1880645751953
903633565,2020,2020-08-08,Marion,Indianapolis,11TH ST & EMERSON AVE,Vehicle,REAR END,FOLLOWING TOO CLOSELY,SSI,DAYLIGHT,CLEAR,DRY,False,39.7824783325195,-86.0831985473633
903713418,2020,2020-12-24,Shelby,SHELBYVILLE,SR9N & MILL RD,Vehicle,HEAD ON BETWEEN TWO MOTOR VEHICLES,LEFT OF CENTER,SSI,DAYLIGHT,CLOUDY,DRY,False,39.6300048828125,-85.767448425293
903595111,2020,2020-05-18,Marion,Indianapolis,38TH ST & SHERMAN DR,Vehicle,RIGHT ANGLE,OVERCORRECTING/OVERSTEERING,Fatal,DAYLIGHT,RAIN,WET,False,39.8253593444824,-86.1047973632813
903681067,2020,2020-10-28,Marion,Indianapolis,I-70  & Lewis St,Vehicle,RAN OFF ROAD,SPEED TOO FAST FOR WEATHER CONDITIONS,SSI,DARK (NOT LIGHTED),CLOUDY,WET,True,39.7859230041504,-86.1389083862305
903633572,2020,2020-08-08,Marion,Indianapolis,KENTUCKY AVE & BELMONT AVE,Vehicle,OPPOSITE DIRECTION SIDESWIPE,IMPROPER LANE USAGE,SSI,DAYLIGHT,CLEAR,DRY,False,39.7369613647461,-86.1962432861328
903696893,2020,2020-11-26,Johnson,New Whiteland,US31N & TRACY RD,Vehicle,RIGHT ANGLE,DISREGARD SIGNAL/REG SIGN,SSI,DAYLIGHT,CLOUDY,DRY,False,39.5645294189453,-86.0927124023438
903619260,2020,2020-07-17,Hendricks,Plainfield,HADLEY RD & HALL RD,Vehicle,OTHER - EXPLAIN IN NARRATIVE,IMPROPER PASSING,SSI,DARK (NOT LIGHTED),CLEAR,DRY,False,39.674430847168,-86.4016647338867
903682882,2020,2020-10-28,Marion,Indianapolis,GERMAN CHURCH RD & 46TH ST,Vehicle,OTHER - EXPLAIN IN NARRATIVE,OTHER (DRIVER) - EXPLAIN IN NARRATIVE,SSI,DARK (LIGHTED),CLOUDY,WET,False,39.8411102294922,-85.9721374511719
903634589,2020,2020-08-09,Boone,,I865E,Vehicle,RAN OFF ROAD,OVERCORRECTING/OVERSTEERING,SSI,DAYLIGHT,CLEAR,DRY,False,39.9316139221191,-86.336051940918
903697190,2020,2020-11-26,Shelby,SHELBYVILLE,BOGGSTOWN RD & HARRISON ST,Vehicle,RAN OFF ROAD,RAN OFF ROAD RIGHT,SSI,DARK (NOT LIGHTED),CLOUDY,DRY,False,39.530158996582,-85.785903930664
903619687,2020,2020-07-17,Marion,Lawrence,54TH ST & RICHARDT AVE,Vehicle,RAN OFF ROAD,RAN OFF ROAD RIGHT,SSI,DAWN/DUSK,CLEAR,DRY,False,39.8508911132812,-86.0376434326172
903582219,2020,2020-05-19,Hamilton,,ANTHONY RD & 226 ST,Pedestrian,RAN OFF ROAD,LEFT OF CENTER,Fatal,DAYLIGHT,CLOUDY,DRY,False,40.1177787780762,-86.1092834472656
903715521,2020,2020-12-25,Hendricks,Plainfield,2377 E MAIN ST & SHADY LN,Vehicle,RAN OFF ROAD,RAN OFF ROAD RIGHT,SSI,DARK (LIGHTED),BLOWING SAND/SOIL/SNOW,ICE,False,39.7138175964355,-86.3667297363281
903650076,2020,2020-09-04,Marion,Indianapolis,38TH ST & ARLINGTON AVE,Vehicle,RIGHT ANGLE,FAILURE TO YIELD RIGHT OF WAY,SSI,DAYLIGHT,CLOUDY,DRY,False,39.8255043029785,-86.064712524414
903621375,2020,2020-06-19,Marion,Indianapolis,BINFORD BLVD & DELMAR RD,Vehicle,LEFT TURN,FAILURE TO YIELD RIGHT OF WAY,SSI,DAYLIGHT,CLEAR,DRY,False,39.8481369018555,-86.1039962768555
903718634,2020,2020-12-25,Marion,Indianapolis,38TH ST & FALL CREEK PKWY N DR,Vehicle,RIGHT ANGLE,DISREGARD SIGNAL/REG SIGN,SSI,DARK (LIGHTED),CLEAR,DRY,False,39.8252792358399,-86.1313629150391
903650477,2020,2020-09-04,Marion,Lawrence,E 52ND ST & MITTHOEFFER RD,Vehicle,RIGHT ANGLE,FAILURE TO YIELD RIGHT OF WAY,SSI,DAYLIGHT,CLEAR,DRY,False,39.8482398986816,-85.9912796020508
903679474,2020,2020-10-29,Johnson,Franklin,KING ST  & BARTRAM PKWY,Vehicle,HEAD ON BETWEEN TWO MOTOR VEHICLES,FAILURE TO YIELD RIGHT OF WAY,SSI,DAYLIGHT,RAIN,WET,False,39.4833106994629,-86.0075988769531
903635347,2020,2020-08-09,Hendricks,Brownsburg,CR1000E,Vehicle,RAN OFF ROAD,RAN OFF ROAD RIGHT,SSI,DARK (NOT LIGHTED),CLEAR,DRY,False,39.8472938537598,-86.3514862060547
903621691,2020,2020-07-17,Marion,Indianapolis,EAST ST & EPLER AVE,Vehicle,REAR END,FOLLOWING TOO CLOSELY,SSI,DAYLIGHT,CLOUDY,DRY,False,39.6872406005859,-86.148796081543
903582440,2020,2020-05-19,Marion,Indianapolis,BROOKVILLE RD & ENGLISH AVE,Vehicle,RIGHT ANGLE,FAILURE TO YIELD RIGHT OF WAY,SSI,DAYLIGHT,RAIN,WET,False,39.7602958679199,-86.0751876831055
903600594,2020,2020-06-20,Marion,Indianapolis,LYNHURST DR & BEECHER ST,Vehicle,HEAD ON BETWEEN TWO MOTOR VEHICLES,LEFT OF CENTER,SSI,DAWN/DUSK,CLEAR,DRY,False,39.7394676208496,-86.2502365112305
903697365,2020,2020-11-27,Hamilton,Westfield,161ST ST & BRIDGEWATER CLUB BLVD,Vehicle,RAN OFF ROAD,RAN OFF ROAD RIGHT,SSI,DARK (NOT LIGHTED),CLEAR,DRY,False,40.0222511291504,-86.1022262573242
903722366,2020,2020-12-25,Hendricks,CLAYTON,I-70  & S State Rd 39,Pedestrian,COLLISION WITH OBJECT IN ROAD,ANIMAL/OBJECT IN ROADWAY,Fatal,DARK (NOT LIGHTED),CLEAR,DRY,True,39.6136665344238,-86.4798736572266
903660003,2020,2020-09-04,Marion,Indianapolis,ALLISONVILLE RD & 56TH ST,Vehicle,RAN OFF ROAD,RAN OFF ROAD RIGHT,SSI,DARK (LIGHTED),CLEAR,DRY,False,39.8550415039062,-86.1044769287109
903679488,2020,2020-10-29,Johnson,PRINCES LAKES,NINEVEH RD,Vehicle,RAN OFF ROAD,RAN OFF ROAD RIGHT,SSI,DAYLIGHT,RAIN,WET,False,39.3583717346191,-86.0895004272461
903635804,2020,2020-08-09,Marion,Indianapolis,DUBARRY RD & 38TH ST,Vehicle,RIGHT ANGLE,FAILURE TO YIELD RIGHT OF WAY,SSI,DARK (LIGHTED),CLEAR,DRY,False,39.8260231018066,-86.0163269042969
903626320,2020,2020-07-17,Marion,Indianapolis,SR37N & EPLER AVE,Vehicle,REAR END,IMPROPER TURNING,SSI,DAYLIGHT,CLEAR,DRY,False,39.685791015625,-86.1937103271484
903719564,2020,2020-12-26,Marion,Indianapolis,10TH ST & ELDER AVE,Vehicle,RAN OFF ROAD,UNSAFE SPEED,SSI,DARK (NOT LIGHTED),SLEET/HAIL/FREEZING RAIN,ICE,False,39.7805137634277,-86.1943435668945
903647744,2020,2020-09-05,Boone,Whitestown,I65S,Vehicle,REAR END,FOLLOWING TOO CLOSELY,SSI,DAYLIGHT,CLEAR,DRY,False,39.9566764831543,-86.3650665283203
903679631,2020,2020-10-29,Shelby,SHELBYVILLE,SR44E,Vehicle,REAR END,FOLLOWING TOO CLOSELY,SSI,DARK (NOT LIGHTED),RAIN,WET,False,39.5558280944824,-85.6653671264648
903633889,2020,2020-08-10,Morgan,,MANN RD & DAVEE CT,Vehicle,RAN OFF ROAD,RAN OFF ROAD RIGHT,SSI,DARK (NOT LIGHTED),CLEAR,DRY,False,39.576171875,-86.288444519043
903588974,2020,2020-05-19,Marion,Indianapolis,38TH ST & ARTHINGTON BLVD,Vehicle,HEAD ON BETWEEN TWO MOTOR VEHICLES,LEFT OF CENTER,Fatal,DARK (LIGHTED),RAIN,WET,False,39.8254852294922,-86.0905227661133
903603032,2020,2020-06-20,Marion,Indianapolis,BROOKSIDE AVE & OXFORD ST,Vehicle,RIGHT ANGLE,OVERCORRECTING/OVERSTEERING,SSI,DAYLIGHT,CLEAR,DRY,False,39.793628692627,-86.1146087646484
903698559,2020,2020-11-27,Marion,Indianapolis,16TH ST & LIVINGSTON AVE,Vehicle,RIGHT ANGLE,FAILURE TO YIELD RIGHT OF WAY,SSI,DARK (LIGHTED),CLEAR,DRY,False,39.7876625061035,-86.2233276367188
903631568,2020,2020-07-17,Marion,Indianapolis,SHERMAN DR & CANDY CANE DR,Pedestrian,OTHER - EXPLAIN IN NARRATIVE,OTHER (DRIVER) - EXPLAIN IN NARRATIVE,Fatal,DARK (NOT LIGHTED),CLEAR,DRY,False,39.6613731384277,-86.1015396118164
903722371,2020,2020-12-26,Marion,Indianapolis,I-65  & E Perry St,Vehicle,RAN OFF ROAD,OTHER (DRIVER) - EXPLAIN IN NARRATIVE,Fatal,DAYLIGHT,CLEAR,DRY,True,39.7206306457519,-86.1318359375
903648095,2020,2020-09-05,Marion,Lawrence,SHADELAND AVE & MILL VIEW DR,Pedestrian,OTHER - EXPLAIN IN NARRATIVE,PEDESTRIAN ACTION,Fatal,DAYLIGHT,CLEAR,DRY,False,39.8367195129395,-86.0459365844727
903679893,2020,2020-10-29,Marion,Indianapolis,STOP 11 RD & MADISON AVE,Vehicle,RIGHT ANGLE,DISREGARD SIGNAL/REG SIGN,SSI,DARK (LIGHTED),RAIN,WET,False,39.6500587463379,-86.1218948364258
903633911,2020,2020-08-10,Johnson,Greenwood,COUNTY LINE RD & MADISON AVE,Vehicle,OTHER - EXPLAIN IN NARRATIVE,UNSAFE SPEED,SSI,DAYLIGHT,CLEAR,DRY,False,39.6354484558105,-86.1173553466797
903602468,2020,2020-05-19,Marion,Indianapolis,MANN RD & SWEET RIVER WAY,Vehicle,HEAD ON BETWEEN TWO MOTOR VEHICLES,LEFT OF CENTER,SSI,DAYLIGHT,RAIN,WET,False,39.7289924621582,-86.2464065551758
903599705,2020,2020-06-21,Hamilton,SHERIDAN(HAMILTON),10 ST & MULE BARN RD,Vehicle,RAN OFF ROAD,RAN OFF ROAD RIGHT,Fatal,DARK (NOT LIGHTED),CLEAR,DRY,False,40.1298675537109,-86.2232437133789
903697535,2020,2020-11-28,Johnson,Bargersville,SR135S & TWO CENT RD,Vehicle,RIGHT ANGLE,FAILURE TO YIELD RIGHT OF WAY,SSI,DAYLIGHT,CLEAR,DRY,False,39.5134582519531,-86.1578903198242
903634598,2020,2020-07-17,Marion,Indianapolis,PENNSYLVANIA ST & MC CARTY ST,Vehicle,RAN OFF ROAD,OVERCORRECTING/OVERSTEERING,Fatal,DARK (LIGHTED),CLEAR,DRY,False,39.7572441101074,-86.1566543579102
903714026,2020,2020-12-27,Hancock,,FORTVILLE PIKE & SUGAR HILLS CT,Vehicle,RAN OFF ROAD,RAN OFF ROAD RIGHT,Fatal,DARK (NOT LIGHTED),CLEAR,DRY,False,39.8641357421875,-85.8251647949219
903647783,2020,2020-09-06,Boone,,8560 EAST 750 NORTH ST,Vehicle,OTHER - EXPLAIN IN NARRATIVE,IMPROPER TURNING,SSI,DARK (NOT LIGHTED),CLEAR,LOOSE MATERIAL ON ROAD,False,40.1520042419434,-86.3080444335938
903634061,2020,2020-08-10,Shelby,SHELBYVILLE,PROGRESS PKWY & CLARK RD,Vehicle,RAN OFF ROAD,OTHER (DRIVER) - EXPLAIN IN NARRATIVE,Fatal,DAYLIGHT,CLEAR,DRY,False,39.5108833312988,-85.7429504394531
903584455,2020,2020-05-20,Marion,Lawrence,MOWERY ST,Vehicle,REAR END,UNSAFE SPEED,SSI,DAYLIGHT,CLEAR,DRY,False,39.8387794494629,-86.0222091674805
903599989,2020,2020-06-21,Marion,Indianapolis,MERIDIAN ST & 73RD ST,Vehicle,RIGHT ANGLE,FAILURE TO YIELD RIGHT OF WAY,SSI,DAYLIGHT,RAIN,WET,False,39.8867378234863,-86.1578140258789
903619984,2020,2020-07-18,Boone,Zionsville,CR575S,Vehicle,RAN OFF ROAD,RAN OFF ROAD RIGHT,SSI,DAYLIGHT,CLEAR,DRY,False,39.9598426818848,-86.3030319213867
903697760,2020,2020-11-28,Johnson,Franklin,STATE ST & PALMER ST,Vehicle,HEAD ON BETWEEN TWO MOTOR VEHICLES,LEFT OF CENTER,Fatal,DAYLIGHT,CLEAR,DRY,False,39.4737663269043,-86.0454177856445
903634142,2020,2020-08-10,Marion,Indianapolis,WOODLAND DR & 79TH ST,Vehicle,OTHER - EXPLAIN IN NARRATIVE,FAILURE TO YIELD RIGHT OF WAY,SSI,DAYLIGHT,CLEAR,DRY,False,39.896053314209,-86.2647247314453
903679744,2020,2020-10-30,Shelby,SHELBYVILLE,I74E,Vehicle,HEAD ON BETWEEN TWO MOTOR VEHICLES,WRONG WAY ON ONE WAY,Fatal,DARK (NOT LIGHTED),CLEAR,DRY,False,39.6169586181641,-85.8679656982422
903582988,2020,2020-05-21,Hendricks,Brownsburg,SR267N & COLLEGE AVE,Vehicle,NON-COLLISION,OTHER (DRIVER) - EXPLAIN IN NARRATIVE,SSI,DAYLIGHT,CLOUDY,DRY,False,39.8420333862305,-86.3984298706055
903600116,2020,2020-06-21,Shelby,SHELBYVILLE,FRONTAGE RD,Vehicle,RAN OFF ROAD,RAN OFF ROAD RIGHT,SSI,DAWN/DUSK,CLEAR,DRY,False,39.6126403808594,-85.8630065917969
903714128,2020,2020-12-27,Boone,Zionsville,I865W,Vehicle,RAN OFF ROAD,RAN OFF ROAD RIGHT,SSI,DARK (NOT LIGHTED),CLEAR,DRY,False,39.9314422607422,-86.3035430908203
903648086,2020,2020-09-06,Johnson,Greenwood,GRIFFITH RD & BILLINGSLY RDS,Vehicle,RAN OFF ROAD,RAN OFF ROAD RIGHT,SSI,DARK (NOT LIGHTED),CLEAR,DRY,False,39.595043182373,-86.0403823852539
903685481,2020,2020-10-30,Hendricks,Plainfield,I-70,Vehicle,REAR END,FOLLOWING TOO CLOSELY,SSI,DAYLIGHT,CLEAR,DRY,True,39.6697845458984,-86.3660507202148
903583370,2020,2020-05-21,Marion,Indianapolis,79TH ST & INDIAN LAKE RD,Vehicle,RIGHT ANGLE,FAILURE TO YIELD RIGHT OF WAY,SSI,DAYLIGHT,CLOUDY,DRY,False,39.8979377746582,-85.9853744506836
903714325,2020,2020-12-27,Hendricks,CLAYTON,CR1000S,Vehicle,RAN OFF ROAD,RAN OFF ROAD RIGHT,SSI,DARK (LIGHTED),CLEAR,WET,False,39.6153221130371,-86.5024795532226
903600238,2020,2020-06-21,Hamilton,Carmel,RANGELINE RD & ELM ST,Vehicle,RAN OFF ROAD,UNSAFE SPEED,SSI,DAYLIGHT,CLEAR,DRY,False,39.9753265380859,-86.1271362304688
903700662,2020,2020-11-28,Johnson,Greenwood,COLLINS RD,Vehicle,RAN OFF ROAD,RAN OFF ROAD RIGHT,SSI,DARK (NOT LIGHTED),CLEAR,DRY,False,39.5941581726074,-86.0543365478516