id,year,date,county,city,cross_street,crash_type,manner,primary_factor,ssi_fatal,light,weather,surface,interstate,lat,lon
903621118,2020,2020-07-18,Marion,Indianapolis,SHELBY ST & STANDISH AVE,Vehicle,NON-COLLISION,UNSAFE SPEED,SSI,DAYLIGHT,CLEAR,DRY,False,39.7133293151855,-86.1394271850586
903634149,2020,2020-08-10,Marion,Indianapolis,MINNESOTA ST & GOODLET AVE,Vehicle,RAN OFF ROAD,UNSAFE SPEED,SSI,DAYLIGHT,CLEAR,DRY,False,39.7430152893066,-86.2124938964844
903648558,2020,2020-09-06,Marion,Speedway,CRAWFORDSVILLE RD & CUNNINGHAM RD,Vehicle,HEAD ON BETWEEN TWO MOTOR VEHICLES,FAILURE TO YIELD RIGHT OF WAY,SSI,DAYLIGHT,CLEAR,DRY,False,39.798641204834,-86.264892578125
903682893,2020,2020-10-31,Marion,Indianapolis,21ST ST & SNEAD CIR,Vehicle,HEAD ON BETWEEN TWO MOTOR VEHICLES,IMPROPER LANE USAGE,Fatal,DARK (LIGHTED),CLEAR,DRY,False,39.7971076965332,-85.9802627563477
903583827,2020,2020-05-23,Marion,Indianapolis,SUNSET AVE & HAMPTON DR,Vehicle,RAN OFF ROAD,RAN OFF ROAD RIGHT,SSI,DAYLIGHT,CLEAR,DRY,False,39.8364486694336,-86.1686553955078
903716292,2020,2020-12-27,Marion,Indianapolis,16TH ST & CAPITOL AVE,Vehicle,RAN OFF ROAD,DRIVER ASLEEP OR FATIGUED,SSI,DARK (LIGHTED),CLEAR,DRY,False,39.7880973815918,-86.1605682373047
903600621,2020,2020-06-21,Marion,Indianapolis,RAYMOND ST & CROSS WILLOW LN,Vehicle,RAN OFF ROAD,DRIVER ILLNESS,SSI,DARK (NOT LIGHTED),CLEAR,DRY,False,39.7405891418457,-86.0305709838867
903704306,2020,2020-11-28,Marion,Indianapolis,I-465  & Beech Dr,Vehicle,RAN OFF ROAD,UNSAFE SPEED,SSI,DAYLIGHT,CLEAR,DRY,True,39.7692565917969,-86.2684936523438
903621122,2020,2020-07-18,Marion,Indianapolis,MICHIGAN ST & HOLT RD,Vehicle,LEFT TURN,FAILURE TO YIELD RIGHT OF WAY,SSI,DAYLIGHT,CLEAR,DRY,False,39.7738189697266,-86.2281799316406
903636193,2020,2020-08-10,Shelby,SHELBYVILLE,RILEY HWY & MICHIGAN RD,Vehicle,RIGHT ANGLE,LEFT OF CENTER,SSI,DAYLIGHT,CLEAR,DRY,False,39.5324058532715,-85.7771911621094
903686461,2020,2020-10-31,Marion,Indianapolis,SOUTHERN AVE & LYNHURST DR,Vehicle,RIGHT ANGLE,DISREGARD SIGNAL/REG SIGN,Fatal,DAYLIGHT,CLEAR,DRY,False,39.7281837463379,-86.2503967285156
903650097,2020,2020-09-06,Marion,Indianapolis,N POST RD & CARLA DR,Vehicle,RIGHT ANGLE,FAILURE TO YIELD RIGHT OF WAY,SSI,DARK (LIGHTED),CLEAR,DRY,False,39.8078384399414,-86.0094528198242
903702369,2020,2020-10-31,Hamilton,Fishers,I-69,Pedestrian,OTHER - EXPLAIN IN NARRATIVE,PEDESTRIAN ACTION,Fatal,DARK (LIGHTED),CLEAR,DRY,True,39.9299125671387,-86.0276107788086
903583843,2020,2020-05-23,Morgan,MARTINSVILLE,SR44E & CENTENNIAL RD,Vehicle,HEAD ON BETWEEN TWO MOTOR VEHICLES,IMPROPER LANE USAGE,SSI,DAYLIGHT,CLOUDY,WET,False,39.4382438659668,-86.3621368408203
903716888,2020,2020-12-29,Marion,Indianapolis,SHADELAND AVE & KENSINGTON DR,Pedestrian,SAME DIRECTION SIDESWIPE,PEDESTRIAN ACTION,Fatal,DAYLIGHT,CLOUDY,DRY,False,39.8198356628418,-86.0457611083984
903623214,2020,2020-07-18,Marion,Indianapolis,I- 465  & S Sherman Dr,Vehicle,RAN OFF ROAD,UNSAFE SPEED,SSI,DARK (LIGHTED),CLEAR,DRY,True,39.704345703125,-86.1044006347656
903641600,2020,2020-08-10,Marion,Indianapolis,I- 69,Vehicle,RAN OFF ROAD,UNSAFE LANE MOVEMENT,SSI,DARK (LIGHTED),RAIN,WET,True,39.8989601135254,-86.0510940551758
903584011,2020,2020-05-23,Hendricks,Avon,ROCKVILLE RD  & RONALD REAGAN PKWY,Vehicle,HEAD ON BETWEEN TWO MOTOR VEHICLES,UNSAFE LANE MOVEMENT,SSI,DAYLIGHT,CLEAR,DRY,False,39.7635955810547,-86.3367233276367
903716334,2020,2020-12-30,Marion,Indianapolis,MICHIGAN RD & KESSLER BLVD,Vehicle,RIGHT ANGLE,FAILURE TO YIELD RIGHT OF WAY,SSI,DAYLIGHT,RAIN,WET,False,39.8554916381836,-86.1955413818359
903652128,2020,2020-09-06,Marion,Indianapolis,I70E,Vehicle,REAR END,UNSAFE LANE MOVEMENT,SSI,DAYLIGHT,CLEAR,DRY,False,39.7559432983398,-86.199348449707
903681030,2020,2020-11-01,Johnson,Franklin,SR144 & METHODIST DR,Vehicle,RAN OFF ROAD,IMPROPER LANE USAGE,SSI,DARK (LIGHTED),CLEAR,DRY,False,39.4801979064941,-86.0750732421875
903602066,2020,2020-06-22,Hancock,,FORTVILLE PIKE RD RD & 600 N RD,Vehicle,RIGHT ANGLE,FAILURE TO YIELD RIGHT OF WAY,SSI,DAYLIGHT,FOG/SMOKE/SMOG,DRY,False,39.8813896179199,-85.8221206665039
903697723,2020,2020-11-29,Hamilton,,216 ST & ANTHONY RD,Vehicle,RAN OFF ROAD,RAN OFF ROAD RIGHT,SSI,DARK (NOT LIGHTED),CLEAR,DRY,False,40.1015319824219,-86.1081161499023
903653269,2020,2020-09-06,Marion,Indianapolis,FRANKLIN RD & 33RD ST,Pedestrian,OTHER - EXPLAIN IN NARRATIVE,PEDESTRIAN ACTION,Fatal,DARK (LIGHTED),CLEAR,DRY,False,39.8164291381836,-86.0268173217773
903681473,2020,2020-11-01,Marion,Indianapolis,WASHINGTON ST & MCCLURE ST,Vehicle,LEFT TURN,FAILURE TO YIELD RIGHT OF WAY,SSI,DARK (LIGHTED),CLEAR,DRY,False,39.7599296569824,-86.227180480957
903625608,2020,2020-07-18,Marion,Indianapolis,10TH ST & FRANKLIN RD,Vehicle,RIGHT ANGLE,DISREGARD SIGNAL/REG SIGN,SSI,DAYLIGHT,CLEAR,DRY,False,39.7817420959473,-86.026237487793
903634889,2020,2020-08-11,Marion,Indianapolis,32ND ST & FALL CREEK PKWY N DR,Vehicle,RIGHT ANGLE,FAILURE TO YIELD RIGHT OF WAY,SSI,DAYLIGHT,CLEAR,DRY,False,39.8140907287598,-86.1437225341797
903584818,2020,2020-05-23,Marion,Indianapolis,COLLEGE AVE & 32ND ST,Vehicle,RIGHT ANGLE,DISREGARD SIGNAL/REG SIGN,SSI,DAYLIGHT,CLOUDY,DRY,False,39.8139038085938,-86.1448822021484
903716529,2020,2020-12-31,Hamilton,,SR38 & CYNTHEANNE RD,Vehicle,REAR END,FOLLOWING TOO CLOSELY,Fatal,DAYLIGHT,CLEAR,DRY,False,40.0264205932617,-85.8813400268555
903699522,2020,2020-11-29,Hancock,,CR775E,Vehicle,RAN OFF ROAD,RAN OFF ROAD RIGHT,SSI,DAYLIGHT,CLOUDY,DRY,False,39.776985168457,-85.6524276733398
903606113,2020,2020-06-22,Marion,Indianapolis,I70E,Vehicle,OTHER - EXPLAIN IN NARRATIVE,UNSAFE SPEED,SSI,DAYLIGHT,CLEAR,DRY,False,39.7800064086914,-86.1405410766601
903650175,2020,2020-09-07,Marion,Indianapolis,EMERSON AVE & 34TH ST,Vehicle,RIGHT ANGLE,FAILURE TO YIELD RIGHT OF WAY,SSI,DAYLIGHT,CLEAR,DRY,False,39.8183631896973,-86.0835266113281
903681883,2020,2020-11-02,Hancock,,W 100 N RD,Vehicle,HEAD ON BETWEEN TWO MOTOR VEHICLES,OTHER (DRIVER) - EXPLAIN IN NARRATIVE,SSI,DAYLIGHT,CLEAR,DRY,False,39.7972984313965,-85.852653503418
903625905,2020,2020-07-18,Marion,Indianapolis,KESSELER BLVD N DR & 38TH ST 005 RAMP E RAMP,Vehicle,RIGHT ANGLE,UNSAFE LANE MOVEMENT,Fatal,DARK (LIGHTED),CLOUDY,DRY,False,39.8227462768555,-86.2114181518555
903635066,2020,2020-08-11,Marion,Indianapolis,E 38TH ST & MEADOWS DR,Vehicle,LEFT TURN,FAILURE TO YIELD RIGHT OF WAY,SSI,DAYLIGHT,CLEAR,DRY,False,39.8251342773438,-86.1150894165039
903716641,2020,2020-12-31,Hamilton,Fishers,HARVEST GLEN BLVD & WOODSTONE CIR,Vehicle,RAN OFF ROAD,RAN OFF ROAD RIGHT,SSI,DARK (LIGHTED),CLEAR,DRY,False,39.9462089538574,-85.9007339477539
903606203,2020,2020-06-22,Marion,Indianapolis,I- 465,Vehicle,REAR END,UNSAFE SPEED,SSI,DARK (LIGHTED),FOG/SMOKE/SMOG,DRY,True,39.7037467956543,-86.0763168334961
903650184,2020,2020-09-07,Marion,Indianapolis,30TH ST & ARLINGTON AVE,Vehicle,RIGHT ANGLE,DISREGARD SIGNAL/REG SIGN,SSI,DAYLIGHT,CLOUDY,DRY,False,39.8109283447266,-86.0644454956055
903688415,2020,2020-11-02,Marion,Indianapolis,I-65  & Petersburg Pkwy,Vehicle,COLLISION WITH OBJECT IN ROAD,ANIMAL/OBJECT IN ROADWAY,SSI,DARK (LIGHTED),CLEAR,DRY,True,39.8611526489258,-86.2718200683594
903699098,2020,2020-11-30,Johnson,,SR37N & N BLUFFDALE RD,Vehicle,RIGHT ANGLE,FAILURE TO YIELD RIGHT OF WAY,SSI,DARK (NOT LIGHTED),CLEAR,DRY,False,39.6143913269043,-86.2134628295898
903649015,2020,2020-09-08,Boone,,SR39S,Vehicle,RAN OFF ROAD,RAN OFF ROAD RIGHT,SSI,DAYLIGHT,CLEAR,DRY,False,39.9918975830078,-86.4831008911133
903721346,2020,2020-11-02,Marion,Beech Grove,BIG FOUR RD & CINCINNATI ST,Vehicle,RAN OFF ROAD,RAN OFF ROAD RIGHT,SSI,DARK (NOT LIGHTED),CLEAR,DRY,False,39.7166862487793,-86.0699310302734
903584829,2020,2020-05-23,Marion,Indianapolis,29TH ST & CALIFORNIA ST,Vehicle,SAME DIRECTION SIDESWIPE,FAILURE TO YIELD RIGHT OF WAY,SSI,DAYLIGHT,CLEAR,DRY,False,39.8082885742188,-86.1703033447266
903718141,2020,2020-12-31,Marion,Indianapolis,COLLEGE AVE & 23RD ST,Vehicle,REAR END,FOLLOWING TOO CLOSELY,SSI,DAYLIGHT,CLEAR,DRY,False,39.7993354797363,-86.1447448730469
903602816,2020,2020-06-23,Hendricks,CLAYTON,US40,Vehicle,RAN OFF ROAD,RAN OFF ROAD RIGHT,SSI,DAYLIGHT,CLEAR,DRY,False,39.6596565246582,-86.5534362792969
903621241,2020,2020-07-19,Marion,Indianapolis,MERIDIAN ST & KESSLER BLVD,Vehicle,OTHER - EXPLAIN IN NARRATIVE,DISREGARD SIGNAL/REG SIGN,SSI,DAYLIGHT,RAIN,WET,False,39.8628349304199,-86.1572875976563
903635399,2020,2020-08-11,Marion,Indianapolis,MORRIS ST & SHEFFIELD AVE,Vehicle,RIGHT ANGLE,FAILURE TO YIELD RIGHT OF WAY,SSI,DAYLIGHT,CLEAR,DRY,False,39.7509422302246,-86.1980972290039
903586096,2020,2020-05-23,Marion,Indianapolis,KESSLER BLVD N DR & 38TH ST,Pedestrian,REAR END,OVERCORRECTING/OVERSTEERING,Fatal,DARK (LIGHTED),CLOUDY,DRY,False,39.821964263916,-86.2115020751953
903602856,2020,2020-06-23,Hancock,,FW MARKS DR,Pedestrian,OTHER - EXPLAIN IN NARRATIVE,ACCELERATOR FAILURE OR DEFECTIVE,SSI,DARK (LIGHTED),CLEAR,DRY,False,39.8236465454101,-85.9263763427734
903623118,2020,2020-07-19,Johnson,Greenwood,KELLY PASS & EMERSON AVE,Vehicle,HEAD ON BETWEEN TWO MOTOR VEHICLES,IMPROPER TURNING,SSI,DAYLIGHT,CLOUDY,WET,False,39.6342010498047,-86.0827331542969
903699329,2020,2020-11-30,Marion,Indianapolis,FRANKLIN RD & SOUTHPORT RD,Vehicle,RIGHT ANGLE,FAILURE TO YIELD RIGHT OF WAY,SSI,DAYLIGHT,RAIN,WET,False,39.6666412353516,-86.0185089111328
903682206,2020,2020-11-03,Hendricks,Avon,E Co Rd 25 S  & Avon Rd,Vehicle,SAME DIRECTION SIDESWIPE,FOLLOWING TOO CLOSELY,SSI,DARK (LIGHTED),CLEAR,DRY,False,39.7603034973145,-86.3995056152344
903649198,2020,2020-09-08,Hendricks,Plainfield,RIDGEWOOD CT & STANLEY RD,Vehicle,RIGHT ANGLE,UNSAFE SPEED,SSI,DAYLIGHT,CLEAR,DRY,False,39.6754570007324,-86.3885040283203
903721841,2020,2020-12-31,Marion,Indianapolis,40TH ST & CAMPBELL AVE,Vehicle,RIGHT ANGLE,DISREGARD SIGNAL/REG SIGN,SSI,DARK (LIGHTED),CLOUDY,DRY,False,39.8292465209961,-86.0660934448242
903635412,2020,2020-08-12,Marion,Indianapolis,79TH ST & GUION RD,Vehicle,REAR END,FOLLOWING TOO CLOSELY,SSI,DAYLIGHT,CLEAR,DRY,False,39.8968772888184,-86.2316055297852
903583965,2020,2020-05-24,Hendricks,CLAYTON,CR400S,Vehicle,OTHER - EXPLAIN IN NARRATIVE,OTHER (DRIVER) - EXPLAIN IN NARRATIVE,SSI,DAYLIGHT,CLEAR,DRY,False,39.7021331787109,-86.5339126586914
903603063,2020,2020-06-23,Marion,Indianapolis,KESSLER BLVD E DR & GUILFORD AVE,Vehicle,RIGHT ANGLE,FAILURE TO YIELD RIGHT OF WAY,SSI,DAYLIGHT,CLEAR,DRY,False,39.8619689941406,-86.143180847168
903634600,2020,2020-07-20,Marion,Indianapolis,FURNAS RD & WILLOWRIDGE CT,Vehicle,RAN OFF ROAD,RAN OFF ROAD RIGHT,SSI,DARK (NOT LIGHTED),CLEAR,DRY,False,39.6807403564453,-86.2707595825195
903699874,2020,2020-11-30,Johnson,Whiteland,WHITELAND RD & WARRIOR TRL,Vehicle,OTHER - EXPLAIN IN NARRATIVE,SPEED TOO FAST FOR WEATHER CONDITIONS,SSI,DARK (LIGHTED),SLEET/HAIL/FREEZING RAIN,ICE,False,39.5506782531738,-86.045036315918
903682403,2020,2020-11-03,Marion,Indianapolis,ENGLISH AVE & PLEASANT RUN PKWY N DR,Pedalcycle,COLLISION WITH OBJECT IN ROAD,PEDESTRIAN ACTION,Fatal,DAYLIGHT,CLEAR,DRY,False,39.7599372863769,-86.1053009033203
903650199,2020,2020-09-08,Marion,Indianapolis,CAPITOL AVE & 30TH ST,Vehicle,RIGHT ANGLE,FAILURE TO YIELD RIGHT OF WAY,SSI,DARK (LIGHTED),CLEAR,DRY,False,39.810115814209,-86.1614074707031
903636001,2020,2020-08-12,Morgan,MORGANTOWN,State Rd 135  & Williams Rd,Vehicle,HEAD ON BETWEEN TWO MOTOR VEHICLES,LEFT OF CENTER,SSI,DAYLIGHT,CLEAR,DRY,False,39.3421363830566,-86.2567367553711
903717910,2021,2021-01-01,Hancock,,CR200 & SUGAR CREEK TRL,Vehicle,HEAD ON BETWEEN TWO MOTOR VEHICLES,RAN OFF ROAD RIGHT,Fatal,DAWN/DUSK,RAIN,WET,False,39.8132209777832,-85.8296813964844
903646504,2020,2020-08-12,Marion,Indianapolis,I-70  & N Emerson Ave,Vehicle,SAME DIRECTION SIDESWIPE,UNSAFE LANE MOVEMENT,SSI,DAYLIGHT,CLEAR,DRY,True,39.8021812438965,-86.0853729248047
903584039,2020,2020-05-24,Hancock,McCordsville,NORTH COUNTY ROAD 700 WEST RD & WEST CARDINAL DRIVE DR,Vehicle,REAR END,FAILURE TO YIELD RIGHT OF WAY,SSI,DAYLIGHT,CLEAR,DRY,False,39.9252510070801,-85.936882019043
903603115,2020,2020-06-23,Johnson,Edinburgh,WEST MAIN CROSS ST & MAIN ST,Vehicle,OTHER - EXPLAIN IN NARRATIVE,UNSAFE SPEED,SSI,DARK (LIGHTED),CLEAR,DRY,False,39.354606628418,-85.9678344726563
903706766,2020,2020-11-30,Marion,Indianapolis,52ND ST & COLLEGE AVE,Vehicle,OPPOSITE DIRECTION SIDESWIPE,DISREGARD SIGNAL/REG SIGN,SSI,DAYLIGHT,CLOUDY,WET,False,39.8469543457031,-86.145751953125
903623409,2020,2020-07-21,Marion,Indianapolis,CARSON AVE & LINDBERGH DR,Vehicle,RAN OFF ROAD,RAN OFF ROAD RIGHT,SSI,DARK (LIGHTED),CLEAR,DRY,False,39.6999168395996,-86.1110382080078
903682472,2020,2020-11-03,Hendricks,Avon,Rockville Rd  & Gable Dr,Vehicle,LEFT TURN,FAILURE TO YIELD RIGHT OF WAY,SSI,DAYLIGHT,CLEAR,DRY,False,39.7635192871094,-86.3506469726563
903624045,2020,2020-07-21,Marion,Indianapolis,SHERMAN DR & 25TH ST,Vehicle,HEAD ON BETWEEN TWO MOTOR VEHICLES,DISREGARD SIGNAL/REG SIGN,SSI,DAYLIGHT,CLEAR,DRY,False,39.8032493591309,-86.1024475097656
903584716,2020,2020-05-24,Marion,Southport,SOUTHPORT RD & MADISON AVE,Vehicle,RIGHT ANGLE,DISREGARD SIGNAL/REG SIGN,SSI,DARK (LIGHTED),RAIN,WET,False,39.6649436950684,-86.1268768310547
903635708,2020,2020-08-13,Hendricks,Plainfield,US40 & SHADY LN,Vehicle,RIGHT ANGLE,DISREGARD SIGNAL/REG SIGN,SSI,DAYLIGHT,CLEAR,DRY,False,39.7141647338867,-86.3661651611328
903718213,2021,2021-01-01,Marion,Indianapolis,N SHERMAN DR & E VERMONT ST,Vehicle,HEAD ON BETWEEN TWO MOTOR VEHICLES,LEFT OF CENTER,SSI,DARK (LIGHTED),RAIN,WET,False,39.7728462219238,-86.1020355224609
903703464,2020,2020-12-01,Marion,Indianapolis,KEYSTONE AVE & 52ND ST,Vehicle,RAN OFF ROAD,RAN OFF ROAD RIGHT,Fatal,DARK (LIGHTED),CLEAR,DRY,False,39.8482055664062,-86.1218185424805
903603215,2020,2020-06-24,Johnson,,EAGLE TRACE CT,Vehicle,RAN OFF ROAD,DRIVER ILLNESS,SSI,DAYLIGHT,CLEAR,DRY,False,39.5935401916504,-86.1739959716797
903651363,2020,2020-09-08,Marion,Indianapolis,WALDEMAR RD & VINCENNES CIR,Vehicle,OTHER - EXPLAIN IN NARRATIVE,UNSAFE SPEED,Fatal,DAYLIGHT,CLEAR,DRY,False,39.9180335998535,-86.2284393310547
903720280,2021,2021-01-01,Marion,Indianapolis,I- 465,Vehicle,RAN OFF ROAD,OTHER (DRIVER) - EXPLAIN IN NARRATIVE,SSI,DARK (NOT LIGHTED),SLEET/HAIL/FREEZING RAIN,ICE,True,39.873104095459,-86.0473709106445
903585029,2020,2020-05-24,Hamilton,Carmel,MAIN ST & HAZEL DELL PKWY,Vehicle,LEFT TURN,FAILURE TO YIELD RIGHT OF WAY,SSI,DAYLIGHT,CLEAR,DRY,False,39.9297370910644,-86.0792922973633
903603527,2020,2020-06-24,Marion,Indianapolis,25TH ST & POST RD,Vehicle,RIGHT ANGLE,DISREGARD SIGNAL/REG SIGN,SSI,DAYLIGHT,CLEAR,DRY,False,39.8039894104004,-86.0096893310547
903704169,2020,2020-12-01,Marion,Indianapolis,ROOSEVELT AVE & 16TH ST,Pedestrian,OTHER - EXPLAIN IN NARRATIVE,OTHER (DRIVER) - EXPLAIN IN NARRATIVE,Fatal,DARK (LIGHTED),CLOUDY,DRY,False,39.7883987426758,-86.1317367553711
903636913,2020,2020-08-13,Hamilton,,141ST ST & PRAIRIE BAPTIST RD,Vehicle,RAN OFF ROAD,RAN OFF ROAD RIGHT,SSI,DARK (NOT LIGHTED),CLEAR,DRY,False,39.9811515808105,-85.8999328613281
903682768,2020,2020-11-03,Hamilton,,SR32 & DESHANE AVE,Pedalcycle,OTHER - EXPLAIN IN NARRATIVE,PEDESTRIAN ACTION,SSI,DARK (NOT LIGHTED),CLEAR,DRY,False,40.0516128540039,-85.9319305419922
903625300,2020,2020-07-21,Marion,Indianapolis,I-70  & Sheldon St,Vehicle,RAN OFF ROAD,UNSAFE SPEED,SSI,DARK (LIGHTED),CLEAR,DRY,True,39.7872200012207,-86.1336975097656
903651697,2020,2020-09-08,Boone,JAMESTOWN(BOONE),I74W,Vehicle,RAN OFF ROAD,RAN OFF ROAD RIGHT,SSI,DAYLIGHT,CLEAR,DRY,False,39.9398422241211,-86.6129455566406
903718359,2021,2021-01-02,Marion,Indianapolis,38TH ST & DEQUINCY ST,Vehicle,REAR END,FOLLOWING TOO CLOSELY,SSI,DARK (LIGHTED),CLEAR,DRY,False,39.8254089355469,-86.087890625
903605960,2020,2020-06-24,Marion,Indianapolis,30TH ST & FOREST MANOR AVE,Pedestrian,,OTHER (DRIVER) - EXPLAIN IN NARRATIVE,Fatal,DARK (LIGHTED),CLEAR,DRY,False,39.8108177185059,-86.0984649658203
903700653,2020,2020-12-02,Shelby,SHELBYVILLE,SR9N,Vehicle,HEAD ON BETWEEN TWO MOTOR VEHICLES,DISREGARD SIGNAL/REG SIGN,SSI,DARK (NOT LIGHTED),CLEAR,DRY,False,39.6112174987793,-85.7673797607422
903684128,2020,2020-11-03,Hamilton,Noblesville,ATKINSON DR,Vehicle,RAN OFF ROAD,DRIVER ILLNESS,Fatal,DAYLIGHT,CLEAR,DRY,False,40.012336730957,-85.9753646850586
903634601,2020,2020-07-21,Marion,Indianapolis,EAST ST & ELBERT ST,Vehicle,LEFT TURN,FAILURE TO YIELD RIGHT OF WAY,SSI,DARK (LIGHTED),CLEAR,DRY,False,39.6945457458496,-86.1487045288086
903585192,2020,2020-05-24,Morgan,PARAGON,OLD SR 67 N RD & DUCKWORTH RD,Vehicle,RAN OFF ROAD,RAN OFF ROAD RIGHT,Fatal,DAYLIGHT,CLEAR,DRY,False,39.4010505676269,-86.5313262939453
903700672,2020,2020-12-02,Boone,Zionsville,CLARKSTON RD,Vehicle,RAN OFF ROAD,RAN OFF ROAD RIGHT,SSI,DARK (NOT LIGHTED),CLEAR,DRY,False,39.9708099365234,-86.2555618286133
903603796,2020,2020-06-25,Morgan,MARTINSVILLE,MAIN ST & MITCHELL ST,Vehicle,OTHER - EXPLAIN IN NARRATIVE,DRIVER ILLNESS,SSI,DAYLIGHT,CLEAR,DRY,False,39.4233245849609,-86.4285736083984
903718400,2021,2021-01-03,Marion,Indianapolis,38TH ST & KEVIN WAY,Vehicle,OTHER - EXPLAIN IN NARRATIVE,DRIVER DISTRACTED - EXPLAIN IN NARRATIVE,SSI,DARK (NOT LIGHTED),CLEAR,DRY,False,39.823600769043,-86.2493591308594
903652821,2020,2020-09-08,Hancock,Greenfield,US40,Vehicle,REAR END,FOLLOWING TOO CLOSELY,SSI,DARK (NOT LIGHTED),CLEAR,DRY,False,39.7871017456055,-85.7271423339844
903636348,2020,2020-08-14,Hamilton,Westfield,S UNION ST & DAVID BROWN DR,Vehicle,RIGHT ANGLE,FAILURE TO YIELD RIGHT OF WAY,SSI,DAYLIGHT,CLEAR,DRY,False,40.0329170227051,-86.1275634765625
903719772,2021,2021-01-03,Marion,Indianapolis,38TH ST & HARVEST AVE,Vehicle,RAN OFF ROAD,OVERCORRECTING/OVERSTEERING,Fatal,DARK (NOT LIGHTED),CLEAR,DRY,False,39.8259162902832,-86.023551940918
903671234,2020,2020-09-08,Marion,Indianapolis,SOUTHPORT RD & MCFARLAND AVE,Vehicle,RIGHT ANGLE,FAILURE TO YIELD RIGHT OF WAY,Fatal,DAYLIGHT,CLEAR,DRY,False,39.6659240722656,-86.0775146484375
903684466,2020,2020-11-03,Hamilton,Fishers,FALL CREEK RD & CARROLL RD,Vehicle,LEFT TURN,DISREGARD SIGNAL/REG SIGN,SSI,DARK (NOT LIGHTED),CLEAR,DRY,False,39.9279251098633,-85.9358444213867
903622483,2020,2020-07-22,Marion,Indianapolis,MADISON AVE & TULIP DR,Vehicle,REAR END,DRIVER DISTRACTED - EXPLAIN IN NARRATIVE,SSI,DARK (LIGHTED),CLOUDY,WET,False,39.6677932739258,-86.128044128418
903585288,2020,2020-05-24,Marion,Indianapolis,I-74  & S FRANKLIN RD,Pedestrian,COLLISION WITH OBJECT IN ROAD,PEDESTRIAN ACTION,Fatal,DARK (NOT LIGHTED),CLEAR,DRY,True,39.7258338928223,-86.0204544067383
903700890,2020,2020-12-02,Marion,Indianapolis,10TH ST & BELLEVIEW PL,Vehicle,HEAD ON BETWEEN TWO MOTOR VEHICLES,LEFT OF CENTER,SSI,DAWN/DUSK,CLEAR,DRY,False,39.7807083129883,-86.2027893066406
903604327,2020,2020-06-25,Marion,Indianapolis,E 42ND ST & WITTFILED ST,Vehicle,RAN OFF ROAD,RAN OFF ROAD RIGHT,SSI,DAYLIGHT,CLEAR,DRY,False,39.8333282470703,-86.0047988891601
903642489,2020,2020-08-14,Marion,Indianapolis,I-65  & I65,Vehicle,REAR END,FOLLOWING TOO CLOSELY,SSI,DAYLIGHT,CLEAR,DRY,True,39.7827415466309,-86.1551284790039
903721609,2021,2021-01-03,Hamilton,Carmel,HAZEL DELL PKWY & E 96TH ST,Vehicle,RAN OFF ROAD,UNSAFE SPEED,SSI,DARK (NOT LIGHTED),RAIN,WET,False,39.9312782287598,-86.0785903930664
903659067,2020,2020-09-25,Johnson,TRAFALGAR,CR300W & INDIAN CREEK RD,Vehicle,OPPOSITE DIRECTION SIDESWIPE,LEFT OF CENTER,SSI,DAYLIGHT,CLEAR,DRY,False,39.3783149719238,-86.158332824707
903649321,2020,2020-09-09,Hancock,,US40,Vehicle,RAN OFF ROAD,DISREGARD SIGNAL/REG SIGN,SSI,DARK (NOT LIGHTED),CLEAR,DRY,False,39.789981842041,-85.6543350219727
903685723,2020,2020-11-03,Marion,Lawrence,E 56TH ST & CAITO DR,Pedestrian,OTHER - EXPLAIN IN NARRATIVE,PEDESTRIAN ACTION,SSI,DARK (LIGHTED),CLEAR,DRY,False,39.8550605773926,-86.0418472290039
903623265,2020,2020-07-22,Hendricks,Brownsburg,E CR 700 N RD & JANEAN DR,Vehicle,OTHER - EXPLAIN IN NARRATIVE,RAN OFF ROAD RIGHT,SSI,DAYLIGHT,CLOUDY,DRY,False,39.8521537780762,-86.3861083984375
903587577,2020,2020-05-24,Marion,Indianapolis,CAPE COD CIR & 75TH ST,Pedestrian,OPPOSITE DIRECTION SIDESWIPE,PEDESTRIAN ACTION,SSI,DARK (LIGHTED),CLEAR,DRY,False,39.8906135559082,-86.0662689208984
903700943,2020,2020-12-02,Marion,Indianapolis,SR 37 HWY & BANTA RD,Vehicle,REAR END,FOLLOWING TOO CLOSELY,SSI,DARK (NOT LIGHTED),CLEAR,DRY,False,39.6709365844726,-86.1959457397461
903604344,2020,2020-06-25,Marion,Indianapolis,FISHER RD & SOUTHEASTERN AVE,Vehicle,RIGHT ANGLE,FAILURE TO YIELD RIGHT OF WAY,SSI,DAYLIGHT,CLEAR,DRY,False,39.7190895080566,-86.0350875854492
903644852,2020,2020-08-14,Marion,Indianapolis,LYNHURST DR & MINNESOTA ST,Vehicle,LEFT TURN,FAILURE TO YIELD RIGHT OF WAY,SSI,DARK (LIGHTED),CLEAR,DRY,False,39.7431793212891,-86.2502365112305
903660297,2020,2020-09-25,Marion,Indianapolis,MICHIGAN RD & 64TH ST,Vehicle,REAR END,FOLLOWING TOO CLOSELY,SSI,DARK (LIGHTED),CLEAR,DRY,False,39.8714942932129,-86.2033920288086
903649845,2020,2020-09-09,Johnson,,SR44W,Vehicle,RIGHT ANGLE,FAILURE TO YIELD RIGHT OF WAY,SSI,DAYLIGHT,CLEAR,DRY,False,39.4484977722168,-86.1578903198242