id,year,date,county,city,cross_street,crash_type,manner,primary_factor,ssi_fatal,light,weather,surface,interstate,lat,lon
903687711,2020,2020-11-03,Boone,Zionsville,I- 465  & Cedar Branch Cir,Vehicle,REAR END,FOLLOWING TOO CLOSELY,SSI,DAYLIGHT,CLEAR,DRY,True,39.9259452819824,-86.2530899047852
903623589,2020,2020-07-22,Hamilton,Noblesville,LITTLE CHICAGO RD,Vehicle,OPPOSITE DIRECTION SIDESWIPE,LEFT OF CENTER,SSI,DAYLIGHT,CLEAR,DRY,False,40.0702934265137,-86.0714492797852
903593348,2020,2020-05-24,Marion,Indianapolis,I- 74  & WOLFGANG WAY,Vehicle,RIGHT ANGLE,FAILURE TO YIELD RIGHT OF WAY,Fatal,DARK (NOT LIGHTED),CLEAR,DRY,True,39.730411529541,-86.0268325805664
903704201,2020,2020-12-02,Marion,Indianapolis,I-70  & Valley Ave,Vehicle,REAR END,FOLLOWING TOO CLOSELY,SSI,DAYLIGHT,CLEAR,DRY,True,39.7911567687988,-86.1259994506836
903596163,2020,2020-05-24,Marion,Indianapolis,RAYMOND ST & ST PAUL ST,Pedestrian,RAN OFF ROAD,RAN OFF ROAD RIGHT,SSI,DAYLIGHT,CLEAR,DRY,False,39.7376213073731,-86.1228103637695
903718099,2021,2021-01-04,Morgan,Mooresville,Pleiades DR,Pedalcycle,RIGHT ANGLE,FAILURE TO YIELD RIGHT OF WAY,SSI,DAYLIGHT,CLEAR,DRY,False,39.5950813293457,-86.3792114257813
903665531,2020,2020-09-25,Marion,Indianapolis,WASHINGTON ST & ROUTIERS AVE,Vehicle,LEFT TURN,FAILURE TO YIELD RIGHT OF WAY,SSI,DAYLIGHT,CLOUDY,DRY,False,39.7735824584961,-86.0130844116211
903649967,2020,2020-09-09,Hendricks,,CARTERSBURG RD,Vehicle,RIGHT ANGLE,FAILURE TO YIELD RIGHT OF WAY,SSI,DAYLIGHT,CLEAR,DRY,False,39.7106246948242,-86.4811172485352
903690472,2020,2020-11-03,Marion,Indianapolis,28TH ST & SHERMAN DR,Vehicle,OTHER - EXPLAIN IN NARRATIVE,ANIMAL/OBJECT IN ROADWAY,SSI,DARK (LIGHTED),CLEAR,DRY,False,39.8067054748535,-86.1024932861328
903624047,2020,2020-07-22,Marion,Indianapolis,COLLEGE AVE & BROAD RIPPLE AVE,Vehicle,COLLISION WITH OBJECT IN ROAD,IMPROPER LANE USAGE,SSI,DAYLIGHT,CLEAR,DRY,False,39.8642730712891,-86.1461334228515
903604490,2020,2020-06-25,Marion,Indianapolis,I-65  & I65,Vehicle,RAN OFF ROAD,UNSAFE LANE MOVEMENT,SSI,DAYLIGHT,CLEAR,DRY,True,39.7942962646484,-86.1645584106445
903637335,2020,2020-08-15,Marion,Indianapolis,38TH ST & POST RD,Vehicle,RIGHT ANGLE,UNSAFE SPEED,SSI,DAYLIGHT,CLEAR,DRY,False,39.8259963989258,-86.0099639892578
903650245,2020,2020-09-09,Marion,Indianapolis,21ST ST & CATHERWOOD AVE,Vehicle,RIGHT ANGLE,FAILURE TO YIELD RIGHT OF WAY,SSI,DAYLIGHT,CLOUDY,DRY,False,39.7962417602539,-86.061164855957
903626639,2020,2020-07-22,Hamilton,Fishers,I69N,Vehicle,REAR END,FOLLOWING TOO CLOSELY,SSI,DARK (NOT LIGHTED),CLOUDY,WET,False,39.9921455383301,-85.8609466552734
903701738,2020,2020-12-03,Marion,Indianapolis,SOUTHPORT RD & SHELBY ST,Vehicle,LEFT TURN,FAILURE TO YIELD RIGHT OF WAY,SSI,DAYLIGHT,CLOUDY,DRY,False,39.6645126342773,-86.1393127441406
903598272,2020,2020-05-24,Marion,Indianapolis,MINNESOTA ST & CONCORD ST,Vehicle,RAN OFF ROAD,OVERCORRECTING/OVERSTEERING,Fatal,DARK (LIGHTED),CLOUDY,DRY,False,39.7434463500977,-86.2054061889648
903605979,2020,2020-06-25,Hancock,Greenfield,US40E & JAYCIE PHELPS RD,Vehicle,OTHER - EXPLAIN IN NARRATIVE,FAILURE TO YIELD RIGHT OF WAY,SSI,DAYLIGHT,CLEAR,DRY,False,39.787181854248,-85.7269897460938
903719174,2021,2021-01-04,Marion,Indianapolis,EMERSON AVE,Pedestrian,OTHER - EXPLAIN IN NARRATIVE,PEDESTRIAN ACTION,SSI,DARK (LIGHTED),CLEAR,DRY,False,39.8037147521973,-86.08349609375
903686462,2020,2020-11-04,Marion,Indianapolis,BINFORD BLVD & 46TH ST,Vehicle,RIGHT ANGLE,DISREGARD SIGNAL/REG SIGN,Fatal,DARK (NOT LIGHTED),CLEAR,DRY,False,39.8401489257812,-86.1130447387695
903637344,2020,2020-08-15,Marion,Indianapolis,SCHUMACHER WAY & WASHINGTON ST,Vehicle,SAME DIRECTION SIDESWIPE,UNSAFE LANE MOVEMENT,SSI,DAYLIGHT,CLEAR,DRY,False,39.7655334472656,-86.1698455810547
903659590,2020,2020-09-26,Hendricks,Plainfield,SR267 & HARTFORD AV AVE,Vehicle,RIGHT ANGLE,FAILURE TO YIELD RIGHT OF WAY,SSI,DAYLIGHT,CLEAR,DRY,False,39.6787147521973,-86.3711624145508
903660282,2020,2020-09-09,Marion,Indianapolis,MUESSING RD & PROPECT ST,Vehicle,RAN OFF ROAD,RAN OFF ROAD RIGHT,Fatal,DAYLIGHT,CLEAR,DRY,False,39.7607421875,-85.9617004394531
903628016,2020,2020-07-22,Marion,Indianapolis,TOWNSHIP LINE RD & STOCKBRIDGE DR,Vehicle,RIGHT ANGLE,DISREGARD SIGNAL/REG SIGN,Fatal,DAYLIGHT,CLOUDY,DRY,False,39.8826370239258,-86.2031097412109
903702700,2020,2020-12-03,Morgan,MONROVIA,SR42W & EVERETT RD,Vehicle,RIGHT ANGLE,FAILURE TO YIELD RIGHT OF WAY,SSI,DAYLIGHT,CLEAR,DRY,False,39.578914642334,-86.4917373657227
903659887,2020,2020-09-26,Johnson,Greenwood,EMERSON AVE & SAYRE DR,Vehicle,SAME DIRECTION SIDESWIPE,LEFT OF CENTER,SSI,DAYLIGHT,CLEAR,DRY,False,39.6263732910156,-86.0827102661133
903600214,2020,2020-05-24,Marion,Indianapolis,RURAL ST & BROOKSIDE AVE,Pedestrian,,OTHER (DRIVER) - EXPLAIN IN NARRATIVE,Fatal,DARK (LIGHTED),CLOUDY,WET,False,39.793025970459,-86.1165084838867
903660390,2020,2020-09-26,Hendricks,,SR267,Vehicle,HEAD ON BETWEEN TWO MOTOR VEHICLES,LEFT OF CENTER,Fatal,DAWN/DUSK,CLOUDY,DRY,False,39.8125686645508,-86.4008026123047
903721760,2021,2021-01-04,Johnson,,I-65  & E 250 S,Vehicle,REAR END,OTHER TELEMATICS IN USE,SSI,DAYLIGHT,CLOUDY,DRY,True,39.4440155029297,-85.9895248413086
903612680,2020,2020-06-25,Marion,Indianapolis,I-65,Vehicle,REAR END,TIRE FAILURE OR DEFECTIVE,SSI,DAYLIGHT,CLEAR,DRY,True,39.8840370178223,-86.2970123291016
903699541,2020,2020-11-04,Marion,Speedway,CRAWFORDSVILLE RD & 22ND ST,Vehicle,HEAD ON BETWEEN TWO MOTOR VEHICLES,LEFT OF CENTER,Fatal,DAYLIGHT,CLEAR,DRY,False,39.7942771911621,-86.2573318481445
903673691,2020,2020-09-09,Marion,Indianapolis,MITTHOEFFER RD & MEADOWLARK DR,Pedestrian,OTHER - EXPLAIN IN NARRATIVE,PEDESTRIAN ACTION,SSI,UNKNOWN,FOG/SMOKE/SMOG,DRY,False,39.8375778198242,-85.9911804199219
903719611,2020,2020-12-03,Hancock,Cumberland,W US Hwy 40,Vehicle,OPPOSITE DIRECTION SIDESWIPE,DRIVER ILLNESS,Fatal,DAYLIGHT,CLEAR,DRY,False,39.7770233154297,-85.9455490112305
903638083,2020,2020-08-15,Marion,Indianapolis,PENNSYLVANIA ST & 43RD ST,Pedestrian,RAN OFF ROAD,INSECURE/LEAKY LOAD,SSI,DAYLIGHT,CLEAR,DRY,False,39.8336563110351,-86.1544036865234
903604577,2020,2020-06-26,Hancock,McCordsville,US36W & NORTH COUNTY ROAD 600 WEST RD,Vehicle,RIGHT ANGLE,FAILURE TO YIELD RIGHT OF WAY,SSI,DAYLIGHT,RAIN,WET,False,39.8964347839356,-85.9180145263672
903703121,2020,2020-12-04,Marion,Lawrence,BASIN ST,Vehicle,RAN OFF ROAD,RAN OFF ROAD RIGHT,Fatal,DARK (LIGHTED),CLEAR,DRY,False,39.836353302002,-86.0054397583008
903706092,2020,2020-11-04,Marion,Indianapolis,WASHINGTON ST & WOODSIDE AVE,Pedestrian,OTHER - EXPLAIN IN NARRATIVE,PEDESTRIAN ACTION,SSI,DARK (LIGHTED),CLEAR,DRY,False,39.7724914550781,-86.0381164550781
903650599,2020,2020-09-10,Morgan,MARTINSVILLE,SR37S & MORGAN ST,Vehicle,RIGHT ANGLE,FAILURE TO YIELD RIGHT OF WAY,SSI,DARK (NOT LIGHTED),CLEAR,DRY,False,39.446159362793,-86.3872451782227
903584347,2020,2020-05-25,Hamilton,Fishers,BROOKS SCHOOL RD & FALL CREEK RD,Vehicle,NON-COLLISION,IMPROPER TURNING,SSI,DAYLIGHT,CLEAR,DRY,False,39.9345932006836,-85.9474411010742
903718931,2021,2021-01-05,Marion,Indianapolis,ALLISONVILLE RD & I465 RP,Vehicle,REAR END,UNSAFE LANE MOVEMENT,SSI,DARK (LIGHTED),CLEAR,DRY,True,39.9095611572266,-86.0763931274414
903660654,2020,2020-09-28,Hendricks,,SR267,Vehicle,RIGHT ANGLE,LEFT OF CENTER,SSI,DAYLIGHT,RAIN,WET,False,39.8799896240234,-86.3924789428711
903624677,2020,2020-07-23,Boone,Zionsville,US421 & COUNTY ROAD 300 SOUTH RD,Vehicle,RIGHT ANGLE,FAILURE TO YIELD RIGHT OF WAY,SSI,DAYLIGHT,CLEAR,DRY,False,39.9983863830566,-86.2646026611328
903584725,2020,2020-05-25,Marion,Indianapolis,ENGLISH AVE & SPENCER AVE,Vehicle,REAR END,IMPROPER LANE USAGE,SSI,DAYLIGHT,CLEAR,DRY,False,39.7603988647461,-86.0800170898438
903719175,2021,2021-01-05,Marion,Indianapolis,MICHIGAN RD & 71ST ST,Vehicle,RAN OFF ROAD,OVERCORRECTING/OVERSTEERING,Fatal,DAYLIGHT,CLEAR,DRY,False,39.8853263854981,-86.2102432250977
903638084,2020,2020-08-15,Marion,Indianapolis,HIGH SCHOOL RD & WESTHAVEN DR,Pedestrian,OTHER - EXPLAIN IN NARRATIVE,PEDESTRIAN ACTION,Fatal,DARK (LIGHTED),CLEAR,DRY,False,39.827018737793,-86.2703323364258
903617844,2020,2020-06-26,Marion,Indianapolis,KENTUCKY AVE & THOMPSON RD,Vehicle,NON-COLLISION,OVERCORRECTING/OVERSTEERING,Fatal,DARK (LIGHTED),CLEAR,DRY,False,39.6909637451172,-86.2744903564453
903660863,2020,2020-09-28,Hendricks,,CR300E,Pedestrian,RAN OFF ROAD,RAN OFF ROAD RIGHT,SSI,DAYLIGHT,CLEAR,DRY,False,39.7284736633301,-86.4666748046875
903703536,2020,2020-12-04,Marion,Indianapolis,BINFORD BLVD & 50TH ST,Vehicle,HEAD ON BETWEEN TWO MOTOR VEHICLES,OTHER (DRIVER) - EXPLAIN IN NARRATIVE,SSI,DARK (NOT LIGHTED),CLEAR,DRY,False,39.8434524536133,-86.1094512939453
903684141,2020,2020-11-05,Hamilton,Carmel,146 ST & ROHRER RD,Vehicle,LEFT TURN,FAILURE TO YIELD RIGHT OF WAY,SSI,DARK (LIGHTED),CLEAR,DRY,False,39.9997749328613,-86.136833190918
903650653,2020,2020-09-10,Hendricks,Plainfield,COUNTY ROAD 800 SOUTH RD & COUNTY ROAD 975 EAST RD,Vehicle,RAN OFF ROAD,RAN OFF ROAD RIGHT,SSI,DARK (NOT LIGHTED),CLOUDY,DRY,False,39.6461753845215,-86.3535308837891
903625906,2020,2020-07-23,Marion,Speedway,HOLT RD & MICHIGAN ST,Vehicle,RAN OFF ROAD,RAN OFF ROAD RIGHT,Fatal,DARK (NOT LIGHTED),CLEAR,DRY,False,39.7681465148926,-86.2283706665039
903585414,2020,2020-05-25,Marion,Indianapolis,HOVEY ST,Vehicle,HEAD ON BETWEEN TWO MOTOR VEHICLES,UNSAFE SPEED,SSI,DAYLIGHT,CLEAR,DRY,False,39.8199272155762,-86.1325607299805
903719203,2021,2021-01-05,Hamilton,SHERIDAN(HAMILTON),HINESLEY RD,Vehicle,OTHER - EXPLAIN IN NARRATIVE,OTHER (DRIVER) - EXPLAIN IN NARRATIVE,SSI,DARK (LIGHTED),CLEAR,DRY,False,40.1396713256836,-86.2181701660156
903664529,2020,2020-08-15,Hamilton,Noblesville,MAIZE DR & WOODS DR,Vehicle,NON-COLLISION,OTHER (DRIVER) - EXPLAIN IN NARRATIVE,SSI,DARK (LIGHTED),CLEAR,DRY,False,39.9949836730957,-85.9493103027344
903661165,2020,2020-09-28,Marion,Indianapolis,10TH ST & WILSON ST,Vehicle,REAR END,FOLLOWING TOO CLOSELY,SSI,DAYLIGHT,CLEAR,DRY,False,39.7800598144531,-86.1794281005859
903621557,2020,2020-06-26,Marion,Indianapolis,I- 465  & Norcross Ct,Vehicle,RAN OFF ROAD,FAILURE TO MAINTAIN LANE,Fatal,DARK (NOT LIGHTED),CLEAR,DRY,True,39.9241790771484,-86.1934509277344
903703543,2020,2020-12-04,Marion,Indianapolis,GERMAN CHURCH RD & 25 TH ST,Vehicle,RIGHT TURN,DISREGARD SIGNAL/REG SIGN,SSI,DAYLIGHT,CLEAR,DRY,False,39.804557800293,-85.9716339111328
903686463,2020,2020-11-05,Marion,Indianapolis,COSSELL RD & MICHIGAN ST,Vehicle,RAN OFF ROAD,RAN OFF ROAD RIGHT,Fatal,DARK (NOT LIGHTED),CLEAR,DRY,False,39.7736358642578,-86.2330093383789
903661684,2020,2020-09-29,Marion,Lawrence,US36E & RUSTIC CT,Vehicle,RAN OFF ROAD,UNSAFE SPEED,SSI,DARK (LIGHTED),CLEAR,DRY,False,39.8830146789551,-85.9454803466797
903636968,2020,2020-08-16,Boone,Zionsville,SR32E & 1100 E RD,Vehicle,RIGHT ANGLE,FAILURE TO YIELD RIGHT OF WAY,SSI,DAYLIGHT,CLEAR,DRY,False,40.0413093566895,-86.2602386474609
903705854,2020,2020-12-04,Marion,Indianapolis,I- 465  & S Sherman Dr,Vehicle,OTHER - EXPLAIN IN NARRATIVE,PEDESTRIAN ACTION,SSI,DAYLIGHT,CLEAR,DRY,True,39.7043113708496,-86.1042861938477
903623562,2020,2020-06-26,Marion,Indianapolis,ILLINOIS ST & 30TH ST,Vehicle,RIGHT ANGLE,DISREGARD SIGNAL/REG SIGN,SSI,DARK (LIGHTED),CLOUDY,DRY,False,39.8101196289063,-86.1590957641602
903626332,2020,2020-07-23,Marion,Indianapolis,THOMPSON RD & WALCOTT ST,Vehicle,OTHER - EXPLAIN IN NARRATIVE,OTHER (DRIVER) - EXPLAIN IN NARRATIVE,SSI,DAWN/DUSK,CLOUDY,DRY,False,39.6936721801758,-86.1264190673828
903650810,2020,2020-09-10,Marion,Indianapolis,E 42ND ST,Vehicle,RAN OFF ROAD,IMPROPER PASSING,SSI,DARK (NOT LIGHTED),CLEAR,DRY,False,39.8336791992188,-85.9805374145508
903684359,2020,2020-11-06,Marion,Indianapolis,EMERSON AVE & VICTORY DR,Vehicle,RIGHT ANGLE,FAILURE TO YIELD RIGHT OF WAY,SSI,DARK (LIGHTED),CLEAR,DRY,False,39.7014083862305,-86.0823745727539
903661800,2020,2020-09-29,Marion,Indianapolis,MICHIGAN ST & RURAL ST,Vehicle,OTHER - EXPLAIN IN NARRATIVE,RAN OFF ROAD RIGHT,SSI,DAYLIGHT,CLOUDY,DRY,False,39.7744331359863,-86.1165237426758
903707120,2020,2020-12-04,Marion,Indianapolis,SHADELAND AVE & 30TH ST,Pedestrian,RIGHT ANGLE,PEDESTRIAN ACTION,Fatal,UNKNOWN,CLEAR,DRY,False,39.8055686950683,-86.0455474853516
903625970,2020,2020-06-26,Marion,Indianapolis,21ST ST & SUSSEX LN,Vehicle,HEAD ON BETWEEN TWO MOTOR VEHICLES,UNSAFE SPEED,SSI,DAYLIGHT,CLEAR,DRY,False,39.7968139648438,-86.0017547607422
903636982,2020,2020-08-16,Shelby,SHELBYVILLE,DORAN AVE,Pedestrian,OTHER - EXPLAIN IN NARRATIVE,OTHER (ENVIRONMENTAL) - EXPLAIN IN NARR,SSI,DARK (NOT LIGHTED),CLEAR,DRY,False,39.5062370300293,-85.7860717773438
903635223,2020,2020-07-23,Marion,Indianapolis,COUNTY LINE RD & MADISON AVE,Vehicle,RAN OFF ROAD,OVERCORRECTING/OVERSTEERING,SSI,DAYLIGHT,CLEAR,DRY,False,39.6355094909668,-86.1162948608398
903585849,2020,2020-05-25,Marion,Indianapolis,TIBBS AVE & MICHIGAN ST,Vehicle,HEAD ON BETWEEN TWO MOTOR VEHICLES,LEFT OF CENTER,SSI,DAYLIGHT,CLEAR,DRY,False,39.8277854919434,-86.2161102294922
903719973,2021,2021-01-06,Marion,Indianapolis,CAPITOL AVE & 23RD ST,Pedestrian,RAN OFF ROAD,RAN OFF ROAD RIGHT,SSI,DARK (LIGHTED),CLOUDY,DRY,False,39.7999229431152,-86.1611785888672
903624650,2020,2020-07-24,Hamilton,Arcadia,256 ST & SALEM RD,Vehicle,RIGHT ANGLE,FAILURE TO YIELD RIGHT OF WAY,SSI,DAYLIGHT,CLEAR,DRY,False,40.1612319946289,-86.1026077270508
903702728,2020,2020-12-05,Boone,Whitestown,PERRYWORTH RD & MILLS DR,Vehicle,RIGHT ANGLE,OTHER (DRIVER) - EXPLAIN IN NARRATIVE,SSI,DAYLIGHT,CLOUDY,DRY,False,39.9501304626465,-86.3515167236328
903593467,2020,2020-05-25,Marion,Indianapolis,36TH ST & EMERSON AVE,Vehicle,REAR END,IMPROPER LANE USAGE,Fatal,DARK (NOT LIGHTED),CLEAR,DRY,False,39.8220138549805,-86.0836639404297
903666264,2020,2020-09-29,Hamilton,Fishers,E 126TH ST & GRAY EAGLE DR,Vehicle,LEFT/RIGHT TURN,FAILURE TO YIELD RIGHT OF WAY,SSI,DAYLIGHT,CLEAR,DRY,False,39.9722099304199,-85.9313354492188
903651786,2020,2020-09-11,Marion,Indianapolis,GUION RD & 71 ST ST,Vehicle,REAR END,FOLLOWING TOO CLOSELY,SSI,DAYLIGHT,CLEAR,DRY,False,39.8823661804199,-86.2313461303711
903637011,2020,2020-08-16,Johnson,Bargersville,WHITELAND RD & KERRINGTON BLVD,Vehicle,RAN OFF ROAD,RAN OFF ROAD RIGHT,SSI,DAYLIGHT,CLEAR,DRY,False,39.5474243164063,-86.2084808349609
903684618,2020,2020-11-06,Johnson,Greenwood,WORTHSVILLE RD & AVERITT RD,Pedalcycle,LEFT TURN,FAILURE TO YIELD RIGHT OF WAY,SSI,DAYLIGHT,CLEAR,DRY,False,39.5859451293945,-86.1207046508789
903605020,2020,2020-06-27,Hendricks,,US36 & SUBURBAN ST,Vehicle,RIGHT ANGLE,FAILURE TO YIELD RIGHT OF WAY,SSI,DARK (LIGHTED),RAIN,WET,False,39.7605781555176,-86.562614440918
903730396,2021,2021-01-06,Marion,Indianapolis,S Hunter Rd  & E Payne Rd,Vehicle,REAR END,OTHER (DRIVER) - EXPLAIN IN NARRATIVE,SSI,DARK (NOT LIGHTED),CLEAR,DRY,False,39.7204475402832,-86.0498886108399
903624918,2020,2020-07-24,Marion,Lawrence,E 42ND ST & N POST RD,Vehicle,RIGHT ANGLE,DRIVER DISTRACTED - EXPLAIN IN NARRATIVE,SSI,DARK (LIGHTED),CLEAR,DRY,False,39.8333435058594,-86.0098876953125
903712037,2020,2020-12-05,Marion,Indianapolis,I- 465  & Madison Ave,Vehicle,SAME DIRECTION SIDESWIPE,OTHER (DRIVER) - EXPLAIN IN NARRATIVE,SSI,DAYLIGHT,CLEAR,DRY,True,39.6984367370605,-86.1396560668945
903703240,2020,2020-12-06,Hancock,Greenfield,BROADWAY ST & GREEN MEADOWS DR,Vehicle,RAN OFF ROAD,RAN OFF ROAD RIGHT,SSI,DARK (LIGHTED),CLEAR,DRY,False,39.8042945861816,-85.7803268432617
903703624,2020,2020-12-06,Marion,Indianapolis,CENTRAL AVE & 31ST ST,Vehicle,LEFT TURN,FAILURE TO YIELD RIGHT OF WAY,SSI,DARK (LIGHTED),CLOUDY,DRY,False,39.8120765686035,-86.1496353149414
903712043,2020,2020-12-06,Marion,Indianapolis,I-465  & Delmar Ave,Vehicle,RAN OFF ROAD,UNSAFE LANE MOVEMENT,SSI,DARK (LIGHTED),CLEAR,DRY,True,39.7574043273926,-86.2644882202148
903703978,2020,2020-12-07,Hamilton,Carmel,146 ST & HAZEL DELL PKWY,Pedestrian,COLLISION WITH OBJECT IN ROAD,PEDESTRIAN ACTION,SSI,DARK (LIGHTED),CLEAR,DRY,False,40.0002784729004,-86.0702972412109
903713766,2020,2020-12-07,Marion,Indianapolis,MICHIGAN RD & BUSINESS DR,Vehicle,RIGHT ANGLE,DISREGARD SIGNAL/REG SIGN,SSI,DARK (LIGHTED),CLEAR,DRY,False,39.9093208312988,-86.2216720581055
903704413,2020,2020-12-08,Shelby,SHELBYVILLE,CR200W,Vehicle,OTHER - EXPLAIN IN NARRATIVE,OTHER (DRIVER) - EXPLAIN IN NARRATIVE,SSI,DARK (NOT LIGHTED),CLEAR,DRY,False,39.3499526977539,-85.7420654296875
903705860,2020,2020-12-08,Marion,Indianapolis,I-65  & Fetlock Dr,Vehicle,RAN OFF ROAD,UNSAFE LANE MOVEMENT,SSI,DARK (LIGHTED),CLOUDY,DRY,True,39.7132186889648,-86.1135482788086
903706906,2020,2020-12-08,Marion,Indianapolis,I-70,Vehicle,OTHER - EXPLAIN IN NARRATIVE,OVERCORRECTING/OVERSTEERING,SSI,DARK (LIGHTED),CLEAR,DRY,True,39.8060531616211,-86.0563659667969
903709587,2020,2020-12-08,Marion,Indianapolis,I-70  & Shadeland Rd,Vehicle,RAN OFF ROAD,OTHER (DRIVER) - EXPLAIN IN NARRATIVE,SSI,DAYLIGHT,CLOUDY,DRY,True,39.7983779907226,-86.0429534912109
903704551,2020,2020-12-09,Hendricks,Avon,EAST US HIGHWAY 36 HWY,Pedestrian,OTHER - EXPLAIN IN NARRATIVE,OTHER (DRIVER) - EXPLAIN IN NARRATIVE,SSI,DARK (LIGHTED),CLEAR,DRY,False,39.7608528137207,-86.3886871337891
903704885,2020,2020-12-09,Johnson,Greenwood,COLLINS RD,Vehicle,COLLISION WITH OBJECT IN ROAD,DRIVER DISTRACTED - EXPLAIN IN NARRATIVE,Fatal,DARK (NOT LIGHTED),CLEAR,DRY,False,39.5915184020996,-86.0503234863281
903704927,2020,2020-12-09,Hamilton,Arcadia,SR19 & 274 ST,Vehicle,OPPOSITE DIRECTION SIDESWIPE,LEFT OF CENTER,Fatal,DARK (NOT LIGHTED),CLEAR,DRY,False,40.1864929199219,-86.020622253418
903706427,2020,2020-12-09,Hendricks,Avon,CR200S,Vehicle,RIGHT ANGLE,FAILURE TO YIELD RIGHT OF WAY,SSI,DAWN/DUSK,CLEAR,DRY,False,39.7342071533203,-86.3359375
903720094,2020,2020-12-09,Johnson,Whiteland,I-65  & Whiteland Rd,Vehicle,OTHER - EXPLAIN IN NARRATIVE,UNDER STEERING/UNDER CORRECTING,SSI,DAYLIGHT,CLEAR,DRY,True,39.5516204833984,-86.0418701171875
903705039,2020,2020-12-10,Shelby,SHELBYVILLE,SR44E & EASTERN AVE,Pedestrian,OTHER - EXPLAIN IN NARRATIVE,PEDESTRIAN ACTION,SSI,DAWN/DUSK,CLEAR,DRY,False,39.5200576782227,-85.756706237793
903705208,2020,2020-12-10,Johnson,Franklin,US31 & SOUTH RD,Vehicle,REAR END,FOLLOWING TOO CLOSELY,SSI,DAYLIGHT,CLEAR,DRY,False,39.4638824462891,-86.0535202026367
903705706,2020,2020-12-10,Marion,Indianapolis,PERKING AVE & CHURCHMAN ST,Vehicle,RIGHT ANGLE,FAILURE TO YIELD RIGHT OF WAY,SSI,DAYLIGHT,CLEAR,DRY,False,39.7301139831543,-86.1113204956055
903707139,2020,2020-12-10,Hendricks,Indianapolis,RACEWAY RD,Vehicle,HEAD ON BETWEEN TWO MOTOR VEHICLES,LEFT OF CENTER,SSI,DAYLIGHT,CLEAR,DRY,False,39.8366050720215,-86.3275985717773
903707238,2020,2020-12-10,Hamilton,Noblesville,SR37S & 186TH ST,Vehicle,RIGHT ANGLE,FAILURE TO YIELD RIGHT OF WAY,SSI,DAYLIGHT,CLEAR,DRY,False,40.0583381652832,-85.9907913208008
903705768,2020,2020-12-11,Marion,Lawrence,56TH ST & PURPURA DR,Vehicle,RIGHT ANGLE,FAILURE TO YIELD RIGHT OF WAY,SSI,DAYLIGHT,CLEAR,DRY,False,39.8556175231934,-85.9941787719727
903706834,2020,2020-12-12,Marion,Indianapolis,21ST ST & POST RD,Vehicle,LEFT TURN,FAILURE TO YIELD RIGHT OF WAY,SSI,DARK (LIGHTED),RAIN,WET,False,39.7966346740723,-86.0092391967773
903707151,2020,2020-12-12,Marion,Indianapolis,KEYSTONE AVE & I-465 033 RAMP B RAMP,Vehicle,REAR END,UNSAFE SPEED,SSI,DAYLIGHT,CLOUDY,DRY,True,39.9199867248535,-86.1121597290039
903706524,2020,2020-12-13,Boone,,SR39,Vehicle,RAN OFF ROAD,OTHER (DRIVER) - EXPLAIN IN NARRATIVE,SSI,DARK (NOT LIGHTED),CLEAR,WET,False,40.1161346435547,-86.4811935424805
903706996,2020,2020-12-13,Marion,Speedway,CRAWFORDSVILLE RD & CUNNINGHAM RD,Vehicle,RIGHT ANGLE,DISREGARD SIGNAL/REG SIGN,SSI,DAYLIGHT,CLOUDY,DRY,False,39.7988243103027,-86.2650146484375
903708480,2020,2020-12-13,Marion,Indianapolis,I- 74,Vehicle,RAN OFF ROAD,TIRE FAILURE OR DEFECTIVE,SSI,DARK (LIGHTED),CLEAR,DRY,True,39.7249794006348,-86.2643966674805
903711926,2020,2020-12-13,Marion,Indianapolis,KESSLER BLVD E DR & BINFORD BLVD,Vehicle,RAN OFF ROAD,OVERCORRECTING/OVERSTEERING,Fatal,DARK (NOT LIGHTED),CLEAR,DRY,False,39.8583602905273,-86.0942230224609
903716625,2020,2020-12-13,Marion,Indianapolis,POST RD & NEW YORK ST,Vehicle,RAN OFF ROAD,OVERCORRECTING/OVERSTEERING,Fatal,DARK (LIGHTED),CLEAR,DRY,False,39.7778625488281,-86.0094375610352
903707497,2020,2020-12-14,Boone,Lebanon,Interstate 65,Vehicle,HEAD ON BETWEEN TWO MOTOR VEHICLES,WRONG WAY ON ONE WAY,Fatal,DARK (NOT LIGHTED),CLEAR,DRY,True,40.0142517089844,-86.4340438842774
903707762,2020,2020-12-14,Hamilton,Fishers,SR37N & E 141ST ST,Vehicle,HEAD ON BETWEEN TWO MOTOR VEHICLES,WRONG WAY ON ONE WAY,Fatal,DARK (NOT LIGHTED),CLOUDY,DRY,False,39.9904632568359,-86.0037994384766
903708449,2020,2020-12-15,Marion,Indianapolis,I-70  & N Drexel Ave,Vehicle,RAN OFF ROAD,UNDER STEERING/UNDER CORRECTING,SSI,DAYLIGHT,CLEAR,DRY,True,39.8008689880371,-86.0928192138672
903709349,2020,2020-12-15,Marion,Indianapolis,WASHINGTON ST & RURAL ST,Vehicle,LEFT TURN,FAILURE TO YIELD RIGHT OF WAY,SSI,DARK (LIGHTED),CLOUDY,DRY,False,39.7680625915527,-86.1162719726562