id,year,date,county,city,cross_street,crash_type,manner,primary_factor,ssi_fatal,light,weather,surface,interstate,lat,lon
903711342,2020,2020-12-15,Marion,Indianapolis,ROCKVILLE RD & MERRIMAC PL,Vehicle,RAN OFF ROAD,RAN OFF ROAD RIGHT,Fatal,DAYLIGHT,CLEAR,DRY,False,39.7648582458496,-86.2722854614258
903711343,2020,2020-12-15,Marion,Indianapolis,LYNHURST DR & MORRIS ST,Vehicle,RIGHT ANGLE,DISREGARD SIGNAL/REG SIGN,Fatal,DARK (LIGHTED),BLOWING SAND/SOIL/SNOW,DRY,False,39.7505111694336,-86.2501983642578
903719698,2020,2020-12-16,Marion,Indianapolis,WASHINGTON ST & BAILEY DR,Vehicle,LEFT TURN,FAILURE TO YIELD RIGHT OF WAY,SSI,DAWN/DUSK,CLOUDY,WET,False,39.7413444519043,-86.2865905761719
903709713,2020,2020-12-17,Boone,,SR47E,Pedestrian,COLLISION WITH OBJECT IN ROAD,ANIMAL/OBJECT IN ROADWAY,Fatal,DAWN/DUSK,CLOUDY,DRY,False,40.1282844543457,-86.3114318847656
903710316,2020,2020-12-17,Marion,Lawrence,E 46TH ST & N DAVID ST,Pedestrian,OTHER - EXPLAIN IN NARRATIVE,PEDESTRIAN ACTION,SSI,DARK (NOT LIGHTED),BLOWING SAND/SOIL/SNOW,WET,False,39.8403549194336,-86.0493698120117
903719504,2020,2020-12-17,Marion,Indianapolis,12TH ST & TAYLOR W DR,Vehicle,LEFT TURN,FAILURE TO YIELD RIGHT OF WAY,SSI,DARK (LIGHTED),SNOW,WET,False,39.7841453552246,-86.0595855712891
903719766,2020,2020-12-17,Marion,Indianapolis,COUNTRY CLUB RD & SUNNINGDALE BLVD,Vehicle,HEAD ON BETWEEN TWO MOTOR VEHICLES,LEFT OF CENTER,SSI,DARK (LIGHTED),SNOW,WET,False,39.8010597229004,-86.308837890625
903710359,2020,2020-12-18,Shelby,SHELBYVILLE,SR9N,Vehicle,RAN OFF ROAD,RAN OFF ROAD RIGHT,SSI,DAYLIGHT,CLEAR,DRY,False,39.6183738708496,-85.7670288085938
903710707,2020,2020-12-19,Marion,Lawrence,US36E & N POST RD,Vehicle,RIGHT ANGLE,FAILURE TO YIELD RIGHT OF WAY,SSI,DARK (LIGHTED),RAIN,WET,False,39.8443374633789,-86.0101776123047
903711182,2020,2020-12-19,Hendricks,Avon,CR 200 NORTH RD & CR 1000 E RD,Vehicle,RIGHT ANGLE,OTHER (DRIVER) - EXPLAIN IN NARRATIVE,SSI,DARK (NOT LIGHTED),CLOUDY,WET,False,39.793025970459,-86.345573425293
903712616,2020,2020-12-19,Marion,Indianapolis,E SOUTHPORT RD,Pedestrian,OTHER - EXPLAIN IN NARRATIVE,FAILURE TO YIELD RIGHT OF WAY,SSI,DARK (NOT LIGHTED),RAIN,WET,False,39.6659927368164,-86.0775375366211
903711034,2020,2020-12-20,Morgan,MARTINSVILLE,SR67S,Vehicle,OTHER - EXPLAIN IN NARRATIVE,FAILURE TO YIELD RIGHT OF WAY,SSI,DAYLIGHT,CLEAR,DRY,False,39.4358139038086,-86.452880859375
903711102,2020,2020-12-20,Hancock,,MORRISTOWN PIKE & THOMAS CT,Vehicle,RAN OFF ROAD,RAN OFF ROAD RIGHT,SSI,DAWN/DUSK,CLEAR,DRY,False,39.7103652954102,-85.7489776611328
903712426,2020,2020-12-20,Marion,Indianapolis,TOWNSHIP LINE RD & TULANE RD,Vehicle,RAN OFF ROAD,UNSAFE SPEED,SSI,DARK (LIGHTED),CLEAR,WET,False,39.9194221496582,-86.202995300293
903714060,2020,2020-12-20,Marion,Indianapolis,NEW YORK ST & LASALLE ST,Vehicle,RIGHT ANGLE,DISREGARD SIGNAL/REG SIGN,Fatal,DARK (LIGHTED),RAIN,WET,False,39.7719078063965,-86.1095733642578
903719702,2020,2020-12-20,Marion,Indianapolis,WASHINGTON ST & BILTMORE AVE,Pedestrian,,PEDESTRIAN ACTION,Fatal,DARK (LIGHTED),CLOUDY,DRY,False,39.7521476745605,-86.2524261474609
903719703,2020,2020-12-21,Marion,Indianapolis,EMERSON AVE & 34TH ST,Vehicle,LEFT TURN,FAILURE TO YIELD RIGHT OF WAY,SSI,DARK (LIGHTED),CLOUDY,DRY,False,39.8181457519531,-86.0835876464844
903711816,2020,2020-12-22,Johnson,TRAFALGAR,CR100E,Vehicle,RAN OFF ROAD,TIRE FAILURE OR DEFECTIVE,SSI,DARK (NOT LIGHTED),CLEAR,DRY,False,39.3840103149414,-86.0850143432617
903711949,2020,2020-12-22,Boone,,800 W,Vehicle,HEAD ON BETWEEN TWO MOTOR VEHICLES,LEFT OF CENTER,SSI,DAWN/DUSK,CLEAR,DRY,False,40.0633430480957,-86.619758605957
903712748,2020,2020-12-22,Marion,Indianapolis,34TH ST & SHERMAN DR,Pedestrian,OTHER - EXPLAIN IN NARRATIVE,FAILURE TO YIELD RIGHT OF WAY,SSI,DAYLIGHT,CLEAR,DRY,False,39.8181190490723,-86.1025848388672
903712788,2020,2020-12-22,Marion,Indianapolis,SPRING MILL RD & 79TH ST,Vehicle,OPPOSITE DIRECTION SIDESWIPE,LEFT OF CENTER,SSI,DARK (NOT LIGHTED),CLEAR,DRY,False,39.8980140686035,-86.1650390625
903712844,2020,2020-12-22,Marion,Indianapolis,82ND ST & CHRISTIANA LN,Pedestrian,RIGHT TURN,PEDESTRIAN ACTION,Fatal,DARK (NOT LIGHTED),CLEAR,DRY,False,39.9053192138672,-86.028434753418
903715805,2020,2020-12-22,Marion,Indianapolis,KESSLER BOULEVARD DR & COLLEGE AVE,Vehicle,RIGHT ANGLE,DISREGARD SIGNAL/REG SIGN,Fatal,DARK (LIGHTED),CLEAR,DRY,False,39.8621635437012,-86.1460571289063
903652168,2020,2020-09-11,Marion,Indianapolis,INLAND DR & GRAMPAIN WAY,Vehicle,RAN OFF ROAD,UNSAFE SPEED,SSI,DARK (NOT LIGHTED),CLEAR,DRY,False,39.8365821838379,-86.2804870605469
903720495,2021,2021-01-07,Marion,Indianapolis,38TH ST & 2739 ST,Vehicle,LEFT TURN,FOLLOWING TOO CLOSELY,SSI,DARK (LIGHTED),CLEAR,DRY,False,39.8248672485351,-86.1173858642578
903651252,2020,2020-09-12,Marion,Indianapolis,SOUTH PERIMETER RD & FEDEX WEST GATE DR,Vehicle,LEFT TURN,FAILURE TO YIELD RIGHT OF WAY,SSI,DARK (NOT LIGHTED),CLEAR,DRY,False,39.7049789428711,-86.2889251708984
903624929,2020,2020-07-24,Marion,Indianapolis,SUNNYSIDE RD & 79TH ST,Vehicle,RAN OFF ROAD,RAN OFF ROAD RIGHT,SSI,DAYLIGHT,CLEAR,DRY,False,39.8980331420898,-85.9759826660156
903686464,2020,2020-11-06,Marion,Indianapolis,KNUE RD & IVYWOOD DR,Pedestrian,RIGHT ANGLE,PEDESTRIAN ACTION,Fatal,DARK (LIGHTED),CLEAR,DRY,False,39.8935813903809,-86.0601425170898
903625634,2020,2020-07-24,Marion,Indianapolis,38TH ST & BUTLER AVE,Vehicle,LEFT TURN,FAILURE TO YIELD RIGHT OF WAY,SSI,DAYLIGHT,CLEAR,DRY,False,39.8254699707031,-86.0802764892578
903662080,2020,2020-09-30,Shelby,SHELBYVILLE,WALSER RD & MICHIGAN RD,Vehicle,RAN OFF ROAD,RAN OFF ROAD RIGHT,SSI,DAYLIGHT,CLEAR,DRY,False,39.5546417236328,-85.8036422729492
903685142,2020,2020-11-07,Hancock,,CR100N,Vehicle,RAN OFF ROAD,RAN OFF ROAD RIGHT,SSI,DAYLIGHT,CLEAR,DRY,False,39.7976188659668,-85.918098449707
903720733,2021,2021-01-08,Hendricks,Avon,US36 & GABLE DR,Vehicle,LEFT TURN,FAILURE TO YIELD RIGHT OF WAY,SSI,DARK (NOT LIGHTED),CLEAR,DRY,False,39.7635917663574,-86.3505477905273
903651276,2020,2020-09-12,Marion,Indianapolis,SCIOTO ST & WASHINGTON ST,Pedestrian,BACKING CRASH,PEDESTRIAN ACTION,Fatal,DARK (NOT LIGHTED),CLEAR,DRY,False,39.7672080993652,-86.1568832397461
903685933,2020,2020-11-07,Hamilton,Carmel,W MAIN ST & PENNSYLVANIA ST,Vehicle,COLLISION WITH OBJECT IN ROAD,SPEED TOO FAST FOR WEATHER CONDITIONS,SSI,DARK (LIGHTED),CLEAR,DRY,False,39.9777107238769,-86.1553573608398
903637129,2020,2020-08-16,Hancock,SHIRLEY(HANCOCK),CR1125E,Vehicle,RAN OFF ROAD,RAN OFF ROAD RIGHT,Fatal,DAWN/DUSK,CLEAR,DRY,False,39.8768920898437,-85.5911026000977
903721557,2021,2021-01-08,Marion,Indianapolis,10TH ST & EXETER AVE,Pedestrian,OPPOSITE DIRECTION SIDESWIPE,PEDESTRIAN ACTION,SSI,DAYLIGHT,CLEAR,DRY,False,39.7813339233398,-86.1174087524414
903686312,2020,2020-11-07,Marion,Indianapolis,WASHINGTON ST & ARSENAL ST,Vehicle,REAR END,FOLLOWING TOO CLOSELY,SSI,DAYLIGHT,CLEAR,DRY,False,39.7671356201172,-86.1334075927734
903651466,2020,2020-09-12,Marion,Lawrence,DUXBURY RD & POST RD,Pedalcycle,OTHER - EXPLAIN IN NARRATIVE,DRIVER DISTRACTED - EXPLAIN IN NARRATIVE,Fatal,DAWN/DUSK,CLEAR,DRY,False,39.8370819091797,-86.010238647461
903637413,2020,2020-08-17,Marion,Indianapolis,MERIDIAN ST & MORRIS ST,Vehicle,RIGHT ANGLE,DISREGARD SIGNAL/REG SIGN,SSI,DAYLIGHT,CLEAR,DRY,False,39.7512474060059,-86.1594848632813
903625636,2020,2020-07-24,Marion,Indianapolis,BROAD RIPPLE AVE & KEYSTONE AVE,Vehicle,REAR END,UNSAFE LANE MOVEMENT,SSI,DARK (LIGHTED),CLEAR,DRY,False,39.8686370849609,-86.1225662231445
903662423,2020,2020-09-30,Marion,Indianapolis,ARLINGTON AVE & STONEROOT PL,Vehicle,HEAD ON BETWEEN TWO MOTOR VEHICLES,UNSAFE LANE MOVEMENT,SSI,DAYLIGHT,CLOUDY,DRY,False,39.7277565002441,-86.0636520385742
903721703,2021,2021-01-08,Marion,Indianapolis,W MINNESOTA ST & PERSHING AVE,Vehicle,REAR END,UNSAFE SPEED,SSI,DARK (LIGHTED),CLEAR,DRY,False,39.743408203125,-86.1993942260742
903688756,2020,2020-11-07,Marion,Indianapolis,10TH ST & CHESTER AVE,Pedestrian,OTHER - EXPLAIN IN NARRATIVE,PEDESTRIAN ACTION,SSI,DAYLIGHT,CLEAR,DRY,False,39.7814407348633,-86.0988540649414
903653659,2020,2020-09-12,Marion,Indianapolis,FALL CREEK RD & CREEKBED LN,Vehicle,RAN OFF ROAD,ANIMAL/OBJECT IN ROADWAY,SSI,DAYLIGHT,CLOUDY,DRY,False,39.8847351074219,-86.0047378540039
903637887,2020,2020-08-17,Marion,Indianapolis,WASHINGTON ST & POST RD,Vehicle,LEFT TURN,DISREGARD SIGNAL/REG SIGN,SSI,DAYLIGHT,CLEAR,DRY,False,39.7738571166992,-86.0091094970703
903625743,2020,2020-07-24,Marion,Indianapolis,RAYMOND ST & KENTUCKY AVE,Vehicle,SAME DIRECTION SIDESWIPE,IMPROPER PASSING,SSI,DAYLIGHT,CLEAR,DRY,False,39.7360496520996,-86.1970748901367
903637901,2020,2020-08-17,Marion,Indianapolis,GUILFORD AVE & 27TH ST,Vehicle,SAME DIRECTION SIDESWIPE,DRIVER ILLNESS,SSI,DAYLIGHT,CLEAR,DRY,False,39.8053207397461,-86.1419143676758
903628018,2020,2020-07-24,Marion,Indianapolis,TIBBS AVE & LAFAYETTE RD,Pedalcycle,OTHER - EXPLAIN IN NARRATIVE,LEFT OF CENTER,Fatal,DARK (NOT LIGHTED),CLEAR,DRY,False,39.8049430847168,-86.2160949707031
903637903,2020,2020-08-17,Marion,Indianapolis,BROOKSIDE PKWY S DR & DEARBORN ST,Vehicle,RAN OFF ROAD,UNSAFE SPEED,SSI,DAYLIGHT,CLEAR,DRY,False,39.7921447753906,-86.1117935180664
903606583,2020,2020-06-27,Hendricks,,CR600E,Vehicle,SAME DIRECTION SIDESWIPE,IMPROPER PASSING,SSI,DAYLIGHT,CLOUDY,WET,False,39.7759895324707,-86.4181213378906
903720885,2021,2021-01-09,Marion,Indianapolis,E COUNTY LINE RD & MADISON AVE,Vehicle,OTHER - EXPLAIN IN NARRATIVE,OTHER (DRIVER) - EXPLAIN IN NARRATIVE,SSI,DAYLIGHT,CLEAR,DRY,False,39.635612487793,-86.1191253662109
903692951,2020,2020-11-07,Marion,Indianapolis,I- 465,Vehicle,REAR END,UNSAFE SPEED,Fatal,DARK (NOT LIGHTED),CLEAR,DRY,True,39.7004776000977,-86.1262283325195
903624996,2020,2020-07-25,Morgan,MONROVIA,N BALTIMORE RD & N TUTTEROW RD,Vehicle,RAN OFF ROAD,IMPROPER LANE USAGE,SSI,DAWN/DUSK,CLEAR,DRY,False,39.5279731750488,-86.4840621948242
903667662,2020,2020-09-30,Marion,Indianapolis,I- 465  & Allisonville Rd,Vehicle,RAN OFF ROAD,FAILURE TO MAINTAIN LANE,Fatal,DARK (LIGHTED),CLEAR,DRY,True,39.9095306396484,-86.0768127441406
903671245,2020,2020-09-12,Marion,Indianapolis,SHELBY ST & PLEASANT RUN PKWY S DR,Vehicle,REAR END,FOLLOWING TOO CLOSELY,SSI,DAYLIGHT,CLOUDY,DRY,False,39.7442245483398,-86.1402740478516
903639183,2020,2020-08-17,Hamilton,Noblesville,146TH ST & SAVILLE RD,Vehicle,OTHER - EXPLAIN IN NARRATIVE,RAN OFF ROAD RIGHT,SSI,DAYLIGHT,CLEAR,DRY,False,40.0007553100586,-86.013557434082
903625395,2020,2020-07-25,Morgan,MONROVIA,N BALTIMORE RD & AURORA LN,Vehicle,HEAD ON BETWEEN TWO MOTOR VEHICLES,IMPROPER LANE USAGE,SSI,DAYLIGHT,CLEAR,DRY,False,39.5538368225098,-86.4841613769531
903651487,2020,2020-09-13,Marion,Lawrence,E 71ST ST & LEE RD,Vehicle,RAN OFF ROAD,RAN OFF ROAD RIGHT,SSI,DARK (LIGHTED),CLEAR,DRY,False,39.8836326599121,-85.9996795654297
903720912,2021,2021-01-09,Hamilton,Fishers,CUMBERLAND RD,Vehicle,RAN OFF ROAD,RAN OFF ROAD RIGHT,SSI,DAYLIGHT,CLOUDY,DRY,False,39.9893531799316,-85.994270324707
903695146,2020,2020-11-07,Johnson,Greenwood,I-65,Vehicle,RAN OFF ROAD,TIRE FAILURE OR DEFECTIVE,SSI,DAYLIGHT,CLEAR,DRY,True,39.6246147155762,-86.0739669799805
903667864,2020,2020-09-30,Marion,Indianapolis,I- 465,Vehicle,RAN OFF ROAD,DRIVER ILLNESS,Fatal,DARK (LIGHTED),CLEAR,DRY,True,39.8302001953125,-86.0348434448242
903686202,2020,2020-11-08,Marion,Indianapolis,VIRGINIA AVE & PENNSYLVANIA ST,Pedestrian,LEFT TURN,UNSAFE LANE MOVEMENT,SSI,DAYLIGHT,CLEAR,DRY,False,39.7666778564453,-86.156265258789
903617348,2020,2020-06-27,Marion,Indianapolis,FRYE RD & ASHTREE DR,Vehicle,RAN OFF ROAD,OVERCORRECTING/OVERSTEERING,Fatal,DAYLIGHT,CLOUDY,WET,False,39.654109954834,-86.028076171875
903721151,2021,2021-01-10,Hamilton,Westfield,US31N,Vehicle,RAN OFF ROAD,TIRE FAILURE OR DEFECTIVE,SSI,DAYLIGHT,CLOUDY,DRY,False,40.0930328369141,-86.1278533935547
903627855,2020,2020-06-27,Marion,Indianapolis,38TH ST & DUBARRY RD,Vehicle,LEFT TURN,UNSAFE SPEED,SSI,DARK (NOT LIGHTED),CLEAR,DRY,False,39.8258895874024,-86.0162963867188
903585304,2020,2020-05-26,Hamilton,Arcadia,LACY RD & 266 ST,Vehicle,RAN OFF ROAD,CELL PHONE USAGE,SSI,DAYLIGHT,CLOUDY,DRY,False,40.1799736022949,-85.9580001831055
903651497,2020,2020-09-13,Johnson,,US31S,Vehicle,COLLISION WITH OBJECT IN ROAD,OTHER (DRIVER) - EXPLAIN IN NARRATIVE,SSI,DARK (NOT LIGHTED),CLEAR,DRY,False,39.4262237548828,-86.0033645629883
903686319,2020,2020-11-08,Marion,Indianapolis,39TH ST & FALL CREEK PKWY N DR,Vehicle,RIGHT ANGLE,OTHER (DRIVER) - EXPLAIN IN NARRATIVE,SSI,DAYLIGHT,CLEAR,DRY,False,39.827262878418,-86.1298370361328
903625767,2020,2020-07-25,Marion,Indianapolis,EAST ST & STOVER AVE,Vehicle,OPPOSITE DIRECTION SIDESWIPE,OVERCORRECTING/OVERSTEERING,SSI,DAYLIGHT,CLEAR,DRY,False,39.6907386779785,-86.1451797485352
903638524,2020,2020-08-18,Marion,Indianapolis,STATE AVE,Pedestrian,OTHER - EXPLAIN IN NARRATIVE,OTHER (DRIVER) - EXPLAIN IN NARRATIVE,SSI,DARK (LIGHTED),RAIN,WET,False,39.748046875,-86.1324081420898
903686757,2020,2020-11-08,Hamilton,Carmel,N MERIDIAN ST,Vehicle,RAN OFF ROAD,RAN OFF ROAD RIGHT,SSI,DAYLIGHT,CLEAR,DRY,False,39.9369201660156,-86.161018371582
903626616,2020,2020-07-25,Hendricks,,CR100N & INLAND DR,Vehicle,LEFT TURN,FAILURE TO YIELD RIGHT OF WAY,SSI,DAYLIGHT,CLEAR,DRY,False,39.7779998779297,-86.3697204589844
903721714,2021,2021-01-10,Marion,Indianapolis,EMERSON AVE & CONNECTION AVE,Vehicle,HEAD ON BETWEEN TWO MOTOR VEHICLES,OTHER (DRIVER) - EXPLAIN IN NARRATIVE,SSI,DARK (LIGHTED),CLEAR,DRY,False,39.7308921813965,-86.0824813842773
903585451,2020,2020-05-26,Marion,Indianapolis,38TH ST & KIEL AVE,Vehicle,HEAD ON BETWEEN TWO MOTOR VEHICLES,LEFT OF CENTER,SSI,DARK (LIGHTED),CLEAR,DRY,False,39.8234405517578,-86.2621383666992
903606643,2020,2020-06-28,Hamilton,Fishers,I69S,Pedestrian,COLLISION WITH OBJECT IN ROAD,PEDESTRIAN ACTION,Fatal,DARK (LIGHTED),CLEAR,DRY,False,39.9312705993652,-86.0266952514648
903651838,2020,2020-09-13,Shelby,SHELBYVILLE,CR700W & FRONTAGE RD,Vehicle,OTHER - EXPLAIN IN NARRATIVE,OVERCORRECTING/OVERSTEERING,SSI,DAWN/DUSK,CLEAR,DRY,False,39.643970489502,-85.9141540527344
903678371,2020,2020-09-30,Marion,Indianapolis,SHERMAN DR & NOWLAND AVE,Pedestrian,OTHER - EXPLAIN IN NARRATIVE,PEDESTRIAN ACTION,Fatal,DARK (LIGHTED),CLEAR,DRY,False,39.7858657836914,-86.102180480957
903610823,2020,2020-06-28,Marion,Indianapolis,52ND ST & COLLEGE AVE,Vehicle,OTHER - EXPLAIN IN NARRATIVE,OTHER (DRIVER) - EXPLAIN IN NARRATIVE,SSI,DAYLIGHT,CLEAR,DRY,False,39.8467407226562,-86.1457977294922
903652138,2020,2020-09-13,Hamilton,Carmel,I465W,Vehicle,RAN OFF ROAD,RAN OFF ROAD RIGHT,Fatal,DARK (LIGHTED),CLEAR,DRY,False,39.9307823181152,-86.1554183959961
903685725,2020,2020-11-09,Johnson,Greenwood,MAIN ST & LEGACY BLVD,Vehicle,RAN OFF ROAD,ANIMAL/OBJECT IN ROADWAY,SSI,DARK (NOT LIGHTED),CLEAR,DRY,False,39.6149635314941,-86.0527191162109
903635224,2020,2020-07-25,Marion,Indianapolis,I74E & SOUTHEASTERN AVE,Vehicle,LEFT TURN,FAILURE TO YIELD RIGHT OF WAY,Fatal,DAYLIGHT,CLEAR,DRY,False,39.7323913574219,-86.0582885742188
903723123,2021,2021-01-10,Marion,Indianapolis,EMERSON AVE & WASHINGTON ST,Vehicle,RIGHT ANGLE,DISREGARD SIGNAL/REG SIGN,Fatal,DARK (LIGHTED),CLOUDY,DRY,False,39.7701950073242,-86.0830383300781
903587160,2020,2020-05-26,Marion,Indianapolis,I-70  & I70,Vehicle,COLLISION WITH OBJECT IN ROAD,ANIMAL/OBJECT IN ROADWAY,SSI,DAYLIGHT,CLEAR,DRY,True,39.7530746459961,-86.2169418334961
903662605,2020,2020-10-01,Boone,Lebanon,SR32W,Vehicle,HEAD ON BETWEEN TWO MOTOR VEHICLES,LEFT OF CENTER,Fatal,DAYLIGHT,CLEAR,DRY,False,40.0534629821777,-86.5582427978516
903638533,2020,2020-08-18,Marion,Indianapolis,38TH ST & EMERSON AVE,Vehicle,LEFT TURN,FAILURE TO YIELD RIGHT OF WAY,SSI,DAYLIGHT,RAIN,WET,False,39.8253784179688,-86.0840072631836
903606074,2020,2020-06-29,Boone,Zionsville,I465W,Vehicle,OTHER - EXPLAIN IN NARRATIVE,OTHER (DRIVER) - EXPLAIN IN NARRATIVE,SSI,DARK (LIGHTED),CLOUDY,DRY,False,39.9281883239746,-86.2648696899414
903652238,2020,2020-09-13,Marion,Indianapolis,SHELBY ST & THOMPSON RD,Vehicle,OTHER - EXPLAIN IN NARRATIVE,FAILURE TO YIELD RIGHT OF WAY,SSI,DAYLIGHT,CLEAR,DRY,False,39.6969947814941,-85.9573059082031
903687051,2020,2020-11-09,Hamilton,Carmel,GRAY RD & HAVEN POINT BLVD,Vehicle,NON-COLLISION,OTHER (DRIVER) - EXPLAIN IN NARRATIVE,SSI,DAYLIGHT,CLEAR,DRY,False,39.9322662353516,-86.0888061523438
903723585,2021,2021-01-10,Marion,Speedway,LYNDHURST DR & 10TH ST,Pedestrian,COLLISION WITH OBJECT IN ROAD,FAILURE TO YIELD RIGHT OF WAY,SSI,DARK (LIGHTED),CLEAR,DRY,False,39.7799224853516,-86.2505798339844
903592394,2020,2020-05-26,Marion,Indianapolis,I65N,Pedestrian,OTHER - EXPLAIN IN NARRATIVE,PEDESTRIAN ACTION,Fatal,DARK (NOT LIGHTED),CLEAR,DRY,False,39.7378387451172,-86.1361999511719
903606683,2020,2020-06-29,Hendricks,Plainfield,S RONALD REAGAN PKWY & RONALD REAGAN PKWY,Vehicle,RAN OFF ROAD,RAN OFF ROAD RIGHT,SSI,DARK (NOT LIGHTED),CLOUDY,DRY,False,39.7270927429199,-86.3371353149414
903638424,2020,2020-07-25,Marion,Indianapolis,I-70  & I70,Pedestrian,OTHER - EXPLAIN IN NARRATIVE,IMPROPER LANE USAGE,Fatal,DARK (LIGHTED),CLEAR,DRY,True,39.7719459533691,-86.1429595947266
903724290,2021,2021-01-10,Marion,Indianapolis,I-70  & CORRILL ST,Vehicle,HEAD ON BETWEEN TWO MOTOR VEHICLES,WRONG WAY ON ONE WAY,Fatal,DARK (LIGHTED),CLEAR,DRY,True,39.7548522949219,-86.2096328735352
903652254,2020,2020-09-13,Marion,Indianapolis,38TH ST & EMERSON AVE,Vehicle,REAR END,UNSAFE SPEED,SSI,DAWN/DUSK,CLEAR,DRY,False,39.8253784179688,-86.0838241577148
903688211,2020,2020-11-11,Hamilton,Arcadia,MAIN ST & SCHERER AVE,Vehicle,RIGHT ANGLE,FAILURE TO YIELD RIGHT OF WAY,SSI,DAYLIGHT,CLOUDY,DRY,False,40.1757392883301,-86.0302963256836
903663040,2020,2020-10-01,Marion,Indianapolis,SHERMAN DR & 22ND ST,Vehicle,REAR END,UNSAFE SPEED,SSI,DAYLIGHT,CLOUDY,DRY,False,39.7987060546875,-86.1023712158203
903639185,2020,2020-08-18,Hamilton,Noblesville,SR32 & NIXON ST,Pedestrian,OTHER - EXPLAIN IN NARRATIVE,PEDESTRIAN ACTION,SSI,DARK (LIGHTED),RAIN,WET,False,40.0469398498535,-86.0208969116211
903625786,2020,2020-07-26,Marion,Indianapolis,HIGH SCHOOL RD & APACHE DR,Vehicle,RAN OFF ROAD,RAN OFF ROAD RIGHT,SSI,DARK (LIGHTED),CLEAR,DRY,False,39.8437004089356,-86.2707061767578
903587710,2020,2020-05-29,Marion,Indianapolis,38TH ST & MICHIGAN RD,Vehicle,RIGHT ANGLE,DISREGARD SIGNAL/REG SIGN,SSI,DARK (LIGHTED),CLEAR,DRY,False,39.8243827819824,-86.1804656982422
903652802,2020,2020-09-13,Hamilton,Noblesville,SR32 & TERRY LEE XING,Vehicle,RIGHT ANGLE,FAILURE TO YIELD RIGHT OF WAY,SSI,DAYLIGHT,CLEAR,DRY,False,40.0456619262695,-85.9917221069336
903690601,2020,2020-11-11,Marion,Indianapolis,71ST ST & GEORGETOWN RD,Vehicle,LEFT TURN,IMPROPER TURNING,SSI,DAYLIGHT,CLEAR,DRY,False,39.8818397521973,-86.2447814941406
903721576,2021,2021-01-11,Marion,Lawrence,US36E & OAKLANDON RD,Vehicle,RIGHT ANGLE,FAILURE TO YIELD RIGHT OF WAY,SSI,DARK (LIGHTED),CLEAR,DRY,False,39.8719215393066,-85.9570617675781
903612219,2020,2020-06-29,Marion,Indianapolis,KESSLER BLVD & GRANDVIEW DR,Vehicle,RIGHT ANGLE,DISREGARD SIGNAL/REG SIGN,SSI,DARK (LIGHTED),CLEAR,DRY,False,39.8628158569336,-86.1883087158203
903678727,2020,2020-08-18,Marion,Lawrence,E 46TH ST & PEACHWOOD CT,Vehicle,REAR END,RAN OFF ROAD RIGHT,SSI,DARK (NOT LIGHTED),CLEAR,DRY,False,39.8406715393066,-86.0022048950195
903664471,2020,2020-10-01,Marion,Indianapolis,38TH ST & SHADELAND AVE,Vehicle,RIGHT ANGLE,DISREGARD SIGNAL/REG SIGN,SSI,DAYLIGHT,CLEAR,DRY,False,39.8257255554199,-86.0458908081055
903625815,2020,2020-07-26,Marion,Cumberland,GERMAN CHURCH RD,Vehicle,RIGHT TURN,FAILURE TO YIELD RIGHT OF WAY,SSI,DAYLIGHT,CLEAR,DRY,False,39.7758178710937,-85.9712600708008
903589274,2020,2020-05-29,Marion,Indianapolis,RAYMOND ST & HARDING ST,Vehicle,REAR END,DISREGARD SIGNAL/REG SIGN,SSI,DARK (LIGHTED),CLEAR,DRY,False,39.7365112304687,-86.186882019043
903653993,2020,2020-09-13,Marion,Beech Grove,MAIN ST & 18TH AVE,Vehicle,RIGHT ANGLE,FAILURE TO YIELD RIGHT OF WAY,SSI,DAYLIGHT,CLEAR,DRY,False,39.7213935852051,-86.1026916503906
903691203,2020,2020-11-11,Marion,Indianapolis,EMERSON AVE & THOMSPON RD,Vehicle,OTHER - EXPLAIN IN NARRATIVE,OTHER (DRIVER) - EXPLAIN IN NARRATIVE,SSI,DARK (LIGHTED),CLEAR,DRY,False,39.6945648193359,-86.082389831543
903722172,2021,2021-01-12,Marion,Indianapolis,42ND ST & LASALLE ST,Vehicle,HEAD ON BETWEEN TWO MOTOR VEHICLES,FAILURE TO YIELD RIGHT OF WAY,SSI,DARK (LIGHTED),CLOUDY,DRY,False,39.8329925537109,-86.1091842651367
903613096,2020,2020-06-29,Marion,Indianapolis,91ST ST & EVERGREEN AVE,Vehicle,NON-COLLISION,OTHER (DRIVER) - EXPLAIN IN NARRATIVE,Fatal,DARK (LIGHTED),CLOUDY,DRY,False,39.9197235107422,-86.1405868530273
903638927,2020,2020-08-19,Hancock,Greenfield,FRANKLIN ST & CR 300N RD,Vehicle,RIGHT ANGLE,DISREGARD SIGNAL/REG SIGN,SSI,DAYLIGHT,CLEAR,DRY,False,39.8282051086426,-85.7964553833008
903674132,2020,2020-10-01,Marion,Indianapolis,MCCLURE ST & PERRY ST,Vehicle,RIGHT ANGLE,FAILURE TO YIELD RIGHT OF WAY,SSI,DAYLIGHT,CLEAR,DRY,False,39.7184791564941,-86.2261734008789