id,year,date,county,city,cross_street,crash_type,manner,primary_factor,ssi_fatal,light,weather,surface,interstate,lat,lon
903625819,2020,2020-07-26,Marion,Indianapolis,N BAKER DR & E 42ND ST,Vehicle,LEFT TURN,FAILURE TO YIELD RIGHT OF WAY,SSI,DAYLIGHT,CLEAR,DRY,False,39.833065032959,-86.0524291992188
903657330,2020,2020-09-13,Marion,Indianapolis,38TH ST & CORNELIUS AVE,Pedestrian,OTHER - EXPLAIN IN NARRATIVE,PEDESTRIAN ACTION,Fatal,DARK (LIGHTED),CLOUDY,DRY,False,39.8248863220215,-86.1657638549805
903688640,2020,2020-11-12,Johnson,,SR252E & NINEVEH RD,Vehicle,REAR END,FOLLOWING TOO CLOSELY,SSI,DARK (NOT LIGHTED),CLEAR,DRY,False,39.4100494384766,-86.0855484008789
903722658,2021,2021-01-12,Marion,Indianapolis,SOUTHEASTERN AVE & EARHART ST,Vehicle,HEAD ON BETWEEN TWO MOTOR VEHICLES,UNSAFE LANE MOVEMENT,SSI,DAYLIGHT,CLOUDY,DRY,False,39.756664276123,-86.1060943603516
903603158,2020,2020-05-29,Marion,Indianapolis,82ND ST & SUMMIT HILL DR,Vehicle,RAN OFF ROAD,OVERCORRECTING/OVERSTEERING,SSI,DAYLIGHT,CLEAR,DRY,False,39.9051094055176,-86.0487594604492
903658731,2020,2020-09-13,Marion,Indianapolis,COOPER RD & 62ND ST,Vehicle,RIGHT ANGLE,UNSAFE SPEED,Fatal,DARK (LIGHTED),CLOUDY,DRY,False,39.8679656982422,-86.2121810913086
903621544,2020,2020-06-29,Marion,Indianapolis,I-70  & Division St,Vehicle,OTHER - EXPLAIN IN NARRATIVE,OTHER (DRIVER) - EXPLAIN IN NARRATIVE,SSI,DARK (LIGHTED),CLEAR,DRY,True,39.7546195983887,-86.1835174560547
903641667,2020,2020-08-19,Marion,Indianapolis,COUNTY LINE RD & MADISON AVE,Vehicle,RAN OFF ROAD,OVERCORRECTING/OVERSTEERING,SSI,DARK (LIGHTED),CLEAR,DRY,False,39.6354827880859,-86.1166305541992
903635225,2020,2020-07-26,Marion,Indianapolis,SOUTHEASTERN AVE & RILEY AVE,Vehicle,OTHER - EXPLAIN IN NARRATIVE,OVERCORRECTING/OVERSTEERING,SSI,DAYLIGHT,CLEAR,DRY,False,39.7462730407715,-86.0854568481445
903663075,2020,2020-10-02,Morgan,MARTINSVILLE,S OHIO ST,Pedestrian,COLLISION WITH OBJECT IN ROAD,VIEW OBSTRUCTED,SSI,DAYLIGHT,CLEAR,DRY,False,39.4103126525879,-86.4266357421875
903653081,2020,2020-09-15,Hamilton,,SR37 & 246 ST,Vehicle,RAN OFF ROAD,RAN OFF ROAD RIGHT,Fatal,DAYLIGHT,CLEAR,DRY,False,40.1492424011231,-85.8754806518555
903606593,2020,2020-06-30,Hendricks,,SR39,Vehicle,RAN OFF ROAD,RAN OFF ROAD RIGHT,SSI,DAYLIGHT,CLEAR,DRY,False,39.7751426696777,-86.5406951904297
903626805,2020,2020-07-28,Marion,Lawrence,CARROL RD & 56TH ST,Vehicle,RIGHT ANGLE,DISREGARD SIGNAL/REG SIGN,SSI,DAYLIGHT,CLEAR,DRY,False,39.8561134338379,-85.9536590576172
903691210,2020,2020-11-12,Marion,Indianapolis,MADISON AVE & BANTA RD,Vehicle,RIGHT ANGLE,DRIVER DISTRACTED - EXPLAIN IN NARRATIVE,SSI,DAYLIGHT,CLEAR,DRY,False,39.6720008850098,-86.1293106079102
903722799,2021,2021-01-13,Johnson,Franklin,SR44E,Vehicle,RIGHT ANGLE,FAILURE TO YIELD RIGHT OF WAY,SSI,DARK (NOT LIGHTED),CLEAR,DRY,False,39.483226776123,-86.0125732421875
903586784,2020,2020-05-30,Hamilton,,SR37 & PROMISE RD,Pedestrian,OPPOSITE DIRECTION SIDESWIPE,IMPROPER PASSING,SSI,DAYLIGHT,CLEAR,DRY,False,40.0791511535645,-85.9743804931641
903663105,2020,2020-10-02,Morgan,MARTINSVILLE,SR44E & WAMPLER RD,Vehicle,RAN OFF ROAD,RAN OFF ROAD RIGHT,Fatal,DAWN/DUSK,FOG/SMOKE/SMOG,DRY,False,39.4507446289062,-86.3046875
903641669,2020,2020-08-19,Marion,Indianapolis,38TH ST & WINTHROP AVE,Vehicle,RIGHT ANGLE,FAILURE TO YIELD RIGHT OF WAY,Fatal,DARK (LIGHTED),CLEAR,DRY,False,39.8252410888672,-86.1409606933594
903653689,2020,2020-09-15,Marion,Indianapolis,COLLEGE AVE & FALLCREEK PARKWAY N DR,Vehicle,RAN OFF ROAD,OTHER (DRIVER) - EXPLAIN IN NARRATIVE,SSI,DAYLIGHT,CLEAR,DRY,False,39.8086853027344,-86.1448822021484
903607187,2020,2020-06-30,Hancock,,SR234,Vehicle,RIGHT ANGLE,FAILURE TO YIELD RIGHT OF WAY,SSI,DAYLIGHT,CLOUDY,DRY,False,39.9017791748047,-85.6917037963867
903626813,2020,2020-07-28,Marion,Cumberland,WASHINGTON ST & HUGO ST,Vehicle,LEFT TURN,FAILURE TO YIELD RIGHT OF WAY,SSI,DAYLIGHT,CLEAR,DRY,False,39.7761077880859,-85.9660186767578
903701729,2020,2020-11-12,Marion,Indianapolis,71 ST ST & ZIONSVILLE RD,Pedestrian,COLLISION WITH OBJECT IN ROAD,PEDESTRIAN ACTION,SSI,DARK (LIGHTED),CLEAR,DRY,False,39.8817977905273,-86.260124206543
903722854,2021,2021-01-13,Johnson,Edinburgh,HOSPITAL RD & STONE ARCH RD,Vehicle,RAN OFF ROAD,RAN OFF ROAD RIGHT,SSI,DAYLIGHT,CLEAR,DRY,False,39.3620681762695,-86.0663375854492
903588984,2020,2020-05-30,Marion,Indianapolis,KENTUCKY AVE & UNNAMED DR,Vehicle,LEFT TURN,DISREGARD SIGNAL/REG SIGN,Fatal,DARK (LIGHTED),CLEAR,DRY,False,39.6966819763184,-86.2670745849609
903663640,2020,2020-10-02,Morgan,Mooresville,SR67S & SAMUEL MOORE PKWY,Vehicle,RIGHT ANGLE,FAILURE TO YIELD RIGHT OF WAY,SSI,DARK (NOT LIGHTED),CLEAR,DRY,False,39.6270027160644,-86.3523864746094
903642517,2020,2020-08-19,Hamilton,Noblesville,CUMBERLAND RD & GREENFIELD AVE,Vehicle,NON-COLLISION,OTHER (DRIVER) - EXPLAIN IN NARRATIVE,SSI,DAYLIGHT,CLEAR,DRY,False,40.0207633972168,-85.9948883056641
903611916,2020,2020-06-30,Marion,Indianapolis,I- 465  & Penway St,Pedestrian,REAR END,OTHER (DRIVER) - EXPLAIN IN NARRATIVE,Fatal,DAYLIGHT,CLEAR,DRY,True,39.8224983215332,-86.030876159668
903653725,2020,2020-09-15,Marion,Indianapolis,52ND ST & FREYN DR,Vehicle,OTHER - EXPLAIN IN NARRATIVE,UNSAFE SPEED,SSI,DAYLIGHT,CLEAR,DRY,False,39.8457374572754,-86.2578353881836
903617095,2020,2020-06-30,Marion,Lawrence,I- 465  & Cider Mill Ln,Vehicle,RAN OFF ROAD,UNSAFE SPEED,SSI,DARK (LIGHTED),CLEAR,DRY,True,39.8500785827637,-86.0461044311523
903627079,2020,2020-07-28,Morgan,,LANDERSDALE RD & COX RD,Vehicle,RIGHT ANGLE,FAILURE TO YIELD RIGHT OF WAY,Fatal,DAYLIGHT,CLEAR,DRY,False,39.6185913085937,-86.2712478637695
903692272,2020,2020-11-13,Morgan,MONROVIA,SR39N & W KELLER HILL RD,Vehicle,RIGHT ANGLE,DISREGARD SIGNAL/REG SIGN,Fatal,DAYLIGHT,CLOUDY,DRY,False,39.6007957458496,-86.4795761108398
903722892,2021,2021-01-13,Marion,Indianapolis,EAST ST & POWELL ST,Vehicle,RIGHT ANGLE,FAILURE TO YIELD RIGHT OF WAY,Fatal,DARK (NOT LIGHTED),CLEAR,DRY,False,39.6893730163574,-86.1487426757813
903589392,2020,2020-05-30,Morgan,MARTINSVILLE,GOAT HOLLOW RD & OBSERVATORY RD,Vehicle,RAN OFF ROAD,RAN OFF ROAD RIGHT,SSI,DAYLIGHT,CLEAR,DRY,False,39.5449295043945,-86.4081573486328
903672960,2020,2020-10-02,Marion,Indianapolis,46TH ST & RITTER AVE,Vehicle,RAN OFF ROAD,OVERCORRECTING/OVERSTEERING,Fatal,DAYLIGHT,CLEAR,DRY,False,39.8404960632324,-86.0735778808594
903692069,2020,2020-11-14,Marion,Indianapolis,TIBBS AVE & 11TH ST,Vehicle,RIGHT ANGLE,LEFT OF CENTER,Fatal,DARK (LIGHTED),RAIN,WET,False,39.7822189331055,-86.215705871582
903724012,2021,2021-01-13,Morgan,MARTINSVILLE,State Rd 67 1500 ft. sout,Vehicle,RAN OFF ROAD,OTHER (DRIVER) - EXPLAIN IN NARRATIVE,SSI,DAYLIGHT,CLEAR,DRY,False,39.5040779113769,-86.4220504760742
903590672,2020,2020-05-31,Hendricks,Plainfield,I-70,Vehicle,SAME DIRECTION SIDESWIPE,UNSAFE LANE MOVEMENT,Fatal,DAWN/DUSK,CLEAR,DRY,True,39.6742897033691,-86.3544921875
903658041,2020,2020-09-15,Boone,Lebanon,Perry Worth Rd  & 200 E,Vehicle,SAME DIRECTION SIDESWIPE,UNSAFE LANE MOVEMENT,SSI,DAWN/DUSK,CLEAR,DRY,False,40.0142059326172,-86.4340209960938
903607717,2020,2020-07-01,Morgan,PARAGON,SR67N & UNION ST,Vehicle,HEAD ON BETWEEN TWO MOTOR VEHICLES,LEFT OF CENTER,SSI,DARK (NOT LIGHTED),FOG/SMOKE/SMOG,DRY,False,39.3952255249023,-86.5579299926758
903631347,2020,2020-07-28,Marion,Indianapolis,HARDING ST & UNNAMED RD,Vehicle,RIGHT ANGLE,FAILURE TO YIELD RIGHT OF WAY,SSI,DAYLIGHT,CLEAR,DRY,False,39.6993026733398,-86.1867904663086
903639346,2020,2020-08-20,Johnson,,OLIVE BRANCH RD & EAGLE TRACE DR,Vehicle,RAN OFF ROAD,RAN OFF ROAD RIGHT,SSI,DAYLIGHT,CLEAR,DRY,False,39.5921211242676,-86.171142578125
903653170,2020,2020-09-16,Boone,Whitestown,ALBERT S WHITE DR & ANSON BLVD,Vehicle,LEFT TURN,IMPROPER TURNING,SSI,DARK (NOT LIGHTED),CLEAR,DRY,False,39.9821281433105,-86.3844223022461
903607827,2020,2020-07-01,Marion,Speedway,4600 W 16 ST & POLCO ST,Vehicle,HEAD ON BETWEEN TWO MOTOR VEHICLES,OTHER (DRIVER) - EXPLAIN IN NARRATIVE,Fatal,DAYLIGHT,CLEAR,DRY,False,39.7875480651855,-86.2337036132813
903689795,2020,2020-11-15,Marion,Lawrence,US36E & 52ND ST,Vehicle,LEFT TURN,IMPROPER LANE USAGE,SSI,DAWN/DUSK,RAIN,WET,False,39.8481063842773,-86.00244140625
903638141,2020,2020-07-28,Marion,Indianapolis,I-65  & Mi Casa Ave,Vehicle,RAN OFF ROAD,UNSAFE SPEED,Fatal,DAYLIGHT,CLEAR,DRY,True,39.6687431335449,-86.0946044921875
903724617,2021,2021-01-13,Marion,Indianapolis,MERIDIAN ST & ANTOINETTE PL,Vehicle,HEAD ON BETWEEN TWO MOTOR VEHICLES,OVERCORRECTING/OVERSTEERING,Fatal,DAWN/DUSK,CLEAR,DRY,False,39.6829414367676,-86.1579055786133
903591510,2020,2020-05-31,Hamilton,Noblesville,10TH ST & GREENFIELD AVE,Vehicle,REAR END,FAILURE TO YIELD RIGHT OF WAY,SSI,DAYLIGHT,CLEAR,DRY,False,40.0354881286621,-86.0121154785156
903639359,2020,2020-08-20,Hendricks,Avon,E US HWY 36  & Dan Jones Rd,Vehicle,LEFT TURN,FAILURE TO YIELD RIGHT OF WAY,SSI,DAYLIGHT,CLEAR,DRY,False,39.7631225585937,-86.3812484741211
903678367,2020,2020-10-02,Marion,Indianapolis,COLLEGE AVE & 23RD ST,Pedestrian,,,SSI,DARK (NOT LIGHTED),CLEAR,DRY,False,39.798698425293,-86.1446685791016
903653416,2020,2020-09-16,Marion,Indianapolis,MANN RD & MOORESVILLE RD,Vehicle,NON-COLLISION,RAN OFF ROAD RIGHT,SSI,DARK (LIGHTED),CLEAR,DRY,False,39.7128753662109,-86.2386169433594
903617037,2020,2020-07-01,Hamilton,Fishers,I-69  & E 88th,Vehicle,RIGHT ANGLE,OVERCORRECTING/OVERSTEERING,Fatal,DAYLIGHT,CLEAR,DRY,True,39.947639465332,-86.0147247314453
903631670,2020,2020-07-29,Marion,Indianapolis,I-70  & E Ohio St,Vehicle,REAR END,FOLLOWING TOO CLOSELY,SSI,DAYLIGHT,CLEAR,DRY,True,39.7688903808594,-86.1427688598633
903663724,2020,2020-10-03,Boone,,SR39N & BLUBAUGH AVE,Vehicle,REAR END,FOLLOWING TOO CLOSELY,SSI,DAYLIGHT,CLEAR,DRY,False,40.1658668518066,-86.485969543457
903726972,2021,2021-01-13,Morgan,LITTLE POINT,I-70,Vehicle,REAR END,UNSAFE LANE MOVEMENT,SSI,DARK (NOT LIGHTED),CLEAR,DRY,True,39.5717735290527,-86.6278533935547
903588743,2020,2020-06-01,Marion,Indianapolis,34TH ST & COLORADO AVE,Vehicle,HEAD ON BETWEEN TWO MOTOR VEHICLES,LEFT OF CENTER,SSI,DAYLIGHT,CLOUDY,DRY,False,39.8180656433105,-86.0947875976563
903639385,2020,2020-08-20,Marion,Lawrence,E 46TH ST & N GERMAN CHURCH RD,Vehicle,RAN OFF ROAD,RAN OFF ROAD RIGHT,SSI,DARK (LIGHTED),CLEAR,DRY,False,39.8416786193848,-85.9722747802734
903723377,2021,2021-01-14,Johnson,Greenwood,MADISON AVE & COUNTY LINE RD,Vehicle,LEFT TURN,FAILURE TO YIELD RIGHT OF WAY,SSI,DARK (LIGHTED),CLEAR,DRY,False,39.6345291137695,-86.1168365478516
903589524,2020,2020-06-01,Marion,Indianapolis,TROY AVE & KEYSTONE AVE,Vehicle,REAR END,UNSAFE SPEED,Fatal,DAYLIGHT,CLEAR,DRY,False,39.7231483459473,-86.1205291748047
903690739,2020,2020-11-15,Marion,Indianapolis,THOMPSON RD & BLUFF RD,Vehicle,HEAD ON BETWEEN TWO MOTOR VEHICLES,OTHER (DRIVER) - EXPLAIN IN NARRATIVE,SSI,DARK (NOT LIGHTED),CLEAR,DRY,False,39.6927528381348,-86.1732788085938
903627881,2020,2020-07-30,Morgan,PARAGON,WAKELAND RD & BIRCH LN,Vehicle,RAN OFF ROAD,RAN OFF ROAD RIGHT,SSI,DAYLIGHT,RAIN,WATER (STANDING OR MOVING),False,39.505973815918,-86.5754318237305
903664520,2020,2020-10-03,Marion,Indianapolis,MASSACHUSETTS AVE & SHERMAN DR,Vehicle,LEFT/RIGHT TURN,FAILURE TO YIELD RIGHT OF WAY,SSI,DAYLIGHT,CLEAR,DRY,False,39.8013191223145,-86.1023635864258
903654219,2020,2020-09-17,Marion,Indianapolis,62ND ST & BINFORD BLVD,Vehicle,RIGHT ANGLE,DISREGARD SIGNAL/REG SIGN,SSI,DAYLIGHT,CLEAR,DRY,False,39.8686714172363,-86.0842819213867
903613407,2020,2020-07-02,Marion,Indianapolis,SOUTHEASTERN AVE,Vehicle,RIGHT ANGLE,FAILURE TO YIELD RIGHT OF WAY,SSI,DAYLIGHT,CLOUDY,DRY,False,39.7256469726563,-86.0466842651367
903654396,2020,2020-09-17,Morgan,MONROVIA,SR42E & BETHEL RD,Vehicle,OTHER - EXPLAIN IN NARRATIVE,DISREGARD SIGNAL/REG SIGN,SSI,DAYLIGHT,CLEAR,DRY,False,39.6014060974121,-86.3891830444336
903664649,2020,2020-10-03,Marion,Indianapolis,ROCKVILLE RD & ROCKVILLE AVE,Vehicle,HEAD ON BETWEEN TWO MOTOR VEHICLES,LEFT OF CENTER,SSI,DARK (LIGHTED),CLEAR,DRY,False,39.7620162963867,-86.2193603515625
903639386,2020,2020-08-20,Hamilton,Carmel,CR116 & RIVER RD,Vehicle,REAR END,DRIVER DISTRACTED - EXPLAIN IN NARRATIVE,SSI,DAYLIGHT,CLEAR,DRY,False,39.9563331604004,-86.0653533935547
903723616,2021,2021-01-14,Marion,Indianapolis,E 71ST ST,Vehicle,OTHER - EXPLAIN IN NARRATIVE,OTHER (DRIVER) - EXPLAIN IN NARRATIVE,SSI,DARK (LIGHTED),CLOUDY,DRY,False,39.8828468322754,-86.1575393676758
903588786,2020,2020-06-02,Marion,Indianapolis,CAPITOL AVE & 41ST ST,Vehicle,REAR END,OTHER (DRIVER) - EXPLAIN IN NARRATIVE,SSI,DAYLIGHT,CLEAR,DRY,False,39.8325843811035,-86.1614761352539
903700121,2020,2020-11-15,Hendricks,Plainfield,I-70  & Reeves Rd,Vehicle,REAR END,UNSAFE LANE MOVEMENT,Fatal,DARK (LIGHTED),RAIN,WET,True,39.6801681518555,-86.3402557373047
903628711,2020,2020-07-30,Marion,Indianapolis,I-65  & I65,Vehicle,SAME DIRECTION SIDESWIPE,SPEED TOO FAST FOR WEATHER CONDITIONS,SSI,DAYLIGHT,RAIN,WET,True,39.8634948730469,-86.2740783691406
903613422,2020,2020-07-02,Marion,Indianapolis,MERIDIAN HILLS BLVD & 72ND ST,Vehicle,OPPOSITE DIRECTION SIDESWIPE,FAILURE TO YIELD RIGHT OF WAY,SSI,DAYLIGHT,CLEAR,DRY,False,39.8901329040527,-86.1600189208984
903667270,2020,2020-09-17,Morgan,MARTINSVILLE,SR 39  & Wilbur Rd,Vehicle,RIGHT ANGLE,FAILURE TO YIELD RIGHT OF WAY,Fatal,DAYLIGHT,CLEAR,DRY,False,39.4581832885742,-86.4423828125
903664727,2020,2020-10-03,Hamilton,Carmel,RIVER RD & 146TH ST,Vehicle,OTHER - EXPLAIN IN NARRATIVE,UNSAFE SPEED,SSI,DARK (NOT LIGHTED),CLOUDY,DRY,False,39.9978942871094,-86.0352783203125
903639934,2020,2020-08-20,Hancock,,CR300S,Vehicle,REAR END,FOLLOWING TOO CLOSELY,Fatal,DAWN/DUSK,CLEAR,DRY,False,39.7423057556152,-85.6778335571289
903723625,2021,2021-01-14,Marion,Indianapolis,ENGLISH AVE & CLYDE AVE,Vehicle,HEAD ON BETWEEN TWO MOTOR VEHICLES,UNSAFE LANE MOVEMENT,SSI,DARK (LIGHTED),CLEAR,DRY,False,39.7602577209473,-86.084716796875
903603200,2020,2020-06-02,Marion,Indianapolis,SHERMAN DR & LINDBURGH CT,Vehicle,LEFT TURN,FAILURE TO YIELD RIGHT OF WAY,SSI,DAYLIGHT,CLEAR,DRY,False,39.699779510498,-86.1013870239258
903698506,2020,2020-11-16,Hancock,,CR600W & STONER DR,Vehicle,LEFT TURN,FAILURE TO YIELD RIGHT OF WAY,SSI,DAYLIGHT,CLEAR,DRY,False,39.8394393920898,-85.915283203125
903608657,2020,2020-07-03,Shelby,SHELBYVILLE,JOHN ST & N HARRISON ST,Pedalcycle,OTHER - EXPLAIN IN NARRATIVE,FAILURE TO YIELD RIGHT OF WAY,SSI,DARK (LIGHTED),CLEAR,DRY,False,39.5279808044434,-85.7769393920898
903654254,2020,2020-09-18,Hamilton,Fishers,OLIO RD & ROYALWOOD DR,Vehicle,RIGHT TURN,FAILURE TO YIELD RIGHT OF WAY,SSI,DARK (LIGHTED),CLOUDY,DRY,False,39.9620399475098,-85.9185638427734
903645429,2020,2020-08-20,Marion,Indianapolis,Bluff Rd  & Bluff Rd,Vehicle,REAR END,SPEED TOO FAST FOR WEATHER CONDITIONS,SSI,DAYLIGHT,CLEAR,DRY,False,39.6995582580566,-86.1725311279297
903725638,2021,2021-01-14,Marion,Indianapolis,RAYMOND ST & HIGH SCHOOL RD,Vehicle,RIGHT ANGLE,IMPROPER TURNING,SSI,DAYLIGHT,CLEAR,DRY,False,39.7354431152344,-86.2698745727539
903667665,2020,2020-10-03,Marion,Indianapolis,E 75th St  & E 75th St,Vehicle,RAN OFF ROAD,UNSAFE LANE MOVEMENT,SSI,DARK (NOT LIGHTED),CLEAR,DRY,False,39.8908462524414,-86.0497741699219
903590810,2020,2020-06-03,Marion,Indianapolis,I-70  & S TREMONT ST,Vehicle,HEAD ON BETWEEN TWO MOTOR VEHICLES,WRONG WAY ON ONE WAY,SSI,DAYLIGHT,CLEAR,DRY,True,39.755973815918,-86.2002105712891
903724588,2021,2021-01-16,Johnson,Greenwood,MAIN ST,Vehicle,RAN OFF ROAD,OTHER (DRIVER) - EXPLAIN IN NARRATIVE,Fatal,DAYLIGHT,CLOUDY,WET,False,39.613468170166,-86.1578750610352
903639856,2020,2020-08-21,Johnson,,US31S & ST RD 252 RD,Vehicle,OTHER - EXPLAIN IN NARRATIVE,UNSAFE LANE MOVEMENT,SSI,DAYLIGHT,CLEAR,DRY,False,39.4131546020508,-85.9968643188477
903633422,2020,2020-07-30,Marion,Indianapolis,HOLT RD & BRADBURY AVE,Vehicle,SAME DIRECTION SIDESWIPE,FAILURE TO YIELD RIGHT OF WAY,SSI,DARK (LIGHTED),CLOUDY,DRY,False,39.7315864562988,-86.2252044677734
903609089,2020,2020-07-03,Hendricks,Plainfield,SR267 & NORTHFIELD RD,Vehicle,REAR END,FOLLOWING TOO CLOSELY,SSI,DAYLIGHT,CLOUDY,DRY,False,39.7127418518066,-86.3995208740234
903655968,2020,2020-09-18,Marion,Indianapolis,SHADELAND AVE & TWIN OAKS DR,Vehicle,LEFT TURN,FAILURE TO YIELD RIGHT OF WAY,SSI,DARK (LIGHTED),CLEAR,DRY,False,39.8221549987793,-86.0458450317383
903692281,2020,2020-11-17,Marion,Lawrence,POST RD & MEADOWLARK DR,Pedestrian,OTHER - EXPLAIN IN NARRATIVE,PEDESTRIAN ACTION,SSI,DARK (NOT LIGHTED),CLEAR,DRY,False,39.8354377746582,-86.0102005004883
903628237,2020,2020-07-31,Marion,Indianapolis,SHADELAND AVE & SHADELAND AVE AVE,Pedestrian,,HEADLIGHT DEFECTIVE OR NOT ON,SSI,DARK (NOT LIGHTED),CLEAR,DRY,False,39.8230972290039,-86.0457305908203
903611553,2020,2020-07-03,Morgan,MARTINSVILLE,SR144E & WELLINGTON DR,Vehicle,HEAD ON BETWEEN TWO MOTOR VEHICLES,LEFT OF CENTER,Fatal,DAWN/DUSK,CLEAR,DRY,False,39.5666732788086,-86.2542343139648
903654798,2020,2020-09-19,Hamilton,,CYNTHEANNE RD & 206 ST,Vehicle,RAN OFF ROAD,OVERCORRECTING/OVERSTEERING,Fatal,DARK (NOT LIGHTED),CLEAR,DRY,False,40.0911598205566,-85.8823471069336
903672137,2020,2020-10-03,Johnson,Franklin,I- 65  & E King St,Vehicle,REAR END,FOLLOWING TOO CLOSELY,Fatal,DAYLIGHT,CLEAR,DRY,True,39.4883155822754,-86.0140533447266
903594047,2020,2020-06-03,Marion,Indianapolis,I-465  & MILL CREEK CIR,Vehicle,SAME DIRECTION SIDESWIPE,UNSAFE LANE MOVEMENT,SSI,DAYLIGHT,CLEAR,DRY,True,39.8184280395508,-86.2754516601563
903640576,2020,2020-08-21,Marion,Indianapolis,KEYSTONE AVE & PLEASANT RUN PKWY N DR,Vehicle,RIGHT ANGLE,FAILURE TO YIELD RIGHT OF WAY,SSI,DAYLIGHT,CLEAR,DRY,False,39.7507553100586,-86.1211166381836
903724618,2021,2021-01-16,Marion,Indianapolis,29TH ST & DR MARTIN LUTHER KING JR ST,Vehicle,RAN OFF ROAD,OVERCORRECTING/OVERSTEERING,Fatal,DAYLIGHT,SNOW,WET,False,39.8081855773926,-86.1718902587891
903707119,2020,2020-11-17,Marion,Indianapolis,KEYSTONE AVE & TROY AVE,Vehicle,REAR END,UNSAFE SPEED,SSI,DAYLIGHT,CLEAR,DRY,False,39.7232398986816,-86.1205444335938
903628603,2020,2020-07-31,Johnson,Greenwood,W COUNTY LINE RD & N MADISON AVE,Vehicle,LEFT TURN,DISREGARD SIGNAL/REG SIGN,SSI,DARK (LIGHTED),RAIN,WET,False,39.635440826416,-86.1170883178711
903612836,2020,2020-07-03,Marion,Indianapolis,MASSACHUSETTS AVE & RURAL ST,Vehicle,RIGHT ANGLE,DISREGARD SIGNAL/REG SIGN,SSI,DAYLIGHT,CLEAR,DRY,False,39.7939796447754,-86.1165924072265
903655027,2020,2020-09-19,Boone,,BLUBAUGH AVE & CR 200 W RD,Vehicle,RAN OFF ROAD,RAN OFF ROAD RIGHT,SSI,DAYLIGHT,CLEAR,LOOSE MATERIAL ON ROAD,False,40.1642074584961,-86.5053787231445
903664657,2020,2020-10-04,Marion,Indianapolis,HARCOURT RD & WESTLANE RD,Vehicle,OTHER - EXPLAIN IN NARRATIVE,OTHER (DRIVER) - EXPLAIN IN NARRATIVE,SSI,DARK (LIGHTED),RAIN,WET,False,39.8855895996094,-86.1934967041016
903589730,2020,2020-06-04,Marion,Lawrence,CONGRESSIONAL PL,Vehicle,OTHER - EXPLAIN IN NARRATIVE,UNSAFE SPEED,SSI,DAYLIGHT,CLEAR,DRY,False,39.8571090698242,-85.9628829956055
903692292,2020,2020-11-18,Hendricks,Plainfield,SR267,Vehicle,LEFT TURN,FAILURE TO YIELD RIGHT OF WAY,SSI,DAYLIGHT,CLEAR,DRY,False,39.7111663818359,-86.374641418457
903643538,2020,2020-08-21,Marion,Indianapolis,MORRIS ST & BEDFORD ST,Vehicle,RIGHT ANGLE,FAILURE TO YIELD RIGHT OF WAY,Fatal,DAYLIGHT,CLEAR,DRY,False,39.7506866455078,-86.2040405273438
903692346,2020,2020-11-18,Boone,Whitestown,WHITESTOWN PKWY & PERRY WORTH RD,Vehicle,LEFT TURN,FAILURE TO YIELD RIGHT OF WAY,SSI,DARK (LIGHTED),CLOUDY,DRY,False,39.9490051269531,-86.3491134643555
903629203,2020,2020-07-31,Morgan,MARTINSVILLE,E MORGAN ST & HARRISON ST,Pedestrian,COLLISION WITH OBJECT IN ROAD,PEDESTRIAN ACTION,SSI,DARK (NOT LIGHTED),RAIN,WET,False,39.428840637207,-86.4073791503906
903589843,2020,2020-06-04,Marion,Indianapolis,10TH ST & CECIL AVE,Vehicle,RIGHT ANGLE,FAILURE TO YIELD RIGHT OF WAY,SSI,DAYLIGHT,CLOUDY,DRY,False,39.7818908691406,-86.0229949951172
903656004,2020,2020-09-19,Marion,Indianapolis,MADISON AVE & MCCARTY ST,Vehicle,RIGHT ANGLE,DISREGARD SIGNAL/REG SIGN,SSI,DAYLIGHT,CLEAR,DRY,False,39.7562408447266,-86.1565628051758
903692596,2020,2020-11-18,Marion,Indianapolis,FALL CREEK PKWY N DR & KEYSTONE AVE,Vehicle,RIGHT ANGLE,FAILURE TO YIELD RIGHT OF WAY,SSI,DARK (LIGHTED),CLEAR,DRY,False,39.835018157959,-86.1217269897461
903629493,2020,2020-07-31,Marion,Indianapolis,38TH ST & DR MARTIN LUTHER KING JR ST,Vehicle,REAR END,FOLLOWING TOO CLOSELY,SSI,DARK (NOT LIGHTED),RAIN,WET,False,39.8243827819824,-86.1806411743164
903643636,2020,2020-08-21,Hancock,MOUNT COMFORT,N 600 W  & N Norris R Borgman Dr,Vehicle,REAR END,FOLLOWING TOO CLOSELY,SSI,DAYLIGHT,CLEAR,DRY,False,39.8248977661133,-85.9152450561523
903613555,2020,2020-07-03,Marion,Indianapolis,EMERSON AVE & 46TH ST,Vehicle,SAME DIRECTION SIDESWIPE,UNSAFE LANE MOVEMENT,SSI,DARK (LIGHTED),CLEAR,DRY,False,39.8403701782227,-86.0839080810547
903665983,2020,2020-10-04,Hancock,,US52,Vehicle,HEAD ON BETWEEN TWO MOTOR VEHICLES,LEFT OF CENTER,Fatal,DARK (NOT LIGHTED),CLEAR,DRY,False,39.7160835266113,-85.8670425415039