id,year,date,county,city,cross_street,crash_type,manner,primary_factor,ssi_fatal,light,weather,surface,interstate,lat,lon
903725686,2021,2021-01-16,Marion,Indianapolis,FALL CREEK PKWY N DR & ILLINOIS ST,Vehicle,RIGHT ANGLE,DISREGARD SIGNAL/REG SIGN,SSI,DAYLIGHT,SNOW,WET,False,39.8031845092773,-86.1589889526367
903667106,2020,2020-10-04,Marion,Indianapolis,I- 74,Vehicle,RAN OFF ROAD,DRIVER ASLEEP OR FATIGUED,SSI,DARK (NOT LIGHTED),CLOUDY,DRY,True,39.7004699707031,-86.1689300537109
903608940,2020,2020-07-04,Hendricks,Plainfield,US40 & MILES RD,Vehicle,COLLISION WITH DEER,ANIMAL/OBJECT IN ROADWAY,SSI,DARK (NOT LIGHTED),CLEAR,DRY,False,39.6906394958496,-86.4383087158203
903656777,2020,2020-09-19,Marion,Indianapolis,WASHINGTON ST & GERMAN CHURCH RD,Pedestrian,OTHER - EXPLAIN IN NARRATIVE,PEDESTRIAN ACTION,Fatal,DAYLIGHT,CLEAR,DRY,False,39.7754364013672,-85.9776382446289
903589967,2020,2020-06-04,Hancock,,CR600N,Vehicle,RIGHT ANGLE,FAILURE TO YIELD RIGHT OF WAY,SSI,DAWN/DUSK,RAIN,WET,False,39.8722114562988,-85.7286834716797
903631777,2020,2020-07-31,Marion,Indianapolis,I- 74  & E Payne Rd,Vehicle,RAN OFF ROAD,FAILURE TO MAINTAIN LANE,SSI,DARK (LIGHTED),CLEAR,DRY,True,39.7190093994141,-86.0506744384766
903693050,2020,2020-11-18,Hamilton,Westfield,169TH ST & SOUTHPARK DR,Pedalcycle,COLLISION WITH OBJECT IN ROAD,PEDESTRIAN ACTION,SSI,DARK (NOT LIGHTED),CLEAR,DRY,False,40.0325889587402,-86.1368026733398
903725757,2021,2021-01-16,Marion,Indianapolis,KEYSTONE AVE & 25TH ST,Vehicle,RIGHT ANGLE,DISREGARD SIGNAL/REG SIGN,SSI,DARK (LIGHTED),SNOW,WET,False,39.8031349182129,-86.12158203125
903678364,2020,2020-10-04,Marion,Indianapolis,KEYSTONE AVE & 24TH ST,Vehicle,HEAD ON BETWEEN TWO MOTOR VEHICLES,LEFT OF CENTER,SSI,DAYLIGHT,CLEAR,DRY,False,39.8016204833984,-86.1214599609375
903647720,2020,2020-08-21,Marion,Indianapolis,Mc Connell Way  & Madison Ave,Vehicle,SAME DIRECTION SIDESWIPE,UNSAFE SPEED,SSI,DARK (NOT LIGHTED),CLEAR,DRY,False,39.6985931396484,-86.1378555297852
903609037,2020,2020-07-04,Marion,Indianapolis,TIBBS AVE & 20TH ST,Vehicle,RIGHT ANGLE,FAILURE TO YIELD RIGHT OF WAY,SSI,DAYLIGHT,CLEAR,DRY,False,39.7932929992676,-86.2158584594727
903657348,2020,2020-09-19,Marion,Indianapolis,MITTHOEFER RD & 25TH ST,Vehicle,RIGHT ANGLE,IMPROPER TURNING,SSI,DARK (LIGHTED),CLEAR,DRY,False,39.8042411804199,-85.9905776977539
903590099,2020,2020-06-04,Marion,Lawrence,US36E,Pedestrian,OTHER - EXPLAIN IN NARRATIVE,PEDESTRIAN ACTION,SSI,DAYLIGHT,CLEAR,DRY,False,39.8448867797852,-86.0134887695313
903697984,2020,2020-11-18,Marion,Indianapolis,Draper St  & I65,Vehicle,RAN OFF ROAD,ROADWAY SURFACE CONDITION,Fatal,DAYLIGHT,CLEAR,DRY,True,39.7230758666992,-86.132438659668
903725847,2021,2021-01-16,Marion,Lawrence,30TH ST & POST RD,Vehicle,RIGHT ANGLE,OTHER (DRIVER) - EXPLAIN IN NARRATIVE,SSI,DARK (NOT LIGHTED),SNOW,WET,False,39.8443374633789,-86.0101776123047
903658228,2020,2020-09-19,Hancock,,I70,Vehicle,REAR END,RAN OFF ROAD RIGHT,Fatal,DARK (LIGHTED),CLEAR,DRY,True,39.8257446289062,-85.6954727172852
903693192,2020,2020-11-19,Marion,Indianapolis,S EAST ST & E THOMPSON RD,Pedestrian,OTHER - EXPLAIN IN NARRATIVE,PEDESTRIAN ACTION,SSI,DAYLIGHT,CLEAR,DRY,False,39.6936149597168,-86.1487350463867
903635036,2020,2020-07-31,Marion,Indianapolis,I- 465  & Alice Ave,Vehicle,REAR END,UNSAFE SPEED,SSI,DARK (LIGHTED),CLEAR,DRY,True,39.7695426940918,-86.0299530029297
903591589,2020,2020-06-04,Hamilton,Fishers,E 96TH ST & ALLISONVILLE RD,Vehicle,RIGHT ANGLE,DISREGARD SIGNAL/REG SIGN,SSI,DAYLIGHT,CLOUDY,DRY,False,39.926830291748,-86.0662078857422
903610265,2020,2020-07-04,Marion,Indianapolis,LAFAYETTE RD & W 30TH ST,Pedalcycle,OTHER - EXPLAIN IN NARRATIVE,PEDESTRIAN ACTION,SSI,DAYLIGHT,CLEAR,DRY,False,39.8118782043457,-86.2230377197266
903664929,2020,2020-10-05,Hamilton,Westfield,US31S,Vehicle,RAN OFF ROAD,RAN OFF ROAD RIGHT,SSI,DAYLIGHT,CLOUDY,DRY,False,40.0431900024414,-86.1366500854492
903640291,2020,2020-08-22,Shelby,SHELBYVILLE,SR44E & HAMILTON ST,Vehicle,COLLISION WITH OBJECT IN ROAD,IMPROPER LANE USAGE,SSI,DAYLIGHT,CLEAR,DRY,False,39.5229148864746,-85.7710342407227
903591925,2020,2020-06-04,Marion,Indianapolis,KENTUCKY AVE & STIRLING POINTE DR,Vehicle,RIGHT ANGLE,FAILURE TO YIELD RIGHT OF WAY,Fatal,DAYLIGHT,CLEAR,DRY,False,39.6877517700195,-86.2789077758789
903613564,2020,2020-07-04,Marion,Indianapolis,BINFORD BLVD & KESSLER BOULEVARD E DR,Vehicle,REAR END,UNSAFE LANE MOVEMENT,SSI,DARK (LIGHTED),CLEAR,DRY,False,39.8583602905273,-86.0937881469727
903731909,2021,2021-01-16,Marion,Indianapolis,I-65  & I65,Vehicle,RAN OFF ROAD,UNSAFE SPEED,SSI,DARK (LIGHTED),CLEAR,WET,True,39.7553863525391,-86.1450576782227
903662608,2020,2020-09-19,Marion,Indianapolis,I-65  & I65,Vehicle,SAME DIRECTION SIDESWIPE,UNSAFE LANE MOVEMENT,SSI,DAYLIGHT,CLEAR,DRY,True,39.679386138916,-86.1008758544922
903697767,2020,2020-11-19,Marion,Indianapolis,MERIDIAN ST & 30TH ST,Vehicle,RIGHT ANGLE,DISREGARD SIGNAL/REG SIGN,SSI,DARK (LIGHTED),CLEAR,DRY,False,39.810173034668,-86.1567001342773
903731923,2020,2020-07-31,Hamilton,Noblesville,SR37N & 141ST ST,Vehicle,NON-COLLISION,OTHER (DRIVER) - EXPLAIN IN NARRATIVE,Fatal,DARK (NOT LIGHTED),CLEAR,DRY,False,39.9942016601562,-86.0038528442383
903643283,2020,2020-08-22,Hamilton,Fishers,FALL CREEK RD & SEA STAR DR,Vehicle,RAN OFF ROAD,RAN OFF ROAD RIGHT,Fatal,DARK (NOT LIGHTED),CLEAR,DRY,False,39.933708190918,-85.9533081054688
903665354,2020,2020-10-05,Marion,Indianapolis,OAKLAND ST & MICHIGAN ST,Vehicle,SAME DIRECTION SIDESWIPE,OTHER (DRIVER) - EXPLAIN IN NARRATIVE,SSI,DAYLIGHT,CLEAR,DRY,False,39.7735290527344,-86.1129760742188
903590173,2020,2020-06-05,Marion,Lawrence,46TH ST & WOODCROFT AVE,Vehicle,HEAD ON BETWEEN TWO MOTOR VEHICLES,LEFT OF CENTER,SSI,DAYLIGHT,CLEAR,DRY,False,39.8404159545898,-86.0438232421875
903616582,2020,2020-07-04,Morgan,PARAGON,GRAVEYARD RD & SMITH LN,Vehicle,HEAD ON BETWEEN TWO MOTOR VEHICLES,LEFT OF CENTER,SSI,DARK (NOT LIGHTED),CLEAR,DRY,False,39.4887275695801,-86.5542831420898
903736431,2021,2021-01-16,Hendricks,Plainfield,I-70  & Ameriplex Pkwy,Vehicle,RAN OFF ROAD,UNSAFE SPEED,SSI,DARK (LIGHTED),SNOW,WET,True,39.6842498779297,-86.3310317993164
903671674,2020,2020-09-19,Marion,Indianapolis,21ST ST & AUDUBON RD,Vehicle,LEFT TURN,FAILURE TO YIELD RIGHT OF WAY,Fatal,DARK (LIGHTED),CLEAR,DRY,False,39.7962608337402,-86.0703201293945
903700878,2020,2020-11-19,Marion,Indianapolis,21ST ST & THOUSAND OAK BLVD,Vehicle,RAN OFF ROAD,RAN OFF ROAD RIGHT,Fatal,DARK (LIGHTED),CLEAR,DRY,False,39.7940330505371,-86.2843627929688
903628746,2020,2020-08-01,Boone,ADVANCE,500 W RD,Vehicle,RIGHT ANGLE,FAILURE TO YIELD RIGHT OF WAY,Fatal,DAYLIGHT,RAIN,WET,False,40.0100936889648,-86.5637283325195
903648202,2020,2020-08-22,Marion,Indianapolis,ALLISONVILLE RD & 56TH ST,Vehicle,REAR END,OVERCORRECTING/OVERSTEERING,Fatal,DAYLIGHT,CLEAR,DRY,False,39.8563690185547,-86.1033096313477
903665268,2020,2020-10-06,Hendricks,Brownsburg,E 56TH ST & N RONALD REAGAN PKWY,Vehicle,LEFT TURN,DISREGARD SIGNAL/REG SIGN,SSI,DARK (NOT LIGHTED),CLEAR,DRY,False,39.8515548706055,-86.3559494018555
903591188,2020,2020-06-05,Marion,Indianapolis,I-65  & E NORTH ST,Vehicle,OTHER - EXPLAIN IN NARRATIVE,UNSAFE LANE MOVEMENT,SSI,DAYLIGHT,CLEAR,DRY,True,39.7749404907227,-86.1422958374023
903628273,2020,2020-07-04,Marion,Indianapolis,WASHINGTON ST & DUKANE WAY,Vehicle,SAME DIRECTION SIDESWIPE,OVERCORRECTING/OVERSTEERING,SSI,DAYLIGHT,RAIN,WET,False,39.745777130127,-86.271858215332
903725608,2021,2021-01-17,Hancock,,US52,Vehicle,HEAD ON BETWEEN TWO MOTOR VEHICLES,LEFT OF CENTER,Fatal,DAYLIGHT,SNOW,WET,False,39.712646484375,-85.8536376953125
903672958,2020,2020-09-20,Marion,Indianapolis,38TH ST & RICHARDT AVE,Vehicle,RIGHT ANGLE,DISREGARD SIGNAL/REG SIGN,SSI,DAYLIGHT,CLEAR,DRY,False,39.8256950378418,-86.0362548828125
903628821,2020,2020-08-01,Hancock,Greenfield,US40 & STONEMASON RD,Vehicle,RAN OFF ROAD,RAN OFF ROAD RIGHT,SSI,DAYLIGHT,CLOUDY,DRY,False,39.7834777832031,-85.8062515258789
903593164,2020,2020-06-05,Morgan,,E RINKER RD & N BOTTOM RD,Pedalcycle,OTHER - EXPLAIN IN NARRATIVE,LEFT OF CENTER,SSI,DAYLIGHT,CLOUDY,DRY,False,39.5313453674316,-86.3621292114258
903609195,2020,2020-07-05,Hendricks,Plainfield,US40 & SARATOGA PKWY,Vehicle,RIGHT ANGLE,DISREGARD SIGNAL/REG SIGN,SSI,DAYLIGHT,CLEAR,DRY,False,39.6974143981934,-86.4188079833984
903725712,2021,2021-01-17,Marion,Indianapolis,MERIDIAN ST & HILL VALEY DR,Vehicle,REAR END,OTHER (DRIVER) - EXPLAIN IN NARRATIVE,SSI,DAWN/DUSK,CLOUDY,WET,False,39.6460380554199,-86.1584243774414
903673947,2020,2020-09-20,Marion,Indianapolis,38TH ST & STATION ST,Vehicle,LEFT TURN,FAILURE TO YIELD RIGHT OF WAY,SSI,DAYLIGHT,CLEAR,DRY,False,39.8252944946289,-86.105224609375
903665408,2020,2020-10-06,Morgan,MARTINSVILLE,SR37N & MORGAN ST,Vehicle,RIGHT ANGLE,FAILURE TO YIELD RIGHT OF WAY,Fatal,DAYLIGHT,CLEAR,DRY,False,39.4460830688476,-86.3872604370117
903641231,2020,2020-08-23,Marion,Indianapolis,BINFORD BLVD & ALLISONVILLE RD,Vehicle,LEFT TURN,OTHER (DRIVER) - EXPLAIN IN NARRATIVE,SSI,DAYLIGHT,CLEAR,DRY,False,39.8363342285156,-86.1187515258789
903693228,2020,2020-11-20,Marion,Indianapolis,42ND ST & KESSLER BLVD  N DR,Vehicle,OTHER - EXPLAIN IN NARRATIVE,RAN OFF ROAD RIGHT,SSI,DARK (NOT LIGHTED),CLEAR,DRY,False,39.8291168212891,-86.2115631103516
903656385,2020,2020-09-21,Hendricks,,CR825E,Vehicle,RAN OFF ROAD,RAN OFF ROAD RIGHT,SSI,DAYLIGHT,CLEAR,DRY,False,39.6470909118652,-86.3753433227539
903642413,2020,2020-08-23,Marion,Indianapolis,38TH ST & LONG WHARF DR,Vehicle,LEFT/RIGHT TURN,FAILURE TO YIELD RIGHT OF WAY,SSI,DARK (LIGHTED),CLEAR,DRY,False,39.8265266418457,-85.9791717529297
903635226,2020,2020-08-01,Marion,Indianapolis,WASHINGTON ST & ELIZABETH ST,Vehicle,LEFT TURN,UNSAFE SPEED,SSI,DARK (LIGHTED),RAIN,WET,False,39.7717475891113,-86.0506362915039
903665428,2020,2020-10-06,Hamilton,,E 113th St,Vehicle,RAN OFF ROAD,ANIMAL/OBJECT IN ROADWAY,SSI,DAWN/DUSK,CLEAR,DRY,False,39.954231262207,-85.8846130371094
903590233,2020,2020-06-06,Johnson,Greenwood,US31N & W HILLTOP DR,Vehicle,NON-COLLISION,OVERCORRECTING/OVERSTEERING,SSI,DARK (NOT LIGHTED),CLEAR,DRY,False,39.6193084716797,-86.116569519043
903725494,2021,2021-01-18,Johnson,,MISTHAVEN LN,Vehicle,RAN OFF ROAD,RAN OFF ROAD RIGHT,SSI,DAYLIGHT,CLEAR,DRY,False,39.5978355407715,-86.2041473388672
903609408,2020,2020-07-05,Morgan,MARTINSVILLE,NAST CHAPEL RD & SR 44 HWY,Vehicle,RAN OFF ROAD,RAN OFF ROAD RIGHT,Fatal,DAYLIGHT,CLEAR,DRY,False,39.4439392089844,-86.2981719970703
903694395,2020,2020-11-20,Johnson,Greenwood,WORTHSVILLE RD & SHEEK RD,Vehicle,RAN OFF ROAD,RAN OFF ROAD RIGHT,SSI,DARK (LIGHTED),CLEAR,WET,False,39.5870399475098,-86.0783996582031
903658096,2020,2020-09-21,Marion,Indianapolis,MICHIGAN ST & LINWOOD AVE,Vehicle,RIGHT ANGLE,FAILURE TO YIELD RIGHT OF WAY,Fatal,DAYLIGHT,CLEAR,DRY,False,39.7747802734375,-86.0919952392578
903645866,2020,2020-08-23,Marion,Lawrence,N FRANKLIN RD,Vehicle,REAR END,FOLLOWING TOO CLOSELY,SSI,DARK (LIGHTED),CLEAR,DRY,False,39.8362884521484,-86.0269317626953
903631078,2020,2020-08-02,Boone,Whitestown,I65S,Vehicle,REAR END,UNSAFE SPEED,Fatal,DARK (NOT LIGHTED),CLOUDY,DRY,False,39.9649124145508,-86.3755950927734
903665528,2020,2020-10-06,Hendricks,,SR67,Vehicle,RIGHT ANGLE,DISREGARD SIGNAL/REG SIGN,SSI,DAYLIGHT,CLEAR,DRY,False,39.6467247009277,-86.3288192749023
903591266,2020,2020-06-06,Marion,Indianapolis,KESSLER BLVD & DELAWARE ST,Vehicle,RAN OFF ROAD,UNSAFE SPEED,SSI,DAYLIGHT,CLEAR,DRY,False,39.8625907897949,-86.1535873413086
903725734,2021,2021-01-19,Marion,Indianapolis,WASHINGTON ST & BEVILLE AVE,Vehicle,RAN OFF ROAD,RAN OFF ROAD RIGHT,SSI,DARK (LIGHTED),CLEAR,DRY,False,39.7676620483398,-86.1226119995117
903617845,2020,2020-07-05,Marion,Indianapolis,34TH ST & GEORGETOWN RD,Pedestrian,NON-COLLISION,PEDESTRIAN ACTION,SSI,DAYLIGHT,CLEAR,DRY,False,39.8166313171387,-86.2400970458984
903629477,2020,2020-08-03,Johnson,Edinburgh,DUNCAN ST & COUNTY LINE RD,Vehicle,OTHER - EXPLAIN IN NARRATIVE,OTHER (DRIVER) - EXPLAIN IN NARRATIVE,SSI,DARK (LIGHTED),CLEAR,DRY,False,39.3472061157226,-85.9604263305664
903694895,2020,2020-11-20,Marion,Indianapolis,RURAL ST & BROOKSIDE AVE,Vehicle,REAR END,FOLLOWING TOO CLOSELY,SSI,DAYLIGHT,CLOUDY,DRY,False,39.7927360534668,-86.1165084838867
903630109,2020,2020-08-03,Hendricks,Brownsburg,CR1000E,Vehicle,RAN OFF ROAD,RAN OFF ROAD RIGHT,SSI,DARK (NOT LIGHTED),CLEAR,DRY,False,39.8441276550293,-86.3512573242188
903628406,2020,2020-07-05,Marion,Indianapolis,PIKE PLAZA RD & MOLLER RD,Vehicle,RAN OFF ROAD,OVERCORRECTING/OVERSTEERING,Fatal,DARK (NOT LIGHTED),CLEAR,DRY,False,39.8280792236328,-86.2562103271485
903662011,2020,2020-09-21,Marion,Indianapolis,CENTRAL AVE & 38TH ST,Vehicle,RIGHT ANGLE,FAILURE TO YIELD RIGHT OF WAY,Fatal,DARK (LIGHTED),CLEAR,DRY,False,39.8249053955078,-86.1497955322266
903648203,2020,2020-08-23,Marion,Indianapolis,GEORGETOWN RD & 52ND ST,Vehicle,LEFT TURN,FAILURE TO YIELD RIGHT OF WAY,SSI,DAYLIGHT,CLEAR,DRY,False,39.8456497192383,-86.2414855957031
903591273,2020,2020-06-06,Marion,Indianapolis,35TH ST & COLD SPRING RD,Vehicle,OTHER - EXPLAIN IN NARRATIVE,UNSAFE SPEED,SSI,DARK (NOT LIGHTED),CLEAR,DRY,False,39.8096809387207,-86.2020797729492
903726546,2021,2021-01-19,Marion,Indianapolis,HANNA AVE & EL LAGO BLVD,Vehicle,RAN OFF ROAD,LEFT OF CENTER,SSI,DAYLIGHT,CLEAR,DRY,False,39.708553314209,-86.1123046875
903648710,2020,2020-08-23,Marion,Indianapolis,SHELBY ST & SOUTHERN AVE,Vehicle,RIGHT ANGLE,FAILURE TO YIELD RIGHT OF WAY,Fatal,DAYLIGHT,CLEAR,DRY,False,39.7303466796875,-86.1396713256836
903665624,2020,2020-09-21,Marion,Indianapolis,38TH ST & BOULEVARD PL,Pedalcycle,OTHER - EXPLAIN IN NARRATIVE,DISREGARD SIGNAL/REG SIGN,Fatal,DAYLIGHT,CLEAR,DRY,False,39.8249320983887,-86.1638641357422
903630468,2020,2020-08-03,Shelby,SHELBYVILLE,CR1200S,Vehicle,RAN OFF ROAD,OVERCORRECTING/OVERSTEERING,SSI,DARK (NOT LIGHTED),CLOUDY,WET,False,39.3477554321289,-85.9395065307617
903694900,2020,2020-11-20,Marion,Indianapolis,WASHINGTON ST & WEBSTER AVE,Vehicle,REAR END,OTHER (DRIVER) - EXPLAIN IN NARRATIVE,SSI,DARK (LIGHTED),CLEAR,DRY,False,39.7711868286133,-86.0625839233398
903610921,2020,2020-07-06,Hendricks,Avon,CAESAR DR & ROMEO DR,Pedestrian,OTHER - EXPLAIN IN NARRATIVE,OTHER (VEHICLE) - EXPLAIN IN NARRATIVE,SSI,DAYLIGHT,CLEAR,DRY,False,39.7705917358398,-86.4072036743164
903666222,2020,2020-10-06,Marion,Indianapolis,Dundee Dr  & S Sherman Dr,Vehicle,RAN OFF ROAD,UNSAFE SPEED,SSI,DARK (LIGHTED),CLEAR,DRY,False,39.7042732238769,-86.1025161743164
903593573,2020,2020-06-06,Hamilton,Fishers,FALL CREEK RD & E 96TH ST,Vehicle,RAN OFF ROAD,RAN OFF ROAD RIGHT,SSI,DARK (NOT LIGHTED),CLEAR,DRY,False,39.9274711608887,-85.9361267089844
903611434,2020,2020-07-07,Marion,Lawrence,US36E & 52ND ST,Vehicle,LEFT TURN,FAILURE TO YIELD RIGHT OF WAY,SSI,DAYLIGHT,CLEAR,DRY,False,39.8483963012695,-86.0019073486328
903726569,2021,2021-01-19,Marion,Indianapolis,16TH ST & MONON TRL,Vehicle,COLLISION WITH OBJECT IN ROAD,FAILURE TO YIELD RIGHT OF WAY,SSI,DAYLIGHT,CLEAR,DRY,False,39.8605232238769,-86.1407165527344
903697793,2020,2020-11-20,Marion,Indianapolis,BLUFF RD & HANNA AVE,Vehicle,HEAD ON BETWEEN TWO MOTOR VEHICLES,LEFT OF CENTER,SSI,DARK (NOT LIGHTED),CLEAR,DRY,False,39.7076148986816,-86.1705474853516
903656867,2020,2020-09-22,Marion,Indianapolis,E 76TH ST & N SHADELAND AVE,Pedestrian,LEFT TURN,FAILURE TO YIELD RIGHT OF WAY,SSI,DAYLIGHT,CLEAR,DRY,False,39.8923683166504,-86.0461349487305
903635227,2020,2020-08-03,Marion,Indianapolis,GEORGETOWN RD & 71ST ST,Vehicle,LEFT TURN,FAILURE TO YIELD RIGHT OF WAY,SSI,DARK (LIGHTED),CLEAR,DRY,False,39.8818397521973,-86.2447814941406
903678387,2020,2020-10-06,Marion,Indianapolis,RAYMOND ST & OXFORD ST,Vehicle,LEFT TURN,FAILURE TO YIELD RIGHT OF WAY,Fatal,DARK (LIGHTED),CLEAR,DRY,False,39.7377166748047,-86.1137390136719
903641457,2020,2020-08-24,Hamilton,Westfield,169TH ST & SPRINGMILL RD,Vehicle,RIGHT ANGLE,FAILURE TO YIELD RIGHT OF WAY,SSI,DAYLIGHT,CLEAR,DRY,False,40.0319976806641,-86.1649780273438
903598926,2020,2020-06-06,Marion,Indianapolis,I- 465  & E Washington St,Vehicle,OPPOSITE DIRECTION SIDESWIPE,OTHER (DRIVER) - EXPLAIN IN NARRATIVE,SSI,DAYLIGHT,CLEAR,DRY,True,39.7724609375,-86.0303726196289
903612286,2020,2020-07-07,Marion,Indianapolis,KEYSTONE AVE & 71ST ST,Vehicle,RAN OFF ROAD,IMPROPER PASSING,SSI,DAYLIGHT,CLEAR,DRY,False,39.8842506408691,-86.1220932006836
903727326,2021,2021-01-19,Marion,Indianapolis,79TH ST & TOWNSHIP LINE RD,Pedestrian,RIGHT ANGLE,RAN OFF ROAD RIGHT,SSI,DAYLIGHT,CLEAR,DRY,False,39.8972473144531,-86.2021789550781
903661019,2020,2020-09-22,Marion,Indianapolis,FRANKLIN RD & WYSONG DR,Vehicle,NON-COLLISION,RAN OFF ROAD RIGHT,SSI,DARK (LIGHTED),CLEAR,DRY,False,39.8020629882813,-86.0260467529297
903666252,2020,2020-10-07,Morgan,,MANN RD & LANDERSDALE RD,Vehicle,RAN OFF ROAD,RAN OFF ROAD RIGHT,SSI,DAYLIGHT,CLEAR,DRY,False,39.6291351318359,-86.2540817260742
903641882,2020,2020-08-24,Marion,Indianapolis,ALLISONVILLE RD & 91ST ST,Vehicle,REAR END,FOLLOWING TOO CLOSELY,SSI,DAYLIGHT,CLEAR,DRY,False,39.9195365905762,-86.0709915161133
903644386,2020,2020-08-03,Marion,Indianapolis,I-465  & Westhaven Dr,Vehicle,REAR END,UNSAFE LANE MOVEMENT,SSI,DAYLIGHT,CLEAR,DRY,True,39.825927734375,-86.2756423950195
903612743,2020,2020-07-07,Marion,Indianapolis,I465E,Vehicle,SAME DIRECTION SIDESWIPE,UNSAFE LANE MOVEMENT,SSI,DAWN/DUSK,CLEAR,DRY,False,39.6930236816406,-86.2443313598633
903641935,2020,2020-08-24,Marion,Indianapolis,MADISON AVE & EPLER AVE,Vehicle,LEFT TURN,FAILURE TO YIELD RIGHT OF WAY,SSI,DAYLIGHT,CLOUDY,DRY,False,39.6865921020508,-86.1343688964844
903699532,2020,2020-11-20,Marion,Indianapolis,COUNTRY CLUB RD & FRITO LAY DR,Vehicle,HEAD ON BETWEEN TWO MOTOR VEHICLES,LEFT OF CENTER,SSI,DARK (NOT LIGHTED),CLEAR,DRY,False,39.8623275756836,-86.3079681396484
903667146,2020,2020-10-07,Marion,Indianapolis,MINNESOTA ST & MICKLEY AVE,Vehicle,SAME DIRECTION SIDESWIPE,PEDESTRIAN ACTION,SSI,DAYLIGHT,CLEAR,DRY,False,39.7425270080566,-86.2600936889648
903657682,2020,2020-09-23,Johnson,,CR600E & ROCKLANE RD,Vehicle,RAN OFF ROAD,RAN OFF ROAD RIGHT,SSI,DARK (NOT LIGHTED),CLEAR,DRY,False,39.6042366027832,-85.990493774414
903603819,2020,2020-06-06,Marion,Indianapolis,SR37S & SOUTHPORT RD,Vehicle,LEFT TURN,FAILURE TO YIELD RIGHT OF WAY,Fatal,DARK (LIGHTED),CLEAR,DRY,False,39.6635932922363,-86.195930480957
903727976,2021,2021-01-19,Marion,Indianapolis,WASHINGTON ST & SIGSBEE ST,Vehicle,RIGHT ANGLE,OVERCORRECTING/OVERSTEERING,Fatal,DAYLIGHT,CLEAR,DRY,False,39.7443161010742,-86.2778701782227
903641940,2020,2020-08-24,Marion,Indianapolis,SOUTHEASTERN AVE & PASADENA ST,Vehicle,HEAD ON BETWEEN TWO MOTOR VEHICLES,LEFT OF CENTER,SSI,DARK (LIGHTED),CLEAR,DRY,False,39.7289123535156,-86.052734375
903657982,2020,2020-09-23,Hamilton,Carmel,106TH ST & LEXINGTON DR,Pedalcycle,LEFT/RIGHT TURN,DISREGARD SIGNAL/REG SIGN,SSI,DAYLIGHT,CLEAR,DRY,False,39.9418029785156,-86.1382217407227
903590758,2020,2020-06-07,Boone,,CR500E,Vehicle,COLLISION WITH DEER,ANIMAL/OBJECT IN ROADWAY,SSI,DAYLIGHT,CLEAR,DRY,False,40.0229949951172,-86.3753509521485
903631058,2020,2020-08-05,Hendricks,COATESVILLE,SR75,Vehicle,RAN OFF ROAD,RAN OFF ROAD RIGHT,SSI,DAYLIGHT,CLEAR,DRY,False,39.7681846618652,-86.6511154174805
903628442,2020,2020-07-07,Marion,Indianapolis,HARCOURT RD & 80TH ST,Vehicle,SAME DIRECTION SIDESWIPE,UNSAFE LANE MOVEMENT,Fatal,DAYLIGHT,CLEAR,DRY,False,39.9000473022461,-86.1935348510742
903672513,2020,2020-10-07,Hancock,,E 400S  & 900 EAST,Vehicle,RIGHT ANGLE,FAILURE TO YIELD RIGHT OF WAY,SSI,DAYLIGHT,CLEAR,DRY,False,39.7274894714355,-85.6327133178711
903694072,2020,2020-11-21,Morgan,MARTINSVILLE,MOULTON RD & BRIAN CEMETERY RD,Vehicle,RAN OFF ROAD,SPEED TOO FAST FOR WEATHER CONDITIONS,Fatal,DARK (NOT LIGHTED),RAIN,WET,False,39.4743881225586,-86.2805023193359
903729988,2021,2021-01-19,Marion,Indianapolis,21ST ST & ARLINGTON AVE,Vehicle,RIGHT ANGLE,DISREGARD SIGNAL/REG SIGN,SSI,DAYLIGHT,CLEAR,DRY,False,39.7962074279785,-86.0642242431641
903652373,2020,2020-08-24,Marion,Indianapolis,I- 465  & 38th St,Vehicle,SAME DIRECTION SIDESWIPE,UNSAFE SPEED,SSI,DAYLIGHT,CLEAR,DRY,True,39.8250007629394,-86.0318603515625
903662868,2020,2020-09-23,Marion,Indianapolis,I-65  & E 9th St,Vehicle,RAN OFF ROAD,UNSAFE SPEED,SSI,DARK (LIGHTED),CLEAR,DRY,True,39.7792472839355,-86.1408157348633
903591716,2020,2020-06-07,Morgan,MORGANTOWN,HICKEY RD,Vehicle,RAN OFF ROAD,RAN OFF ROAD RIGHT,SSI,DAYLIGHT,CLEAR,DRY,False,39.4058990478516,-86.2868881225586
903631387,2020,2020-08-05,Marion,Indianapolis,21ST ST & GRAHAM AVE,Vehicle,REAR END,FOLLOWING TOO CLOSELY,SSI,DARK (LIGHTED),CLEAR,DRY,False,39.7962875366211,-86.0691223144531
903630220,2020,2020-07-07,Marion,Indianapolis,RURAL ST & BROOKSIDE PKWY N DR,Vehicle,RIGHT ANGLE,DISREGARD SIGNAL/REG SIGN,SSI,DAYLIGHT,CLEAR,DRY,False,39.7872810363769,-86.1163864135742
903684752,2020,2020-10-07,Marion,Indianapolis,21ST ST & KENYON ST,Vehicle,LEFT TURN,FAILURE TO YIELD RIGHT OF WAY,SSI,DAYLIGHT,CLEAR,DRY,False,39.7962875366211,-86.0559844970703