id,year,date,county,city,cross_street,crash_type,manner,primary_factor,ssi_fatal,light,weather,surface,interstate,lat,lon
903694163,2020,2020-11-21,Morgan,MORGANTOWN,SR135S & FARM DR,Vehicle,REAR END,FOLLOWING TOO CLOSELY,SSI,DAYLIGHT,CLOUDY,DRY,False,39.357234954834,-86.2611541748047
903652679,2020,2020-08-24,Marion,Indianapolis,WHITE RIVER PKWY W DR & 10TH ST,Vehicle,RAN OFF ROAD,RAN OFF ROAD RIGHT,Fatal,DAYLIGHT,CLEAR,DRY,False,39.779411315918,-86.1917495727539
903666544,2020,2020-09-23,Marion,Indianapolis,MADISON AVE & MILLS AVE,Vehicle,RIGHT ANGLE,FAILURE TO YIELD RIGHT OF WAY,SSI,DAYLIGHT,CLEAR,DRY,False,39.7044486999512,-86.1408615112305
903594045,2020,2020-06-07,Marion,Indianapolis,I-65  & BOYD AVE,Vehicle,RAN OFF ROAD,UNSAFE SPEED,SSI,DAYLIGHT,CLEAR,DRY,True,39.724063873291,-86.1331558227539
903631477,2020,2020-08-05,Marion,Indianapolis,SOUTHEASTERN AVE & MC GAUGHEY RD,Vehicle,HEAD ON BETWEEN TWO MOTOR VEHICLES,IMPROPER LANE USAGE,SSI,DARK (LIGHTED),CLOUDY,DRY,False,39.7063522338867,-86.0132751464844
903612539,2020,2020-07-08,Shelby,SHELBYVILLE,I74W,Vehicle,RAN OFF ROAD,RAN OFF ROAD RIGHT,SSI,DARK (NOT LIGHTED),CLEAR,DRY,False,39.5780868530273,-85.8138198852539
903694972,2020,2020-11-21,Marion,Indianapolis,W 48TH ST & KESSLER BLVD N DR,Vehicle,HEAD ON BETWEEN TWO MOTOR VEHICLES,LEFT OF CENTER,SSI,DAYLIGHT,RAIN,WET,False,39.8526382446289,-86.2117919921875
903631530,2020,2020-08-05,Marion,Indianapolis,HARDING ST & HANNA AVE,Pedestrian,OTHER - EXPLAIN IN NARRATIVE,PEDESTRIAN ACTION,Fatal,DARK (NOT LIGHTED),CLEAR,DRY,False,39.7056465148926,-86.1869201660156
903727149,2021,2021-01-20,Marion,Indianapolis,TROY AVE & ALLEN AVE,Vehicle,COLLISION WITH OBJECT IN ROAD,OTHER (DRIVER) - EXPLAIN IN NARRATIVE,SSI,DAYLIGHT,CLEAR,DRY,False,39.7223930358887,-86.1444549560547
903641942,2020,2020-08-25,Marion,Indianapolis,62ND ST & COUNTRY BROOK DR,Vehicle,REAR END,FOLLOWING TOO CLOSELY,SSI,DARK (LIGHTED),CLEAR,DRY,False,39.8673553466797,-86.2425003051758
903658070,2020,2020-09-24,Marion,Beech Grove,EMERSON AVE & THOMPSON RD,Vehicle,NON-COLLISION,HOLES/RUTS IN SURFACE,SSI,DAYLIGHT,CLEAR,DRY,False,39.6971130371094,-86.0824432373047
903617412,2020,2020-06-07,Marion,Indianapolis,30TH ST & ENTERPRISE ST,Vehicle,HEAD ON BETWEEN TWO MOTOR VEHICLES,LEFT OF CENTER,SSI,DAYLIGHT,CLEAR,DRY,False,39.8111572265625,-86.0314254760742
903666610,2020,2020-10-08,Marion,Indianapolis,TROY AVE & HARTMAN DR,Vehicle,RAN OFF ROAD,ENGINE FAILURE OR DEFECTIVE,SSI,DARK (LIGHTED),CLEAR,DRY,False,39.7248458862305,-86.0370330810547
903727720,2021,2021-01-20,Hendricks,Plainfield,US40 & HALLIBURTON RD,Vehicle,RIGHT ANGLE,FAILURE TO YIELD RIGHT OF WAY,Fatal,DAYLIGHT,CLEAR,DRY,False,39.7264823913574,-86.3394241333008
903658346,2020,2020-09-24,Shelby,SHELBYVILLE,WEST MECHANIC ST & NORTH TOMPKINS ST,Pedalcycle,COLLISION WITH OBJECT IN ROAD,FAILURE TO YIELD RIGHT OF WAY,SSI,DAYLIGHT,CLEAR,DRY,False,39.5261268615723,-85.7792205810547
903591768,2020,2020-06-08,Hamilton,Fishers,96TH ST & I 69 SB RP,Vehicle,RIGHT ANGLE,FAILURE TO YIELD RIGHT OF WAY,SSI,DAYLIGHT,CLEAR,DRY,True,39.927074432373,-86.0307312011719
903635263,2020,2020-08-05,Johnson,Greenwood,WORTHSVILLE RD,Pedestrian,COLLISION WITH OBJECT IN ROAD,PEDESTRIAN ACTION,SSI,DARK (NOT LIGHTED),CLEAR,DRY,False,39.5865364074707,-86.1024017333984
903612583,2020,2020-07-08,Johnson,Bargersville,CR144W,Vehicle,HEAD ON BETWEEN TWO MOTOR VEHICLES,LEFT OF CENTER,SSI,DAYLIGHT,CLOUDY,DRY,False,39.5613136291504,-86.2324142456055
903698438,2020,2020-11-21,Marion,Indianapolis,PLEASANT RUN PKWY N DR & ENGLISH AVE,Vehicle,RAN OFF ROAD,RAN OFF ROAD RIGHT,Fatal,DARK (LIGHTED),RAIN,WET,False,39.7597732543945,-86.1118316650391
903668538,2020,2020-10-08,Marion,Indianapolis,MICHIGAN RD & 60TH ST,Vehicle,OTHER - EXPLAIN IN NARRATIVE,FAILURE TO YIELD RIGHT OF WAY,SSI,DAYLIGHT,CLEAR,DRY,False,39.8618125915527,-86.1987228393555
903642389,2020,2020-08-25,Marion,Indianapolis,MASSACHUSETTS AVE & 30TH ST,Vehicle,RIGHT ANGLE,FAILURE TO YIELD RIGHT OF WAY,SSI,DAYLIGHT,CLEAR,DRY,False,39.8112869262695,-86.0821838378906
903735201,2021,2021-01-20,Marion,Indianapolis,BINFORD BLVD & 46TH ST,Vehicle,RIGHT ANGLE,DISREGARD SIGNAL/REG SIGN,SSI,DARK (LIGHTED),CLEAR,DRY,False,39.8402671813965,-86.1128158569336
903658348,2020,2020-09-24,Hamilton,Atlanta,281 ST & HAYWORTH RD,Vehicle,RAN OFF ROAD,DRIVER ILLNESS,Fatal,DAYLIGHT,CLEAR,DRY,False,40.1993064880371,-85.8859558105469
903591945,2020,2020-06-08,Marion,Indianapolis,BLUFF RD & TIMBER HILL TRL,Vehicle,RAN OFF ROAD,RAN OFF ROAD RIGHT,SSI,DAYLIGHT,CLEAR,DRY,False,39.6501274108887,-86.1923980712891
903631636,2020,2020-08-06,Hendricks,CLAYTON,CR0,Vehicle,RIGHT ANGLE,DISREGARD SIGNAL/REG SIGN,SSI,DAYLIGHT,CLEAR,DRY,False,39.6300010681152,-86.5221252441406
903613945,2020,2020-07-08,Hendricks,,CR1000N,Vehicle,RIGHT ANGLE,FAILURE TO YIELD RIGHT OF WAY,SSI,DAYLIGHT,CLEAR,DRY,False,39.9094543457031,-86.3548965454102
903698478,2020,2020-11-21,Marion,Indianapolis,I- 465  & Marianne Ave,Vehicle,SAME DIRECTION SIDESWIPE,OTHER (DRIVER) - EXPLAIN IN NARRATIVE,Fatal,DAYLIGHT,CLOUDY,DRY,True,39.7944107055664,-86.035514831543
903669063,2020,2020-10-08,Hamilton,Westfield,CAREY RD,Pedestrian,BACKING CRASH,UNSAFE BACKING,SSI,DARK (LIGHTED),CLEAR,DRY,False,40.041561126709,-86.1067581176758
903669981,2020,2020-10-08,Marion,Indianapolis,WOLFGANG PL & MOTZART WAY,Pedestrian,OTHER - EXPLAIN IN NARRATIVE,PEDESTRIAN ACTION,SSI,DAWN/DUSK,CLEAR,DRY,False,39.7285118103027,-86.0283966064453
903671825,2020,2020-10-08,Marion,Indianapolis,S Perimeter Rd  & S Perimeter Rd,Vehicle,RAN OFF ROAD,UNSAFE SPEED,SSI,DAWN/DUSK,CLEAR,DRY,False,39.7133865356445,-86.2668685913086
903672729,2020,2020-10-08,Marion,Indianapolis,I-69  & E 87th St,Vehicle,REAR END,UNSAFE SPEED,Fatal,DARK (LIGHTED),CLEAR,DRY,True,39.9147567749023,-86.0385055541992
903672854,2020,2020-10-08,Marion,Indianapolis,SHERMAN DR & PLEASANT RUN PKWY S DR,Pedalcycle,RIGHT ANGLE,FAILURE TO YIELD RIGHT OF WAY,Fatal,DAYLIGHT,CLEAR,DRY,False,39.7621574401855,-86.1020202636719
903667237,2020,2020-10-09,Johnson,Franklin,E KING ST,Vehicle,RIGHT ANGLE,FAILURE TO YIELD RIGHT OF WAY,SSI,DARK (NOT LIGHTED),CLEAR,DRY,False,39.4832954406738,-86.0125503540039
903667562,2020,2020-10-09,Hendricks,Plainfield,STAFFORD RD,Vehicle,BACKING CRASH,UNSAFE BACKING,SSI,DAYLIGHT,CLEAR,DRY,False,39.6973457336426,-86.3648452758789
903669659,2020,2020-10-09,Marion,Indianapolis,I-70  & E 18th St,Vehicle,RIGHT ANGLE,UNSAFE LANE MOVEMENT,SSI,DAYLIGHT,CLEAR,DRY,True,39.7899780273437,-86.127571105957
903674416,2020,2020-10-09,Hendricks,Pittsboro,I-74  & I74,Vehicle,RAN OFF ROAD,UNSAFE LANE MOVEMENT,SSI,DARK (LIGHTED),CLEAR,DRY,True,39.8794555664062,-86.4735260009766
903676975,2020,2020-10-09,Marion,Indianapolis,30TH ST & HEATHERLEA DR,Pedestrian,OTHER - EXPLAIN IN NARRATIVE,IMPROPER PASSING,SSI,DAWN/DUSK,CLEAR,DRY,False,39.8116760253906,-85.981086730957
903688394,2020,2020-10-09,Marion,Indianapolis,MADISON AVE & SOUTH ST,Vehicle,LEFT TURN,FAILURE TO YIELD RIGHT OF WAY,Fatal,DARK (LIGHTED),CLEAR,DRY,False,39.6610603332519,-86.1257781982422
903668002,2020,2020-10-10,Morgan,MONROVIA,I70E,Vehicle,RAN OFF ROAD,RAN OFF ROAD RIGHT,SSI,DARK (NOT LIGHTED),CLEAR,DRY,False,39.5752067565918,-86.613166809082
903668607,2020,2020-10-10,Marion,Indianapolis,FISHER CREEK DR & SERENE STREAM WAY,Vehicle,OPPOSITE DIRECTION SIDESWIPE,UNSAFE LANE MOVEMENT,SSI,DARK (LIGHTED),CLEAR,DRY,False,39.7555923461914,-86.0305328369141
903668709,2020,2020-10-10,Marion,Indianapolis,MERIDIAN ST & 21ST ST,Vehicle,OTHER - EXPLAIN IN NARRATIVE,FAILURE TO YIELD RIGHT OF WAY,SSI,DAYLIGHT,CLEAR,DRY,False,39.794734954834,-86.1572647094727
903668721,2020,2020-10-11,Marion,Indianapolis,ENGLISH AVE & OAKLAND AVE,Vehicle,REAR END,UNSAFE SPEED,SSI,DARK (LIGHTED),CLEAR,DRY,False,39.7599067687988,-86.1131362915039
903669945,2020,2020-10-11,Johnson,,COUNTY LINE RD & RIDGE HILL DR,Vehicle,RIGHT ANGLE,FAILURE TO YIELD RIGHT OF WAY,SSI,DAYLIGHT,CLEAR,DRY,False,39.6344490051269,-86.1892776489258
903682673,2020,2020-10-11,Marion,Indianapolis,I-65  & I70,Vehicle,RAN OFF ROAD,UNSAFE LANE MOVEMENT,SSI,DARK (LIGHTED),CLEAR,DRY,True,39.7542495727539,-86.1452178955078
903688374,2020,2020-10-11,Marion,Indianapolis,ARLINGTON AVE & BROCKWORTH DR,Vehicle,REAR END,UNSAFE SPEED,Fatal,DAYLIGHT,CLEAR,DRY,False,39.7187347412109,-86.0636138916016
903668790,2020,2020-10-12,Hancock,Cumberland,US40W & 700W RD,Vehicle,RIGHT ANGLE,DISREGARD SIGNAL/REG SIGN,SSI,DAYLIGHT,CLOUDY,DRY,False,39.7776107788086,-85.9333953857422
903668954,2020,2020-10-12,Boone,Lebanon,LEBANON ST & LAKESHORE DR,Vehicle,RIGHT ANGLE,OTHER (DRIVER) - EXPLAIN IN NARRATIVE,SSI,DAYLIGHT,CLEAR,DRY,False,40.0723762512207,-86.4741439819336
903669222,2020,2020-10-12,Marion,Indianapolis,30TH ST & EMERSON AVE,Vehicle,LEFT TURN,FAILURE TO YIELD RIGHT OF WAY,SSI,DAYLIGHT,RAIN,WET,False,39.8098068237305,-86.0835723876953
903674678,2020,2020-10-12,Hamilton,Noblesville,HAGUE RD & FOX CHASE DR,Vehicle,HEAD ON BETWEEN TWO MOTOR VEHICLES,LEFT OF CENTER,Fatal,DAYLIGHT,CLOUDY,DRY,False,40.0659675598145,-86.0334548950195
903669603,2020,2020-10-13,Johnson,Franklin,US31S & CO RD 550 E RD,Vehicle,RAN OFF ROAD,UNSAFE LANE MOVEMENT,SSI,DAYLIGHT,CLEAR,DRY,False,39.4845085144043,-86.0061187744141
903670572,2020,2020-10-14,Marion,Indianapolis,EAST ST & TERRACE AVE,Pedalcycle,RIGHT ANGLE,FAILURE TO YIELD RIGHT OF WAY,SSI,DARK (LIGHTED),CLOUDY,DRY,False,39.7479400634766,-86.1494750976563
903671866,2020,2020-10-14,Marion,Indianapolis,I-70  & Shadeland Rd,Vehicle,RAN OFF ROAD,IMPROPER LANE USAGE,SSI,DAYLIGHT,CLEAR,DRY,True,39.7983779907226,-86.0448989868164
903675524,2020,2020-10-14,Marion,Indianapolis,EBBIE RD & AURIE DR,Pedestrian,RIGHT ANGLE,OTHER (DRIVER) - EXPLAIN IN NARRATIVE,Fatal,DAYLIGHT,CLEAR,DRY,False,39.8063163757324,-86.0235443115234
903676586,2020,2020-10-14,Marion,Indianapolis,NELSON AVE & STATE ST,Pedestrian,RIGHT ANGLE,PEDESTRIAN ACTION,Fatal,DARK (LIGHTED),CLOUDY,DRY,False,39.7284965515137,-86.1324310302734
903684753,2020,2020-10-14,Marion,Indianapolis,82ND ST & CASTLE LAKE RD,Vehicle,LEFT TURN,FAILURE TO YIELD RIGHT OF WAY,Fatal,DARK (NOT LIGHTED),CLEAR,DRY,False,39.9053077697754,-86.0228118896484
903672077,2020,2020-10-15,Boone,Lebanon,I- 65,Vehicle,SAME DIRECTION SIDESWIPE,UNSAFE LANE MOVEMENT,SSI,DAYLIGHT,RAIN,WET,True,40.0580596923828,-86.4936828613281
903688511,2020,2020-10-15,Marion,Indianapolis,FIVE POINTS RD & SUNSET RIDGE PKWY,Vehicle,RAN OFF ROAD,RAN OFF ROAD RIGHT,Fatal,DAYLIGHT,RAIN,WET,False,39.6747932434082,-86.044563293457
903671503,2020,2020-10-16,Marion,Lawrence,SHADELAND AVE & 52ND ST,Vehicle,LEFT TURN,FAILURE TO YIELD RIGHT OF WAY,SSI,DAYLIGHT,CLEAR,DRY,False,39.8477096557617,-86.0461807250977
903672109,2020,2020-10-16,Hendricks,,CR75W,Vehicle,RAN OFF ROAD,RAN OFF ROAD RIGHT,SSI,DARK (NOT LIGHTED),CLEAR,DRY,False,39.7420234680176,-86.5378341674805
903671777,2020,2020-10-17,Marion,Lawrence,SHADELAND AVE & 52ND ST,Vehicle,NON-COLLISION,UNSAFE SPEED,SSI,DAYLIGHT,CLOUDY,DRY,False,39.8480491638184,-86.0433654785156
903672275,2020,2020-10-17,Hancock,,CR100N,Vehicle,RAN OFF ROAD,UNSAFE SPEED,SSI,DARK (NOT LIGHTED),CLEAR,DRY,False,39.7984466552734,-85.849983215332
903673375,2020,2020-10-17,Marion,Indianapolis,MORRIS ST & PERSHING AVE,Vehicle,HEAD ON BETWEEN TWO MOTOR VEHICLES,FAILURE TO YIELD RIGHT OF WAY,SSI,DARK (LIGHTED),CLEAR,DRY,False,39.7508811950684,-86.1994705200195
903674668,2020,2020-10-17,Hamilton,Fishers,116TH ST & BELLE PLAINE BLVD,Vehicle,REAR END,OTHER (DRIVER) - EXPLAIN IN NARRATIVE,Fatal,DARK (NOT LIGHTED),CLEAR,DRY,False,39.9572143554688,-85.9731521606445
903676588,2020,2020-10-17,Marion,Indianapolis,MASSACHUSETTS AVE & 30TH ST,Vehicle,HEAD ON BETWEEN TWO MOTOR VEHICLES,LEFT OF CENTER,SSI,DAYLIGHT,CLOUDY,DRY,False,39.812313079834,-86.080078125
903672061,2020,2020-10-18,Boone,Whitestown,ALBERT S WHITE DR & CR 700 E RD,Vehicle,HEAD ON BETWEEN TWO MOTOR VEHICLES,IMPROPER PASSING,SSI,DARK (NOT LIGHTED),CLOUDY,DRY,False,39.9828300476074,-86.3392639160156
903673323,2020,2020-10-18,Marion,Indianapolis,SOUTHPORT RD & HARDING ST,Vehicle,HEAD ON BETWEEN TWO MOTOR VEHICLES,FAILURE TO YIELD RIGHT OF WAY,SSI,DAYLIGHT,CLEAR,DRY,False,39.6638031005859,-86.1870346069336
903684982,2020,2020-10-18,Marion,Indianapolis,I-70  & I65,Vehicle,RAN OFF ROAD,UNSAFE LANE MOVEMENT,SSI,DAYLIGHT,CLOUDY,WET,True,39.784252166748,-86.1436080932617
903673945,2020,2020-10-19,Morgan,MARTINSVILLE,MORTON AVE,Vehicle,LEFT TURN,HEADLIGHT DEFECTIVE OR NOT ON,SSI,DARK (NOT LIGHTED),RAIN,WET,False,39.4106292724609,-86.438606262207
903674379,2020,2020-10-19,Marion,Indianapolis,I-70  & Church St,Vehicle,REAR END,SPEED TOO FAST FOR WEATHER CONDITIONS,SSI,DAYLIGHT,RAIN,WET,True,39.7537078857422,-86.1630477905273
903673757,2020,2020-10-20,Hamilton,Carmel,146 ST & GRAY RD,Vehicle,HEAD ON BETWEEN TWO MOTOR VEHICLES,RAN OFF ROAD RIGHT,SSI,DAWN/DUSK,CLOUDY,WET,False,40.0004463195801,-86.0897445678711
903673948,2020,2020-10-20,Hamilton,Fishers,131ST ST & PROMISE RD,Vehicle,LEFT TURN,FAILURE TO YIELD RIGHT OF WAY,SSI,DARK (LIGHTED),CLOUDY,DRY,False,39.9718704223633,-85.9683685302734
903674001,2020,2020-10-20,Shelby,SHELBYVILLE,FRONTAGE RD & N MICHIGAN RD,Vehicle,RAN OFF ROAD,RAN OFF ROAD RIGHT,SSI,DARK (NOT LIGHTED),RAIN,WET,False,39.5628814697266,-85.795280456543
903674094,2020,2020-10-20,Marion,Speedway,W 20TH ST & GERRARD AVE,Vehicle,RIGHT ANGLE,DISREGARD SIGNAL/REG SIGN,SSI,DAYLIGHT,CLOUDY,DRY,False,39.7925605773926,-86.2493286132813
903674201,2020,2020-10-21,Marion,Indianapolis,MOLLER RD & 34 ST,Vehicle,RIGHT ANGLE,DISREGARD SIGNAL/REG SIGN,SSI,DARK (LIGHTED),RAIN,WATER (STANDING OR MOVING),False,39.8471717834473,-86.2550888061523
903674725,2020,2020-10-21,Hendricks,Plainfield,STAFFORD RD,Vehicle,LEFT/RIGHT TURN,DISREGARD SIGNAL/REG SIGN,SSI,DARK (LIGHTED),CLEAR,DRY,False,39.6972465515137,-86.3711547851562
903675019,2020,2020-10-21,Hamilton,Carmel,SMOKEY ROW RD & MONON TRL,Pedestrian,OTHER - EXPLAIN IN NARRATIVE,FAILURE TO YIELD RIGHT OF WAY,SSI,DAWN/DUSK,CLOUDY,DRY,False,39.9855728149414,-86.1300277709961
903677880,2020,2020-10-22,Marion,Indianapolis,WASHINGTON ST,Vehicle,RAN OFF ROAD,RAN OFF ROAD RIGHT,SSI,DAYLIGHT,CLEAR,DRY,False,39.7612113952637,-86.222541809082
903593272,2020,2020-06-08,Marion,Indianapolis,POST RD & MCGAUGHEY RD,Vehicle,COLLISION WITH ANIMAL OTHER,RAN OFF ROAD RIGHT,SSI,DARK (LIGHTED),CLEAR,DRY,False,39.7072296142578,-86.0081634521484
903632090,2020,2020-08-06,Hamilton,Carmel,US31S,Vehicle,SAME DIRECTION SIDESWIPE,OTHER (DRIVER) - EXPLAIN IN NARRATIVE,SSI,DAYLIGHT,CLEAR,DRY,False,39.9558448791504,-86.1578521728515
903612807,2020,2020-07-09,Hancock,,CR600W,Vehicle,RIGHT ANGLE,FAILURE TO YIELD RIGHT OF WAY,SSI,DAYLIGHT,CLEAR,DRY,False,39.7976684570312,-85.9147033691406
903658640,2020,2020-09-24,Marion,Indianapolis,10TH ST & DR MARTIN LUTHER KING JR ST,Vehicle,RIGHT ANGLE,DISREGARD SIGNAL/REG SIGN,SSI,DAYLIGHT,CLOUDY,DRY,False,39.7809066772461,-86.1682815551758
903598136,2020,2020-06-08,Marion,Indianapolis,KEYSTONE AVE & TROY AVE,Vehicle,RIGHT TURN,FAILURE TO YIELD RIGHT OF WAY,SSI,DAYLIGHT,CLEAR,DRY,False,39.7229919433594,-86.1205444335938
903642415,2020,2020-08-25,Marion,Indianapolis,MORRIS ST & KENTUCKY AVE,Vehicle,RAN OFF ROAD,UNSAFE SPEED,SSI,DARK (LIGHTED),CLEAR,DRY,False,39.7512969970703,-86.1790618896484
903632411,2020,2020-08-06,Marion,Lawrence,US36E & MITTHOEFFER RD,Vehicle,REAR END,FAILURE TO YIELD RIGHT OF WAY,SSI,DAYLIGHT,CLEAR,DRY,False,39.8535346984863,-85.9913787841797
903610025,2020,2020-06-08,Marion,Indianapolis,EAST ST & BEECHER ST,Vehicle,LEFT TURN,FAILURE TO YIELD RIGHT OF WAY,SSI,DAYLIGHT,CLEAR,DRY,False,39.7414398193359,-86.1499176025391
903613114,2020,2020-07-09,Morgan,MARTINSVILLE,WILBUR RD & UPPER PATTON PARK RD,Vehicle,RAN OFF ROAD,RAN OFF ROAD RIGHT,SSI,DAYLIGHT,CLEAR,DRY,False,39.5083656311035,-86.482063293457
903658648,2020,2020-09-24,Marion,Indianapolis,THOMPSON RD & GRAY RD,Vehicle,RAN OFF ROAD,RAN OFF ROAD RIGHT,SSI,DAYLIGHT,CLEAR,DRY,False,39.693359375,-86.0965728759766
903643062,2020,2020-08-25,Hamilton,Carmel,US31S,Vehicle,NON-COLLISION,UNSAFE SPEED,SSI,DAYLIGHT,CLEAR,DRY,False,39.9404716491699,-86.1579055786133
903645544,2020,2020-08-25,Marion,Indianapolis,30TH ST & SHADELAND AVE,Vehicle,RAN OFF ROAD,RAN OFF ROAD RIGHT,SSI,DAYLIGHT,CLEAR,DRY,False,39.8109588623047,-86.0436859130859
903591971,2020,2020-06-09,Marion,Indianapolis,38TH ST & KESSLER BLVD N DR,Vehicle,REAR END,OTHER (DRIVER) - EXPLAIN IN NARRATIVE,SSI,DARK (NOT LIGHTED),CLOUDY,DRY,False,39.8236083984375,-86.2143783569336
903613246,2020,2020-07-09,Johnson,Greenwood,US31N & COUNTY LINE RD,Vehicle,LEFT TURN,DISREGARD SIGNAL/REG SIGN,SSI,DARK (LIGHTED),CLEAR,DRY,False,39.6353454589844,-86.1266860961914
903642985,2020,2020-08-26,Marion,Indianapolis,34TH ST & CENTRAL AVE,Vehicle,RIGHT ANGLE,FAILURE TO YIELD RIGHT OF WAY,SSI,DAYLIGHT,CLEAR,DRY,False,39.8174247741699,-86.1496505737305
903594574,2020,2020-06-09,Marion,Indianapolis,I-65  & W 71ST ST,Vehicle,REAR END,FOLLOWING TOO CLOSELY,SSI,DAYLIGHT,CLEAR,DRY,True,39.8807678222656,-86.2931747436523
903613588,2020,2020-07-09,Hamilton,Carmel,E 116TH ST & S RANGELINE RD,Vehicle,RIGHT ANGLE,FAILURE TO YIELD RIGHT OF WAY,SSI,DAYLIGHT,CLEAR,DRY,False,39.9565086364746,-86.1268310546875
903643177,2020,2020-08-26,Hamilton,Noblesville,LITTLE CHICAGO RD & PEBBLE VILLAGE LN,Vehicle,RIGHT ANGLE,FAILURE TO YIELD RIGHT OF WAY,SSI,DAYLIGHT,CLEAR,DRY,False,40.0443305969238,-86.0708618164062
903617931,2020,2020-06-09,Marion,Indianapolis,ARLINGTON AVE & 56TH ST,Vehicle,HEAD ON BETWEEN TWO MOTOR VEHICLES,LEFT OF CENTER,SSI,DAYLIGHT,CLOUDY,DRY,False,39.8544578552246,-86.0652618408203
903614486,2020,2020-07-09,Shelby,SHELBYVILLE,MICHIGAN RD,Vehicle,RAN OFF ROAD,RAN OFF ROAD RIGHT,Fatal,DAYLIGHT,CLEAR,DRY,False,39.4952049255371,-85.6976852416992
903645545,2020,2020-08-26,Marion,Indianapolis,SR37N & SOUTHPORT RD,Pedestrian,RIGHT ANGLE,PEDESTRIAN ACTION,SSI,DAYLIGHT,CLEAR,DRY,False,39.6637916564941,-86.195930480957
903631446,2020,2020-06-09,Marion,Indianapolis,I-65,Pedestrian,OTHER - EXPLAIN IN NARRATIVE,PEDESTRIAN ACTION,Fatal,DAYLIGHT,CLOUDY,WET,True,39.9123077392578,-86.3229064941406
903630360,2020,2020-07-09,Marion,Indianapolis,WASHINGTON ST & WOODROW AVE,Pedestrian,RAN OFF ROAD,OVERCORRECTING/OVERSTEERING,SSI,DARK (LIGHTED),CLEAR,DRY,False,39.7556686401367,-86.2404022216797
903643415,2020,2020-08-27,Hancock,New Palestine,CR500W,Vehicle,RAN OFF ROAD,UNSAFE SPEED,SSI,DARK (NOT LIGHTED),CLEAR,DRY,False,39.7425956726074,-85.8956756591797
903599907,2020,2020-06-10,Hendricks,Avon,N RONALD REAGAN PKWY,Vehicle,REAR END,UNSAFE LANE MOVEMENT,Fatal,DAYLIGHT,CLEAR,DRY,False,39.8003463745117,-86.3486862182617
903653471,2020,2020-08-27,Marion,Indianapolis,EMERSON AVE & 10TH ST,Vehicle,RIGHT ANGLE,DISREGARD SIGNAL/REG SIGN,SSI,DARK (LIGHTED),CLEAR,DRY,False,39.7814559936523,-86.0831985473633
903605221,2020,2020-06-10,Shelby,MORRISTOWN,PATTERSON ST & NORTH ST,Vehicle,OTHER - EXPLAIN IN NARRATIVE,OTHER (DRIVER) - EXPLAIN IN NARRATIVE,SSI,DAWN/DUSK,CLOUDY,DRY,False,39.6743316650391,-85.7002029418945
903643921,2020,2020-08-28,Marion,Indianapolis,6648 SOUTH PERIMETR RD & 3700 SOUTH HIGH SCHOOL RD,Vehicle,OTHER - EXPLAIN IN NARRATIVE,OTHER (DRIVER) - EXPLAIN IN NARRATIVE,SSI,DARK (LIGHTED),CLEAR,DRY,False,39.7152786254883,-86.2664947509765
903616542,2020,2020-06-10,Marion,Indianapolis,WASHINGTON ST & BAZIL AVE,Pedestrian,RIGHT ANGLE,PEDESTRIAN ACTION,SSI,DAYLIGHT,CLEAR,DRY,False,39.7738800048828,-86.011589050293
903593621,2020,2020-06-11,Boone,Lebanon,I65S,Vehicle,SAME DIRECTION SIDESWIPE,IMPROPER LANE USAGE,SSI,DAWN/DUSK,CLEAR,DRY,False,40.056640625,-86.4937744140625
903593758,2020,2020-06-11,Marion,Indianapolis,WASHINGTON ST & BELMONT AVE,Vehicle,HEAD ON BETWEEN TWO MOTOR VEHICLES,FAILURE TO YIELD RIGHT OF WAY,SSI,DAYLIGHT,CLEAR,DRY,False,39.7662506103516,-86.196891784668
903644911,2020,2020-08-28,Marion,Indianapolis,RAYMOND ST & EAST ST,Vehicle,RIGHT ANGLE,FAILURE TO YIELD RIGHT OF WAY,SSI,DAYLIGHT,RAIN,WET,False,39.7370414733887,-86.1490097045898
903644917,2020,2020-08-28,Marion,Indianapolis,GRANDVIEW DR & SANWELA DR,Vehicle,HEAD ON BETWEEN TWO MOTOR VEHICLES,SPEED TOO FAST FOR WEATHER CONDITIONS,SSI,DAYLIGHT,CLOUDY,WET,False,39.8679847717285,-86.1883010864258
903593760,2020,2020-06-11,Marion,Indianapolis,BELMONT AVE & MORRIS ST,Vehicle,REAR END,BRAKE FAILURE OR DEFECTIVE,SSI,DAYLIGHT,CLEAR,DRY,False,39.7506866455078,-86.1967163085938
903644956,2020,2020-08-28,Marion,Indianapolis,KENSINGTON DR,Pedestrian,BACKING CRASH,UNSAFE BACKING,SSI,DAYLIGHT,CLEAR,DRY,False,39.8209495544434,-86.041145324707
903653934,2020,2020-08-28,Marion,Indianapolis,WASHINGTON ST & POST RD,Vehicle,REAR END,FOLLOWING TOO CLOSELY,SSI,DAYLIGHT,CLEAR,DRY,False,39.7737312316895,-86.0106201171875
903644819,2020,2020-08-29,Marion,Indianapolis,MOORESVILLE RD & HIGHSCHOOL RD,Vehicle,RAN OFF ROAD,DRIVER ILLNESS,SSI,DAYLIGHT,CLEAR,DRY,False,39.6928176879883,-86.2693176269531