id,year,date,county,city,cross_street,crash_type,manner,primary_factor,ssi_fatal,light,weather,surface,interstate,lat,lon
903645057,2020,2020-08-29,Hamilton,Carmel,ZANARDI CT & MONTOYA DR,Pedalcycle,BACKING CRASH,UNSAFE BACKING,SSI,DAYLIGHT,CLEAR,DRY,False,39.9528656005859,-86.2264862060547
903645952,2020,2020-08-29,Marion,Indianapolis,I- 465,Vehicle,NON-COLLISION,UNSAFE LANE MOVEMENT,SSI,DAWN/DUSK,CLEAR,DRY,True,39.8925361633301,-86.0518417358398
903654679,2020,2020-08-29,Marion,Indianapolis,POST RD & 21ST ST,Vehicle,LEFT TURN,FAILURE TO YIELD RIGHT OF WAY,Fatal,DAYLIGHT,CLEAR,DRY,False,39.7958030700684,-86.0094757080078
903660210,2020,2020-08-29,Marion,Indianapolis,VANDERGRIFF RD,Vehicle,RAN OFF ROAD,UNSAFE SPEED,SSI,DAYLIGHT,CLEAR,DRY,False,39.7141952514648,-85.9965744018555
903729208,2021,2021-01-21,Marion,Indianapolis,KENTUCKY AVE & MAYWOOD RD,Pedalcycle,SAME DIRECTION SIDESWIPE,PEDESTRIAN ACTION,Fatal,DARK (NOT LIGHTED),CLOUDY,DRY,False,39.7349433898926,-86.1991348266602
903729343,2021,2021-01-21,Hendricks,Avon,E US HWY 36 HWY,Vehicle,RIGHT TURN,FAILURE TO YIELD RIGHT OF WAY,SSI,DAYLIGHT,CLEAR,DRY,False,39.7663917541504,-86.3550033569336
903735727,2021,2021-01-21,Marion,Beech Grove,Churchman Byp  & Churchman Byp,Vehicle,REAR END,UNSAFE LANE MOVEMENT,SSI,DARK (LIGHTED),CLEAR,DRY,False,39.7108383178711,-86.0587387084961
903729791,2021,2021-01-22,Marion,Indianapolis,WESTFIELD BLVD & BARLUM DR,Vehicle,HEAD ON BETWEEN TWO MOTOR VEHICLES,LEFT OF CENTER,SSI,DARK (NOT LIGHTED),CLOUDY,DRY,False,39.8965148925781,-86.1362915039063
903729948,2021,2021-01-22,Hamilton,Noblesville,8TH ST & SOUTH ST,Vehicle,OTHER - EXPLAIN IN NARRATIVE,UNSAFE SPEED,SSI,DAYLIGHT,CLEAR,DRY,False,40.0344505310059,-86.0144424438476
903728991,2021,2021-01-23,Marion,Indianapolis,EMERSON AVE & RAYMOND ST,Vehicle,RAN OFF ROAD,RAN OFF ROAD RIGHT,SSI,DARK (LIGHTED),CLEAR,DRY,False,39.7383003234863,-86.0838775634766
903730558,2021,2021-01-24,Marion,Indianapolis,I- 465  & I465,Vehicle,RAN OFF ROAD,UNSAFE SPEED,SSI,DAYLIGHT,SNOW,WET,True,39.7038993835449,-86.1039352416992
903730699,2021,2021-01-25,Marion,Indianapolis,I-65  & W Fall Creek Pkwy N Dr,Vehicle,SAME DIRECTION SIDESWIPE,FAILURE TO MAINTAIN LANE,SSI,DAYLIGHT,SLEET/HAIL/FREEZING RAIN,SNOW/SLUSH,True,39.7939910888672,-86.1645355224609
903731041,2021,2021-01-25,Marion,Indianapolis,MICHIGAN RD & 60TH ST,Vehicle,LEFT/RIGHT TURN,DISREGARD SIGNAL/REG SIGN,SSI,DAYLIGHT,CLEAR,WET,False,39.8618125915527,-86.1987228393555
903731224,2021,2021-01-25,Marion,Lawrence,I- 465  & E 56th St,Vehicle,RAN OFF ROAD,SPEED TOO FAST FOR WEATHER CONDITIONS,SSI,DAYLIGHT,SLEET/HAIL/FREEZING RAIN,SNOW/SLUSH,True,39.8557014465332,-86.0469741821289
903731348,2021,2021-01-28,Hamilton,Fishers,OLIO RD & GEIST CROSSING DR,Vehicle,RIGHT ANGLE,FAILURE TO YIELD RIGHT OF WAY,SSI,DARK (LIGHTED),CLEAR,DRY,False,39.9295310974121,-85.9190139770508
903733829,2021,2021-01-28,Hamilton,Fishers,E 116TH ST & OLIO RD,Vehicle,OTHER - EXPLAIN IN NARRATIVE,DISREGARD SIGNAL/REG SIGN,SSI,DARK (LIGHTED),CLEAR,SNOW/SLUSH,False,39.9577255249023,-85.918685913086
903734678,2021,2021-01-28,Marion,Indianapolis,LAFAYETTE RD & PETERSBURG PKWY,Vehicle,RIGHT ANGLE,FAILURE TO YIELD RIGHT OF WAY,SSI,DAYLIGHT,CLEAR,DRY,False,39.861270904541,-86.27099609375
903736839,2021,2021-01-28,Marion,Indianapolis,I-65  & I70,Vehicle,RAN OFF ROAD,SPEED TOO FAST FOR WEATHER CONDITIONS,SSI,DARK (LIGHTED),SNOW,ICE,True,39.7831192016602,-86.1438217163086
903737514,2021,2021-01-28,Marion,Indianapolis,56TH ST & ROSEWOOD COMMONS DR,Pedestrian,OTHER - EXPLAIN IN NARRATIVE,PEDESTRIAN ACTION,Fatal,DARK (NOT LIGHTED),CLEAR,DRY,False,39.8532409667969,-86.2383117675781
903735468,2021,2021-01-29,Marion,Indianapolis,MINNESOTA ST & BEULAH AVE,Vehicle,RIGHT ANGLE,DISREGARD SIGNAL/REG SIGN,SSI,DAYLIGHT,CLEAR,DRY,False,39.7429389953613,-86.2463150024414
903732399,2021,2021-01-30,Johnson,Franklin,US31 & MAIN ST,Vehicle,REAR END,SPEED TOO FAST FOR WEATHER CONDITIONS,SSI,DARK (NOT LIGHTED),BLOWING SAND/SOIL/SNOW,SNOW/SLUSH,False,39.4976196289062,-86.0663299560547
903733312,2021,2021-01-30,Marion,Indianapolis,HARDEGAN ST & EDGEWOOD RD,Vehicle,RAN OFF ROAD,RAN OFF ROAD RIGHT,SSI,DARK (LIGHTED),SNOW,SNOW/SLUSH,False,39.6796073913574,-86.1255569458008
903735875,2021,2021-01-30,Marion,Indianapolis,30TH ST & RICHARDT AVE,Vehicle,RAN OFF ROAD,RAN OFF ROAD RIGHT,Fatal,DARK (NOT LIGHTED),SNOW,SNOW/SLUSH,False,39.8110122680664,-86.0353851318359
903733326,2021,2021-01-31,Marion,Indianapolis,THOMPSON RD & PAPPAS DR,Vehicle,RIGHT ANGLE,FAILURE TO YIELD RIGHT OF WAY,SSI,DARK (LIGHTED),SNOW,SNOW/SLUSH,False,39.6947326660156,-86.0716094970703
903735001,2021,2021-01-31,Marion,Indianapolis,HANNA AVE & AURORA ST,Vehicle,LEFT TURN,DISREGARD SIGNAL/REG SIGN,SSI,DARK (LIGHTED),SNOW,WET,False,39.7083358764648,-86.1257934570313
903732917,2021,2021-02-01,Marion,Lawrence,42ND ST & FRANKLIN RD,Vehicle,RIGHT ANGLE,FAILURE TO YIELD RIGHT OF WAY,SSI,DARK (LIGHTED),SNOW,SNOW/SLUSH,False,39.8329849243164,-86.0270538330078
903733977,2021,2021-02-02,Morgan,MARTINSVILLE,LITTLE POINT RD & APPALOOSA RD,Vehicle,RAN OFF ROAD,DRIVER ILLNESS,Fatal,DAYLIGHT,CLOUDY,DRY,False,39.5846633911133,-86.6318817138672
903734301,2021,2021-02-02,Boone,,CR400E,Pedalcycle,COLLISION WITH OBJECT IN ROAD,FAILURE TO YIELD RIGHT OF WAY,SSI,DAYLIGHT,CLOUDY,ICE,False,40.0538864135742,-86.3938751220703
903827726,2021,2021-06-30,Marion,Indianapolis,WEST SOUTHPORT RD & JACKIE LN,Vehicle,RAN OFF ROAD,OVERCORRECTING/OVERSTEERING,SSI,DAYLIGHT,CLEAR,DRY,False,39.6567840576172,-86.2596817016601
903734315,2021,2021-02-02,Hancock,WILKINSON,SR109,Vehicle,RAN OFF ROAD,RAN OFF ROAD RIGHT,SSI,DAWN/DUSK,CLOUDY,DRY,False,39.9311637878418,-85.6343765258789
903831129,2021,2021-06-30,Marion,Indianapolis,38th St  & N Denny St,Pedalcycle,NON-COLLISION,PEDESTRIAN ACTION,SSI,DARK (NOT LIGHTED),CLEAR,DRY,False,39.8253173828125,-86.1018447875977
903734618,2021,2021-02-02,Marion,Indianapolis,MEADOWMAR LN & 82ND ST,Vehicle,RIGHT ANGLE,FAILURE TO YIELD RIGHT OF WAY,SSI,DAYLIGHT,CLEAR,DRY,False,39.9097709655762,-86.3070449829102
903835405,2021,2021-06-30,Marion,Indianapolis,Shelby St  & E Raymond St,Vehicle,RIGHT ANGLE,DISREGARD SIGNAL/REG SIGN,SSI,DAYLIGHT,CLOUDY,DRY,False,39.7376747131348,-86.1396942138672
903735466,2021,2021-02-02,Hamilton,Fishers,SOUTHEASTERN PKWY & ISLE OF MAN WAY,Vehicle,RIGHT ANGLE,FAILURE TO YIELD RIGHT OF WAY,Fatal,DAYLIGHT,CLEAR,DRY,False,39.9818878173828,-85.9052124023438
903823081,2021,2021-07-01,Hamilton,,216 ST & OLIO RD,Vehicle,RAN OFF ROAD,DRIVER ILLNESS,SSI,DAYLIGHT,CLOUDY,DRY,False,40.1028861999512,-85.9226226806641
903736321,2021,2021-02-02,Marion,Indianapolis,WASHINGTON ST & ARLINGTON AVE,Vehicle,RIGHT ANGLE,DISREGARD SIGNAL/REG SIGN,SSI,DAYLIGHT,CLOUDY,DRY,False,39.7711067199707,-86.0641098022461
903823535,2021,2021-07-01,Hamilton,Fishers,116TH ST & HOOSIER RD,Vehicle,LEFT TURN,FAILURE TO YIELD RIGHT OF WAY,SSI,DARK (NOT LIGHTED),CLEAR,DRY,False,39.9573211669922,-85.9658737182617
903734683,2021,2021-02-03,Marion,Indianapolis,LYNHURST DR & BRADBURY AVE,Vehicle,LEFT TURN,FAILURE TO YIELD RIGHT OF WAY,SSI,DAWN/DUSK,CLEAR,DRY,False,39.7313461303711,-86.2503051757813
903827589,2021,2021-07-02,Marion,Indianapolis,E 86TH ST & ALLISONVILLE RD,Vehicle,RAN OFF ROAD,UNSAFE SPEED,SSI,DARK (LIGHTED),CLEAR,DRY,False,39.9118385314941,-86.0749893188477
903735226,2021,2021-02-03,Marion,Indianapolis,FRONTAGE RD & SENOUR RD,Vehicle,HEAD ON BETWEEN TWO MOTOR VEHICLES,UNSAFE LANE MOVEMENT,SSI,DAWN/DUSK,CLOUDY,DRY,False,39.7181854248047,-85.9752807617188
903842175,2021,2021-07-02,Marion,Indianapolis,S STATE AVE  & SOUTHEASTERN AVE,Vehicle,RIGHT ANGLE,DISREGARD SIGNAL/REG SIGN,Fatal,DAYLIGHT,CLEAR,DRY,False,39.7638320922851,-86.1305618286133
903737012,2021,2021-02-03,Marion,Indianapolis,MOORESVILLE RD & CAMBY RD,Vehicle,RAN OFF ROAD,RAN OFF ROAD RIGHT,Fatal,DAYLIGHT,CLEAR,DRY,False,39.6614036560059,-86.2746505737305
903827342,2021,2021-07-03,Marion,Indianapolis,CAPITOL AVE & 37TH ST,Vehicle,RIGHT ANGLE,FAILURE TO YIELD RIGHT OF WAY,SSI,DAYLIGHT,CLEAR,DRY,False,39.82275390625,-86.1614227294922
903743836,2021,2021-02-03,Marion,Indianapolis,KEYSTONE AVE & 12TH ST,Pedestrian,,UNSAFE SPEED,SSI,DARK (LIGHTED),CLOUDY,DRY,False,39.7840270996094,-86.1211853027344
903827343,2021,2021-07-03,Marion,Indianapolis,38TH ST & BALTIMORE AVE,Vehicle,RIGHT ANGLE,FAILURE TO YIELD RIGHT OF WAY,Fatal,DAYLIGHT,CLEAR,DRY,False,39.8254127502441,-86.1239395141602
903736255,2021,2021-02-04,Marion,Indianapolis,I-70  & E 18th St,Vehicle,REAR END,FOLLOWING TOO CLOSELY,SSI,DARK (NOT LIGHTED),CLEAR,DRY,True,39.7899856567383,-86.127555847168
903827620,2021,2021-07-03,Marion,Indianapolis,E 82ND ST & LANTERN RD,Vehicle,RAN OFF ROAD,RAN OFF ROAD RIGHT,SSI,DAYLIGHT,CLEAR,DRY,False,39.9019355773926,-86.0095825195313
903827857,2021,2021-07-03,Marion,Indianapolis,E WASHINGTON ST & N ARLINGTON AVE,Vehicle,RIGHT ANGLE,FAILURE TO YIELD RIGHT OF WAY,SSI,DAYLIGHT,CLEAR,DRY,False,39.7711067199707,-86.0641098022461
903830910,2021,2021-07-03,Marion,Indianapolis,I-74,Vehicle,RAN OFF ROAD,ALCOHOLIC BEVERAGES,SSI,DARK (LIGHTED),CLEAR,DRY,True,39.8084030151367,-86.2803039550781
903831077,2021,2021-07-03,Marion,Indianapolis,S East St,Vehicle,RAN OFF ROAD,UNSAFE SPEED,SSI,DARK (LIGHTED),CLEAR,DRY,False,39.7004280090332,-86.1504211425781
903827496,2021,2021-07-04,Marion,Indianapolis,E 36TH ST & N SHERMAN DR,Vehicle,RIGHT ANGLE,UNSAFE LANE MOVEMENT,SSI,DARK (LIGHTED),CLEAR,DRY,False,39.8217277526855,-86.1027069091797
903831078,2021,2021-07-04,Marion,Indianapolis,Rockville Rd  & Transfer Dr,Vehicle,REAR END,FOLLOWING TOO CLOSELY,SSI,DAYLIGHT,CLEAR,DRY,False,39.7641372680664,-86.2992630004883
903831309,2021,2021-07-04,Marion,Indianapolis,E WASHINGTON ST  & N EMERSON AVE,Vehicle,RIGHT ANGLE,DISREGARD SIGNAL/REG SIGN,Fatal,DAYLIGHT,CLEAR,DRY,False,39.7701416015625,-86.0830535888672
903842188,2021,2021-07-04,Marion,Indianapolis,38th St  & Sutherland Ave,Vehicle,RAN OFF ROAD,OVERCORRECTING/OVERSTEERING,SSI,DARK (NOT LIGHTED),CLEAR,DRY,False,39.8254051208496,-86.1301574707031
903833500,2021,2021-07-05,Morgan,MARTINSVILLE,State Rd 37  & Legendary Dr,Vehicle,RAN OFF ROAD,FAILURE TO MAINTAIN LANE,SSI,DAYLIGHT,CLEAR,DRY,False,39.3839454650879,-86.4686584472656
903828877,2021,2021-07-06,Marion,Indianapolis,74TH ST & ZIONSVILLE RD,Vehicle,SAME DIRECTION SIDESWIPE,DRIVER ILLNESS,SSI,DAYLIGHT,CLEAR,DRY,False,39.8874092102051,-86.2599029541016
903829419,2021,2021-07-06,Marion,Indianapolis,I-65,Vehicle,RAN OFF ROAD,RAN OFF ROAD LEFT,SSI,DAYLIGHT,CLEAR,DRY,True,39.7827072143555,-86.1510696411133
903829780,2021,2021-07-06,Marion,Indianapolis,Mann Rd  & W Mooresville Rd,Vehicle,LEFT TURN,DISREGARD SIGNAL/REG SIGN,Fatal,DAYLIGHT,CLEAR,DRY,False,39.7128982543945,-86.2386169433594
903830752,2021,2021-07-07,Marion,Speedway,N HIGH SCOOL RD,Vehicle,RIGHT ANGLE,UNSAFE SPEED,SSI,DAYLIGHT,CLEAR,DRY,False,39.8033905029297,-86.2704086303711
903832019,2021,2021-07-07,Marion,Indianapolis,Wallace Ave  & E New York St,Vehicle,RIGHT ANGLE,UNSAFE SPEED,Fatal,DAYLIGHT,CLEAR,DRY,False,39.7722511291504,-86.0887680053711
903834066,2021,2021-07-07,Marion,Indianapolis,I- 465,Vehicle,RAN OFF ROAD,FOLLOWING TOO CLOSELY,SSI,DAWN/DUSK,CLEAR,DRY,True,39.9158935546875,-86.0938034057617
903831859,2021,2021-07-08,Marion,Indianapolis,N Shadeland Ave  & Fall Creek Rd N,Vehicle,HEAD ON BETWEEN TWO MOTOR VEHICLES,LEFT OF CENTER,SSI,DAYLIGHT,CLOUDY,WET,False,39.8705825805664,-86.0455474853516
903832012,2021,2021-07-08,Marion,Indianapolis,S High School Rd  & Milhouse Rd,Vehicle,NON-COLLISION,OTHER (DRIVER) - EXPLAIN IN NARRATIVE,SSI,DAYLIGHT,CLOUDY,DRY,False,39.676944732666,-86.2692565917969
903833495,2021,2021-07-09,Morgan,MARTINSVILLE,Morton Ave  & W Poston Rd,Vehicle,LEFT TURN,FAILURE TO YIELD RIGHT OF WAY,SSI,DAYLIGHT,CLOUDY,DRY,False,39.4137306213379,-86.4351348876953
903849569,2021,2021-07-09,Marion,Lawrence,US 36 RTE & 465 HWY,Vehicle,REAR END,FOLLOWING TOO CLOSELY,Fatal,DAYLIGHT,CLEAR,DRY,False,39.8328857421875,-86.0349044799805
903834152,2021,2021-07-10,Hamilton,Carmel,W 96TH ST & SPRINGMILL RD,Vehicle,RAN OFF ROAD,BRAKE FAILURE OR DEFECTIVE,SSI,DARK (NOT LIGHTED),RAIN,WET,False,39.9273872375488,-86.1652755737305
903836661,2021,2021-07-10,Morgan,PARAGON,SR67S & S GRAVEYARD RD,Vehicle,HEAD ON BETWEEN TWO MOTOR VEHICLES,LEFT OF CENTER,SSI,DARK (NOT LIGHTED),CLOUDY,DRY,False,39.3988647460937,-86.5465393066406
903833442,2021,2021-07-11,Johnson,Franklin,US31 & BRANIGIN RD,Vehicle,LEFT/RIGHT TURN,FAILURE TO YIELD RIGHT OF WAY,SSI,DARK (LIGHTED),CLOUDY,DRY,False,39.5154838562012,-86.0733871459961
903833745,2021,2021-07-11,Marion,Indianapolis,EMERSON AVE & GIFFORD AVE,Vehicle,RIGHT ANGLE,DISREGARD SIGNAL/REG SIGN,SSI,DARK (LIGHTED),RAIN,WET,False,39.7577743530273,-86.0828018188477
903833765,2021,2021-07-11,Marion,Indianapolis,30TH ST & REDSKIN PL,Vehicle,HEAD ON BETWEEN TWO MOTOR VEHICLES,LEFT OF CENTER,SSI,DAYLIGHT,RAIN,WET,False,39.8119125366211,-85.9659194946289
903833771,2021,2021-07-11,Marion,Indianapolis,42ND ST & FLAMINGO DR,Vehicle,RIGHT ANGLE,FAILURE TO YIELD RIGHT OF WAY,SSI,DARK (LIGHTED),CLEAR,DRY,False,39.8330612182617,-86.0786209106445
903836925,2021,2021-07-11,Boone,,I-65,Vehicle,REAR END,DRIVER DISTRACTED - EXPLAIN IN NARRATIVE,Fatal,DARK (LIGHTED),CLOUDY,WET,True,40.1706581115723,-86.5497131347656
903841963,2021,2021-07-11,Marion,Indianapolis,POST RD & 16TH ST,Vehicle,RIGHT ANGLE,DISREGARD SIGNAL/REG SIGN,SSI,DAYLIGHT,CLEAR,DRY,False,39.7893447875977,-86.0092926025391
903845122,2021,2021-07-12,Marion,Indianapolis,N Shadeland Ave  & E 33rd St,Vehicle,RAN OFF ROAD,RAN OFF ROAD RIGHT,Fatal,DARK (NOT LIGHTED),CLEAR,DRY,False,39.8168830871582,-86.0462112426758
903834869,2021,2021-07-13,Morgan,MONROVIA,SR39N & BEECH GROVE RD,Vehicle,RAN OFF ROAD,RAN OFF ROAD RIGHT,SSI,DAYLIGHT,RAIN,WET,False,39.5538749694824,-86.4712677001953
903835274,2021,2021-07-13,Marion,Indianapolis,BROOKSIDE AVE & RURAL ST,Pedalcycle,HEAD ON BETWEEN TWO MOTOR VEHICLES,FAILURE TO YIELD RIGHT OF WAY,SSI,DAYLIGHT,CLEAR,DRY,False,39.7928009033203,-86.1162185668945
903835278,2021,2021-07-13,Marion,Indianapolis,N MITTHOEFER RD & CONVEYOR DR,Vehicle,OTHER - EXPLAIN IN NARRATIVE,DRIVER ILLNESS,SSI,DAYLIGHT,CLEAR,DRY,False,39.8157005310059,-85.9909515380859
903835421,2021,2021-07-13,Marion,Indianapolis,Troon Ct,Vehicle,RIGHT ANGLE,OVERCORRECTING/OVERSTEERING,SSI,DAWN/DUSK,CLOUDY,DRY,False,39.6581878662109,-86.0520324707031
903835538,2021,2021-07-13,Hamilton,Indianapolis,I465E & ALLISONVILLE RD,Vehicle,OTHER - EXPLAIN IN NARRATIVE,UNSAFE SPEED,SSI,DARK (LIGHTED),CLEAR,DRY,False,39.9113807678223,-86.080451965332
903836521,2021,2021-07-13,Marion,Indianapolis,I-70,Pedestrian,OTHER - EXPLAIN IN NARRATIVE,PEDESTRIAN ACTION,Fatal,DARK (LIGHTED),CLEAR,DRY,True,39.7553787231445,-86.1871109008789
903836844,2021,2021-07-13,Shelby,SHELBYVILLE,N 875 W,Vehicle,RAN OFF ROAD,FAILURE TO MAINTAIN LANE,SSI,DAYLIGHT,CLOUDY,DRY,False,39.6287536621094,-85.9476699829101
903838408,2021,2021-07-13,Marion,Indianapolis,42ND ST & FRANKLIN RD,Vehicle,HEAD ON BETWEEN TWO MOTOR VEHICLES,LEFT OF CENTER,SSI,DAYLIGHT,CLOUDY,WET,False,39.7247047424316,-86.01904296875
903845104,2021,2021-07-13,Marion,Indianapolis,E 10th St  & N Euclid Ave,Vehicle,LEFT TURN,FAILURE TO YIELD RIGHT OF WAY,SSI,DAYLIGHT,CLEAR,DRY,False,39.7814407348633,-86.0946350097656
903836166,2021,2021-07-14,Marion,Indianapolis,US136,Vehicle,HEAD ON BETWEEN TWO MOTOR VEHICLES,LEFT OF CENTER,SSI,DAYLIGHT,CLEAR,DRY,False,39.8055686950683,-86.2933959960937
903837057,2021,2021-07-14,Marion,Indianapolis,E 14th St  & Shannon Ave,Vehicle,RAN OFF ROAD,RAN OFF ROAD LEFT,SSI,DAYLIGHT,CLEAR,DRY,False,39.7854614257813,-86.0941848754883
903836177,2021,2021-07-15,Morgan,MORGANTOWN,LICK CREEK RD & POND RD,Vehicle,RAN OFF ROAD,RAN OFF ROAD RIGHT,SSI,DAYLIGHT,CLEAR,DRY,False,39.3903694152832,-86.2686157226563
903836283,2021,2021-07-15,Hendricks,Plainfield,E MAIN ST & PLAINFIELD COMMONS DR,Vehicle,HEAD ON BETWEEN TWO MOTOR VEHICLES,DISREGARD SIGNAL/REG SIGN,SSI,DAYLIGHT,CLEAR,DRY,False,39.718635559082,-86.3550109863281
903837880,2021,2021-07-15,Marion,Indianapolis,W Morris St  & S Meridian St,Vehicle,RIGHT ANGLE,DISREGARD SIGNAL/REG SIGN,Fatal,DAYLIGHT,CLOUDY,DRY,False,39.7517280578613,-86.1591567993164
903840365,2021,2021-07-15,Marion,Indianapolis,Shelby St  & Cameron St,Pedestrian,NON-COLLISION,PEDESTRIAN ACTION,SSI,DAYLIGHT,CLOUDY,DRY,False,39.7247772216797,-86.1395721435547
903836943,2021,2021-07-16,Marion,Indianapolis,42ND ST & LESLEY AVE,Vehicle,RIGHT ANGLE,FAILURE TO YIELD RIGHT OF WAY,SSI,DAYLIGHT,RAIN,WET,False,39.8891105651855,-86.0730590820313
903838462,2021,2021-07-16,Marion,Indianapolis,16TH ST & LEWIS ST,Vehicle,HEAD ON BETWEEN TWO MOTOR VEHICLES,SPEED TOO FAST FOR WEATHER CONDITIONS,SSI,DAYLIGHT,RAIN,WET,False,39.7882385253906,-86.1398849487305
903838496,2021,2021-07-16,Marion,Indianapolis,I 465 HWY & PENDELTON PIKE,Vehicle,LEFT TURN,IMPROPER TURNING,SSI,DARK (LIGHTED),RAIN,WET,True,39.8320617675781,-86.0358734130859
903868245,2021,2021-07-16,Marion,Lawrence,SHADELAND AVE & E 48TH ST,Pedalcycle,OTHER - EXPLAIN IN NARRATIVE,UNSAFE SPEED,Fatal,DARK (LIGHTED),RAIN,WET,False,39.8431167602539,-86.0460739135742
903837424,2021,2021-07-17,Boone,Lebanon,I65N,Vehicle,REAR END,UNSAFE LANE MOVEMENT,SSI,DARK (NOT LIGHTED),CLOUDY,DRY,False,40.058048248291,-86.4936676025391
903837904,2021,2021-07-17,Johnson,Greenwood,WORTHSVILLE RD & I65 RAMP,Pedalcycle,RIGHT ANGLE,FAILURE TO YIELD RIGHT OF WAY,SSI,DAYLIGHT,CLEAR,DRY,True,39.5878105163574,-86.0654067993164
903838015,2021,2021-07-17,Hendricks,CLAYTON,CR800S,Vehicle,RAN OFF ROAD,RAN OFF ROAD RIGHT,SSI,DAYLIGHT,CLEAR,DRY,False,39.6446418762207,-86.4799499511719
903838559,2021,2021-07-17,Marion,Indianapolis,38TH ST & DREXEL AVE,Vehicle,HEAD ON BETWEEN TWO MOTOR VEHICLES,LEFT OF CENTER,SSI,DARK (LIGHTED),CLEAR,DRY,False,39.8254241943359,-86.0924453735352
903838724,2021,2021-07-17,Marion,Indianapolis,I-74 EB,Vehicle,RAN OFF ROAD,ALCOHOLIC BEVERAGES,SSI,DARK (LIGHTED),CLEAR,DRY,True,39.8083877563477,-86.2803573608398
903837991,2021,2021-07-18,Hancock,Greenfield,BROADWAY ST & GREENMEADOWS DR,Vehicle,LEFT TURN,FAILURE TO YIELD RIGHT OF WAY,SSI,DARK (LIGHTED),CLEAR,DRY,False,39.8042526245117,-85.7799224853516
903838572,2021,2021-07-18,Marion,Indianapolis,LAFAYETTE RD & N TIBBS AVE,Vehicle,REAR END,UNSAFE SPEED,SSI,DARK (LIGHTED),CLEAR,DRY,False,39.8052062988281,-86.2160263061523
903838597,2021,2021-07-18,Marion,Indianapolis,AUDUBON RD & 42ND ST,Vehicle,OTHER - EXPLAIN IN NARRATIVE,UNSAFE LANE MOVEMENT,SSI,DAYLIGHT,CLEAR,DRY,False,39.8330116271973,-86.0702896118164
903839365,2021,2021-07-18,Shelby,SHELBYVILLE,MICHIGAN RD RDS & RAMP 109D RAMP,Pedestrian,OTHER - EXPLAIN IN NARRATIVE,OTHER (DRIVER) - EXPLAIN IN NARRATIVE,SSI,DARK (LIGHTED),CLEAR,DRY,False,39.5865592956543,-85.8229446411133
903840636,2021,2021-07-18,Marion,Indianapolis,Kentucky Ave  & America Ave,Pedestrian,NON-COLLISION,IMPROPER LANE USAGE,Fatal,DARK (NOT LIGHTED),CLEAR,DRY,False,39.6969528198242,-86.2672271728516
903840736,2021,2021-07-18,Johnson,Greenwood,SR135S & FRY RD,Vehicle,REAR END,UNSAFE SPEED,SSI,DAYLIGHT,CLEAR,DRY,False,39.6252861022949,-86.158576965332
903842493,2021,2021-07-18,Marion,Indianapolis,PINE ST,Vehicle,SAME DIRECTION SIDESWIPE,IMPROPER LANE USAGE,SSI,DAYLIGHT,CLEAR,DRY,False,39.771785736084,-86.1422424316406
903839306,2021,2021-07-20,Marion,Indianapolis,W 38th St  & Eagle Creek Pkwy,Pedestrian,RIGHT ANGLE,PEDESTRIAN ACTION,SSI,DARK (LIGHTED),CLOUDY,DRY,False,39.823413848877,-86.2833557128906
903839335,2021,2021-07-20,Hendricks,Plainfield,VESTAL RD,Vehicle,RAN OFF ROAD,DRIVER ILLNESS,SSI,DAYLIGHT,CLEAR,DRY,False,39.7001953125,-86.4110946655273
903839953,2021,2021-07-20,Marion,Indianapolis,44TH ST & KEYSTONE AVE,Pedestrian,OTHER - EXPLAIN IN NARRATIVE,PEDESTRIAN ACTION,SSI,DARK (LIGHTED),CLOUDY,DRY,False,39.8365440368652,-86.1219024658203
903840366,2021,2021-07-20,Marion,Indianapolis,W Morris St  & Western Dr,Pedestrian,NON-COLLISION,PEDESTRIAN ACTION,SSI,DARK (NOT LIGHTED),CLEAR,DRY,False,39.7496719360352,-86.2871780395508
903841246,2021,2021-07-20,Hendricks,,CR100N,Vehicle,HEAD ON BETWEEN TWO MOTOR VEHICLES,DISREGARD SIGNAL/REG SIGN,SSI,DAYLIGHT,CLEAR,DRY,False,39.7769927978516,-86.4213256835938
903840446,2021,2021-07-21,Hamilton,Carmel,CLAY TERRACE BLVD & CIRCLE DR,Vehicle,RAN OFF ROAD,RAN OFF ROAD RIGHT,SSI,DAYLIGHT,CLEAR,DRY,False,39.9927520751953,-86.128547668457
903840528,2021,2021-07-21,Marion,Indianapolis,CENTRAL AVE & 16 ST,Vehicle,HEAD ON BETWEEN TWO MOTOR VEHICLES,DISREGARD SIGNAL/REG SIGN,SSI,DAYLIGHT,CLEAR,DRY,False,39.788387298584,-86.1494750976563
903841081,2021,2021-07-22,Marion,Indianapolis,10TH ST & VINEWOOD ST,Vehicle,RIGHT ANGLE,FAILURE TO YIELD RIGHT OF WAY,SSI,DAYLIGHT,CLEAR,DRY,False,39.7795181274414,-86.2657928466797
903840990,2021,2021-07-23,Hamilton,,SCHERER AVE & 256 ST,Vehicle,RAN OFF ROAD,RAN OFF ROAD RIGHT,SSI,DARK (NOT LIGHTED),CLEAR,DRY,False,40.1609230041504,-86.0347442626953