id,year,date,county,city,cross_street,crash_type,manner,primary_factor,ssi_fatal,light,weather,surface,interstate,lat,lon
903841296,2021,2021-07-23,Marion,Indianapolis,AMERIPLEX PKWY & STANSTED RD,Vehicle,RAN OFF ROAD,RAN OFF ROAD RIGHT,SSI,DAYLIGHT,CLEAR,DRY,False,39.6758232116699,-86.3114395141602
903842471,2021,2021-07-23,Hamilton,Noblesville,SR32 & 6TH ST,Vehicle,RIGHT ANGLE,IMPROPER TURNING,SSI,DAYLIGHT,CLEAR,DRY,False,40.045597076416,-86.0159149169922
903844599,2021,2021-07-23,Hamilton,SHERIDAN(HAMILTON),236 ST & LAMONG RD,Vehicle,REAR END,DRIVER DISTRACTED - EXPLAIN IN NARRATIVE,SSI,DARK (NOT LIGHTED),CLEAR,DRY,False,40.1298866271973,-86.203987121582
903841836,2021,2021-07-24,Boone,,PITTSBURO RD  & STEWART RD,Vehicle,HEAD ON BETWEEN TWO MOTOR VEHICLES,OTHER (DRIVER) - EXPLAIN IN NARRATIVE,Fatal,DARK (NOT LIGHTED),CLEAR,DRY,False,39.9809074401855,-86.4735107421875
903841937,2021,2021-07-24,Hendricks,,CR1000N,Vehicle,RIGHT ANGLE,DISREGARD SIGNAL/REG SIGN,SSI,DAYLIGHT,CLEAR,DRY,False,39.9094543457031,-86.3548965454102
903842759,2021,2021-07-24,Marion,Indianapolis,WHITE RIVER PARKWAY W DR & 10TH ST,Vehicle,LEFT TURN,FAILURE TO YIELD RIGHT OF WAY,SSI,DAYLIGHT,CLEAR,DRY,False,39.7802085876465,-86.1908798217774
903842796,2021,2021-07-24,Marion,Indianapolis,MINNESOTA ST & VILLA AVE,Pedalcycle,RIGHT ANGLE,RAN OFF ROAD RIGHT,SSI,DAWN/DUSK,CLEAR,DRY,False,39.7451286315918,-86.1261367797852
903842914,2021,2021-07-24,Shelby,FAIRLAND,74,Vehicle,REAR END,FOLLOWING TOO CLOSELY,Fatal,DAYLIGHT,CLEAR,DRY,False,39.6223411560059,-85.8761444091797
903842604,2021,2021-07-25,Marion,Indianapolis,I-70,Vehicle,RAN OFF ROAD,RAN OFF ROAD LEFT,SSI,DARK (LIGHTED),CLEAR,DRY,True,39.8021469116211,-86.0855712890625
903842812,2021,2021-07-25,Marion,Indianapolis,23RD ST & COLLEGE AVE,Pedestrian,RIGHT ANGLE,PEDESTRIAN ACTION,SSI,DARK (LIGHTED),CLEAR,DRY,False,39.7994613647461,-86.1447067260742
903845398,2021,2021-07-25,Marion,Indianapolis,SOUTHWEST DR & KENTUCKY AVE,Vehicle,RIGHT TURN,IMPROPER TURNING,SSI,DAYLIGHT,CLEAR,DRY,False,39.7177772521973,-86.2315292358398
903843197,2021,2021-07-26,Hancock,,CR200S,Vehicle,RAN OFF ROAD,RAN OFF ROAD RIGHT,SSI,DAYLIGHT,CLEAR,DRY,False,39.7570419311523,-85.8717575073242
903844094,2021,2021-07-26,Marion,Indianapolis,465,Vehicle,RAN OFF ROAD,UNSAFE LANE MOVEMENT,SSI,DARK (LIGHTED),CLEAR,DRY,False,39.9124031066894,-86.0814056396484
903844978,2021,2021-07-26,Marion,Indianapolis,Madison Ave  & Shelby St,Vehicle,RAN OFF ROAD,OVERCORRECTING/OVERSTEERING,Fatal,DARK (LIGHTED),CLEAR,DRY,False,39.7003059387207,-86.1393508911133
903844014,2021,2021-07-27,Johnson,Greenwood,SR135S & GRACE ST,Vehicle,RIGHT ANGLE,DISREGARD SIGNAL/REG SIGN,SSI,DAYLIGHT,CLEAR,DRY,False,39.6019325256348,-86.1590194702148
903844152,2021,2021-07-27,Marion,Indianapolis,I-465 EB  & Fox Harbour Dr,Vehicle,RAN OFF ROAD,DRIVER ILLNESS,SSI,DARK (LIGHTED),CLEAR,DRY,True,39.7015037536621,-86.1189956665039
903844225,2021,2021-07-27,Marion,Indianapolis,30TH ST & BAVARIAN DR,Vehicle,LEFT/RIGHT TURN,IMPROPER TURNING,SSI,DARK (NOT LIGHTED),CLEAR,DRY,False,39.811637878418,-85.9872055053711
903844286,2021,2021-07-27,Marion,Indianapolis,KESSLER BLVD E DR & OLNEY ST,Vehicle,RIGHT ANGLE,UNSAFE SPEED,SSI,DAYLIGHT,CLEAR,DRY,False,39.8621292114258,-86.1077117919922
903844324,2021,2021-07-27,Marion,Indianapolis,W Stop 11 Rd  & S Meridian St,Vehicle,RIGHT ANGLE,DISREGARD SIGNAL/REG SIGN,SSI,DAWN/DUSK,CLOUDY,DRY,False,39.6532859802246,-86.15869140625
903844385,2021,2021-07-27,Marion,Lawrence,LEE RD & MEMORIAL PARK DR,Vehicle,COLLISION WITH OBJECT IN ROAD,OTHER (DRIVER) - EXPLAIN IN NARRATIVE,SSI,DAYLIGHT,CLEAR,DRY,False,39.8575897216797,-86.0009078979492
903844683,2021,2021-07-27,Hancock,Greenfield,CR300N,Vehicle,RIGHT ANGLE,FAILURE TO YIELD RIGHT OF WAY,SSI,DAYLIGHT,CLEAR,DRY,False,39.8281898498535,-85.7963790893555
903845358,2021,2021-07-27,Marion,Indianapolis,I-70,Vehicle,RAN OFF ROAD,UNSAFE LANE MOVEMENT,SSI,DARK (LIGHTED),CLEAR,DRY,True,39.726936340332,-86.2481918334961
903844641,2021,2021-07-28,Hancock,,I-70,Vehicle,REAR END,FOLLOWING TOO CLOSELY,Fatal,DARK (NOT LIGHTED),CLEAR,DRY,True,39.8130035400391,-85.9340744018555
903892388,2021,2021-10-13,Marion,Indianapolis,S Franklin Rd  & E Washington St,Vehicle,RIGHT ANGLE,FAILURE TO YIELD RIGHT OF WAY,SSI,DAYLIGHT,CLEAR,DRY,False,39.773078918457,-86.0262908935547
903873602,2021,2021-09-13,Hancock,Greenfield,US40E & STATE ROAD 9,Vehicle,REAR END,UNSAFE SPEED,SSI,DARK (LIGHTED),CLEAR,DRY,False,39.7851524353027,-85.7693252563477
903860432,2021,2021-08-23,Boone,Zionsville,W Base Line Rd,Vehicle,RAN OFF ROAD,OVERCORRECTING/OVERSTEERING,SSI,DAYLIGHT,CLEAR,DRY,False,40.041389465332,-86.2513961791992
903806146,2021,2021-06-07,Marion,Indianapolis,SHADELAND AVE & 71ST ST,Pedestrian,OTHER - EXPLAIN IN NARRATIVE,PEDESTRIAN ACTION,SSI,DARK (NOT LIGHTED),CLOUDY,WET,False,39.8809356689453,-86.0461883544922
903778386,2021,2021-04-14,Hamilton,Noblesville,I-69,Vehicle,RAN OFF ROAD,UNSAFE SPEED,SSI,DAYLIGHT,CLEAR,DRY,True,39.9908142089844,-85.9005432128906
903793375,2021,2021-05-15,Morgan,MARTINSVILLE,WHETSTINE RD & RAILROAD RD,Vehicle,RAN OFF ROAD,UNSAFE SPEED,SSI,DARK (NOT LIGHTED),CLEAR,DRY,False,39.5221748352051,-86.347297668457
903794904,2021,2021-05-15,Hamilton,Noblesville,SR38 & HAGUE RD,Vehicle,RAN OFF ROAD,RAN OFF ROAD RIGHT,SSI,DARK (NOT LIGHTED),CLOUDY,DRY,False,40.055061340332,-86.0383834838867
903735892,2021,2021-02-05,Boone,,SR32E,Vehicle,REAR END,ENGINE FAILURE OR DEFECTIVE,SSI,DARK (NOT LIGHTED),CLEAR,DRY,False,40.0394325256348,-86.392936706543
903873754,2021,2021-09-14,Marion,Indianapolis,16TH ST,Vehicle,RAN OFF ROAD,UNSAFE SPEED,SSI,DAYLIGHT,CLEAR,WET,False,39.7893943786621,-86.1926727294922
903805301,2021,2021-05-15,Marion,Indianapolis,I-65,Vehicle,REAR END,IMPROPER LANE USAGE,SSI,DARK (LIGHTED),CLEAR,DRY,True,39.7826766967773,-86.1510772705078
903860582,2021,2021-08-23,Boone,Lebanon,N WEST ST & W ROYAL ST,Vehicle,RIGHT ANGLE,BRAKE FAILURE OR DEFECTIVE,SSI,DARK (LIGHTED),CLEAR,DRY,False,40.0537910461426,-86.4711685180664
903894172,2021,2021-10-13,Marion,Indianapolis,Della Ct  & Maurine Dr,Vehicle,RIGHT ANGLE,DISREGARD SIGNAL/REG SIGN,SSI,DAYLIGHT,CLOUDY,DRY,False,39.8290481567383,-85.9941787719727
903806613,2021,2021-06-07,Marion,Cumberland,10TH ST & N GERMAN CHURCH RD,Vehicle,OPPOSITE DIRECTION SIDESWIPE,FAILURE TO YIELD RIGHT OF WAY,SSI,DAYLIGHT,CLEAR,DRY,False,39.7825431823731,-85.9712829589844
903736088,2021,2021-02-05,Morgan,PARAGON,SR67S & GRAVEYARD RD,Vehicle,RAN OFF ROAD,RAN OFF ROAD RIGHT,SSI,DAYLIGHT,CLOUDY,DRY,False,39.3998107910156,-86.5431518554688
903873759,2021,2021-09-14,Marion,Indianapolis,EAST ST & EPLER AVE,Pedestrian,OTHER - EXPLAIN IN NARRATIVE,PEDESTRIAN ACTION,SSI,DARK (LIGHTED),RAIN,WET,False,39.686408996582,-86.1487426757813
903793309,2021,2021-05-16,Johnson,Greenwood,US31S & WALL ST,Vehicle,RAN OFF ROAD,UNSAFE SPEED,SSI,DARK (NOT LIGHTED),CLEAR,DRY,False,39.5808486938477,-86.0987548828125
903776876,2021,2021-04-15,Marion,Indianapolis,MILLERSVILLE RD & 42ND ST,Vehicle,LEFT TURN,FAILURE TO YIELD RIGHT OF WAY,SSI,DAYLIGHT,CLEAR,DRY,False,39.8329238891601,-86.1140060424805
903861203,2021,2021-08-23,Shelby,FOUNTAINTOWN,N 600 W,Vehicle,RAN OFF ROAD,FAILURE TO MAINTAIN LANE,Fatal,DAYLIGHT,CLEAR,DRY,False,39.6776123046875,-85.8962249755859
903892629,2021,2021-10-14,Hancock,Greenfield,CR300N,Vehicle,RAN OFF ROAD,UNSAFE SPEED,SSI,DAYLIGHT,CLEAR,DRY,False,39.8286018371582,-85.7702484130859
903806831,2021,2021-06-07,Hamilton,Westfield,E 161ST ST,Vehicle,RAN OFF ROAD,RAN OFF ROAD RIGHT,SSI,DARK (NOT LIGHTED),CLEAR,DRY,False,40.0183982849121,-86.1007080078125
903736497,2021,2021-02-05,Hancock,,I70,Vehicle,RAN OFF ROAD,RAN OFF ROAD RIGHT,SSI,DARK (NOT LIGHTED),SEVERE CROSS WIND,DRY,True,39.8259658813477,-85.6573104858398
903759002,2021,2021-03-15,Marion,Indianapolis,79TH ST & WOODLAND DR,Vehicle,RIGHT ANGLE,FAILURE TO YIELD RIGHT OF WAY,SSI,DAWN/DUSK,CLEAR,DRY,False,39.8872947692871,-86.2667236328125
903844883,2021,2021-07-28,Marion,Indianapolis,I65 107 RAMP A HWY & KEYSTONE AVE,Vehicle,RIGHT ANGLE,FAILURE TO YIELD RIGHT OF WAY,SSI,DARK (NOT LIGHTED),CLOUDY,DRY,True,39.7165031433105,-86.120735168457
903874452,2021,2021-09-14,Hendricks,,E Main St  & CR 550 E,Vehicle,HEAD ON BETWEEN TWO MOTOR VEHICLES,FAILURE TO YIELD RIGHT OF WAY,SSI,DAYLIGHT,CLEAR,DRY,False,39.8548202514648,-86.4301986694336
903874551,2021,2021-09-14,Marion,Indianapolis,Southeastern Ave  & Shelby St,Vehicle,RAN OFF ROAD,LEFT OF CENTER,SSI,DARK (LIGHTED),CLEAR,DRY,False,39.7665596008301,-86.1405487060547
903878386,2021,2021-09-14,Marion,Indianapolis,E Washington St  & S Ritter Ave,Pedestrian,RIGHT ANGLE,DISREGARD SIGNAL/REG SIGN,Fatal,DAYLIGHT,CLEAR,DRY,False,39.7706146240234,-86.0735931396484
903874166,2021,2021-09-15,Hamilton,,SR38 & OLIO RD,Vehicle,RAN OFF ROAD,RAN OFF ROAD RIGHT,SSI,DARK (NOT LIGHTED),CLEAR,DRY,False,40.0334892272949,-85.9194412231445
903874321,2021,2021-09-15,Marion,Indianapolis,10TH ST & WEST PARK WAY,Pedalcycle,SAME DIRECTION SIDESWIPE,OTHER (ENVIRONMENTAL) - EXPLAIN IN NARR,SSI,DAWN/DUSK,CLEAR,DRY,False,39.7791366577148,-86.2998504638672
903874187,2021,2021-09-16,Johnson,Greenwood,US31N & COUNTY LINE RD,Vehicle,REAR END,OTHER (DRIVER) - EXPLAIN IN NARRATIVE,SSI,DARK (LIGHTED),CLEAR,DRY,False,39.6353454589844,-86.1266860961914
903874824,2021,2021-09-16,Johnson,Greenwood,CAMBY ST & BREWER PL,Vehicle,RAN OFF ROAD,RAN OFF ROAD RIGHT,SSI,DARK (NOT LIGHTED),CLEAR,DRY,False,39.6246566772461,-86.1103515625
903875235,2021,2021-09-16,Marion,Indianapolis,N Shadeland Ave  & Wadsworth Way,Pedestrian,LEFT TURN,FAILURE TO YIELD RIGHT OF WAY,SSI,DAYLIGHT,CLEAR,DRY,False,39.7950325012207,-86.0453643798828
903876493,2021,2021-09-17,Marion,Indianapolis,GEORGETOWN RD,Vehicle,OTHER - EXPLAIN IN NARRATIVE,DRIVER ILLNESS,SSI,DAYLIGHT,CLEAR,DRY,False,39.8539314270019,-86.2399978637695
903898038,2021,2021-09-17,Hamilton,Carmel,I- 465,Vehicle,REAR END,FOLLOWING TOO CLOSELY,SSI,DAYLIGHT,CLOUDY,DRY,True,39.9300918579102,-86.1698226928711
903875600,2021,2021-09-18,Boone,Zionsville,CR 200 SOUTH RD & US 421 HWY,Pedalcycle,COLLISION WITH OBJECT IN ROAD,FOLLOWING TOO CLOSELY,Fatal,DAYLIGHT,CLEAR,DRY,False,40.0128211975098,-86.2707595825195
903875603,2021,2021-09-18,Johnson,Greenwood,COUNTY LINE RD & TREE TOP LN,Pedestrian,OTHER - EXPLAIN IN NARRATIVE,PEDESTRIAN ACTION,Fatal,DARK (LIGHTED),CLEAR,DRY,False,39.635440826416,-86.1322708129883
903876969,2021,2021-09-18,Morgan,Brooklyn,N OLD STATE RD 67  & E FRANKLIN ST,Pedestrian,COLLISION WITH OBJECT IN ROAD,PEDESTRIAN ACTION,Fatal,DARK (NOT LIGHTED),CLEAR,DRY,False,39.5392723083496,-86.3715362548828
903877888,2021,2021-09-18,Marion,Indianapolis,Georgetown Rd  & W 71st St,Vehicle,RAN OFF ROAD,UNSAFE SPEED,SSI,DARK (LIGHTED),CLEAR,DRY,False,39.8811759948731,-86.244270324707
903883465,2021,2021-09-18,Marion,Indianapolis,Robison Rd,Vehicle,NON-COLLISION,OTHER (VEHICLE) - EXPLAIN IN NARRATIVE,SSI,DAYLIGHT,CLEAR,DRY,False,39.9246101379395,-86.2476577758789
903876874,2021,2021-09-19,Marion,Indianapolis,WASHINGTON ST & WEST ST,Vehicle,RIGHT ANGLE,FAILURE TO YIELD RIGHT OF WAY,SSI,DARK (LIGHTED),CLEAR,DRY,False,39.7670249938965,-86.1673889160156
903876948,2021,2021-09-19,Morgan,MONROVIA,W State Rd 42,Vehicle,RAN OFF ROAD,OTHER (DRIVER) - EXPLAIN IN NARRATIVE,SSI,DAYLIGHT,CLEAR,DRY,False,39.5789642333984,-86.5046234130859
903877680,2021,2021-09-19,Marion,Indianapolis,HANNA AVE & FISHER RD,Vehicle,RAN OFF ROAD,RAN OFF ROAD RIGHT,Fatal,DARK (NOT LIGHTED),CLEAR,DRY,False,39.7101249694824,-86.0351181030273
903878494,2021,2021-09-19,Marion,Indianapolis,I465,Vehicle,RAN OFF ROAD,UNSAFE SPEED,Fatal,DARK (LIGHTED),CLEAR,DRY,True,39.7746276855469,-86.0314865112305
903878532,2021,2021-09-19,Marion,Indianapolis,S Franklin Rd  & Brookville Rd,Vehicle,RAN OFF ROAD,OVERCORRECTING/OVERSTEERING,SSI,DARK (LIGHTED),CLOUDY,DRY,False,39.75341796875,-86.026123046875
903883504,2021,2021-09-19,Marion,Indianapolis,I-65,Vehicle,HEAD ON BETWEEN TWO MOTOR VEHICLES,WRONG WAY ON ONE WAY,SSI,DARK (LIGHTED),CLEAR,DRY,True,39.7900314331055,-86.166259765625
903877031,2021,2021-09-20,Johnson,New Whiteland,Ardmoor Dr  & Ardmoor Dr,Vehicle,RIGHT ANGLE,FAILURE TO YIELD RIGHT OF WAY,SSI,DAYLIGHT,RAIN,WET,False,39.5551338195801,-86.0887756347656
903877228,2021,2021-09-20,Johnson,Greenwood,I65N,Vehicle,RAN OFF ROAD,SPEED TOO FAST FOR WEATHER CONDITIONS,SSI,DAYLIGHT,CLOUDY,WET,False,39.6171836853027,-86.0738220214844
903878097,2021,2021-09-20,Shelby,WALDRON,E 1100 S  & S 625 E,Vehicle,RAN OFF ROAD,OTHER (DRIVER) - EXPLAIN IN NARRATIVE,SSI,DAYLIGHT,RAIN,WATER (STANDING OR MOVING),False,39.3648796081543,-85.6583786010742
903878138,2021,2021-09-20,Morgan,MARTINSVILLE,State Rd 252  & Ridge Rd,Vehicle,REAR END,ROADWAY SURFACE CONDITION,SSI,DAYLIGHT,RAIN,WET,False,39.407341003418,-86.3444061279297
903878961,2021,2021-09-20,Marion,Indianapolis,W 62ND ST  & RED CHALICE RD,Pedalcycle,NON-COLLISION,PEDESTRIAN ACTION,Fatal,DARK (NOT LIGHTED),CLOUDY,DRY,False,39.8672981262207,-86.2505722045898
903877782,2021,2021-09-21,Hamilton,Fishers,116TH ST & EXIT 5 PKWY,Vehicle,OTHER - EXPLAIN IN NARRATIVE,OTHER (DRIVER) - EXPLAIN IN NARRATIVE,SSI,DAYLIGHT,CLEAR,DRY,False,39.9570274353027,-86.0024719238281
903878543,2021,2021-09-21,Marion,Indianapolis,91ST ST & COLLEGE AVE,Pedestrian,COLLISION WITH OBJECT IN ROAD,PEDESTRIAN ACTION,Fatal,DARK (NOT LIGHTED),RAIN,WET,False,39.9197578430176,-86.1443939208985
903879169,2021,2021-09-21,Marion,Indianapolis,N MERIDIAN ST  & N MERIDIAN ST,Vehicle,REAR END,FAILURE TO YIELD RIGHT OF WAY,Fatal,DARK (LIGHTED),CLEAR,DRY,False,39.9124984741211,-86.1575546264648
903878353,2021,2021-09-22,Johnson,Greenwood,US31N & MADISON AVE,Vehicle,RAN OFF ROAD,DRIVER ILLNESS,SSI,DAYLIGHT,RAIN,WET,False,39.6034660339355,-86.1066284179688
903879637,2021,2021-09-22,Marion,Indianapolis,LAFAYETTE RD & 46TH ST,Vehicle,RIGHT ANGLE,FAILURE TO YIELD RIGHT OF WAY,SSI,DAYLIGHT,RAIN,WET,False,39.8387565612793,-86.2494049072266
903881640,2021,2021-09-22,Hancock,,CR 400 WEST   & CR 500 NORTH,Vehicle,RIGHT ANGLE,FAILURE TO YIELD RIGHT OF WAY,SSI,DAYLIGHT,RAIN,WET,False,39.8564529418945,-85.8785781860352
903881715,2021,2021-09-22,Shelby,SHELBYVILLE,I- 74,Vehicle,OTHER - EXPLAIN IN NARRATIVE,SPEED TOO FAST FOR WEATHER CONDITIONS,SSI,DARK (NOT LIGHTED),RAIN,WET,True,39.4572868347168,-85.639045715332
903879648,2021,2021-09-23,Marion,Indianapolis,38TH ST & ORCHARD AVE,Vehicle,LEFT TURN,DISREGARD SIGNAL/REG SIGN,SSI,DAYLIGHT,CLEAR,DRY,False,39.8252487182617,-86.1280822753906
903881260,2021,2021-09-24,Marion,Indianapolis,34TH ST & COLLEGE AVE,Vehicle,RIGHT ANGLE,VIEW OBSTRUCTED,SSI,DAYLIGHT,CLEAR,DRY,False,39.8175506591797,-86.1448822021484
903881416,2021,2021-09-24,Marion,Indianapolis,38TH ST & POST RD,Vehicle,RIGHT ANGLE,FAILURE TO YIELD RIGHT OF WAY,SSI,DAYLIGHT,CLEAR,DRY,False,39.8261108398437,-86.0097274780273
903881682,2021,2021-09-24,Shelby,SHELBYVILLE,Shelbyville Rd  & S Auburn Hills Dr,Vehicle,REAR END,FOLLOWING TOO CLOSELY,SSI,DAYLIGHT,CLEAR,DRY,False,39.362964630127,-85.909553527832
903881876,2021,2021-09-24,Marion,Indianapolis,i 74,Vehicle,REAR END,FOLLOWING TOO CLOSELY,SSI,DAYLIGHT,CLEAR,DRY,True,39.7348670959473,-86.0426712036133
903884047,2021,2021-09-24,Marion,Indianapolis,I-65,Vehicle,REAR END,FOLLOWING TOO CLOSELY,SSI,DAWN/DUSK,CLEAR,DRY,True,39.8046073913574,-86.1660003662109
903880381,2021,2021-09-25,Johnson,Greenwood,SR135N & CURRY RD,Vehicle,SAME DIRECTION SIDESWIPE,UNSAFE LANE MOVEMENT,SSI,DAYLIGHT,CLEAR,DRY,False,39.6000633239746,-86.1589431762695
903880842,2021,2021-09-25,Hendricks,CLAYTON,US40,Vehicle,RAN OFF ROAD,RAN OFF ROAD RIGHT,Fatal,DAYLIGHT,CLEAR,DRY,False,39.6629943847656,-86.5409240722656
903881275,2021,2021-09-25,Marion,Indianapolis,62ND ST & COLLEGE AVE,Pedestrian,OTHER - EXPLAIN IN NARRATIVE,UNSAFE SPEED,SSI,DARK (LIGHTED),CLEAR,DRY,False,39.8678817749023,-86.1464309692383
903881281,2021,2021-09-25,Marion,Indianapolis,SHADELAND AVE & 32ND ST,Pedestrian,OTHER - EXPLAIN IN NARRATIVE,PEDESTRIAN ACTION,SSI,DARK (LIGHTED),RAIN,WET,False,39.813835144043,-86.0455932617188
903881443,2021,2021-09-25,Marion,Indianapolis,WASHINGTON ST & MILEY AVE,Vehicle,HEAD ON BETWEEN TWO MOTOR VEHICLES,SPEED TOO FAST FOR WEATHER CONDITIONS,SSI,DAYLIGHT,CLEAR,WATER (STANDING OR MOVING),False,39.7668685913086,-86.1911315917969
903882515,2021,2021-09-25,Marion,Indianapolis,N WHITE RIVER PKWY W DR,Vehicle,RAN OFF ROAD,OTHER (DRIVER) - EXPLAIN IN NARRATIVE,Fatal,DARK (NOT LIGHTED),CLOUDY,WET,False,39.8197135925293,-86.1914443969727
903881932,2021,2021-09-26,Morgan,,S Co Rd 1025 E  & State Rd 67,Vehicle,RAN OFF ROAD,OTHER (DRIVER) - EXPLAIN IN NARRATIVE,SSI,DAYLIGHT,CLEAR,DRY,False,39.6344108581543,-86.3430633544922
903881965,2021,2021-09-26,Marion,Indianapolis,KESSLER BLVD N DR & LAFAYETTE RD,Vehicle,LEFT TURN,FAILURE TO YIELD RIGHT OF WAY,SSI,DARK (LIGHTED),CLEAR,DRY,False,39.8000640869141,-86.2106857299805
903882354,2021,2021-09-26,Marion,Indianapolis,E 21st St  & N Ritter Ave,Vehicle,RIGHT ANGLE,DISREGARD SIGNAL/REG SIGN,SSI,DARK (LIGHTED),CLEAR,DRY,False,39.7962799072266,-86.0738754272461
903883045,2021,2021-09-26,Hendricks,,S Co Rd 600 E,Vehicle,LEFT TURN,FAILURE TO YIELD RIGHT OF WAY,SSI,DAYLIGHT,CLEAR,DRY,False,39.664436340332,-86.4181671142578
903883335,2021,2021-09-26,Marion,Indianapolis,E 42ND ST  & BAKER DR,Vehicle,RAN OFF ROAD,OVERCORRECTING/OVERSTEERING,Fatal,DAYLIGHT,CLEAR,DRY,False,39.833625793457,-85.99853515625
903884141,2021,2021-09-26,Hamilton,Fishers,69,Vehicle,RAN OFF ROAD,FAILURE TO MAINTAIN LANE,SSI,DAYLIGHT,CLEAR,DRY,False,39.9703063964844,-85.9707794189453
903885470,2021,2021-09-26,Marion,Indianapolis,HOYT AVE & RURAL ST,Vehicle,RIGHT ANGLE,IMPROPER LANE USAGE,SSI,DARK (LIGHTED),CLEAR,DRY,False,39.7576332092285,-86.116455078125
903882988,2021,2021-09-27,Marion,Indianapolis,BROAD RIPPLE AVE  & PRIMROSE AVE,Vehicle,NON-COLLISION,OVERCORRECTING/OVERSTEERING,Fatal,DARK (LIGHTED),CLEAR,DRY,False,39.8685417175293,-86.1334915161133
903882989,2021,2021-09-27,Marion,Indianapolis,S Meridian St  & E Southern Ave,Vehicle,RIGHT ANGLE,FAILURE TO YIELD RIGHT OF WAY,SSI,DARK (NOT LIGHTED),CLOUDY,DRY,False,39.7297286987305,-86.1588592529297
903884153,2021,2021-09-27,Marion,Indianapolis,I-70,Vehicle,RAN OFF ROAD,DRIVER ILLNESS,SSI,DARK (NOT LIGHTED),CLEAR,DRY,True,39.8025360107422,-85.9799728393555
903886063,2021,2021-09-27,Marion,Indianapolis,I-65,Vehicle,HEAD ON BETWEEN TWO MOTOR VEHICLES,OTHER (VEHICLE) - EXPLAIN IN NARRATIVE,Fatal,DARK (NOT LIGHTED),CLEAR,DRY,True,39.9099731445312,-86.3206176757813
903882476,2021,2021-09-28,Marion,Indianapolis,ENGLISH AVE & STATE AVE,Pedestrian,RIGHT ANGLE,OTHER (DRIVER) - EXPLAIN IN NARRATIVE,SSI,DAYLIGHT,CLEAR,DRY,False,39.7597160339355,-86.1305160522461
903891485,2021,2021-09-28,Morgan,,STATE RD 144  & VISTA VIEW PKWY,Vehicle,REAR END,FOLLOWING TOO CLOSELY,Fatal,DAYLIGHT,CLEAR,DRY,False,39.5778503417969,-86.3073120117188
903883175,2021,2021-09-29,Marion,Indianapolis,EMERSON AVE & COMMERCE SQUARE DR,Vehicle,LEFT TURN,FAILURE TO YIELD RIGHT OF WAY,SSI,DAYLIGHT,CLEAR,DRY,False,39.6536331176758,-86.0826416015625
903883696,2021,2021-09-29,Marion,Indianapolis,RIVERSIDE DR & BURDSAL PKWY,Vehicle,RIGHT ANGLE,FAILURE TO YIELD RIGHT OF WAY,SSI,DAYLIGHT,CLEAR,DRY,False,39.8009033203125,-86.1878814697266
903883730,2021,2021-09-29,Marion,Indianapolis,Bluff Rd  & W Southport Rd,Vehicle,HEAD ON BETWEEN TWO MOTOR VEHICLES,LEFT OF CENTER,SSI,DARK (NOT LIGHTED),CLOUDY,DRY,False,39.6637802124024,-86.1821441650391
903883737,2021,2021-09-29,Marion,Indianapolis,S Arsenal Ave  & E Washington St,Vehicle,RAN OFF ROAD,UNSAFE LANE MOVEMENT,SSI,DAYLIGHT,CLOUDY,DRY,False,39.7668647766113,-86.1333847045898
903885425,2021,2021-09-29,Marion,Indianapolis,KEYSTONE AVE & 46TH ST,Vehicle,REAR END,UNSAFE LANE MOVEMENT,SSI,DAWN/DUSK,CLEAR,DRY,False,39.8402671813965,-86.1218490600586
903884116,2021,2021-09-30,Marion,Indianapolis,OLES DR & MICHIGAN RD,Vehicle,LEFT TURN,FAILURE TO YIELD RIGHT OF WAY,SSI,DAYLIGHT,CLEAR,DRY,False,39.850944519043,-86.1932830810547
903885963,2021,2021-09-30,Marion,Indianapolis,E 21ST ST  & ROCKFORD RD,Vehicle,RAN OFF ROAD,UNSAFE SPEED,Fatal,DARK (LIGHTED),CLEAR,DRY,False,39.7969818115234,-85.9845886230469
903886221,2021,2021-09-30,Marion,Indianapolis,74,Vehicle,RIGHT ANGLE,UNSAFE LANE MOVEMENT,SSI,DARK (LIGHTED),CLEAR,DRY,False,39.7319107055664,-86.0492706298828
903884305,2021,2021-10-01,Marion,Indianapolis,64TH ST & COLLEGE AVE,Pedestrian,OTHER - EXPLAIN IN NARRATIVE,OTHER (ENVIRONMENTAL) - EXPLAIN IN NARR,SSI,DAYLIGHT,CLEAR,DRY,False,39.8725318908691,-86.1462631225586
903885513,2021,2021-10-01,Marion,Indianapolis,65TH ST & WESTIELD BLVD,Vehicle,RAN OFF ROAD,RAN OFF ROAD RIGHT,SSI,DAYLIGHT,CLEAR,DRY,False,39.9126625061035,-86.1363906860352
903888381,2021,2021-10-01,Marion,Indianapolis,E 21st St  & Shoreland Dr,Vehicle,RAN OFF ROAD,FAILURE TO MAINTAIN LANE,SSI,DAYLIGHT,CLEAR,DRY,False,39.7966461181641,-85.9972381591797
903895268,2021,2021-10-01,Marion,Indianapolis,465,Vehicle,RAN OFF ROAD,OVERCORRECTING/OVERSTEERING,SSI,DARK (LIGHTED),CLEAR,DRY,False,39.9209785461426,-86.1144714355469