id,year,date,county,city,cross_street,crash_type,manner,primary_factor,ssi_fatal,light,weather,surface,interstate,lat,lon
903885105,2021,2021-10-02,Hamilton,SHERIDAN(HAMILTON),SIX POINTS RD & 236 ST,Vehicle,RIGHT ANGLE,FAILURE TO YIELD RIGHT OF WAY,SSI,DAYLIGHT,CLOUDY,DRY,False,40.1304664611816,-86.1754684448242
903885976,2021,2021-10-03,Marion,Indianapolis,WASHINGTON ST & CHERRY TREE PLZ,Vehicle,RIGHT TURN,FAILURE TO YIELD RIGHT OF WAY,SSI,DAYLIGHT,CLEAR,DRY,False,39.7744674682617,-85.995964050293
903886913,2021,2021-10-03,Marion,Indianapolis,I- 465,Vehicle,REAR END,FOLLOWING TOO CLOSELY,SSI,DAYLIGHT,RAIN,WET,True,39.8971176147461,-86.0577850341797
903886450,2021,2021-10-04,Johnson,NINEVEH,Co Rd 750 S  & Co Rd 750 S,Vehicle,RIGHT ANGLE,FAILURE TO YIELD RIGHT OF WAY,SSI,DAYLIGHT,CLEAR,DRY,False,39.365119934082,-86.1245422363281
903886505,2021,2021-10-04,Boone,Whitestown,65   &  65,Vehicle,RAN OFF ROAD,FAILURE TO MAINTAIN LANE,SSI,DARK (NOT LIGHTED),CLEAR,WET,False,39.9564895629883,-86.3646621704101
903887226,2021,2021-10-05,Hendricks,Brownsburg,N Green St  & E 56th St,Vehicle,REAR END,DRIVER DISTRACTED - EXPLAIN IN NARRATIVE,SSI,DAYLIGHT,CLEAR,DRY,False,39.850757598877,-86.3953552246094
903888080,2021,2021-10-06,Marion,Indianapolis,MILLERSVILLE RD & OLNEY ST,Vehicle,RAN OFF ROAD,OTHER (DRIVER) - EXPLAIN IN NARRATIVE,SSI,DAWN/DUSK,CLOUDY,WET,False,39.858642578125,-86.1090774536133
903888177,2021,2021-10-06,Marion,Indianapolis,I- 465,Vehicle,REAR END,FOLLOWING TOO CLOSELY,Fatal,DARK (NOT LIGHTED),CLOUDY,WET,True,39.7041168212891,-86.096809387207
903888543,2021,2021-10-07,Johnson,,PADDOCK RD & OLIVE BRANCH RD,Vehicle,RAN OFF ROAD,UNSAFE SPEED,Fatal,DAYLIGHT,CLOUDY,DRY,False,39.5937385559082,-86.2067260742188
903888794,2021,2021-10-07,Hamilton,Noblesville,SR32 & 6TH ST,Vehicle,RIGHT ANGLE,FAILURE TO YIELD RIGHT OF WAY,SSI,DARK (LIGHTED),CLEAR,DRY,False,40.0456809997559,-86.0161285400391
903889218,2021,2021-10-08,Hamilton,Westfield,S UNION ST & DAVID BROWN DR,Vehicle,RIGHT ANGLE,FAILURE TO YIELD RIGHT OF WAY,SSI,DAYLIGHT,CLEAR,WET,False,40.033073425293,-86.1273574829102
903891709,2021,2021-10-08,Hamilton,Carmel,96TH ST & COPLEY DR,Vehicle,HEAD ON BETWEEN TWO MOTOR VEHICLES,SPEED TOO FAST FOR WEATHER CONDITIONS,Fatal,DAYLIGHT,RAIN,WET,False,39.9268989562988,-86.1692123413086
903889296,2021,2021-10-09,Johnson,Franklin,WATER ST & ADAMS ST,Vehicle,RIGHT ANGLE,FAILURE TO YIELD RIGHT OF WAY,SSI,DAYLIGHT,CLEAR,DRY,False,39.483570098877,-86.0539169311523
903889617,2021,2021-10-09,Johnson,New Whiteland,US Hwy 31  & Tracy Rd,Vehicle,OTHER - EXPLAIN IN NARRATIVE,OTHER (DRIVER) - EXPLAIN IN NARRATIVE,SSI,DARK (NOT LIGHTED),CLEAR,DRY,False,39.5660209655762,-86.0933227539063
903890078,2021,2021-10-09,Marion,Indianapolis,MISSION DR  & PINEHOLLOW CT,Vehicle,RAN OFF ROAD,OTHER (DRIVER) - EXPLAIN IN NARRATIVE,Fatal,DARK (LIGHTED),CLEAR,DRY,False,39.8354797363281,-86.2717895507813
903890715,2021,2021-10-09,Marion,Indianapolis,SUTHERLAND AVE & 32ND ST,Vehicle,RAN OFF ROAD,OTHER (DRIVER) - EXPLAIN IN NARRATIVE,SSI,DARK (LIGHTED),CLEAR,DRY,False,39.8128471374512,-86.1408767700195
903890829,2021,2021-10-09,Marion,Indianapolis,I- 465  & S,Vehicle,RAN OFF ROAD,UNSAFE LANE MOVEMENT,SSI,DAYLIGHT,CLEAR,DRY,True,39.7355003356934,-86.0437774658203
903890997,2021,2021-10-09,Marion,Indianapolis,N Shadeland Ave  & E 16th St,Pedestrian,NON-COLLISION,PEDESTRIAN ACTION,SSI,DARK (LIGHTED),CLEAR,DRY,False,39.7887420654297,-86.0455627441406
903891676,2021,2021-10-09,Marion,Indianapolis,E 21st St  & Shoreland Dr,Pedestrian,NON-COLLISION,PEDESTRIAN ACTION,SSI,DARK (LIGHTED),CLEAR,DRY,False,39.796760559082,-85.9992446899414
903889540,2021,2021-10-10,Johnson,Greenwood,COUNTY LINE RD & MERIDIAN ST,Vehicle,RIGHT ANGLE,FAILURE TO YIELD RIGHT OF WAY,SSI,DAYLIGHT,CLEAR,DRY,False,39.6357460021973,-86.1063232421875
903889728,2021,2021-10-10,Hendricks,,HAWTHORNE DR & HIDDEN VALLEY DR,Vehicle,RAN OFF ROAD,RAN OFF ROAD RIGHT,SSI,DARK (NOT LIGHTED),CLEAR,DRY,False,39.7269172668457,-86.3986129760742
903889818,2021,2021-10-10,Hendricks,Avon,E COUNTY ROAD 150 S RD,Vehicle,OTHER - EXPLAIN IN NARRATIVE,OTHER (ENVIRONMENTAL) - EXPLAIN IN NARR,SSI,DAYLIGHT,CLEAR,DRY,False,39.7389945983887,-86.3879623413086
903890852,2021,2021-10-10,Marion,Indianapolis,84TH ST & MICHIGAN RD,Vehicle,LEFT/RIGHT TURN,FAILURE TO YIELD RIGHT OF WAY,SSI,DAYLIGHT,CLEAR,DRY,False,39.9056167602539,-86.2197647094727
903890958,2021,2021-10-11,Marion,Indianapolis,US 31 RD & THOMPSON RD,Vehicle,REAR END,FOLLOWING TOO CLOSELY,SSI,DAYLIGHT,CLEAR,DRY,False,39.6923522949219,-86.1867828369141
903897791,2021,2021-10-11,Marion,Indianapolis,I-65,Vehicle,RAN OFF ROAD,DRIVER ILLNESS,SSI,DAYLIGHT,CLEAR,DRY,True,39.7431449890137,-86.1374740600586
903890564,2021,2021-10-12,Boone,Whitestown,Perry Worth Rd  & E 500 S,Vehicle,REAR END,DRIVER DISTRACTED - EXPLAIN IN NARRATIVE,SSI,DARK (LIGHTED),RAIN,WET,False,39.9676361083984,-86.3781661987305
903890972,2021,2021-10-12,Marion,Indianapolis,RAYMOND ST & KENTUCKY AVE,Vehicle,RAN OFF ROAD,UNSAFE SPEED,SSI,DARK (NOT LIGHTED),CLEAR,WET,False,39.7353820800781,-86.1985244750977
903892878,2021,2021-10-14,Hendricks,Danville,E MAIN ST  & MYERS RD,Vehicle,LEFT TURN,FAILURE TO YIELD RIGHT OF WAY,Fatal,DAYLIGHT,CLEAR,DRY,False,39.7618789672851,-86.4696197509766
903737557,2021,2021-02-05,Marion,Indianapolis,MERDIAN ST & 10TH ST,Vehicle,RIGHT ANGLE,DISREGARD SIGNAL/REG SIGN,SSI,DAYLIGHT,CLEAR,DRY,False,39.7808494567871,-86.1576614379883
903893093,2021,2021-10-15,Marion,Indianapolis,PLEASANT RUN RD & PAGODA DR,Vehicle,NON-COLLISION,UNSAFE SPEED,SSI,DAYLIGHT,RAIN,WET,False,39.7339706420898,-86.149642944336
903793484,2021,2021-05-16,Johnson,TRAFALGAR,600w  & sr135,Vehicle,OTHER - EXPLAIN IN NARRATIVE,DRIVER DISTRACTED - EXPLAIN IN NARRATIVE,SSI,DAYLIGHT,CLOUDY,DRY,False,39.3905639648437,-86.2180252075195
903788283,2021,2021-04-15,Marion,Indianapolis,I-465,Vehicle,RAN OFF ROAD,UNSAFE LANE MOVEMENT,SSI,DARK (LIGHTED),CLEAR,DRY,True,39.7983741760254,-86.2749938964844
903844977,2021,2021-07-28,Marion,Indianapolis,S Lynhurst Dr  & Chelsea Rd,Vehicle,RIGHT ANGLE,UNSAFE SPEED,SSI,DAYLIGHT,CLEAR,DRY,False,39.7489624023437,-86.2502212524414
903894546,2021,2021-10-15,Marion,Indianapolis,MERIDIAN ST & 29TH ST,Vehicle,RIGHT ANGLE,DISREGARD SIGNAL/REG SIGN,SSI,DARK (LIGHTED),RAIN,WET,False,39.808048248291,-86.1565093994141
903806847,2021,2021-06-07,Johnson,,100 north  & 575 west,Vehicle,RAN OFF ROAD,UNSAFE SPEED,SSI,DAYLIGHT,CLOUDY,DRY,False,39.4846572875977,-86.2108688354492
903855811,2021,2021-07-28,Marion,Indianapolis,I- 465,Vehicle,REAR END,FOLLOWING TOO CLOSELY,SSI,DAYLIGHT,CLEAR,DRY,True,39.8118133544922,-86.0310974121094
903793495,2021,2021-05-16,Morgan,MARTINSVILLE,SR39N & LENTZ TREE FARM RD,Vehicle,RAN OFF ROAD,RAN OFF ROAD RIGHT,SSI,DAYLIGHT,CLOUDY,DRY,False,39.5413818359375,-86.4699783325195
903778092,2021,2021-04-16,Marion,Indianapolis,SR67N & CAMBY RD,Vehicle,RIGHT ANGLE,DISREGARD SIGNAL/REG SIGN,Fatal,DAYLIGHT,CLEAR,DRY,False,39.6617889404297,-86.3103790283203
903861287,2021,2021-08-23,Hamilton,Fishers,96TH ST & SARGENT RD,Vehicle,RAN OFF ROAD,RAN OFF ROAD RIGHT,SSI,DAWN/DUSK,CLOUDY,DRY,False,39.9269981384277,-86.0061874389648
903845332,2021,2021-07-29,Hancock,,CR700W & W STANSBURY BLVD,Vehicle,RAN OFF ROAD,UNSAFE SPEED,SSI,DARK (NOT LIGHTED),CLEAR,DRY,False,39.8278579711914,-85.9348678588867
903866589,2021,2021-08-23,Marion,Indianapolis,N PENNSYLVANIA ST  & E 38TH ST,Vehicle,RIGHT ANGLE,UNSAFE SPEED,Fatal,DARK (LIGHTED),CLEAR,DRY,False,39.824893951416,-86.1544952392578
903736741,2021,2021-02-06,Shelby,SHELBYVILLE,200BLK W MECHANIC ST & ST MARY ST,Vehicle,HEAD ON BETWEEN TWO MOTOR VEHICLES,OVERCORRECTING/OVERSTEERING,SSI,DARK (NOT LIGHTED),CLEAR,DRY,False,39.5260734558105,-85.782844543457
903845599,2021,2021-07-30,Hancock,FORTVILLE,SR234,Vehicle,RIGHT ANGLE,IMPROPER PASSING,SSI,DAYLIGHT,CLEAR,DRY,False,39.899787902832,-85.8621139526367
903866977,2021,2021-08-23,Hamilton,Carmel,W LAKESHORE DR,Vehicle,OTHER - EXPLAIN IN NARRATIVE,OTHER (DRIVER) - EXPLAIN IN NARRATIVE,SSI,DAYLIGHT,CLEAR,DRY,False,39.9550361633301,-86.1065368652344
903806958,2021,2021-06-08,Hendricks,Brownsburg,E Main St,Vehicle,RAN OFF ROAD,UNSAFE SPEED,SSI,DARK (LIGHTED),CLOUDY,DRY,False,39.8396110534668,-86.384880065918
903901196,2021,2021-10-15,Marion,Indianapolis,S RYBOLT AVE  & W WERGES ST,Pedestrian,NON-COLLISION,UNSAFE SPEED,Fatal,DARK (NOT LIGHTED),RAIN,WET,False,39.714485168457,-86.2321243286133
903796116,2021,2021-05-16,Marion,Indianapolis,COLLEGE AVE & FAIRFIELD AVE,Vehicle,RIGHT ANGLE,FAILURE TO YIELD RIGHT OF WAY,SSI,DARK (LIGHTED),CLEAR,DRY,False,39.8188934326172,-86.146484375
903781081,2021,2021-04-16,Marion,Indianapolis,WASHINGTON ST & MELLEN RD,Vehicle,HEAD ON BETWEEN TWO MOTOR VEHICLES,LEFT OF CENTER,SSI,DAYLIGHT,CLEAR,DRY,False,39.7318267822266,-86.317985534668
903846289,2021,2021-07-30,Shelby,SHELBYVILLE,NORTH MICHIGAN RD & 3556 NORTH MICHIGAN RD,Vehicle,OTHER - EXPLAIN IN NARRATIVE,BRAKE FAILURE OR DEFECTIVE,SSI,DAYLIGHT,CLEAR,DRY,False,39.5300788879395,-85.7778244018555
903745873,2021,2021-02-07,Marion,Indianapolis,I-65  & Whalen Ave,Vehicle,HEAD ON BETWEEN TWO MOTOR VEHICLES,WRONG WAY ON ONE WAY,Fatal,DARK (NOT LIGHTED),SNOW,SNOW/SLUSH,True,39.6831130981445,-86.1023483276367
903807184,2021,2021-06-08,Marion,Indianapolis,S East St  & E Dudley Ave,Vehicle,RAN OFF ROAD,DRIVER ASLEEP OR FATIGUED,SSI,DARK (NOT LIGHTED),CLEAR,DRY,False,39.6842880249023,-86.1489639282227
903861470,2021,2021-08-24,Marion,Indianapolis,E 10th St  & Campbell Ave,Pedestrian,COLLISION WITH OBJECT IN ROAD,PEDESTRIAN ACTION,SSI,DAYLIGHT,CLEAR,DRY,False,39.781566619873,-86.065788269043
903777302,2021,2021-04-17,Johnson,,CR400W & CEDER LN,Pedalcycle,LEFT TURN,FAILURE TO YIELD RIGHT OF WAY,SSI,DAYLIGHT,CLEAR,DRY,False,39.5732269287109,-86.1776351928711
903797389,2021,2021-05-16,Marion,Indianapolis,I-70 EB,Vehicle,REAR END,UNSAFE LANE MOVEMENT,Fatal,DAYLIGHT,CLEAR,DRY,True,39.7534980773926,-86.1591567993164
903846774,2021,2021-07-30,Marion,Indianapolis,KESSLER BLVD & BINFORD BLVD,Vehicle,OTHER - EXPLAIN IN NARRATIVE,UNSAFE SPEED,SSI,DAYLIGHT,CLEAR,DRY,False,39.8584175109863,-86.093879699707
903741272,2021,2021-02-08,Marion,Indianapolis,I-65  & E Pleasant Run Pkwy S Dr,Vehicle,RAN OFF ROAD,UNSAFE SPEED,SSI,DAYLIGHT,CLOUDY,DRY,True,39.7446823120117,-86.1378326416016
903807481,2021,2021-06-08,Johnson,Greenwood,DEMAREE RD,Vehicle,RAN OFF ROAD,OTHER (DRIVER) - EXPLAIN IN NARRATIVE,SSI,DAYLIGHT,RAIN,WET,False,39.5850944519043,-86.1561737060547
903864381,2021,2021-08-24,Marion,Indianapolis,E 10TH ST  & E PLEASANT RUN PKWY S DR,Pedestrian,NON-COLLISION,PEDESTRIAN ACTION,Fatal,DARK (NOT LIGHTED),CLEAR,DRY,False,39.7816848754883,-86.0528411865234
903738284,2021,2021-02-09,Boone,Whitestown,I65N,Vehicle,REAR END,UNSAFE SPEED,SSI,DARK (LIGHTED),CLEAR,DRY,False,39.9507293701172,-86.3578567504883
903817519,2021,2021-05-16,Marion,Indianapolis,S Girls School Rd  & Jackson St,Vehicle,RAN OFF ROAD,OVERCORRECTING/OVERSTEERING,SSI,DARK (NOT LIGHTED),RAIN,WET,False,39.7614440917969,-86.2890167236328
903846883,2021,2021-07-30,Hamilton,Carmel,E 111TH ST & CENTRAL PARK S DR,Vehicle,NON-COLLISION,OTHER (DRIVER) - EXPLAIN IN NARRATIVE,SSI,DAYLIGHT,CLEAR,DRY,False,39.9488334655762,-86.1509475708008
903807573,2021,2021-06-08,Boone,,CR550E,Vehicle,RAN OFF ROAD,RAN OFF ROAD RIGHT,SSI,DAYLIGHT,CLEAR,DRY,False,40.1269760131836,-86.3660659790039
903777826,2021,2021-04-17,Hancock,Cumberland,US40W & 700 W RD,Vehicle,REAR END,DRIVER DISTRACTED - EXPLAIN IN NARRATIVE,SSI,DAYLIGHT,CLEAR,DRY,False,39.7778434753418,-85.929084777832
903894740,2021,2021-10-16,Marion,Indianapolis,10TH ST & NORTH SHADELAND RD,Vehicle,REAR END,FOLLOWING TOO CLOSELY,SSI,DARK (LIGHTED),CLEAR,DRY,False,39.781436920166,-86.0453567504883
903846204,2021,2021-07-31,Hancock,,CR500W,Vehicle,RAN OFF ROAD,UNSAFE SPEED,SSI,DAYLIGHT,CLEAR,DRY,False,39.9151611328125,-85.8997802734375
903861600,2021,2021-08-25,Hamilton,,SR38 & PRAIRIE BABTIST RD,Vehicle,RIGHT ANGLE,FAILURE TO YIELD RIGHT OF WAY,SSI,DAYLIGHT,CLOUDY,WET,False,40.0299606323242,-85.9005355834961
903739414,2021,2021-02-10,Hamilton,Carmel,146 ST & ALDERBROOK TRL,Vehicle,RAN OFF ROAD,RAN OFF ROAD RIGHT,Fatal,DAYLIGHT,CLEAR,DRY,False,40.0002670288086,-86.0959091186523
903807628,2021,2021-06-08,Hamilton,,STRAWTOWN AVE & CYNTHEANNE RD,Vehicle,OTHER - EXPLAIN IN NARRATIVE,OVERCORRECTING/OVERSTEERING,SSI,DARK (NOT LIGHTED),CLEAR,DRY,False,40.1340217590332,-85.88330078125
903894218,2021,2021-10-17,Hendricks,Brownsburg,W Northfield Dr,Vehicle,OTHER - EXPLAIN IN NARRATIVE,OTHER (DRIVER) - EXPLAIN IN NARRATIVE,SSI,DARK (LIGHTED),CLEAR,DRY,False,39.8560371398926,-86.4187164306641
903778249,2021,2021-04-17,Marion,Indianapolis,38TH ST & FALL CREEK PARKWAY NORTH DR,Pedestrian,COLLISION WITH OBJECT IN ROAD,VIEW OBSTRUCTED,SSI,DARK (LIGHTED),CLEAR,DRY,False,39.8253173828125,-86.1315155029297
903794486,2021,2021-05-17,Marion,Lawrence,US 36 (PENDLETON PIKE) HWY & N MITTHOEFER RD,Vehicle,REAR END,OTHER (DRIVER) - EXPLAIN IN NARRATIVE,SSI,DARK (LIGHTED),CLEAR,DRY,False,39.8519515991211,-85.994857788086
903846924,2021,2021-07-31,Marion,Indianapolis,WASHINGTON ST & GRANT AVE,Vehicle,LEFT/RIGHT TURN,FAILURE TO YIELD RIGHT OF WAY,SSI,DAYLIGHT,CLOUDY,DRY,False,39.7692642211914,-86.097282409668
903865084,2021,2021-08-25,Hamilton,Noblesville,PRESLEY DR & PHILLIP DR,Vehicle,RAN OFF ROAD,OTHER (DRIVER) - EXPLAIN IN NARRATIVE,Fatal,DAYLIGHT,CLEAR,DRY,False,40.0512580871582,-85.9878082275391
903740699,2021,2021-02-10,Marion,Indianapolis,MILLS RD,Vehicle,RAN OFF ROAD,SPEED TOO FAST FOR WEATHER CONDITIONS,SSI,DAYLIGHT,SNOW,SNOW/SLUSH,False,39.6701431274414,-86.2618865966797
903807805,2021,2021-06-08,Marion,Indianapolis,US40 HWY & ROUTIERS AVE,Vehicle,REAR END,FAILURE TO YIELD RIGHT OF WAY,SSI,DAYLIGHT,CLEAR,DRY,False,39.7738914489746,-86.01318359375
903895829,2021,2021-10-17,Shelby,SHELBYVILLE,I- 74  & 120 MILE MARKER,Vehicle,REAR END,FOLLOWING TOO CLOSELY,Fatal,DAYLIGHT,CLEAR,DRY,True,39.4821166992187,-85.6756134033203
903778304,2021,2021-04-17,Marion,Indianapolis,21ST ST & MARADONA DR,Vehicle,RAN OFF ROAD,DRIVER ASLEEP OR FATIGUED,SSI,DARK (NOT LIGHTED),CLEAR,DRY,False,39.7947425842285,-86.1576232910156
903760081,2021,2021-03-17,Shelby,SHELBYVILLE,I74E,Vehicle,RAN OFF ROAD,RAN OFF ROAD RIGHT,SSI,DARK (NOT LIGHTED),CLOUDY,DRY,False,39.5577697753906,-85.7869873046875
903870391,2021,2021-07-31,Marion,Indianapolis,MADISON AVE & BRILL RD,Vehicle,RAN OFF ROAD,RAN OFF ROAD RIGHT,Fatal,DARK (LIGHTED),CLEAR,DRY,False,39.7293090820313,-86.1539535522461
903796625,2021,2021-05-17,Marion,Indianapolis,EMERSON AVE & 46TH ST,Vehicle,RIGHT ANGLE,DISREGARD SIGNAL/REG SIGN,SSI,DARK (LIGHTED),CLEAR,DRY,False,39.8404388427734,-86.0839080810547
903760220,2021,2021-03-17,Hancock,FORTVILLE,OHIO ST & NOEL LN,Vehicle,RAN OFF ROAD,RAN OFF ROAD RIGHT,SSI,DARK (NOT LIGHTED),CLOUDY,DRY,False,39.9363250732422,-85.8575897216797
903778349,2021,2021-04-17,Marion,Indianapolis,WEST ST & TERRACE AVE,Vehicle,RAN OFF ROAD,RAN OFF ROAD RIGHT,SSI,DAYLIGHT,CLEAR,DRY,False,39.7466735839844,-86.1680068969727
903746511,2021,2021-02-10,Hamilton,Noblesville,146TH ST & PROMISE RD,Vehicle,REAR END,UNSAFE SPEED,SSI,DARK (LIGHTED),SNOW,SNOW/SLUSH,False,40.0009956359863,-85.9700775146485
903862398,2021,2021-08-26,Hendricks,Avon,PERSIMMON GROVE DR & HONEY LOCUST DR,Pedalcycle,REAR END,DRIVER DISTRACTED - EXPLAIN IN NARRATIVE,SSI,DAYLIGHT,CLEAR,DRY,False,39.7895355224609,-86.3401718139648
903901213,2021,2021-10-17,Marion,Indianapolis,E Washington St  & S Colorado Ave,Pedestrian,NON-COLLISION,PEDESTRIAN ACTION,SSI,DAYLIGHT,CLEAR,DRY,False,39.7695426940918,-86.09423828125
903807819,2021,2021-06-08,Marion,Indianapolis,S EAST ST,Vehicle,RAN OFF ROAD,OTHER (DRIVER) - EXPLAIN IN NARRATIVE,SSI,DAYLIGHT,CLEAR,DRY,False,39.7163429260254,-86.1487045288086
903778373,2021,2021-04-17,Marion,Indianapolis,RAYMOND ST & STATE AVE,Vehicle,RIGHT ANGLE,DISREGARD SIGNAL/REG SIGN,SSI,DARK (LIGHTED),CLEAR,DRY,False,39.7376174926758,-86.1301116943359
903870876,2021,2021-07-31,Marion,Indianapolis,N College Ave  & E 23rd St,Pedestrian,NON-COLLISION,PEDESTRIAN ACTION,Fatal,DARK (LIGHTED),CLEAR,DRY,False,39.7993240356445,-86.1447448730469
903795188,2021,2021-05-18,Marion,Indianapolis,COLLEGE AVE & 31ST ST,Vehicle,REAR END,FOLLOWING TOO CLOSELY,SSI,DAYLIGHT,CLOUDY,DRY,False,39.8119354248047,-86.1448822021484
903769407,2021,2021-03-17,Marion,Indianapolis,I- 465,Vehicle,REAR END,OTHER (DRIVER) - EXPLAIN IN NARRATIVE,SSI,DAYLIGHT,CLOUDY,DRY,True,39.9216499328613,-86.1133422851563
903745300,2021,2021-02-11,Marion,Indianapolis,62ND ST & KNYGHTON RD,Vehicle,RAN OFF ROAD,DISREGARD SIGNAL/REG SIGN,SSI,DARK (LIGHTED),CLOUDY,SNOW/SLUSH,False,39.8686408996582,-86.0742874145508
903808469,2021,2021-06-09,Marion,Indianapolis,MERIDIAN ST & 64TH ST,Vehicle,RAN OFF ROAD,UNSAFE SPEED,SSI,DAYLIGHT,CLEAR,DRY,False,39.8733367919922,-86.1567611694336
903862469,2021,2021-08-26,Hamilton,,211 ST & MILL CREEK RD,Pedestrian,COLLISION WITH OBJECT IN ROAD,PEDESTRIAN ACTION,SSI,DARK (NOT LIGHTED),CLEAR,WET,False,40.0943832397461,-86.0571899414063
903779539,2021,2021-04-17,Morgan,Mooresville,E MAIN ST & CLAY ST,Vehicle,REAR END,DRIVER DISTRACTED - EXPLAIN IN NARRATIVE,SSI,DARK (LIGHTED),CLEAR,DRY,False,39.6128120422363,-86.3716049194336
903896393,2021,2021-10-18,Marion,Indianapolis,S Holt Rd  & W Minnesota St,Pedalcycle,RIGHT ANGLE,FOLLOWING TOO CLOSELY,SSI,DARK (NOT LIGHTED),CLEAR,DRY,False,39.7429695129395,-86.2253112792969
903846428,2021,2021-08-01,Hendricks,Plainfield,SR267 & HADLEY RD,Vehicle,REAR END,FOLLOWING TOO CLOSELY,SSI,DAYLIGHT,CLEAR,DRY,False,39.6749305725098,-86.3710021972656
903797644,2021,2021-05-18,Shelby,SHELBYVILLE,N MICHIGAN RD,Pedestrian,RAN OFF ROAD,RAN OFF ROAD RIGHT,SSI,DAYLIGHT,CLEAR,DRY,False,39.6201057434082,-85.8716201782227
903768287,2021,2021-03-18,Hendricks,,I-70,Vehicle,REAR END,SPEED TOO FAST FOR WEATHER CONDITIONS,Fatal,DAYLIGHT,RAIN,WET,True,39.6522026062012,-86.3996963500977
903753091,2021,2021-02-11,Shelby,SHELBYVILLE,STATE ROAD 9  & E 600 S,Vehicle,OTHER - EXPLAIN IN NARRATIVE,SPEED TOO FAST FOR WEATHER CONDITIONS,SSI,DAWN/DUSK,BLOWING SAND/SOIL/SNOW,ICE,False,39.4390754699707,-85.7554779052734
903808616,2021,2021-06-09,Marion,Indianapolis,W Washington St  & S West St,Pedalcycle,RIGHT ANGLE,FAILURE TO YIELD RIGHT OF WAY,SSI,DAYLIGHT,CLEAR,DRY,False,39.767276763916,-86.1669540405273
903862568,2021,2021-08-26,Morgan,,W State Rd 42  & N Hall Rd,Vehicle,RIGHT ANGLE,FAILURE TO YIELD RIGHT OF WAY,SSI,DAYLIGHT,CLEAR,DRY,False,39.5792274475098,-86.5406723022461
903787040,2021,2021-04-17,Marion,Indianapolis,I- 465,Pedestrian,OTHER - EXPLAIN IN NARRATIVE,PEDESTRIAN ACTION,SSI,DARK (LIGHTED),CLEAR,DRY,True,39.7387084960938,-86.2642517089844
903897683,2021,2021-10-18,Hamilton,Fishers,REGENCY DR,Vehicle,RAN OFF ROAD,RAN OFF ROAD RIGHT,SSI,DAYLIGHT,CLEAR,DRY,False,39.9598159790039,-86.0201950073242
903846429,2021,2021-08-01,Hendricks,Plainfield,CAMBRIDGE WAY,Vehicle,RAN OFF ROAD,RAN OFF ROAD RIGHT,SSI,DAYLIGHT,CLEAR,DRY,False,39.6742477416992,-86.3686752319336
903761938,2021,2021-03-19,Johnson,Franklin,BARTRAM PKWY,Vehicle,RIGHT ANGLE,FAILURE TO YIELD RIGHT OF WAY,SSI,DAYLIGHT,CLEAR,DRY,False,39.4832992553711,-86.0076675415039
903802391,2021,2021-05-18,Marion,Indianapolis,FALL CREEK PKWY N DR & DREXEL AVE,Pedestrian,OTHER - EXPLAIN IN NARRATIVE,PEDESTRIAN ACTION,Fatal,DARK (NOT LIGHTED),CLEAR,DRY,False,39.8490715026855,-86.093635559082
903740931,2021,2021-02-12,Hamilton,Westfield,CR191 & HORTON RD,Vehicle,RAN OFF ROAD,SPEED TOO FAST FOR WEATHER CONDITIONS,SSI,DAYLIGHT,CLOUDY,SNOW/SLUSH,False,40.0642395019531,-86.1607513427734
903896140,2021,2021-10-19,Boone,Lebanon,ESPLANADE ST & KING ST,Vehicle,HEAD ON BETWEEN TWO MOTOR VEHICLES,OTHER (ENVIRONMENTAL) - EXPLAIN IN NARR,SSI,DAYLIGHT,CLEAR,DRY,False,40.0554733276367,-86.4734420776367
903808636,2021,2021-06-09,Hamilton,Carmel,106TH ST & HAZEL DELL PKWY,Vehicle,RIGHT ANGLE,DISREGARD SIGNAL/REG SIGN,SSI,DARK (NOT LIGHTED),CLEAR,DRY,False,39.9503631591797,-86.0729675292969
903778391,2021,2021-04-18,Marion,Indianapolis,73RD ST & HOLIDAY W DR,Vehicle,SAME DIRECTION SIDESWIPE,OTHER (DRIVER) - EXPLAIN IN NARRATIVE,SSI,DARK (NOT LIGHTED),CLEAR,DRY,False,39.8867301940918,-86.1633911132813
903862815,2021,2021-08-26,Hamilton,Fishers,MOLLENKOPF RD & E 96TH ST,Vehicle,RIGHT ANGLE,DISREGARD SIGNAL/REG SIGN,SSI,DAYLIGHT,CLOUDY,DRY,False,39.9270973205566,-85.9808502197265
903846944,2021,2021-08-01,Marion,Indianapolis,ILLINOIS ST & JACKSON PL,Pedalcycle,RIGHT TURN,DISREGARD SIGNAL/REG SIGN,SSI,DARK (LIGHTED),CLEAR,DRY,False,39.7635917663574,-86.1599655151367
903778466,2021,2021-04-18,Marion,Indianapolis,38TH ST & DREXEL AVE,Vehicle,HEAD ON BETWEEN TWO MOTOR VEHICLES,LEFT OF CENTER,SSI,DARK (LIGHTED),CLOUDY,DRY,False,39.8254241943359,-86.0924453735352