id,year,date,county,city,cross_street,crash_type,manner,primary_factor,ssi_fatal,light,weather,surface,interstate,lat,lon
903745301,2021,2021-02-12,Marion,Indianapolis,30TH ST & RURAL ST,Vehicle,HEAD ON BETWEEN TWO MOTOR VEHICLES,LEFT OF CENTER,SSI,DAWN/DUSK,CLOUDY,DRY,False,39.8106918334961,-86.1159896850586
903896339,2021,2021-10-19,Marion,Indianapolis,MOORESVILLE RD & EDWARDS AVE,Vehicle,HEAD ON BETWEEN TWO MOTOR VEHICLES,LEFT OF CENTER,SSI,DAYLIGHT,CLEAR,DRY,False,39.701343536377,-86.2550430297852
903866124,2021,2021-08-26,Morgan,MARTINSVILLE,Goat Hollow Rd  & E Observatory Rd,Vehicle,BACKING CRASH,SPEED TOO FAST FOR WEATHER CONDITIONS,SSI,DAYLIGHT,CLEAR,DRY,False,39.5462913513184,-86.4081573486328
903813163,2021,2021-05-18,Marion,Indianapolis,I-465,Vehicle,RAN OFF ROAD,OTHER (DRIVER) - EXPLAIN IN NARRATIVE,SSI,DAYLIGHT,CLEAR,DRY,True,39.8603897094727,-86.2758026123047
903808754,2021,2021-06-09,Boone,,State Rd 47,Vehicle,REAR END,FOLLOWING TOO CLOSELY,SSI,DARK (NOT LIGHTED),CLEAR,DRY,False,40.1262550354004,-86.4769821166992
903846954,2021,2021-08-01,Marion,Indianapolis,MERIDIAN ST & 43 ST,Vehicle,RAN OFF ROAD,UNSAFE SPEED,SSI,DAYLIGHT,CLEAR,DRY,False,39.9216117858887,-86.1577301025391
903768045,2021,2021-03-19,Marion,Indianapolis,THOMPSON RD & BREHOB RD,Vehicle,RAN OFF ROAD,OVERCORRECTING/OVERSTEERING,SSI,DAYLIGHT,CLEAR,DRY,False,39.6927528381348,-86.1687240600586
903781082,2021,2021-04-18,Marion,Indianapolis,73RD ST & HOLLIDAY DR,Pedestrian,RIGHT ANGLE,ANIMAL/OBJECT IN ROADWAY,SSI,DARK (LIGHTED),CLEAR,DRY,False,39.8866691589355,-86.162841796875
903749889,2021,2021-02-12,Marion,Indianapolis,I- 465  & Foltz St,Vehicle,RAN OFF ROAD,UNSAFE LANE MOVEMENT,SSI,DARK (LIGHTED),CLEAR,DRY,True,39.6922760009765,-86.2308502197266
903898827,2021,2021-10-19,Marion,Indianapolis,FAIRGROVE DR  & PIERMONT DR,Pedestrian,OTHER - EXPLAIN IN NARRATIVE,PEDESTRIAN ACTION,Fatal,DARK (LIGHTED),CLOUDY,DRY,False,39.6463317871094,-86.103874206543
903862714,2021,2021-08-27,Marion,Indianapolis,RAYMOND ST & PERMITER RD,Vehicle,REAR END,UNSAFE SPEED,SSI,DAYLIGHT,CLEAR,DRY,False,39.6963348388672,-86.3076629638672
903795472,2021,2021-05-19,Marion,Indianapolis,KEYSTONE AVE & 47TH ST,Vehicle,RAN OFF ROAD,RAN OFF ROAD RIGHT,SSI,DAYLIGHT,CLEAR,DRY,False,39.8402709960938,-86.1219253540039
903811102,2021,2021-06-09,Marion,Indianapolis,TROY AVE & BLUFF RD,Vehicle,RIGHT ANGLE,DISREGARD SIGNAL/REG SIGN,SSI,DAWN/DUSK,CLEAR,DRY,False,39.7223434448242,-86.1682205200195
903848210,2021,2021-08-01,Marion,Indianapolis,I-465,Vehicle,RAN OFF ROAD,UNSAFE SPEED,SSI,DARK (LIGHTED),CLEAR,DRY,True,39.7969284057617,-86.2746658325195
903762862,2021,2021-03-20,Marion,Indianapolis,MORRIS ST & S MCCLURE ST,Vehicle,LEFT TURN,IMPROPER TURNING,SSI,DAYLIGHT,CLEAR,DRY,False,39.7498779296875,-86.2266540527344
903778804,2021,2021-04-19,Johnson,,SHADY BROOK HTS & L CT,Pedestrian,OTHER - EXPLAIN IN NARRATIVE,OTHER (DRIVER) - EXPLAIN IN NARRATIVE,Fatal,DAYLIGHT,CLEAR,DRY,False,39.62841796875,-86.1824951171875
903741501,2021,2021-02-13,Marion,Lawrence,US36N & PENDLETON WAY,Vehicle,HEAD ON BETWEEN TWO MOTOR VEHICLES,LEFT OF CENTER,SSI,DARK (LIGHTED),CLEAR,DRY,False,39.8310012817383,-86.0382080078125
903901262,2021,2021-10-19,Marion,Indianapolis,N SHADELAND AVE  & E 14TH ST,Vehicle,HEAD ON BETWEEN TWO MOTOR VEHICLES,OVERCORRECTING/OVERSTEERING,Fatal,DAYLIGHT,CLOUDY,DRY,False,39.7878074645996,-86.0453872680664
903902897,2021,2021-10-19,Marion,Indianapolis,WASHINGTON ST & CRUSE ST,Pedestrian,OTHER - EXPLAIN IN NARRATIVE,FAILURE TO YIELD RIGHT OF WAY,SSI,DARK (NOT LIGHTED),CLOUDY,DRY,False,39.7668495178223,-86.1405563354492
903896886,2021,2021-10-20,Marion,Lawrence,BOYSCOUT RD & SHAFTER RD,Vehicle,RAN OFF ROAD,RAN OFF ROAD RIGHT,SSI,DARK (NOT LIGHTED),CLEAR,DRY,False,39.8688850402832,-86.0370330810547
903896946,2021,2021-10-20,Hendricks,,SR267,Vehicle,REAR END,FOLLOWING TOO CLOSELY,SSI,DAYLIGHT,CLEAR,DRY,False,39.9009857177734,-86.3927001953125
903899277,2021,2021-10-20,Marion,Lawrence,LEE RD & E 71ST ST,Vehicle,RAN OFF ROAD,RAN OFF ROAD RIGHT,Fatal,DARK (LIGHTED),CLEAR,DRY,False,39.8836631774902,-85.9999465942383
903897913,2021,2021-10-21,Marion,Indianapolis,10TH ST & RACEWAY RD,Vehicle,LEFT TURN,FAILURE TO YIELD RIGHT OF WAY,SSI,DAYLIGHT,CLEAR,DRY,False,39.7785453796387,-86.3265914916992
903900913,2021,2021-10-21,Marion,Indianapolis,S East St,Vehicle,RAN OFF ROAD,DRIVER ILLNESS,SSI,DAYLIGHT,CLOUDY,DRY,False,39.6883506774902,-86.149055480957
903904140,2021,2021-10-21,Marion,Indianapolis,W MORRIS ST  & I- 70,Pedalcycle,REAR END,FAILURE TO YIELD RIGHT OF WAY,SSI,DARK (LIGHTED),CLOUDY,DRY,True,39.7496719360352,-86.2341156005859
903907204,2021,2021-10-21,Marion,Indianapolis,I-465,Pedestrian,OTHER - EXPLAIN IN NARRATIVE,OTHER (VEHICLE) - EXPLAIN IN NARRATIVE,Fatal,DARK (NOT LIGHTED),CLEAR,DRY,True,39.844612121582,-86.2760238647461
903898156,2021,2021-10-22,Marion,Indianapolis,KEYSTONE AVE & 24TH ST,Vehicle,HEAD ON BETWEEN TWO MOTOR VEHICLES,SPEED TOO FAST FOR WEATHER CONDITIONS,SSI,DAYLIGHT,RAIN,WET,False,39.8021430969238,-86.12158203125
903901211,2021,2021-10-22,Marion,Indianapolis,E WASHINGTON ST  & BURBANK RD,Vehicle,NON-COLLISION,UNSAFE SPEED,Fatal,DARK (LIGHTED),CLOUDY,DRY,False,39.7727012634277,-86.035285949707
903904336,2021,2021-10-22,Marion,Beech Grove,MAIN ST,Vehicle,RAN OFF ROAD,OTHER (DRIVER) - EXPLAIN IN NARRATIVE,Fatal,DAYLIGHT,CLEAR,DRY,False,39.7221183776855,-86.0913391113281
903898687,2021,2021-10-23,Hendricks,,SR267,Vehicle,RAN OFF ROAD,RAN OFF ROAD RIGHT,SSI,DARK (NOT LIGHTED),CLEAR,DRY,False,39.7940444946289,-86.4003524780273
903901828,2021,2021-10-23,Marion,Indianapolis,S HARDING ST  & ADMINISTRATION AVE,Pedalcycle,NON-COLLISION,FAILURE TO YIELD RIGHT OF WAY,Fatal,DARK (NOT LIGHTED),CLOUDY,DRY,False,39.7263298034668,-86.1868286132812
903902282,2021,2021-10-23,Marion,Indianapolis,E Hanna Ave  & Shelby St,Vehicle,RIGHT ANGLE,DISREGARD SIGNAL/REG SIGN,SSI,DAYLIGHT,CLOUDY,DRY,False,39.708324432373,-86.139404296875
903901083,2021,2021-10-24,Morgan,MARTINSVILLE,E Morgan St  & Country Club Rd,Vehicle,REAR END,SPEED TOO FAST FOR WEATHER CONDITIONS,SSI,DAYLIGHT,CLOUDY,WET,False,39.4442024230957,-86.3902893066406
903902813,2021,2021-10-24,Marion,Indianapolis,E 42nd St  & Biscayne Rd,Pedestrian,NON-COLLISION,PEDESTRIAN ACTION,SSI,DARK (LIGHTED),RAIN,WET,False,39.8333244323731,-86.0112533569336
903904200,2021,2021-10-24,Marion,Indianapolis,W 38TH ST  & MOLLER RD,Pedestrian,RIGHT ANGLE,PEDESTRIAN ACTION,Fatal,DARK (NOT LIGHTED),CLEAR,DRY,False,39.8237686157226,-86.255615234375
903907224,2021,2021-10-24,Hendricks,Plainfield,I-70,Vehicle,HEAD ON BETWEEN TWO MOTOR VEHICLES,SPEED TOO FAST FOR WEATHER CONDITIONS,Fatal,DAYLIGHT,RAIN,WET,True,39.6653633117676,-86.3776397705078
903900251,2021,2021-10-25,Johnson,Bargersville,State Rd 135  & Smokey Row Rd,Vehicle,OPPOSITE DIRECTION SIDESWIPE,FAILURE TO MAINTAIN LANE,SSI,DAYLIGHT,RAIN,WET,False,39.5629005432129,-86.1588439941406
903900574,2021,2021-10-25,Marion,Indianapolis,N Keystone Ave AVE &  RAMP,Vehicle,REAR END,DISREGARD SIGNAL/REG SIGN,Fatal,DAYLIGHT,CLOUDY,WET,False,39.9228591918945,-86.1123352050781
903900723,2021,2021-10-25,Hendricks,Danville,CARTERSBURG RD & LINCOLN ST,Vehicle,RAN OFF ROAD,RAN OFF ROAD RIGHT,SSI,DARK (NOT LIGHTED),CLEAR,DRY,False,39.7473373413086,-86.5175628662109
903901231,2021,2021-10-25,Marion,Indianapolis,US-40 E  & S Girls School Rd,Vehicle,RIGHT ANGLE,FAILURE TO YIELD RIGHT OF WAY,SSI,DAYLIGHT,RAIN,WATER (STANDING OR MOVING),False,39.7409706115723,-86.2888031005859
903903614,2021,2021-10-26,Marion,Indianapolis,E 20th St  & Kildare Ave,Vehicle,RIGHT ANGLE,DISREGARD SIGNAL/REG SIGN,SSI,DARK (NOT LIGHTED),CLEAR,DRY,False,39.7943916320801,-86.0868301391602
903903689,2021,2021-10-26,Morgan,Mooresville,S R 67   & E Crosby Rd,Vehicle,LEFT TURN,FAILURE TO YIELD RIGHT OF WAY,SSI,DARK (LIGHTED),CLEAR,DRY,False,39.5864677429199,-86.3768615722656
903901613,2021,2021-10-27,Hamilton,Westfield,US31S,Vehicle,RAN OFF ROAD,RAN OFF ROAD RIGHT,SSI,DARK (NOT LIGHTED),CLEAR,DRY,False,40.0215950012207,-86.1315994262695
903902355,2021,2021-10-27,Johnson,Greenwood,MAIN ST & AIRPORT PKWY,Vehicle,HEAD ON BETWEEN TWO MOTOR VEHICLES,OVERCORRECTING/OVERSTEERING,SSI,DAYLIGHT,CLEAR,DRY,False,39.6139183044434,-86.0906219482422
903902829,2021,2021-10-27,Marion,Indianapolis,I-465,Vehicle,REAR END,FOLLOWING TOO CLOSELY,SSI,DAYLIGHT,CLEAR,DRY,True,39.7341537475586,-86.0442581176758
903902973,2021,2021-10-27,Marion,Indianapolis,MITTHOEFER RD & WILLOWTREE LN,Vehicle,HEAD ON BETWEEN TWO MOTOR VEHICLES,LEFT OF CENTER,SSI,DARK (LIGHTED),CLEAR,DRY,False,39.8078384399414,-85.9905776977539
903912090,2021,2021-10-27,Shelby,SHELBYVILLE,S 250 E  & E 700 S,Vehicle,LEFT TURN,FAILURE TO YIELD RIGHT OF WAY,SSI,DAYLIGHT,CLOUDY,DRY,False,39.4239540100098,-85.7315063476563
903903178,2021,2021-10-28,Johnson,Greenwood,ROCKLANE RD & FIVE POINTS RD,Vehicle,RIGHT ANGLE,FAILURE TO YIELD RIGHT OF WAY,SSI,DAYLIGHT,RAIN,WET,False,39.6151542663574,-86.0446472167969
903903256,2021,2021-10-28,Marion,Indianapolis,E 86TH ST  & MONON TRL,Pedalcycle,RIGHT ANGLE,DISREGARD SIGNAL/REG SIGN,Fatal,DAYLIGHT,CLOUDY,DRY,False,39.9125480651855,-86.1357727050781
903905073,2021,2021-10-28,Hendricks,Plainfield,S Co Rd 975 E,Vehicle,OPPOSITE DIRECTION SIDESWIPE,OTHER (VEHICLE) - EXPLAIN IN NARRATIVE,SSI,DARK (NOT LIGHTED),CLEAR,DRY,False,39.6493988037109,-86.348876953125
903903960,2021,2021-10-29,Hamilton,Fishers,KINCAID DR & E 96TH ST,Pedestrian,LEFT TURN,DISREGARD SIGNAL/REG SIGN,SSI,DAYLIGHT,RAIN,WET,False,39.9273719787598,-86.0192184448242
903904074,2021,2021-10-29,Hamilton,,MIDDLETOWN AVE & PRAIRE BAPTIST RD,Pedestrian,OTHER - EXPLAIN IN NARRATIVE,OTHER (ENVIRONMENTAL) - EXPLAIN IN NARR,SSI,DARK (NOT LIGHTED),RAIN,WET,False,40.053337097168,-85.9025955200195
903905711,2021,2021-10-29,Marion,Indianapolis,MOLLER RD & GATEWAY DR,Vehicle,HEAD ON BETWEEN TWO MOTOR VEHICLES,LEFT OF CENTER,SSI,DAYLIGHT,RAIN,WET,False,39.8249435424805,-86.2559814453125
903907407,2021,2021-10-29,Marion,Indianapolis,POWELL ST  & S EAST ST,Pedalcycle,RIGHT ANGLE,SPEED TOO FAST FOR WEATHER CONDITIONS,Fatal,DARK (LIGHTED),CLOUDY,WET,False,39.6895446777344,-86.1487350463867
903905067,2021,2021-10-30,Hendricks,Avon,S Co Rd 1050 E  & E Co Rd 200 S,Vehicle,RIGHT ANGLE,DISREGARD SIGNAL/REG SIGN,SSI,DAYLIGHT,CLOUDY,DRY,False,39.7344055175781,-86.3359985351563
903908906,2021,2021-10-30,Hancock,FORTVILLE,W Staat St  & S Merrill St,Pedestrian,LEFT TURN,FAILURE TO YIELD RIGHT OF WAY,SSI,DARK (NOT LIGHTED),CLEAR,DRY,False,39.9334716796875,-85.8508071899414
903913336,2021,2021-10-30,Marion,Indianapolis,Dr Martin Luther King Jr St  & W 21st St,Vehicle,HEAD ON BETWEEN TWO MOTOR VEHICLES,LEFT OF CENTER,SSI,DARK (LIGHTED),CLOUDY,DRY,False,39.7934188842773,-86.168472290039
903910592,2021,2021-10-31,Marion,Indianapolis,I- 465,Vehicle,OTHER - EXPLAIN IN NARRATIVE,UNSAFE LANE MOVEMENT,Fatal,DAYLIGHT,CLEAR,DRY,True,39.7040328979492,-86.0968475341797
903913303,2021,2021-10-31,Marion,Indianapolis,N Emerson Ave  & E 34th St,Vehicle,RIGHT ANGLE,FAILURE TO YIELD RIGHT OF WAY,SSI,DARK (LIGHTED),CLOUDY,DRY,False,39.8183479309082,-86.083610534668
903918793,2021,2021-10-31,Marion,Indianapolis,Beachway Dr,Vehicle,RAN OFF ROAD,FAILURE TO MAINTAIN LANE,SSI,DARK (LIGHTED),CLOUDY,DRY,False,39.7789726257324,-86.268196105957
903906252,2021,2021-11-01,Marion,Indianapolis,W MICHIGAN ST & N BLACKFORD ST,Vehicle,RIGHT ANGLE,FAILURE TO YIELD RIGHT OF WAY,SSI,DAYLIGHT,CLOUDY,DRY,False,39.7742233276367,-86.1701583862305
903906447,2021,2021-11-01,Marion,Indianapolis,BROOKSIDE PKWY SOUTH DR  & DEARBORN ST,Vehicle,NON-COLLISION,UNSAFE SPEED,Fatal,DARK (LIGHTED),CLEAR,DRY,False,39.7887649536133,-86.1119918823242
903908458,2021,2021-11-01,Hancock,Greenfield,W Main St  & Monroe St,Vehicle,RAN OFF ROAD,DRIVER DISTRACTED - EXPLAIN IN NARRATIVE,SSI,DARK (LIGHTED),CLEAR,DRY,False,39.7844505310059,-85.7867050170898
903908039,2021,2021-11-02,Hancock,,I70,Vehicle,REAR END,FOLLOWING TOO CLOSELY,SSI,DAYLIGHT,CLEAR,DRY,True,39.8212776184082,-85.7447509765625
903908229,2021,2021-11-02,Hendricks,Brownsburg,State Rd 267  & I- 74,Vehicle,RIGHT ANGLE,DISREGARD SIGNAL/REG SIGN,SSI,DAYLIGHT,CLEAR,DRY,True,39.860782623291,-86.3926239013672
903907998,2021,2021-11-03,Shelby,SHELBYVILLE,Colescott St  & S Harrison St,Pedestrian,LEFT TURN,OTHER (DRIVER) - EXPLAIN IN NARRATIVE,SSI,DAYLIGHT,CLEAR,DRY,False,39.5176963806152,-85.7771682739258
903908062,2021,2021-11-03,Johnson,Greenwood,S MERIDIAN ST & SURINA WAY,Vehicle,RIGHT ANGLE,FAILURE TO YIELD RIGHT OF WAY,SSI,DAYLIGHT,CLOUDY,DRY,False,39.6108818054199,-86.1063079833985
903910854,2021,2021-11-03,Marion,Indianapolis,BROAD RIPPLE AVE  & PRIMROSE AVE,Vehicle,NON-COLLISION,UNSAFE SPEED,Fatal,DARK (LIGHTED),CLEAR,DRY,False,39.8687782287598,-86.1328659057617
903908584,2021,2021-11-04,Hendricks,Avon,RAINBOW BLVD & HOPE DR,Vehicle,RAN OFF ROAD,RAN OFF ROAD RIGHT,SSI,DAYLIGHT,CLEAR,DRY,False,39.7675247192383,-86.334831237793
903910402,2021,2021-11-04,Marion,Indianapolis,75TH ST & SHADELAND AVE,Vehicle,RIGHT ANGLE,FAILURE TO YIELD RIGHT OF WAY,SSI,DAYLIGHT,CLEAR,DRY,False,39.8905448913574,-86.0459823608398
903910696,2021,2021-11-04,Hamilton,Fishers,EASY ST & RED FOX RUN,Pedestrian,OTHER - EXPLAIN IN NARRATIVE,PEDESTRIAN ACTION,Fatal,DAYLIGHT,CLEAR,DRY,False,39.9486083984375,-86.0490951538086
903910932,2021,2021-11-05,Marion,Lawrence,EAST 56TH ST & HIGH TIMBER LN,Vehicle,HEAD ON BETWEEN TWO MOTOR VEHICLES,LEFT OF CENTER,SSI,DARK (NOT LIGHTED),CLEAR,DRY,False,39.8558654785156,-85.9697875976563
903910963,2021,2021-11-05,Hamilton,Fishers,OLIO RD & 131ST ST,Vehicle,LEFT TURN,FAILURE TO YIELD RIGHT OF WAY,Fatal,DAYLIGHT,CLEAR,DRY,False,39.981575012207,-85.9189300537109
903909638,2021,2021-11-06,Johnson,,State Rd 44  & Hospital Rd,Vehicle,RAN OFF ROAD,UNSAFE SPEED,SSI,DAYLIGHT,CLEAR,DRY,False,39.4738960266113,-86.1026000976563
903910635,2021,2021-11-06,Hamilton,Carmel,106TH ST & DITCH RD,Vehicle,RAN OFF ROAD,UNSAFE SPEED,Fatal,DARK (LIGHTED),CLEAR,DRY,False,39.9414482116699,-86.1840286254883
903910680,2021,2021-11-06,Marion,Indianapolis,E WASHINGTON ST,Vehicle,RAN OFF ROAD,RAN OFF ROAD RIGHT,SSI,DARK (NOT LIGHTED),CLEAR,DRY,False,39.7750091552734,-85.9868698120117
903910681,2021,2021-11-06,Marion,Indianapolis,E 34TH ST & MERIDIAN ST,Vehicle,COLLISION WITH OBJECT IN ROAD,IMPROPER LANE USAGE,SSI,DARK (LIGHTED),CLEAR,DRY,False,39.8172492980957,-86.156623840332
903910683,2021,2021-11-06,Marion,Indianapolis,MICHIGAN RD & KESSLER BLVD W DR,Vehicle,OTHER - EXPLAIN IN NARRATIVE,DISREGARD SIGNAL/REG SIGN,SSI,DARK (LIGHTED),CLEAR,DRY,False,39.8554534912109,-86.1957244873047
903917853,2021,2021-11-06,Marion,Speedway,W 10th St   & Allison Ave,Vehicle,REAR END,UNSAFE SPEED,SSI,DAYLIGHT,CLEAR,DRY,False,39.7800254821777,-86.2483673095703
903909939,2021,2021-11-07,Marion,Lawrence,US36 & MITTHOEFER RD,Vehicle,LEFT TURN,FAILURE TO YIELD RIGHT OF WAY,SSI,DAWN/DUSK,CLEAR,DRY,False,39.8534393310547,-85.9915008544922
903910007,2021,2021-11-07,Marion,Speedway,10th St  & Whitcomb Ave,Vehicle,RAN OFF ROAD,OTHER (DRIVER) - EXPLAIN IN NARRATIVE,SSI,DARK (LIGHTED),CLEAR,DRY,False,39.779899597168,-86.255973815918
903911535,2021,2021-11-07,Morgan,PARAGON,Arthur Rd  & Arthur Ln,Vehicle,RAN OFF ROAD,OTHER (DRIVER) - EXPLAIN IN NARRATIVE,SSI,DARK (NOT LIGHTED),FOG/SMOKE/SMOG,WET,False,39.4117469787598,-86.6054611206055
903913594,2021,2021-11-07,Hamilton,Fishers,ALLISONVILLE RD & WHITE OAKS DR,Pedestrian,COLLISION WITH OBJECT IN ROAD,PEDESTRIAN ACTION,SSI,DAYLIGHT,CLEAR,DRY,False,39.9929962158203,-86.0209274291992
903913735,2021,2021-11-07,Shelby,SHELBYVILLE,N Michigan Rd,Vehicle,RAN OFF ROAD,OTHER (DRIVER) - EXPLAIN IN NARRATIVE,SSI,DAYLIGHT,CLEAR,DRY,False,39.5712280273438,-85.8032760620117
903910939,2021,2021-11-08,Hancock,,US40 & EASTERN VILLAGE DR,Vehicle,RIGHT ANGLE,UNSAFE BACKING,SSI,DAYLIGHT,CLEAR,DRY,False,39.7883644104004,-85.697509765625
903912412,2021,2021-11-08,Hendricks,Plainfield,Earlham Ln  & W Washington St,Vehicle,LEFT TURN,HEADLIGHT DEFECTIVE OR NOT ON,SSI,DARK (NOT LIGHTED),CLEAR,DRY,False,39.7277412414551,-86.3327941894531
903916174,2021,2021-11-08,Marion,Indianapolis,10TH ST & GRANT AVE,Pedestrian,OTHER - EXPLAIN IN NARRATIVE,IMPROPER PASSING,SSI,DARK (LIGHTED),CLEAR,DRY,False,39.7813949584961,-86.0983047485352
903912082,2021,2021-11-09,Johnson,,US Hwy 31  & CR 650 S,Vehicle,REAR END,OTHER (DRIVER) - EXPLAIN IN NARRATIVE,Fatal,DAYLIGHT,CLEAR,DRY,False,39.3813400268555,-85.9862213134766
903918944,2021,2021-11-09,Marion,Indianapolis,S Denny St  & English Ave,Pedalcycle,NON-COLLISION,PEDESTRIAN ACTION,SSI,DARK (LIGHTED),CLOUDY,DRY,False,39.7600631713867,-86.0997619628906
903925117,2021,2021-11-09,Marion,Indianapolis,Emerson Ave  & Emerson Ave,Pedestrian,NON-COLLISION,PEDESTRIAN ACTION,SSI,DAYLIGHT,CLEAR,DRY,False,39.7000694274902,-86.0824203491211
903927152,2021,2021-11-09,Shelby,SHELBYVILLE,W 300 N,Vehicle,LEFT TURN,FAILURE TO YIELD RIGHT OF WAY,SSI,DAYLIGHT,CLOUDY,DRY,False,39.5700492858887,-85.8118209838867
903912767,2021,2021-11-10,Hancock,,CR400W,Vehicle,RIGHT ANGLE,FAILURE TO YIELD RIGHT OF WAY,SSI,DAYLIGHT,CLEAR,DRY,False,39.8273124694824,-85.878288269043
903912942,2021,2021-11-10,Hancock,,CR500N,Vehicle,RIGHT ANGLE,FAILURE TO YIELD RIGHT OF WAY,SSI,DARK (NOT LIGHTED),CLEAR,DRY,False,39.8567352294922,-85.8598251342774
903913805,2021,2021-11-10,Morgan,MARTINSVILLE,Waverly Park Rd  & St Rd 144,Vehicle,HEAD ON BETWEEN TWO MOTOR VEHICLES,LEFT OF CENTER,SSI,DARK (NOT LIGHTED),CLEAR,DRY,False,39.5644187927246,-86.2554168701172
903915811,2021,2021-11-10,Marion,Indianapolis,EMERSON AVE & WAYBRIDGE LN,Vehicle,HEAD ON BETWEEN TWO MOTOR VEHICLES,LEFT OF CENTER,SSI,DAYLIGHT,CLEAR,DRY,False,39.6719512939453,-86.0822906494141
903915817,2021,2021-11-10,Marion,Indianapolis,38TH ST & LESLEY AVE,Vehicle,HEAD ON BETWEEN TWO MOTOR VEHICLES,IMPROPER PASSING,SSI,DAYLIGHT,CLEAR,DRY,False,39.8252487182617,-86.1099853515625
903918409,2021,2021-11-10,Marion,Indianapolis,N KEYSTONE AVE  & 38TH ST,Vehicle,RIGHT ANGLE,UNSAFE SPEED,Fatal,DARK (LIGHTED),CLOUDY,DRY,False,39.8253402709961,-86.1217269897461
903923190,2021,2021-11-10,Marion,Indianapolis,65,Pedestrian,SAME DIRECTION SIDESWIPE,DRIVER DISTRACTED - EXPLAIN IN NARRATIVE,SSI,DARK (NOT LIGHTED),CLEAR,DRY,False,39.8744659423828,-86.285888671875
903913587,2021,2021-11-11,Hamilton,,MIDDLETOWN AVE & CYNTHEANNE RD,Vehicle,RAN OFF ROAD,RAN OFF ROAD RIGHT,SSI,DARK (NOT LIGHTED),CLEAR,DRY,False,40.0597763061524,-85.882568359375
903915987,2021,2021-11-11,Marion,Indianapolis,WASHINGTON ST & POST RD,Vehicle,REAR END,UNSAFE SPEED,SSI,DARK (LIGHTED),CLEAR,DRY,False,39.7738418579102,-86.0092010498047
903917842,2021,2021-11-11,Hancock,,I-70,Vehicle,REAR END,FOLLOWING TOO CLOSELY,SSI,DAYLIGHT,CLOUDY,DRY,True,39.8231964111328,-85.7265243530273
903848546,2021,2021-08-01,Marion,Indianapolis,ARLINGTON AVE & ST CLAIRE ST,Pedalcycle,COLLISION WITH OBJECT IN ROAD,IMPROPER LANE USAGE,SSI,DARK (LIGHTED),CLEAR,DRY,False,39.7769203186035,-86.0641555786133
903764429,2021,2021-03-20,Marion,Indianapolis,HARDING ST & SUMNER AVE,Vehicle,NON-COLLISION,RAN OFF ROAD RIGHT,SSI,DARK (LIGHTED),CLEAR,DRY,False,39.7160530090332,-86.186897277832
903849085,2021,2021-08-01,Marion,Indianapolis,Southeastern Ave  & S Kealing Ave,Vehicle,LEFT TURN,FAILURE TO YIELD RIGHT OF WAY,SSI,DARK (NOT LIGHTED),CLEAR,DRY,False,39.754997253418,-86.1026229858398
903745098,2021,2021-02-13,Hendricks,Plainfield,Mill Run Dr,Pedestrian,RIGHT TURN,PEDESTRIAN ACTION,Fatal,DAYLIGHT,CLOUDY,DRY,False,39.7047996520996,-86.4057159423828
903767952,2021,2021-03-20,Marion,Lawrence,SR36E & PURPURA DR,Pedestrian,COLLISION WITH OBJECT IN ROAD,PEDESTRIAN ACTION,SSI,DARK (NOT LIGHTED),CLEAR,DRY,False,39.8523368835449,-85.9938735961914
903847752,2021,2021-08-02,Marion,Indianapolis,W Morris St  & S Richland St,Pedestrian,SAME DIRECTION SIDESWIPE,UNSAFE LANE MOVEMENT,SSI,DAYLIGHT,CLEAR,DRY,False,39.7511825561523,-86.1914520263672
903779840,2021,2021-04-20,Marion,Indianapolis,EDGEWOOD AVE & ARLINGTON AVE,Vehicle,HEAD ON BETWEEN TWO MOTOR VEHICLES,LEFT OF CENTER,SSI,DAYLIGHT,CLOUDY,DRY,False,39.6807518005371,-86.0635833740234
903795918,2021,2021-05-19,Johnson,,State Rd 44  & S Lakehurst Dr,Vehicle,HEAD ON BETWEEN TWO MOTOR VEHICLES,LEFT OF CENTER,SSI,DAYLIGHT,CLEAR,DRY,False,39.4662170410156,-86.1124267578125
903748406,2021,2021-02-13,Marion,Indianapolis,I-70  & W Morris St,Vehicle,HEAD ON BETWEEN TWO MOTOR VEHICLES,WRONG WAY ON ONE WAY,Fatal,DARK (NOT LIGHTED),CLEAR,DRY,True,39.7487678527832,-86.2343292236328
903770103,2021,2021-03-20,Marion,Indianapolis,I- 465,Vehicle,RAN OFF ROAD,UNSAFE LANE MOVEMENT,SSI,DAYLIGHT,CLEAR,DRY,True,39.7341613769531,-86.0442657470703
903798340,2021,2021-05-19,Hamilton,Fishers,LANTERN RD & BIRCH ST,Vehicle,RAN OFF ROAD,RAN OFF ROAD RIGHT,SSI,DAWN/DUSK,CLEAR,DRY,False,39.9531669616699,-86.0138854980469
903741867,2021,2021-02-14,Morgan,MARTINSVILLE,SR39N & YORK ST,Vehicle,HEAD ON BETWEEN TWO MOTOR VEHICLES,LEFT OF CENTER,SSI,DARK (LIGHTED),CLEAR,DRY,False,39.418025970459,-86.4341888427735