id,year,date,county,city,cross_street,crash_type,manner,primary_factor,ssi_fatal,light,weather,surface,interstate,lat,lon
903847756,2021,2021-08-02,Marion,Indianapolis,W Washington St  & S Fuller Dr,Vehicle,REAR END,UNSAFE LANE MOVEMENT,SSI,DAYLIGHT,CLEAR,DRY,False,39.7540893554687,-86.2461090087891
903798445,2021,2021-05-19,Morgan,Mooresville,SR67  & CROSBY RD,Vehicle,RIGHT ANGLE,FAILURE TO YIELD RIGHT OF WAY,SSI,DAYLIGHT,CLEAR,DRY,False,39.5864753723144,-86.3771667480469
903762201,2021,2021-03-21,Hamilton,Westfield,SR32W & EAGLETOWN RD,Vehicle,LEFT TURN,FAILURE TO YIELD RIGHT OF WAY,SSI,DAYLIGHT,CLEAR,DRY,False,40.0421180725098,-86.1938095092773
903780197,2021,2021-04-21,Marion,Indianapolis,PERIMETER RD & HIGH SCHOOL RD,Vehicle,RIGHT ANGLE,DISREGARD SIGNAL/REG SIGN,SSI,DAYLIGHT,CLOUDY,ICE,False,39.8254547119141,-86.2705307006836
903742106,2021,2021-02-14,Hancock,,US40,Vehicle,RAN OFF ROAD,RAN OFF ROAD RIGHT,SSI,DAYLIGHT,CLEAR,DRY,False,39.7878646850586,-85.7080307006836
903848130,2021,2021-08-02,Hamilton,Fishers,E 116TH ST & IKEA WAY,Pedalcycle,RIGHT ANGLE,VIEW OBSTRUCTED,SSI,DAYLIGHT,CLEAR,DRY,False,39.956859588623,-86.0024108886719
903796023,2021,2021-05-20,Johnson,Bargersville,SR144W,Vehicle,RAN OFF ROAD,RAN OFF ROAD RIGHT,SSI,DAYLIGHT,CLEAR,DRY,False,39.5587348937988,-86.223373413086
903762764,2021,2021-03-21,Marion,Indianapolis,CATHERWOOD AVE & UNIVERSITY AVE,Vehicle,RAN OFF ROAD,RAN OFF ROAD RIGHT,SSI,DARK (NOT LIGHTED),CLEAR,DRY,False,39.7637748718262,-86.061264038086
903780429,2021,2021-04-21,Marion,Indianapolis,WEST ST & MCCARTY ST,Vehicle,REAR END,UNSAFE LANE MOVEMENT,Fatal,DAYLIGHT,CLEAR,WET,False,39.7569389343262,-86.1675109863281
903742884,2021,2021-02-14,Marion,Indianapolis,ROCKVILLE RD & ROCKVILLE AVE,Vehicle,RAN OFF ROAD,RAN OFF ROAD RIGHT,SSI,DARK (LIGHTED),CLOUDY,DRY,False,39.8016319274902,-86.1024322509766
903796089,2021,2021-05-20,Boone,Zionsville,US421S & CR 500 S RD,Vehicle,REAR END,FOLLOWING TOO CLOSELY,SSI,DAYLIGHT,CLEAR,DRY,False,40.0552864074707,-86.2818756103515
903849013,2021,2021-08-02,Marion,Indianapolis,I-70,Vehicle,SAME DIRECTION SIDESWIPE,UNSAFE LANE MOVEMENT,SSI,DAYLIGHT,CLEAR,DRY,True,39.8021850585938,-86.0854873657227
903780699,2021,2021-04-21,Marion,Indianapolis,OXFORD ST & 38TH ST,Vehicle,RIGHT ANGLE,DISREGARD SIGNAL/REG SIGN,SSI,DAYLIGHT,CLEAR,DRY,False,39.8251342773438,-86.1150894165039
903762817,2021,2021-03-21,Marion,Indianapolis,SHERMAN DR & 28TH ST,Vehicle,RIGHT TURN,UNSAFE SPEED,SSI,DAYLIGHT,CLEAR,DRY,False,39.8067054748535,-86.1024932861328
903743038,2021,2021-02-14,Marion,Indianapolis,WASHINGTON ST & WESTERN DR,Vehicle,HEAD ON BETWEEN TWO MOTOR VEHICLES,FAILURE TO YIELD RIGHT OF WAY,SSI,DARK (LIGHTED),CLOUDY,DRY,False,39.7420692443848,-86.2852630615234
903784963,2021,2021-04-21,Hancock,Greenfield,PRATT ST & NORTH ST,Pedalcycle,RIGHT ANGLE,FAILURE TO YIELD RIGHT OF WAY,SSI,DAYLIGHT,SNOW,WET,False,39.7870140075684,-85.7627258300781
903797940,2021,2021-05-20,Marion,Indianapolis,MASSACHUSETTS AVE & DEARBORN ST,Vehicle,LEFT TURN,FAILURE TO YIELD RIGHT OF WAY,SSI,DARK (LIGHTED),CLEAR,DRY,False,39.7962875366211,-86.1117935180664
903851758,2021,2021-08-02,Marion,Indianapolis,TUXEDO ST & 10TH ST,Pedestrian,COLLISION WITH OBJECT IN ROAD,PEDESTRIAN ACTION,SSI,DAYLIGHT,CLEAR,DRY,False,39.781723022461,-86.1083602905273
903743040,2021,2021-02-14,Marion,Indianapolis,30 ST & RICHARDT AVE,Vehicle,HEAD ON BETWEEN TWO MOTOR VEHICLES,FAILURE TO YIELD RIGHT OF WAY,SSI,DARK (LIGHTED),CLOUDY,DRY,False,39.8110084533691,-86.0348815917969
903763296,2021,2021-03-22,Marion,Indianapolis,SHELBY ST & ORANGE ST,Vehicle,COLLISION WITH OBJECT IN ROAD,OTHER (DRIVER) - EXPLAIN IN NARRATIVE,SSI,DAYLIGHT,CLOUDY,DRY,False,39.7492599487305,-86.140380859375
903792206,2021,2021-04-21,Marion,Indianapolis,MORRIS ST & WHITE RIVER PKWY E DR,Vehicle,SAME DIRECTION SIDESWIPE,CELL PHONE USAGE,SSI,DAYLIGHT,CLEAR,DRY,False,39.7512474060059,-86.1732788085938
903796377,2021,2021-05-21,Johnson,Greenwood,FRY RD & JOY DR,Vehicle,HEAD ON BETWEEN TWO MOTOR VEHICLES,LEFT OF CENTER,SSI,DARK (NOT LIGHTED),CLOUDY,DRY,False,39.6279945373535,-86.1435012817383
903847870,2021,2021-08-03,Hamilton,Fishers,116TH ST & FISHERS POINT BLVD,Pedestrian,LEFT TURN,FAILURE TO YIELD RIGHT OF WAY,SSI,DAYLIGHT,CLEAR,DRY,False,39.9568061828613,-86.0215301513672
903743053,2021,2021-02-15,Marion,Indianapolis,MORRIS ST & WEST ST,Vehicle,RIGHT ANGLE,DISREGARD SIGNAL/REG SIGN,SSI,DARK (LIGHTED),BLOWING SAND/SOIL/SNOW,SNOW/SLUSH,False,39.7513427734375,-86.166877746582
903763367,2021,2021-03-22,Marion,Indianapolis,I-70,Vehicle,RAN OFF ROAD,UNSAFE LANE MOVEMENT,SSI,DARK (LIGHTED),CLEAR,DRY,True,39.7544746398926,-86.1437911987305
903786914,2021,2021-04-23,Marion,Indianapolis,I465S,Vehicle,RIGHT ANGLE,OVERCORRECTING/OVERSTEERING,Fatal,DARK (NOT LIGHTED),CLEAR,DRY,False,39.7509460449219,-86.0415725708008
903796880,2021,2021-05-21,Hancock,Cumberland,OAK BLVD DR DR,Vehicle,HEAD ON BETWEEN TWO MOTOR VEHICLES,LEFT OF CENTER,SSI,DAYLIGHT,CLEAR,DRY,False,39.7826194763184,-85.9334716796875
903848523,2021,2021-08-03,Marion,Indianapolis,W Raymond St  & S Belmont Ave,Vehicle,RIGHT ANGLE,DISREGARD SIGNAL/REG SIGN,SSI,DAYLIGHT,CLEAR,DRY,False,39.7352066040039,-86.1930618286133
903743557,2021,2021-02-16,Marion,Indianapolis,MICHIGAN ST & SHERMAN DR,Vehicle,OTHER - EXPLAIN IN NARRATIVE,SPEED TOO FAST FOR WEATHER CONDITIONS,SSI,DAYLIGHT,SNOW,SNOW/SLUSH,False,39.7746925354004,-86.1022109985352
903763523,2021,2021-03-23,Hamilton,Noblesville,DIVISION ST & 19TH ST,Vehicle,SAME DIRECTION SIDESWIPE,DRIVER ASLEEP OR FATIGUED,SSI,DARK (LIGHTED),CLEAR,DRY,False,40.0424690246582,-86.0003509521484
903782085,2021,2021-04-24,Marion,Indianapolis,MARYLAND ST & ILLINOIS ST,Pedestrian,LEFT TURN,FAILURE TO YIELD RIGHT OF WAY,SSI,DARK (LIGHTED),RAIN,WET,False,39.7671585083008,-86.1599655151367
903797586,2021,2021-05-21,Marion,Indianapolis,MADISON AVE & SOUTHERN AVE,Pedestrian,OTHER - EXPLAIN IN NARRATIVE,PEDESTRIAN ACTION,SSI,DARK (LIGHTED),CLEAR,DRY,False,39.7288932800293,-86.153434753418
903867095,2021,2021-08-03,Hamilton,,SR38 & OLIO RD,Vehicle,RIGHT ANGLE,FAILURE TO YIELD RIGHT OF WAY,SSI,DAYLIGHT,CLEAR,DRY,False,40.033519744873,-85.9193572998047
903743630,2021,2021-02-16,Hamilton,Carmel,CITY CENTER DR & VETERANS WAY,Vehicle,RIGHT ANGLE,OBSTRUCTION NOT MARKED,SSI,DAYLIGHT,SNOW,SNOW/SLUSH,False,39.9707374572754,-86.1286010742188
903763779,2021,2021-03-23,Marion,Indianapolis,RURAL ST & MASSACHUETTS AVE,Vehicle,RAN OFF ROAD,UNSAFE SPEED,SSI,DAYLIGHT,CLOUDY,WET,False,39.7780113220215,-86.1523284912109
903849136,2021,2021-08-04,Marion,Indianapolis,I-65,Vehicle,RAN OFF ROAD,IMPROPER LANE USAGE,SSI,DAYLIGHT,CLEAR,DRY,True,39.7601165771484,-86.1430740356445
903782250,2021,2021-04-24,Marion,Indianapolis,MORRIS ST & HOLT RD,Vehicle,RIGHT ANGLE,DISREGARD SIGNAL/REG SIGN,Fatal,DARK (LIGHTED),CLEAR,DRY,False,39.7496337890625,-86.2250061035156
903849468,2021,2021-08-05,Johnson,,US Hwy 31,Vehicle,RAN OFF ROAD,OVERCORRECTING/OVERSTEERING,SSI,DARK (NOT LIGHTED),CLEAR,DRY,False,39.454475402832,-86.0407485961914
903743653,2021,2021-02-16,Marion,Indianapolis,25TH ST & TACOMA AVE,Vehicle,RAN OFF ROAD,RAN OFF ROAD RIGHT,SSI,DAYLIGHT,CLEAR,SNOW/SLUSH,False,39.8033676147461,-86.1203536987305
903764042,2021,2021-03-23,Marion,Indianapolis,I-70,Vehicle,RAN OFF ROAD,FOLLOWING TOO CLOSELY,SSI,DAYLIGHT,CLOUDY,WET,True,39.8065795898438,-86.058090209961
903781809,2021,2021-04-25,Johnson,Franklin,I65S,Vehicle,REAR END,UNSAFE SPEED,SSI,DAYLIGHT,CLEAR,DRY,False,39.4852600097656,-86.0146102905273
903849673,2021,2021-08-05,Marion,Indianapolis,WASHINGTON ST & HIGH SCHOOL RD,Vehicle,LEFT TURN,FAILURE TO YIELD RIGHT OF WAY,SSI,DARK (LIGHTED),CLEAR,DRY,False,39.7463989257812,-86.2697601318359
903798116,2021,2021-05-21,Marion,Indianapolis,91ST ST & MERIDIAN ST,Vehicle,REAR END,FOLLOWING TOO CLOSELY,SSI,DAYLIGHT,CLEAR,DRY,False,39.9196701049805,-86.1580047607422
903764066,2021,2021-03-23,Marion,Indianapolis,EMERSON AVE & SHELBYVILLE RD,Vehicle,REAR END,OTHER (DRIVER) - EXPLAIN IN NARRATIVE,SSI,DAYLIGHT,CLOUDY,DRY,False,39.6881446838379,-86.0822906494141
903747646,2021,2021-02-16,Boone,Zionsville,I-65  & I65,Vehicle,RAN OFF ROAD,ROADWAY SURFACE CONDITION,SSI,DAYLIGHT,SNOW,WET,True,39.9352111816406,-86.342643737793
903851355,2021,2021-08-05,Johnson,New Whiteland,US Hwy 31  & US Hwy 31,Vehicle,REAR END,OTHER (DRIVER) - EXPLAIN IN NARRATIVE,SSI,DAYLIGHT,CLEAR,DRY,False,39.5645217895508,-86.0917892456055
903798736,2021,2021-05-21,Morgan,Mooresville,SR67S & SAMUEL MOORE PKWY,Vehicle,LEFT/RIGHT TURN,FAILURE TO YIELD RIGHT OF WAY,SSI,DAYLIGHT,CLEAR,DRY,False,39.6269950866699,-86.3523788452148
903781869,2021,2021-04-25,Hancock,Greenfield,N MILL RUN BLVD & JASMINE DR,Vehicle,NON-COLLISION,OVERCORRECTING/OVERSTEERING,SSI,DARK (LIGHTED),CLEAR,DRY,False,39.7964248657226,-85.7537231445313
903764412,2021,2021-03-23,Hamilton,Noblesville,14TH ST & VINE ST,Vehicle,RAN OFF ROAD,DRIVER ASLEEP OR FATIGUED,SSI,DARK (LIGHTED),CLEAR,DRY,False,40.040641784668,-86.007438659668
903743458,2021,2021-02-17,Hamilton,SHERIDAN(HAMILTON),HAMILTON BOONE COUNTY LINE RD & 206 ST,Vehicle,RAN OFF ROAD,OTHER (DRIVER) - EXPLAIN IN NARRATIVE,SSI,DARK (NOT LIGHTED),CLEAR,SNOW/SLUSH,False,40.0886001586914,-86.2416839599609
903851775,2021,2021-08-05,Morgan,MARTINSVILLE,sr 39 bypass  & W Randolph St,Vehicle,OTHER - EXPLAIN IN NARRATIVE,LEFT OF CENTER,SSI,DAYLIGHT,CLEAR,DRY,False,39.4189262390137,-86.4346160888672
903799124,2021,2021-05-21,Shelby,SHELBYVILLE,SR44W & OLD FRANKLIN RD,Vehicle,OTHER - EXPLAIN IN NARRATIVE,IMPROPER TURNING,SSI,DARK (NOT LIGHTED),CLEAR,DRY,False,39.5027313232422,-85.8458786010742
903781902,2021,2021-04-25,Hamilton,,RINGER RD & E 113TH ST,Vehicle,OTHER - EXPLAIN IN NARRATIVE,RAN OFF ROAD RIGHT,SSI,DARK (NOT LIGHTED),CLEAR,DRY,False,39.9546852111816,-85.8739013671875
903764413,2021,2021-03-23,Hamilton,Noblesville,DIVISION ST & 19TH ST,Vehicle,SAME DIRECTION SIDESWIPE,DRIVER ASLEEP OR FATIGUED,SSI,DARK (LIGHTED),CLEAR,DRY,False,40.0424690246582,-86.0003509521484
903744968,2021,2021-02-18,Marion,Indianapolis,86TH ST & TOWNSHIP LINE RD,Pedestrian,OTHER - EXPLAIN IN NARRATIVE,OTHER (DRIVER) - EXPLAIN IN NARRATIVE,SSI,DARK (LIGHTED),CLEAR,DRY,False,39.9118843078613,-86.2032089233398
903853226,2021,2021-08-05,Marion,Indianapolis,COLLEGE AVE & 34TH ST,Pedestrian,OTHER - EXPLAIN IN NARRATIVE,OTHER (DRIVER) - EXPLAIN IN NARRATIVE,Fatal,DARK (LIGHTED),CLEAR,DRY,False,39.8171501159668,-86.1449508666992
903799390,2021,2021-05-21,Hamilton,Noblesville,SR32 & CUMBERLAND RD,Vehicle,HEAD ON BETWEEN TWO MOTOR VEHICLES,FAILURE TO YIELD RIGHT OF WAY,SSI,DAYLIGHT,CLEAR,DRY,False,40.0456008911133,-85.9957733154297
903782257,2021,2021-04-25,Marion,Indianapolis,POST RD & 38TH ST,Vehicle,HEAD ON BETWEEN TWO MOTOR VEHICLES,FAILURE TO YIELD RIGHT OF WAY,SSI,DARK (LIGHTED),CLEAR,DRY,False,39.8260955810547,-86.0098419189453
903765477,2021,2021-03-23,Hendricks,,US36,Vehicle,RIGHT ANGLE,FAILURE TO YIELD RIGHT OF WAY,Fatal,DAYLIGHT,RAIN,WET,False,39.7606430053711,-86.6509399414063
903747111,2021,2021-02-21,Marion,Indianapolis,RAYMOND ST & OXFORD ST,Pedestrian,,RAN OFF ROAD RIGHT,SSI,,,,False,39.7378387451172,-86.1167755126953
903804149,2021,2021-05-21,Marion,Indianapolis,I-65,Vehicle,OTHER - EXPLAIN IN NARRATIVE,OTHER (VEHICLE) - EXPLAIN IN NARRATIVE,SSI,DARK (LIGHTED),CLEAR,DRY,True,39.8086585998535,-86.1662139892578
903782283,2021,2021-04-25,Marion,Indianapolis,US52 & VICKIE DR,Vehicle,HEAD ON BETWEEN TWO MOTOR VEHICLES,LEFT OF CENTER,SSI,DAYLIGHT,CLEAR,DRY,False,39.7444877624512,-86.0013961791992
903851372,2021,2021-08-06,Marion,Indianapolis,S Meridian St  & Dixie Dr,Vehicle,HEAD ON BETWEEN TWO MOTOR VEHICLES,LEFT OF CENTER,Fatal,DAYLIGHT,CLEAR,DRY,False,39.6378364562988,-86.1583786010742
903797591,2021,2021-05-22,Boone,Lebanon,EAST ST & RICHARDSON ST,Pedestrian,OTHER - EXPLAIN IN NARRATIVE,OTHER (DRIVER) - EXPLAIN IN NARRATIVE,SSI,DAYLIGHT,CLEAR,DRY,False,40.0475463867187,-86.4628295898438
903763787,2021,2021-03-24,Marion,Indianapolis,71ST ST & GUION RD,Vehicle,LEFT TURN,FAILURE TO YIELD RIGHT OF WAY,SSI,DARK (LIGHTED),CLEAR,DRY,False,39.8822402954102,-86.2314910888672
903748235,2021,2021-02-22,Marion,Indianapolis,RAYMOND ST & STATE AVE,Vehicle,REAR END,FOLLOWING TOO CLOSELY,SSI,DAYLIGHT,CLEAR,DRY,False,39.7376174926758,-86.1301116943359
903797994,2021,2021-05-22,Hamilton,Carmel,W 99TH ST & WALNUT CREEK DR,Vehicle,RAN OFF ROAD,BRAKE FAILURE OR DEFECTIVE,SSI,DAYLIGHT,CLEAR,DRY,False,39.9328155517578,-86.231575012207
903747998,2021,2021-02-23,Marion,Indianapolis,38TH ST,Vehicle,SAME DIRECTION SIDESWIPE,RAN OFF ROAD RIGHT,SSI,DAYLIGHT,CLEAR,WET,False,39.8235282897949,-86.2739791870117
903851637,2021,2021-08-06,Marion,Indianapolis,W 29TH ST & HARDING ST,Vehicle,RIGHT ANGLE,FAILURE TO YIELD RIGHT OF WAY,Fatal,DAYLIGHT,CLEAR,DRY,False,39.808177947998,-86.1876373291016
903764163,2021,2021-03-24,Hamilton,Arcadia,SR19 & BEECHWOOD DR,Vehicle,HEAD ON BETWEEN TWO MOTOR VEHICLES,IMPROPER PASSING,SSI,DAWN/DUSK,CLEAR,DRY,False,40.1545066833496,-86.013427734375
903798153,2021,2021-05-22,Marion,Indianapolis,SOUTHPORT RD & MCFARLAND RD,Vehicle,REAR END,FOLLOWING TOO CLOSELY,SSI,DAYLIGHT,CLEAR,DRY,False,39.6655311584473,-86.094841003418
903751776,2021,2021-02-25,Marion,Indianapolis,WASHINGTON ST,Vehicle,NON-COLLISION,RAN OFF ROAD RIGHT,Fatal,DARK (LIGHTED),CLEAR,DRY,False,39.7819557189941,-85.98583984375
903782296,2021,2021-04-25,Marion,Indianapolis,62ND ST & TERRYTOWN PKWY,Vehicle,LEFT TURN,FAILURE TO YIELD RIGHT OF WAY,SSI,DAYLIGHT,CLEAR,DRY,False,39.893627166748,-86.2586212158203
903854127,2021,2021-08-06,Hancock,,I70,Vehicle,REAR END,FAILURE TO YIELD RIGHT OF WAY,SSI,DARK (NOT LIGHTED),CLEAR,DRY,True,39.8197288513184,-85.8592300415039
903771131,2021,2021-03-24,Marion,Indianapolis,465,Vehicle,REAR END,FAILURE TO MAINTAIN LANE,SSI,DAYLIGHT,CLOUDY,DRY,False,39.9185371398926,-86.1027374267578
903805695,2021,2021-05-22,Marion,Indianapolis,I-465,Vehicle,REAR END,UNSAFE LANE MOVEMENT,SSI,DARK (LIGHTED),CLEAR,DRY,True,39.7719535827637,-86.2694549560547
903752942,2021,2021-02-25,Marion,Indianapolis,I- 465  & Lakeshire Ln,Vehicle,REAR END,UNSAFE LANE MOVEMENT,Fatal,DARK (NOT LIGHTED),CLEAR,DRY,True,39.9242095947266,-86.2086791992188
903788561,2021,2021-04-25,Marion,Indianapolis,86TH ST & COLLEGE AVE,Vehicle,LEFT TURN,OTHER (DRIVER) - EXPLAIN IN NARRATIVE,SSI,DAYLIGHT,CLEAR,DRY,False,39.9123687744141,-86.1457901000976
903811526,2021,2021-06-09,Marion,Indianapolis,EMERSON AVE & KROGER LN,Vehicle,RIGHT ANGLE,FAILURE TO YIELD RIGHT OF WAY,SSI,DAYLIGHT,CLEAR,DRY,False,39.698657989502,-86.0824203491211
903764696,2021,2021-03-25,Hancock,Cumberland,US40W & BUCK CREEK RD,Vehicle,LEFT TURN,DRIVER DISTRACTED - EXPLAIN IN NARRATIVE,SSI,DARK (LIGHTED),RAIN,WET,False,39.7769088745117,-85.9487152099609
903863056,2021,2021-08-27,Shelby,WALDRON,I- 74,Vehicle,REAR END,FOLLOWING TOO CLOSELY,SSI,DAYLIGHT,CLEAR,DRY,True,39.4834594726562,-85.67724609375
903786727,2021,2021-04-26,Marion,Indianapolis,I- 465,Vehicle,SAME DIRECTION SIDESWIPE,UNSAFE LANE MOVEMENT,SSI,DAYLIGHT,CLEAR,DRY,True,39.6922760009765,-86.2364807128906
903757148,2021,2021-02-25,Marion,Indianapolis,HARDING ST & TROY AVE,Vehicle,LEFT TURN,UNSAFE SPEED,Fatal,DARK (LIGHTED),CLEAR,DRY,False,39.721996307373,-86.1870574951172
903764741,2021,2021-03-25,Hancock,MOUNT COMFORT,I-70,Vehicle,RAN OFF ROAD,OTHER (DRIVER) - EXPLAIN IN NARRATIVE,SSI,DAYLIGHT,CLOUDY,DRY,True,39.8160629272461,-85.9245834350586
903863199,2021,2021-08-27,Hendricks,,US136,Vehicle,REAR END,FOLLOWING TOO CLOSELY,SSI,DAYLIGHT,CLEAR,DRY,False,39.8548469543457,-86.4303131103516
903783283,2021,2021-04-27,Marion,Indianapolis,38TH ST & MOLLER RD,Vehicle,HEAD ON BETWEEN TWO MOTOR VEHICLES,DISREGARD SIGNAL/REG SIGN,SSI,DAYLIGHT,CLEAR,DRY,False,39.8234405517578,-86.2559509277344
903855911,2021,2021-08-07,Marion,Indianapolis,10th St  & Farley Dr,Vehicle,NON-COLLISION,OTHER (DRIVER) - EXPLAIN IN NARRATIVE,Fatal,DARK (LIGHTED),CLEAR,DRY,False,39.7795753479004,-86.2744293212891
903814106,2021,2021-06-09,Marion,Indianapolis,I-465,Vehicle,RAN OFF ROAD,SPEED TOO FAST FOR WEATHER CONDITIONS,SSI,DARK (LIGHTED),RAIN,WET,True,39.8638000488281,-86.2734451293945
903815187,2021,2021-05-22,Marion,Indianapolis,BINFORD BLVD & 62ND ST,Vehicle,RAN OFF ROAD,RAN OFF ROAD RIGHT,SSI,DARK (LIGHTED),CLEAR,DRY,False,39.8579025268555,-86.0839385986328
903749173,2021,2021-02-26,Marion,Indianapolis,SOUTH PERIMETER RD,Pedestrian,OTHER - EXPLAIN IN NARRATIVE,FAILURE TO YIELD RIGHT OF WAY,SSI,DARK (LIGHTED),CLEAR,WET,False,39.7134132385254,-86.2759704589844
903765871,2021,2021-03-26,Hendricks,Avon,SATORI PKWY,Vehicle,REAR END,FOLLOWING TOO CLOSELY,SSI,DARK (LIGHTED),CLEAR,DRY,False,39.7632026672363,-86.3696060180664
903864043,2021,2021-08-27,Hancock,,I-70,Vehicle,REAR END,UNSAFE LANE MOVEMENT,SSI,DAYLIGHT,CLEAR,DRY,True,39.8127861022949,-85.9479904174805
903815943,2021,2021-06-09,Morgan,MONROVIA,I-70 EAST  & 52 MILE MARKER,Pedestrian,SAME DIRECTION SIDESWIPE,ANIMAL/OBJECT IN ROADWAY,Fatal,DARK (NOT LIGHTED),CLEAR,DRY,True,39.5760803222656,-86.6091995239258
903817173,2021,2021-05-23,Marion,Indianapolis,S Arlington Ave  & E Southport Rd,Vehicle,RIGHT ANGLE,DISREGARD SIGNAL/REG SIGN,SSI,DARK (LIGHTED),CLEAR,DRY,False,39.6662673950195,-86.0635375976563
903750988,2021,2021-02-26,Marion,Indianapolis,CONCORD ST & 12TH ST,Vehicle,RIGHT ANGLE,UNSAFE SPEED,SSI,DARK (LIGHTED),CLOUDY,DRY,False,39.7840461730957,-86.2103652954102
903765894,2021,2021-03-26,Boone,THORNTOWN,I65N,Vehicle,REAR END,FOLLOWING TOO CLOSELY,SSI,DAYLIGHT,CLEAR,DRY,False,40.0903701782227,-86.505256652832
903864050,2021,2021-08-27,Morgan,Brooklyn,E Centenary Rd  & N Brookside Dr,Vehicle,RAN OFF ROAD,FAILURE TO MAINTAIN LANE,SSI,DAYLIGHT,CLEAR,DRY,False,39.5442276000976,-86.3627395629883
903851548,2021,2021-08-08,Marion,Indianapolis,38TH ST & LESABRE DR,Vehicle,HEAD ON BETWEEN TWO MOTOR VEHICLES,WRONG WAY ON ONE WAY,SSI,DAYLIGHT,CLEAR,DRY,False,39.8238525390625,-86.2441253662109
903783646,2021,2021-04-27,Boone,,SR32W,Vehicle,LEFT TURN,FAILURE TO YIELD RIGHT OF WAY,SSI,DAYLIGHT,CLEAR,DRY,False,40.0468978881836,-86.5191802978516
903749906,2021,2021-02-27,Hendricks,CLAYTON,SR39 & MARKET ST,Vehicle,RAN OFF ROAD,RAN OFF ROAD RIGHT,SSI,DARK (NOT LIGHTED),CLEAR,DRY,False,39.6782264709473,-86.4892578125
903808902,2021,2021-06-10,Hendricks,Avon,US36 & PARK PLACE BLVD,Vehicle,REAR END,DRIVER ILLNESS,SSI,DAYLIGHT,CLEAR,DRY,False,39.7628517150879,-86.394157409668
903865876,2021,2021-08-27,Marion,Indianapolis,N MITTHOEFER RD  & PENRITH DR,Pedestrian,RIGHT ANGLE,PEDESTRIAN ACTION,Fatal,DARK (NOT LIGHTED),CLEAR,DRY,False,39.8066291809082,-85.9907531738281
903766415,2021,2021-03-26,Johnson,,CR300S,Vehicle,OTHER - EXPLAIN IN NARRATIVE,DRIVER DISTRACTED - EXPLAIN IN NARRATIVE,SSI,DAYLIGHT,CLEAR,DRY,False,39.4323081970215,-86.1318893432617
903851556,2021,2021-08-08,Marion,Indianapolis,21ST ST & BRADFORD TRACE BLVD,Vehicle,OTHER - EXPLAIN IN NARRATIVE,HEADLIGHT DEFECTIVE OR NOT ON,SSI,DARK (LIGHTED),CLEAR,DRY,False,39.7972793579101,-85.9642562866211
903749979,2021,2021-02-27,Morgan,MARTINSVILLE,SR44E & NAST CHAPEL RD,Vehicle,HEAD ON BETWEEN TWO MOTOR VEHICLES,IMPROPER LANE USAGE,SSI,DAYLIGHT,CLEAR,DRY,False,39.4509315490723,-86.3026657104492
903783852,2021,2021-04-27,Marion,Indianapolis,I-465 SB,Vehicle,NON-COLLISION,UNSAFE SPEED,SSI,DAYLIGHT,CLEAR,DRY,True,39.74560546875,-86.2644805908203
903797779,2021,2021-05-24,Morgan,,E CENTENARY RD & WATSON RD,Vehicle,RAN OFF ROAD,RAN OFF ROAD RIGHT,SSI,DARK (NOT LIGHTED),CLEAR,DRY,False,39.5636329650879,-86.2958374023438
903750177,2021,2021-02-27,Hancock,Greenfield,SR9 & MCKENZIE RD,Pedalcycle,RIGHT ANGLE,FAILURE TO YIELD RIGHT OF WAY,SSI,DARK (LIGHTED),CLEAR,DRY,False,39.7995643615723,-85.7696685791016
903766183,2021,2021-03-27,Hancock,,US40,Vehicle,RIGHT ANGLE,DISREGARD SIGNAL/REG SIGN,SSI,DAYLIGHT,CLEAR,DRY,False,39.7818832397461,-85.8397979736328
903851705,2021,2021-08-08,Marion,Indianapolis,ENGLISH AVE & RANDOLPH ST,Vehicle,LEFT TURN,FAILURE TO YIELD RIGHT OF WAY,SSI,DAYLIGHT,CLEAR,DRY,False,39.7594871520996,-86.128288269043
903866086,2021,2021-08-27,Marion,Indianapolis,E THOMPSON RD  & WANAMAKER DR,Pedestrian,RIGHT ANGLE,PEDESTRIAN ACTION,Fatal,DARK (NOT LIGHTED),CLOUDY,DRY,False,39.6959457397461,-86.0211563110352
903788494,2021,2021-04-27,Marion,Indianapolis,MONTERY RD,Vehicle,NON-COLLISION,OVERCORRECTING/OVERSTEERING,SSI,DAWN/DUSK,CLEAR,DRY,False,39.8303375244141,-86.0169525146484
903808903,2021,2021-06-10,Hendricks,Avon,US36E & 625 E RD,Vehicle,REAR END,DRIVER ILLNESS,SSI,DAYLIGHT,CLEAR,DRY,False,39.7612991333008,-86.3889236450195
903853637,2021,2021-08-08,Hendricks,,CR200N & CHARLES ST,Vehicle,RAN OFF ROAD,RAN OFF ROAD RIGHT,Fatal,DAYLIGHT,CLEAR,DRY,False,39.7924308776855,-86.3834075927734
903798447,2021,2021-05-24,Morgan,Mooresville,WASHINGTON ST & INDIANA ST,Vehicle,RIGHT ANGLE,FAILURE TO YIELD RIGHT OF WAY,SSI,DAYLIGHT,CLEAR,DRY,False,39.6138763427734,-86.3749008178711