id,year,date,county,city,cross_street,crash_type,manner,primary_factor,ssi_fatal,light,weather,surface,interstate,lat,lon
903789599,2021,2021-04-27,Marion,Indianapolis,38TH ST & MICHIGAN RD,Vehicle,REAR END,FOLLOWING TOO CLOSELY,Fatal,DARK (LIGHTED),CLEAR,DRY,False,39.8246726989746,-86.1837539672852
903766288,2021,2021-03-27,Marion,Indianapolis,CLIFTON ST & UDELL ST,Vehicle,RIGHT ANGLE,FAILURE TO YIELD RIGHT OF WAY,SSI,DAYLIGHT,CLEAR,DRY,False,39.8071365356445,-86.180305480957
903750635,2021,2021-02-27,Marion,Indianapolis,ALLISONVILLE RD & CASTLE CREEK N DR,Vehicle,RAN OFF ROAD,RAN OFF ROAD RIGHT,Fatal,DAYLIGHT,CLEAR,DRY,False,39.9158554077148,-86.0731964111328
903809467,2021,2021-06-10,Marion,Indianapolis,HARDING ST & 29TH ST,Vehicle,RIGHT ANGLE,FAILURE TO YIELD RIGHT OF WAY,SSI,DAYLIGHT,CLOUDY,DRY,False,39.8081932067871,-86.1876602172852
903872978,2021,2021-08-27,Hendricks,Avon,RONALD REAGAN PKWY,Vehicle,HEAD ON BETWEEN TWO MOTOR VEHICLES,FAILURE TO YIELD RIGHT OF WAY,SSI,DARK (NOT LIGHTED),CLEAR,DRY,False,39.7930526733398,-86.347038269043
903766840,2021,2021-03-27,Marion,Indianapolis,EMERSON AVE & ELENOR ST,Pedestrian,OTHER - EXPLAIN IN NARRATIVE,PEDESTRIAN ACTION,SSI,DARK (LIGHTED),CLEAR,DRY,False,39.7001647949219,-86.0823974609375
903784710,2021,2021-04-28,Morgan,PARAGON,SR67N & S VICKERY RD,Vehicle,RAN OFF ROAD,LEFT OF CENTER,SSI,DAYLIGHT,CLEAR,DRY,False,39.3749160766602,-86.6187591552734
903752279,2021,2021-02-27,Marion,Indianapolis,38TH ST & CAPITOL AVE,Vehicle,RIGHT ANGLE,UNSAFE SPEED,SSI,DARK (LIGHTED),RAIN,WET,False,39.8247337341309,-86.1610794067383
903810509,2021,2021-06-10,Marion,Indianapolis,MEDFORD AVE & 11TH ST,Vehicle,RIGHT ANGLE,FAILURE TO YIELD RIGHT OF WAY,SSI,DAYLIGHT,CLEAR,DRY,False,39.7818222045898,-86.2092132568359
903853691,2021,2021-08-08,Marion,Indianapolis,38th St  & Sheridan Ave,Vehicle,REAR END,UNSAFE LANE MOVEMENT,SSI,DARK (LIGHTED),CLEAR,DRY,False,39.8255157470703,-86.0599746704102
903798509,2021,2021-05-24,Hendricks,,SR267,Vehicle,HEAD ON BETWEEN TWO MOTOR VEHICLES,FAILURE TO YIELD RIGHT OF WAY,SSI,DARK (NOT LIGHTED),CLEAR,DRY,False,39.7920227050781,-86.4003829956055
903811381,2021,2021-06-10,Marion,Indianapolis,HIGH SCHOOL RD & TURNER DR,Vehicle,HEAD ON BETWEEN TWO MOTOR VEHICLES,LEFT OF CENTER,Fatal,DAYLIGHT,CLEAR,DRY,False,39.7262687683105,-86.2650527954102
903852377,2021,2021-08-09,Marion,Indianapolis,ARLINGTON AVE & SHELBYVILLE RD,Vehicle,HEAD ON BETWEEN TWO MOTOR VEHICLES,SPEED TOO FAST FOR WEATHER CONDITIONS,SSI,DAYLIGHT,RAIN,WET,False,39.6753425598145,-86.0634841918945
903769300,2021,2021-03-27,Marion,Indianapolis,I-70,Vehicle,RAN OFF ROAD,SPEED TOO FAST FOR WEATHER CONDITIONS,SSI,DARK (LIGHTED),RAIN,WET,True,39.7538414001465,-86.168571472168
903878541,2021,2021-08-27,Marion,Indianapolis,10TH ST & SOMERSET AVE,Vehicle,RIGHT ANGLE,FAILURE TO YIELD RIGHT OF WAY,SSI,DARK (LIGHTED),CLEAR,DRY,False,39.7804260253906,-86.2218399047852
903754732,2021,2021-02-27,Marion,Indianapolis,I- 465,Vehicle,RAN OFF ROAD,UNSAFE LANE MOVEMENT,SSI,DAYLIGHT,CLEAR,DRY,True,39.7191619873047,-86.2647018432617
903810666,2021,2021-06-11,Marion,Indianapolis,38TH ST & WHITTIER PL,Vehicle,LEFT TURN,UNSAFE SPEED,SSI,DAYLIGHT,CLEAR,DRY,False,39.8254241943359,-86.0750961303711
903798654,2021,2021-05-24,Marion,Indianapolis,5030 FALL CREEK PARKWAY N DR & DELMAR RD,Vehicle,RAN OFF ROAD,OVERCORRECTING/OVERSTEERING,SSI,DAWN/DUSK,CLEAR,DRY,False,39.9055404663086,-86.0844879150391
903785098,2021,2021-04-28,Marion,Indianapolis,I-65,Vehicle,SAME DIRECTION SIDESWIPE,OVERCORRECTING/OVERSTEERING,SSI,DAWN/DUSK,CLOUDY,WET,True,39.7328224182129,-86.1368713378906
903818181,2021,2021-06-11,Marion,Indianapolis,I-70,Vehicle,RAN OFF ROAD,UNSAFE SPEED,SSI,DAYLIGHT,CLEAR,DRY,True,39.7538642883301,-86.1456604003906
903766712,2021,2021-03-28,Hamilton,Fishers,ALLISONVILLE RD & E 131ST ST,Vehicle,SAME DIRECTION SIDESWIPE,SPEED TOO FAST FOR WEATHER CONDITIONS,SSI,DARK (NOT LIGHTED),RAIN,WET,False,39.9788131713867,-86.0283889770508
903756288,2021,2021-02-27,Johnson,TRAFALGAR,SR135 & NATHAN DR,Vehicle,REAR END,UNSAFE SPEED,SSI,DAYLIGHT,CLEAR,DRY,False,39.4188804626465,-86.1581268310547
903798688,2021,2021-05-24,Hamilton,Carmel,E 146TH ST & GRAY RD,Vehicle,LEFT TURN,FAILURE TO YIELD RIGHT OF WAY,SSI,DAYLIGHT,CLEAR,DRY,False,40.0002403259277,-86.0896301269531
903863443,2021,2021-08-28,Hendricks,,CR200N,Vehicle,RAN OFF ROAD,RAN OFF ROAD RIGHT,SSI,DARK (NOT LIGHTED),CLEAR,DRY,False,39.7931671142578,-86.4105606079102
903852489,2021,2021-08-09,Marion,Indianapolis,S East St  & E Thompson Rd,Pedestrian,RIGHT ANGLE,PEDESTRIAN ACTION,SSI,DARK (NOT LIGHTED),CLOUDY,DRY,False,39.6937561035156,-86.1486740112305
903798780,2021,2021-05-24,Marion,Indianapolis,38TH ST & KEYSTONE AVE,Vehicle,LEFT TURN,FAILURE TO YIELD RIGHT OF WAY,SSI,DAYLIGHT,CLEAR,DRY,False,39.8251991271973,-86.1216812133789
903830660,2021,2021-06-11,Hendricks,Plainfield,BROOKSIDE LN & MIAMI CT,Vehicle,OTHER - EXPLAIN IN NARRATIVE,OTHER (DRIVER) - EXPLAIN IN NARRATIVE,SSI,DARK (LIGHTED),CLEAR,DRY,False,39.6986656188965,-86.3822555541992
903783941,2021,2021-04-29,Morgan,MARTINSVILLE,BLUE BLUFF RD & MAPLETURN RD,Vehicle,RIGHT TURN,DISREGARD SIGNAL/REG SIGN,SSI,DAYLIGHT,CLOUDY,WET,False,39.4782791137695,-86.4184494018555
903809716,2021,2021-06-12,Hendricks,,I70E,Vehicle,RAN OFF ROAD,RAN OFF ROAD RIGHT,SSI,DARK (NOT LIGHTED),CLEAR,DRY,False,39.6402854919433,-86.4278259277344
903771135,2021,2021-03-28,Marion,Indianapolis,I-70,Vehicle,RAN OFF ROAD,DRIVER ASLEEP OR FATIGUED,SSI,DAYLIGHT,CLOUDY,DRY,True,39.7117156982422,-86.2688674926758
903852685,2021,2021-08-10,Hamilton,,CR116 & ELLER RD,Vehicle,LEFT TURN,DISREGARD SIGNAL/REG SIGN,SSI,DAYLIGHT,CLOUDY,DRY,False,39.9557037353516,-86.0603637695313
903751893,2021,2021-02-28,Hendricks,,SR267 & SOUTHERN RIDGE DR,Vehicle,RAN OFF ROAD,RAN OFF ROAD RIGHT,SSI,DARK (NOT LIGHTED),CLOUDY,WET,False,39.6345748901367,-86.3865737915039
903784248,2021,2021-04-29,Hancock,,CR600W,Vehicle,RAN OFF ROAD,DRIVER ILLNESS,SSI,DAYLIGHT,CLOUDY,DRY,False,39.7528648376465,-85.913948059082
903767630,2021,2021-03-29,Marion,Indianapolis,10TH ST ST & EUCLID AV AVE,Vehicle,RIGHT ANGLE,DISREGARD SIGNAL/REG SIGN,SSI,DAWN/DUSK,CLEAR,DRY,False,39.781436920166,-86.0946197509766
903852832,2021,2021-08-10,Boone,Zionsville,State Rd 267  & State Rd 267,Vehicle,RIGHT ANGLE,UNSAFE SPEED,SSI,DAYLIGHT,CLEAR,DRY,False,39.9310188293457,-86.3977355957031
903810973,2021,2021-06-12,Marion,Indianapolis,Directors Row,Vehicle,RAN OFF ROAD,OVERCORRECTING/OVERSTEERING,SSI,DAYLIGHT,CLEAR,DRY,False,39.7301330566406,-86.261604309082
903864322,2021,2021-08-28,Marion,Indianapolis,CARSON AVE & SPARROW AVE,Vehicle,LEFT TURN,FAILURE TO YIELD RIGHT OF WAY,SSI,DAWN/DUSK,CLEAR,DRY,False,39.7165908813477,-86.1304321289063
903800273,2021,2021-05-24,Marion,Indianapolis,16TH ST & KESSLER BLVD NORTH DR,Pedestrian,,PEDESTRIAN ACTION,Fatal,DARK (LIGHTED),CLEAR,DRY,False,39.7879486083984,-86.2109069824219
903752954,2021,2021-02-28,Marion,Indianapolis,I-65  & Rosegate Ln,Vehicle,RAN OFF ROAD,UNSAFE SPEED,SSI,DARK (LIGHTED),RAIN,WATER (STANDING OR MOVING),True,39.6582870483398,-86.0788803100586
903852907,2021,2021-08-10,Morgan,Mooresville,SR67S & PLEIADES DR,Vehicle,HEAD ON BETWEEN TWO MOTOR VEHICLES,LEFT OF CENTER,SSI,DARK (LIGHTED),CLOUDY,DRY,False,39.5964736938476,-86.3762512207031
903864329,2021,2021-08-28,Marion,Indianapolis,MORRIS ST & GIRLS SCHOOL RD,Pedestrian,SAME DIRECTION SIDESWIPE,RAN OFF ROAD RIGHT,SSI,DARK (LIGHTED),CLEAR,DRY,False,39.74951171875,-86.2907867431641
903768476,2021,2021-03-29,Marion,Indianapolis,38TH ST & SALEM ST,Pedestrian,RAN OFF ROAD,RAN OFF ROAD RIGHT,SSI,DAYLIGHT,CLEAR,DRY,False,39.8249969482422,-86.1579895019531
903814975,2021,2021-06-12,Marion,Indianapolis,MICHIGAN RD & 42ND ST,Vehicle,RIGHT ANGLE,FAILURE TO YIELD RIGHT OF WAY,SSI,DAYLIGHT,CLOUDY,DRY,False,39.8290557861328,-86.1826705932617
903806993,2021,2021-05-24,Marion,Indianapolis,MANN RD & EPLER RD,Vehicle,RAN OFF ROAD,LEFT OF CENTER,SSI,DAYLIGHT,CLEAR,DRY,False,39.6878204345703,-86.2439956665039
903784726,2021,2021-04-29,Marion,Beech Grove,BETHEL AVE & 12TH AVE,Vehicle,RAN OFF ROAD,UNSAFE SPEED,SSI,DAYLIGHT,CLEAR,DRY,False,39.7323722839355,-86.0956497192383
903750919,2021,2021-03-01,Hancock,Greenfield,SR9N & MUSKEGON DR,Vehicle,RAN OFF ROAD,DRIVER ILLNESS,SSI,DAYLIGHT,CLEAR,DRY,False,39.8103523254394,-85.7698745727539
903853106,2021,2021-08-10,Marion,Indianapolis,SHADELAND AVE & PLEASANT RUN PKWY SOUTH DR,Vehicle,RIGHT ANGLE,FAILURE TO YIELD RIGHT OF WAY,SSI,DARK (LIGHTED),CLEAR,DRY,False,39.793571472168,-86.04541015625
903866902,2021,2021-08-28,Marion,Indianapolis,E 38TH ST & DEARBORN ST,Pedestrian,OTHER - EXPLAIN IN NARRATIVE,PEDESTRIAN ACTION,SSI,DARK (NOT LIGHTED),CLEAR,DRY,False,39.8252716064453,-86.112190246582
903769168,2021,2021-03-29,Marion,Indianapolis,38TH ST & ALSACE DR,Vehicle,RAN OFF ROAD,UNSAFE SPEED,SSI,DAYLIGHT,CLEAR,DRY,False,39.8258666992188,-86.0203857421875
903819043,2021,2021-06-12,Marion,Indianapolis,I- 465,Vehicle,REAR END,FAILURE TO MAINTAIN LANE,SSI,DARK (NOT LIGHTED),RAIN,WET,True,39.6923370361328,-86.2253265380859
903798851,2021,2021-05-25,Marion,Indianapolis,WASHINGTON ST & FOREST AVE,Vehicle,HEAD ON BETWEEN TWO MOTOR VEHICLES,LEFT OF CENTER,SSI,DAYLIGHT,CLEAR,DRY,False,39.7677917480469,-86.1205749511719
903751030,2021,2021-03-01,Marion,Indianapolis,RIVERVIEW DR,Vehicle,RAN OFF ROAD,DRIVER ILLNESS,SSI,DAYLIGHT,CLEAR,DRY,False,39.8439903259277,-86.17822265625
903857021,2021,2021-08-10,Marion,Indianapolis,I-70,Vehicle,REAR END,FOLLOWING TOO CLOSELY,SSI,DAYLIGHT,CLEAR,DRY,True,39.7537155151367,-86.1667327880859
903822648,2021,2021-04-29,Marion,Indianapolis,I- 465,Vehicle,RAN OFF ROAD,ALCOHOLIC BEVERAGES,SSI,DARK (NOT LIGHTED),CLEAR,DRY,True,39.8572196960449,-86.0472030639648
903866926,2021,2021-08-28,Marion,Indianapolis,I- 465,Vehicle,REAR END,UNSAFE LANE MOVEMENT,SSI,DARK (LIGHTED),CLEAR,DRY,True,39.7154731750488,-86.0540542602539
903799152,2021,2021-05-25,Shelby,SHELBYVILLE,CR500E,Vehicle,HEAD ON BETWEEN TWO MOTOR VEHICLES,UNSAFE SPEED,SSI,DAYLIGHT,CLOUDY,DRY,False,39.5769271850586,-85.6812057495117
903826572,2021,2021-06-12,Marion,Indianapolis,I-465,Pedestrian,COLLISION WITH OBJECT IN ROAD,PEDESTRIAN ACTION,Fatal,DARK (LIGHTED),CLEAR,DRY,True,39.8169593811035,-86.2757720947266
903772888,2021,2021-03-29,Morgan,MARTINSVILLE,OHIO ST & SOUTH ST,Vehicle,RAN OFF ROAD,UNSAFE SPEED,SSI,DAYLIGHT,CLEAR,DRY,False,39.4165153503418,-86.423210144043
903814752,2021,2021-05-25,Marion,Indianapolis,13TH ST & COLORADO AVE,Vehicle,RIGHT ANGLE,FAILURE TO YIELD RIGHT OF WAY,SSI,DAYLIGHT,CLEAR,DRY,False,39.7844009399414,-86.0956497192383
903810875,2021,2021-06-13,Marion,Indianapolis,HILLSIDE AVE & 25TH ST,Vehicle,RIGHT ANGLE,DISREGARD SIGNAL/REG SIGN,SSI,DARK (LIGHTED),CLOUDY,WET,False,39.8031196594238,-86.1238250732422
903881945,2021,2021-08-28,Marion,Indianapolis,COLLEGE AVE & PAXTON PL,Vehicle,REAR END,UNSAFE SPEED,SSI,DARK (LIGHTED),CLEAR,DRY,False,39.8668975830078,-86.1460952758789
903784847,2021,2021-04-30,Marion,Beech Grove,SOUTH EMERSON AVE & CHURCHMAN AVE,Vehicle,COLLISION WITH OBJECT IN ROAD,IMPROPER TURNING,SSI,DARK (LIGHTED),CLEAR,DRY,False,39.7163505554199,-86.0823059082031
903751048,2021,2021-03-02,Marion,Beech Grove,EMERSON AVE & HORNET AVE,Vehicle,LEFT TURN,FAILURE TO YIELD RIGHT OF WAY,SSI,DAYLIGHT,CLEAR,DRY,False,39.7111511230469,-86.0821762084961
903853773,2021,2021-08-11,Marion,Indianapolis,COLLEGE AVE & E 52ND ST,Vehicle,RAN OFF ROAD,OTHER (DRIVER) - EXPLAIN IN NARRATIVE,SSI,DAYLIGHT,CLEAR,DRY,False,39.846752166748,-86.1454391479492
903768182,2021,2021-03-30,Boone,,SR32,Vehicle,RIGHT ANGLE,FAILURE TO YIELD RIGHT OF WAY,SSI,DARK (NOT LIGHTED),RAIN,WET,False,40.0543518066406,-86.619758605957
903800189,2021,2021-05-26,Marion,Indianapolis,29TH ST & CAPITOL AVE,Vehicle,RIGHT ANGLE,DISREGARD SIGNAL/REG SIGN,SSI,DAYLIGHT,CLOUDY,DRY,False,39.8080978393555,-86.1613311767578
903810905,2021,2021-06-13,Marion,Indianapolis,30TH ST & RADER ST,Vehicle,REAR END,FOLLOWING TOO CLOSELY,SSI,DAYLIGHT,CLEAR,DRY,False,39.8100967407226,-86.1781005859375
903865609,2021,2021-08-29,Marion,Indianapolis,W Mc Carty St  & S Missouri St,Vehicle,RIGHT ANGLE,DISREGARD SIGNAL/REG SIGN,SSI,DARK (LIGHTED),CLEAR,DRY,False,39.7566680908203,-86.1657791137695
903784909,2021,2021-04-30,Marion,Indianapolis,COLLEGE AVE & 30TH ST,Vehicle,RIGHT ANGLE,DISREGARD SIGNAL/REG SIGN,SSI,DARK (LIGHTED),CLEAR,DRY,False,39.8102416992188,-86.1448822021484
903753077,2021,2021-03-02,Marion,Indianapolis,MICHIGAN RD & TALAVERA DR,Vehicle,OPPOSITE DIRECTION SIDESWIPE,LEFT OF CENTER,Fatal,DARK (LIGHTED),CLEAR,DRY,False,39.9040870666504,-86.2190704345703
903853822,2021,2021-08-11,Hamilton,Carmel,CARMEL DR & KEYSTONE PKWY,Vehicle,RIGHT ANGLE,FAILURE TO YIELD RIGHT OF WAY,SSI,DAYLIGHT,CLOUDY,DRY,False,39.9618949890137,-86.114128112793
903768449,2021,2021-03-30,Marion,Indianapolis,MASSACHUSETTS AVE & PRODUCERS LN,Vehicle,LEFT TURN,FAILURE TO YIELD RIGHT OF WAY,SSI,DAYLIGHT,CLEAR,DRY,False,39.8054656982422,-86.0944442749024
903802304,2021,2021-05-26,Marion,Indianapolis,SHERMAN DR & WASHINGTON ST,Vehicle,RAN OFF ROAD,RAN OFF ROAD RIGHT,Fatal,DAYLIGHT,CLEAR,DRY,False,39.7705917358398,-86.1020889282227
903810916,2021,2021-06-13,Marion,Indianapolis,OVERLOOK CT & SCHWIER DR,Vehicle,NON-COLLISION,UNSAFE SPEED,SSI,DAYLIGHT,CLEAR,LOOSE MATERIAL ON ROAD,False,39.7961730957031,-85.9869003295898
903883478,2021,2021-08-29,Morgan,LITTLE POINT,I-70 WB,Pedestrian,OTHER - EXPLAIN IN NARRATIVE,PEDESTRIAN ACTION,SSI,DARK (NOT LIGHTED),CLEAR,DRY,True,39.5858726501465,-86.5750198364258
903785400,2021,2021-04-30,Boone,Zionsville,I- 465,Vehicle,REAR END,FOLLOWING TOO CLOSELY,SSI,DAYLIGHT,CLEAR,DRY,True,39.9260444641113,-86.2530364990235
903752074,2021,2021-03-03,Marion,Indianapolis,34TH ST & ARTHINGTON AVE,Vehicle,RIGHT ANGLE,FAILURE TO YIELD RIGHT OF WAY,SSI,DAYLIGHT,CLEAR,DRY,False,39.8180961608887,-86.0900497436524
903855805,2021,2021-08-11,Marion,Indianapolis,E 56TH ST  & BRENDON FOREST DR,Vehicle,RAN OFF ROAD,DRIVER ASLEEP OR FATIGUED,Fatal,DARK (NOT LIGHTED),CLEAR,DRY,False,39.8551368713379,-86.0553283691406
903785566,2021,2021-04-30,Marion,Indianapolis,LAFAYETTE RD & 34TH ST,Vehicle,RIGHT ANGLE,FAILURE TO YIELD RIGHT OF WAY,SSI,DAYLIGHT,CLEAR,DRY,False,39.8199043273926,-86.2310638427734
903800882,2021,2021-05-27,Marion,Indianapolis,FRANKLIN RD & SOUTHPORT RD,Vehicle,HEAD ON BETWEEN TWO MOTOR VEHICLES,IMPROPER TURNING,SSI,DARK (LIGHTED),CLEAR,DRY,False,39.6673278808594,-86.0185165405273
903790862,2021,2021-04-30,Marion,Indianapolis,I- 465,Vehicle,REAR END,FOLLOWING TOO CLOSELY,Fatal,DAYLIGHT,CLEAR,DRY,True,39.6939086914063,-86.2484741210938
903768538,2021,2021-03-30,Marion,Indianapolis,KEYSTONE AVE,Vehicle,RIGHT ANGLE,DISREGARD SIGNAL/REG SIGN,SSI,DARK (LIGHTED),RAIN,WET,False,39.9200172424316,-86.1122131347656
903811795,2021,2021-06-13,Hamilton,Noblesville,ALLISONVILLE RD & WESTMINSTER DR,Vehicle,REAR END,CELL PHONE USAGE,SSI,DARK (LIGHTED),CLEAR,DRY,False,40.0154724121094,-86.0130767822266
903752445,2021,2021-03-04,Hancock,Greenfield,SR9N,Vehicle,REAR END,FAILURE TO YIELD RIGHT OF WAY,SSI,DARK (LIGHTED),CLEAR,DRY,False,39.7854270935059,-85.7693786621094
903856379,2021,2021-08-11,Marion,Indianapolis,N EMERSON AVE  & E 21ST ST,Vehicle,RIGHT ANGLE,DISREGARD SIGNAL/REG SIGN,SSI,DAYLIGHT,CLEAR,DRY,False,39.7962188720703,-86.0833282470703
903864345,2021,2021-08-30,Marion,Indianapolis,RAYMOND ST & I65 JCT,Vehicle,REAR END,DRIVER ASLEEP OR FATIGUED,SSI,DAYLIGHT,CLOUDY,DRY,True,39.7375183105469,-86.136116027832
903785053,2021,2021-05-01,Hendricks,Brownsburg,US136E & RACEWAY RD,Vehicle,REAR END,OTHER (DRIVER) - EXPLAIN IN NARRATIVE,SSI,DAYLIGHT,CLEAR,DRY,False,39.8209686279297,-86.3364028930664
903768541,2021,2021-03-30,Marion,Indianapolis,29TH ST & ILLINOIS ST,Vehicle,RIGHT ANGLE,FAILURE TO YIELD RIGHT OF WAY,SSI,DARK (LIGHTED),RAIN,WET,False,39.8080635070801,-86.1590042114258
903752465,2021,2021-03-04,Hancock,,CR700W,Vehicle,RAN OFF ROAD,UNSAFE SPEED,SSI,DARK (NOT LIGHTED),CLEAR,DRY,False,39.8122863769531,-85.9328002929688
903802374,2021,2021-05-27,Marion,Beech Grove,HORNET AVE,Pedestrian,OTHER - EXPLAIN IN NARRATIVE,OTHER (DRIVER) - EXPLAIN IN NARRATIVE,SSI,DAYLIGHT,CLEAR,DRY,False,39.7101631164551,-86.0788421630859
903867032,2021,2021-08-30,Marion,Indianapolis,SR 67 N  & CAMBY RD,Vehicle,REAR END,DRIVER DISTRACTED - EXPLAIN IN NARRATIVE,Fatal,DAYLIGHT,CLEAR,DRY,False,39.6611061096191,-86.3104629516602
903854007,2021,2021-08-12,Hendricks,Plainfield,AIRTECH PKWY & STAFFORD RD,Pedestrian,COLLISION WITH OBJECT IN ROAD,UNSAFE SPEED,SSI,DAYLIGHT,CLEAR,DRY,False,39.6965217590332,-86.3439483642578
903818300,2021,2021-06-13,Marion,Indianapolis,W 10th St  & Wilson St,Vehicle,RAN OFF ROAD,OTHER (DRIVER) - EXPLAIN IN NARRATIVE,SSI,DAYLIGHT,CLEAR,DRY,False,39.7800369262695,-86.1791534423828
903785223,2021,2021-05-01,Marion,Lawrence,US36 & FRANKLIN RD,Vehicle,RIGHT ANGLE,DISREGARD SIGNAL/REG SIGN,SSI,DAYLIGHT,CLEAR,DRY,False,39.8362884521484,-86.0269317626953
903768970,2021,2021-03-31,Marion,Indianapolis,EDGECOMBE AVE & SHELBY ST,Vehicle,RIGHT ANGLE,DRIVER ILLNESS,SSI,DAYLIGHT,CLEAR,DRY,False,39.7146835327148,-86.1394195556641
903754136,2021,2021-03-04,Marion,Indianapolis,38TH ST & MITTHOEFFER RD,Vehicle,RIGHT ANGLE,FAILURE TO YIELD RIGHT OF WAY,SSI,DAYLIGHT,CLOUDY,DRY,False,39.8262405395508,-85.9919128417969
903800918,2021,2021-05-28,Marion,Indianapolis,KESSLER BLVD & 19TH ST,Vehicle,RIGHT ANGLE,FAILURE TO YIELD RIGHT OF WAY,SSI,DAYLIGHT,FOG/SMOKE/SMOG,WET,False,39.7915687561035,-86.2108306884766
903867494,2021,2021-08-30,Marion,Indianapolis,N White River Pkwy W Dr  & W New York St,Pedestrian,RIGHT ANGLE,PEDESTRIAN ACTION,SSI,DARK (LIGHTED),CLEAR,DRY,False,39.7715721130371,-86.1874084472656
903854160,2021,2021-08-12,Hancock,Greenfield,MUSKEGON LN & MUSKEGON DR,Vehicle,RAN OFF ROAD,RAN OFF ROAD RIGHT,Fatal,DAWN/DUSK,CLOUDY,DRY,False,39.809196472168,-85.7708129882813
903818969,2021,2021-06-13,Marion,Indianapolis,N Elder Ave  & W Washington St,Pedestrian,OTHER - EXPLAIN IN NARRATIVE,PEDESTRIAN ACTION,Fatal,DAYLIGHT,CLEAR,DRY,False,39.7667617797851,-86.1940994262695
903785327,2021,2021-05-01,Hamilton,Arcadia,281 ST & LACY RD,Vehicle,RIGHT ANGLE,FAILURE TO YIELD RIGHT OF WAY,Fatal,DAYLIGHT,CLEAR,DRY,False,40.1982269287109,-85.957893371582
903771198,2021,2021-03-31,Marion,Indianapolis,I-465,Vehicle,REAR END,FOLLOWING TOO CLOSELY,SSI,DAYLIGHT,CLEAR,DRY,True,39.9241104125976,-86.2029647827148
903752825,2021,2021-03-05,Marion,Lawrence,US36W & N POST RD,Vehicle,RIGHT ANGLE,FAILURE TO YIELD RIGHT OF WAY,SSI,DAYLIGHT,CLEAR,DRY,False,39.8443374633789,-86.0101776123047
903801212,2021,2021-05-28,Hamilton,Atlanta,US31 & 286 ST,Vehicle,RAN OFF ROAD,SPEED TOO FAST FOR WEATHER CONDITIONS,SSI,DAYLIGHT,RAIN,WET,False,40.2104606628418,-86.1280517578125
903855688,2021,2021-08-12,Hendricks,Avon,US36E & CR 900 E RD,Vehicle,RIGHT ANGLE,DISREGARD SIGNAL/REG SIGN,SSI,DAYLIGHT,CLEAR,DRY,False,39.7632713317871,-86.3618392944336
903785445,2021,2021-05-01,Hamilton,Fishers,EAST 104TH ST & FLORIDA RD,Pedalcycle,SAME DIRECTION SIDESWIPE,IMPROPER PASSING,SSI,DAYLIGHT,CLEAR,DRY,False,39.9396133422851,-85.890884399414
903801452,2021,2021-05-28,Hendricks,Avon,CR100N & COBBLESTONE DR,Vehicle,RAN OFF ROAD,RAN OFF ROAD RIGHT,SSI,DAYLIGHT,CLOUDY,DRY,False,39.7785911560059,-86.3311157226563
903865262,2021,2021-08-31,Johnson,,State Rd 44,Vehicle,HEAD ON BETWEEN TWO MOTOR VEHICLES,LEFT OF CENTER,Fatal,DAYLIGHT,RAIN,WET,False,39.4540328979492,-86.1358489990235
903854343,2021,2021-08-13,Marion,Indianapolis,I74E,Vehicle,RAN OFF ROAD,UNSAFE SPEED,SSI,DARK (LIGHTED),CLEAR,DRY,False,39.8068618774414,-86.2783050537109
903785659,2021,2021-05-01,Shelby,SHELBYVILLE,N RILEY HWY,Vehicle,RAN OFF ROAD,OTHER (DRIVER) - EXPLAIN IN NARRATIVE,Fatal,DARK (LIGHTED),CLEAR,DRY,False,39.555477142334,-85.7756423950195
903783538,2021,2021-03-31,Marion,Indianapolis,I-65,Vehicle,RAN OFF ROAD,UNSAFE LANE MOVEMENT,Fatal,DARK (NOT LIGHTED),CLOUDY,DRY,True,39.8730010986328,-86.2847671508789
903828348,2021,2021-06-13,Marion,Indianapolis,W Morris St  & S Dukane Way,Pedestrian,OTHER - EXPLAIN IN NARRATIVE,PEDESTRIAN ACTION,SSI,DARK (NOT LIGHTED),RAIN,WATER (STANDING OR MOVING),False,39.7499961853027,-86.2724990844727
903752841,2021,2021-03-05,Hamilton,Fishers,96TH ST & CEDAR COVE LN,Pedestrian,OTHER - EXPLAIN IN NARRATIVE,PEDESTRIAN ACTION,SSI,DARK (LIGHTED),CLEAR,DRY,False,39.9270172119141,-86.0620040893555
903810926,2021,2021-06-14,Marion,Indianapolis,ST CLIFFORD DR & E RAYMOND ST,Vehicle,RAN OFF ROAD,RAN OFF ROAD RIGHT,SSI,DARK (LIGHTED),CLEAR,DRY,False,39.7401504516601,-86.0212097167969
903802618,2021,2021-05-28,Marion,Indianapolis,BARNES AVE & 29 ST,Vehicle,OTHER - EXPLAIN IN NARRATIVE,OTHER (DRIVER) - EXPLAIN IN NARRATIVE,SSI,DARK (LIGHTED),RAIN,WET,False,39.8082084655762,-86.182632446289
903865481,2021,2021-08-31,Marion,Speedway,Crawfordsville Rd  & Crawfordsville Rd,Vehicle,LEFT TURN,FAILURE TO YIELD RIGHT OF WAY,SSI,DAYLIGHT,CLOUDY,DRY,False,39.7940292358398,-86.256362915039