id,year,date,county,city,cross_street,crash_type,manner,primary_factor,ssi_fatal,light,weather,surface,interstate,lat,lon
903769422,2021,2021-04-01,Hamilton,Carmel,116TH ST & TOWNE RD,Vehicle,RAN OFF ROAD,RAN OFF ROAD RIGHT,SSI,DAYLIGHT,CLOUDY,DRY,False,39.9556159973145,-86.201286315918
903854499,2021,2021-08-13,Marion,Indianapolis,E 16TH ST,Vehicle,RAN OFF ROAD,RAN OFF ROAD RIGHT,SSI,DAYLIGHT,CLEAR,DRY,False,39.7898941040039,-86.0060882568359
903788132,2021,2021-05-01,Marion,Indianapolis,70,Vehicle,OTHER - EXPLAIN IN NARRATIVE,UNSAFE LANE MOVEMENT,SSI,DAYLIGHT,CLEAR,DRY,False,39.806022644043,-86.056396484375
903754088,2021,2021-03-05,Marion,Indianapolis,PENTECOST RD,Vehicle,RAN OFF ROAD,RAN OFF ROAD RIGHT,Fatal,DAYLIGHT,CLEAR,DRY,False,39.7073669433594,-85.9986877441406
903811459,2021,2021-06-14,Marion,Indianapolis,E Sumner Ave  & Madison Ave,Vehicle,RIGHT ANGLE,DISREGARD SIGNAL/REG SIGN,SSI,DAYLIGHT,CLOUDY,DRY,False,39.7152404785156,-86.1464614868164
903802818,2021,2021-05-28,Marion,Indianapolis,EMERSON AVE & TERRACE AVE,Vehicle,REAR END,FOLLOWING TOO CLOSELY,SSI,DAYLIGHT,RAIN,WET,False,39.7492141723633,-86.0826568603516
903865763,2021,2021-08-31,Marion,Indianapolis,EMERSON WAY/FALL CREEK RD & CAVENDISH RD,Vehicle,LEFT TURN,FAILURE TO YIELD RIGHT OF WAY,SSI,DAYLIGHT,CLEAR,DRY,False,39.8621444702148,-86.0850219726562
903772040,2021,2021-04-01,Marion,Indianapolis,E 10TH ST,Vehicle,NON-COLLISION,RAN OFF ROAD RIGHT,SSI,DARK (LIGHTED),CLEAR,DRY,False,39.7815551757812,-86.0445175170898
903854599,2021,2021-08-13,Johnson,Franklin,US31 & EARLYWOOD DR,Vehicle,REAR END,OTHER (DRIVER) - EXPLAIN IN NARRATIVE,SSI,DARK (LIGHTED),CLOUDY,DRY,False,39.5204772949219,-86.0755767822266
903802959,2021,2021-05-01,Marion,Indianapolis,I-65,Vehicle,RAN OFF ROAD,OVERCORRECTING/OVERSTEERING,SSI,DAYLIGHT,CLEAR,DRY,True,39.8163795471191,-86.1861038208008
903753182,2021,2021-03-06,Hamilton,Noblesville,LITTLE CHICAGO RD RD & E 191ST ST ST,Vehicle,RAN OFF ROAD,RAN OFF ROAD RIGHT,SSI,DARK (LIGHTED),CLEAR,DRY,False,40.0653762817383,-86.0714263916016
903811472,2021,2021-06-14,Marion,Indianapolis,W BEECHER ST & LYNHURST DR,Vehicle,REAR END,FOLLOWING TOO CLOSELY,SSI,DAYLIGHT,CLEAR,DRY,False,39.7398262023926,-86.2502365112305
903810444,2021,2021-05-28,Morgan,MARTINSVILLE,W Walnut St  & S Main St,Vehicle,RIGHT ANGLE,FAILURE TO YIELD RIGHT OF WAY,SSI,DARK (LIGHTED),RAIN,WET,False,39.424072265625,-86.4286727905273
903865822,2021,2021-08-31,Marion,Indianapolis,38TH ST & SHADELAND AVE,Vehicle,HEAD ON BETWEEN TWO MOTOR VEHICLES,IMPROPER TURNING,SSI,DARK (NOT LIGHTED),CLEAR,DRY,False,39.8258094787598,-86.0458145141602
903854713,2021,2021-08-13,Morgan,Mooresville,INDIANA ST  & MAIN ST,Pedestrian,OTHER - EXPLAIN IN NARRATIVE,FAILURE TO YIELD RIGHT OF WAY,SSI,DAYLIGHT,CLEAR,DRY,False,39.6127891540527,-86.374755859375
903753236,2021,2021-03-06,Hamilton,Arcadia,266 ST & ANTHONY RD,Vehicle,RAN OFF ROAD,RAN OFF ROAD RIGHT,SSI,DAYLIGHT,CLEAR,DRY,False,40.1756591796875,-86.110481262207
903802537,2021,2021-05-29,Marion,Indianapolis,E 34th St  & Lesley Ave,Vehicle,HEAD ON BETWEEN TWO MOTOR VEHICLES,LEFT OF CENTER,SSI,DARK (LIGHTED),CLEAR,DRY,False,39.8183250427246,-86.0716323852539
903785484,2021,2021-05-02,Johnson,TRAFALGAR,State Rd 252  & S 500 W,Vehicle,RIGHT ANGLE,IMPROPER PASSING,SSI,DAYLIGHT,CLOUDY,DRY,False,39.4000015258789,-86.195930480957
903855923,2021,2021-08-13,Marion,Indianapolis,Shelby St  & E Stop 10 Rd,Vehicle,RAN OFF ROAD,DISREGARD SIGNAL/REG SIGN,SSI,DARK (LIGHTED),CLEAR,DRY,False,39.6575393676758,-86.1393966674805
903769927,2021,2021-04-02,Marion,Indianapolis,COUNTYLINE RD & US 31 HWY,Pedestrian,COLLISION WITH OBJECT IN ROAD,FAILURE TO YIELD RIGHT OF WAY,SSI,DAYLIGHT,CLEAR,DRY,False,39.6355972290039,-86.1288146972656
903753284,2021,2021-03-06,Shelby,SHELBYVILLE,SR44E & PROGRESS PKWY,Vehicle,REAR END,OTHER (DRIVER) - EXPLAIN IN NARRATIVE,SSI,DARK (LIGHTED),CLEAR,DRY,False,39.5231666564941,-85.7426376342773
903802630,2021,2021-05-29,Marion,Indianapolis,LEGEND LN & MISSION DR,Vehicle,RIGHT ANGLE,UNSAFE SPEED,SSI,DAYLIGHT,CLEAR,DRY,False,39.8342056274414,-86.2715835571289
903813993,2021,2021-06-14,Marion,Indianapolis,HARDING ST & RAYMOND ST,Pedalcycle,RIGHT ANGLE,DISREGARD SIGNAL/REG SIGN,Fatal,DAYLIGHT,CLEAR,DRY,False,39.7365531921387,-86.1871566772461
903866374,2021,2021-08-31,Marion,Indianapolis,I-465,Vehicle,REAR END,UNSAFE LANE MOVEMENT,SSI,DAYLIGHT,CLEAR,DRY,True,39.8562660217285,-86.2761611938477
903785610,2021,2021-05-02,Hendricks,Brownsburg,NORTHFIELD DR & N 800 E RD,Vehicle,RIGHT ANGLE,FAILURE TO YIELD RIGHT OF WAY,SSI,DAYLIGHT,CLOUDY,DRY,False,39.8001098632812,-86.3813781738281
903802890,2021,2021-05-29,Hamilton,Carmel,S RANGELINE RD & 6TH SE ST,Vehicle,REAR END,DRIVER DISTRACTED - EXPLAIN IN NARRATIVE,SSI,DAYLIGHT,CLEAR,DRY,False,39.9731788635254,-86.126953125
903855931,2021,2021-08-13,Marion,Indianapolis,30 ST & ELMHURST DR,Vehicle,HEAD ON BETWEEN TWO MOTOR VEHICLES,LEFT OF CENTER,SSI,DARK (NOT LIGHTED),CLOUDY,DRY,False,39.8109741210938,-86.0399856567383
903769984,2021,2021-04-02,Morgan,Mooresville,SR67 & CHARMIL DR,Vehicle,REAR END,UNSAFE SPEED,SSI,DAYLIGHT,CLEAR,DRY,False,39.5968818664551,-86.3759460449219
903754065,2021,2021-03-06,Hamilton,Noblesville,CASTAMERE DR & ARRYNE DR,Vehicle,OTHER - EXPLAIN IN NARRATIVE,UNSAFE SPEED,SSI,DARK (LIGHTED),CLEAR,DRY,False,40.0448265075684,-86.0840225219727
903869316,2021,2021-08-31,Marion,Indianapolis,E 10TH ST  & N FENTON AVE,Vehicle,RAN OFF ROAD,UNSAFE LANE MOVEMENT,Fatal,DAYLIGHT,CLOUDY,DRY,False,39.7819862365723,-86.0174026489258
903815512,2021,2021-06-14,Marion,Speedway,COSSELL RD,Vehicle,RAN OFF ROAD,DRIVER DISTRACTED - EXPLAIN IN NARRATIVE,SSI,DAWN/DUSK,CLOUDY,DRY,False,39.7781143188476,-86.2437286376953
903785668,2021,2021-05-02,Morgan,MARTINSVILLE,SR44E & E CENTENNIAL RD,Vehicle,OPPOSITE DIRECTION SIDESWIPE,LEFT OF CENTER,SSI,DAYLIGHT,RAIN,WET,False,39.4392280578613,-86.3465423583984
903803014,2021,2021-05-29,Marion,Indianapolis,KEYSTONE AVE & 38TH ST,Vehicle,RIGHT ANGLE,DISREGARD SIGNAL/REG SIGN,SSI,DAYLIGHT,CLEAR,DRY,False,39.8251991271973,-86.1216812133789
903857182,2021,2021-08-13,Marion,Indianapolis,I-465,Vehicle,RAN OFF ROAD,DRIVER ILLNESS,Fatal,DAYLIGHT,CLEAR,DRY,True,39.7859382629394,-86.2706909179688
903770037,2021,2021-04-02,Marion,Indianapolis,56TH ST & COOPER RD,Vehicle,REAR END,FOLLOWING TOO CLOSELY,SSI,DAYLIGHT,CLEAR,DRY,False,39.8532524108887,-86.2121200561523
903753601,2021,2021-03-07,Hendricks,Avon,COMB RUN LN & E CR 100 N RD,Vehicle,NON-COLLISION,RAN OFF ROAD RIGHT,SSI,DARK (NOT LIGHTED),CLEAR,DRY,False,39.7782783508301,-86.3485107421875
903869819,2021,2021-08-31,Shelby,SHELBYVILLE,N State Rd 9  & E 750 N,Vehicle,LEFT TURN,IMPROPER TURNING,SSI,DAYLIGHT,CLOUDY,DRY,False,39.6329803466797,-85.7675628662109
903821066,2021,2021-06-14,Marion,Indianapolis,W 30TH ST  & ANNETTE ST,Vehicle,RIGHT ANGLE,FAILURE TO YIELD RIGHT OF WAY,Fatal,DAYLIGHT,CLEAR,DRY,False,39.8100929260254,-86.1758193969727
903785904,2021,2021-05-02,Marion,Indianapolis,38TH ST & EUCLID AVE,Vehicle,HEAD ON BETWEEN TWO MOTOR VEHICLES,FAILURE TO YIELD RIGHT OF WAY,SSI,DARK (LIGHTED),CLEAR,DRY,False,39.8254089355469,-86.0938110351563
903803015,2021,2021-05-29,Marion,Indianapolis,EPLER AVE & 135 RD,Vehicle,LEFT TURN,IMPROPER TURNING,SSI,DAYLIGHT,CLEAR,DRY,False,39.6859512329102,-86.1584777832031
903865670,2021,2021-09-01,Marion,Indianapolis,465   &   N,Vehicle,RAN OFF ROAD,UNSAFE SPEED,SSI,DARK (LIGHTED),CLEAR,DRY,False,39.741512298584,-86.2643585205078
903863179,2021,2021-08-13,Boone,Zionsville,I-865,Vehicle,RAN OFF ROAD,OVERCORRECTING/OVERSTEERING,SSI,DAWN/DUSK,RAIN,WET,True,39.9312705993652,-86.3379287719727
903770366,2021,2021-04-02,Johnson,Greenwood,MAIN ST,Vehicle,RIGHT ANGLE,FAILURE TO YIELD RIGHT OF WAY,SSI,DAYLIGHT,CLOUDY,DRY,False,39.6144714355469,-86.0723648071289
903754110,2021,2021-03-07,Marion,Indianapolis,EAST ST,Pedestrian,RIGHT TURN,FAILURE TO YIELD RIGHT OF WAY,SSI,DAYLIGHT,CLEAR,DRY,False,39.7102508544922,-86.1485595703125
903785967,2021,2021-05-02,Hamilton,Noblesville,146TH ST & HOWE RD,Vehicle,NON-COLLISION,UNSAFE SPEED,SSI,DARK (LIGHTED),CLEAR,DRY,False,40.0012664794922,-85.9810333251953
903811486,2021,2021-06-15,Marion,Indianapolis,38TH ST & BYRAM AVE,Vehicle,RIGHT ANGLE,IMPROPER TURNING,SSI,DARK (LIGHTED),CLEAR,DRY,False,39.8248596191406,-86.1693344116211
903818277,2021,2021-05-29,Marion,Indianapolis,Madison Ave  & Lisa Walk Dr,Vehicle,REAR END,FOLLOWING TOO CLOSELY,Fatal,DARK (NOT LIGHTED),RAIN,WET,False,39.6529846191406,-86.1229934692383
903755143,2021,2021-03-07,Hendricks,Plainfield,RONALD REAGAN PKWY & S RONALD REAGAN PKWY,Vehicle,REAR END,DISREGARD SIGNAL/REG SIGN,SSI,DAYLIGHT,CLOUDY,DRY,False,39.6824645996094,-86.3270111083984
903866162,2021,2021-09-01,Marion,Indianapolis,WEST ST & MORRIS ST,Vehicle,LEFT TURN,FAILURE TO YIELD RIGHT OF WAY,SSI,DAYLIGHT,CLEAR,DRY,False,39.7514381408691,-86.1765670776367
903774032,2021,2021-04-02,Marion,Indianapolis,21ST ST & SHADELAND AVE,Vehicle,RAN OFF ROAD,RAN OFF ROAD RIGHT,Fatal,DAYLIGHT,CLEAR,DRY,False,39.7963142395019,-86.0458679199219
903854993,2021,2021-08-14,Marion,Indianapolis,NORTH PERIMETER RD & NEW HAVEN ST,Vehicle,REAR END,DISREGARD SIGNAL/REG SIGN,SSI,DAYLIGHT,CLEAR,DRY,False,39.7329559326172,-86.3083801269531
903811955,2021,2021-06-15,Shelby,SHELBYVILLE,S RILEY HWY & JORDAN CT,Pedestrian,RAN OFF ROAD,DRIVER DISTRACTED - EXPLAIN IN NARRATIVE,SSI,DAYLIGHT,CLEAR,DRY,False,39.5099220275879,-85.7718048095703
903802054,2021,2021-05-30,Hendricks,LIZTON,US136,Vehicle,RAN OFF ROAD,RAN OFF ROAD RIGHT,SSI,DAYLIGHT,CLEAR,DRY,False,39.8995971679687,-86.5705871582031
903794002,2021,2021-05-02,Marion,Indianapolis,FRANKLIN RD & ROY RD,Vehicle,HEAD ON BETWEEN TWO MOTOR VEHICLES,LEFT OF CENTER,Fatal,DAYLIGHT,CLEAR,DRY,False,39.8037757873535,-86.0272598266602
903757631,2021,2021-03-07,Marion,Indianapolis,30TH ST & BEELER AVE,Vehicle,HEAD ON BETWEEN TWO MOTOR VEHICLES,LEFT OF CENTER,SSI,DAYLIGHT,CLEAR,DRY,False,39.8089447021484,-86.2518844604492
903866335,2021,2021-09-01,Marion,Indianapolis,N Dearborn St  & E 10th St,Vehicle,RIGHT ANGLE,FAILURE TO YIELD RIGHT OF WAY,SSI,DAYLIGHT,CLEAR,DRY,False,39.7814064025879,-86.1110076904297
903770121,2021,2021-04-03,Morgan,MARTINSVILLE,WILBUR RD,Vehicle,RAN OFF ROAD,RAN OFF ROAD RIGHT,Fatal,DAYLIGHT,CLEAR,DRY,False,39.463207244873,-86.459114074707
903855192,2021,2021-08-14,Hendricks,Plainfield,40 & S Vestal Rd,Vehicle,RIGHT TURN,FAILURE TO YIELD RIGHT OF WAY,SSI,DAYLIGHT,CLEAR,DRY,False,39.699951171875,-86.4111175537109
903813157,2021,2021-06-15,Marion,Indianapolis,WASHINGTON ST & DAVIDSON ST,Vehicle,RIGHT ANGLE,FAILURE TO YIELD RIGHT OF WAY,SSI,DAYLIGHT,CLEAR,DRY,False,39.7668190002441,-86.1442108154297
903802840,2021,2021-05-30,Marion,Indianapolis,DEARBORN ST & MASSACHUSETTS AVE,Vehicle,OTHER - EXPLAIN IN NARRATIVE,OTHER (ENVIRONMENTAL) - EXPLAIN IN NARR,SSI,DARK (NOT LIGHTED),CLEAR,DRY,False,39.7962875366211,-86.1117935180664
903786605,2021,2021-05-03,Marion,Indianapolis,EMERSON AVE & ST JOSEPH ST,Vehicle,REAR END,FOLLOWING TOO CLOSELY,SSI,DAYLIGHT,CLEAR,DRY,False,39.7803192138672,-86.083137512207
903754457,2021,2021-03-08,Marion,Indianapolis,13TH ST & GALE ST,Vehicle,SAME DIRECTION SIDESWIPE,FAILURE TO YIELD RIGHT OF WAY,SSI,DARK (LIGHTED),CLEAR,DRY,False,39.7845458984375,-86.1059036254883
903868378,2021,2021-09-01,Marion,Indianapolis,MCGREGOR RD & ACTON RD,Vehicle,RAN OFF ROAD,UNSAFE SPEED,SSI,DARK (NOT LIGHTED),CLEAR,DRY,False,39.657829284668,-85.9900970458984
903770205,2021,2021-04-03,Johnson,Greenwood,US31N & COUNTY LINE RD,Vehicle,RIGHT ANGLE,FAILURE TO YIELD RIGHT OF WAY,SSI,DAWN/DUSK,CLEAR,DRY,False,39.6331748962402,-86.1251602172851
903856711,2021,2021-08-14,Marion,Indianapolis,N Mitthoefer Rd  & Meadowlark Manor,Vehicle,RAN OFF ROAD,LEFT OF CENTER,SSI,DARK (NOT LIGHTED),CLEAR,DRY,False,39.8352127075195,-85.9911727905274
903820476,2021,2021-06-15,Marion,Indianapolis,I-65,Vehicle,REAR END,OTHER (DRIVER) - EXPLAIN IN NARRATIVE,SSI,DAWN/DUSK,CLEAR,DRY,True,39.8087615966797,-86.1663818359375
903803080,2021,2021-05-30,Marion,Indianapolis,LAFAYETTE RD & 34TH ST,Vehicle,HEAD ON BETWEEN TWO MOTOR VEHICLES,FAILURE TO YIELD RIGHT OF WAY,SSI,DARK (LIGHTED),CLEAR,DRY,False,39.8167953491211,-86.2278213500977
903858173,2021,2021-08-14,Shelby,,E Main St  & N 150 E,Vehicle,REAR END,FOLLOWING TOO CLOSELY,SSI,DAYLIGHT,CLEAR,DRY,False,39.687686920166,-85.7540130615234
903795627,2021,2021-05-04,Marion,Indianapolis,ROCKVILLE RD & COUNTRY CLUB RD,Vehicle,REAR END,UNSAFE SPEED,Fatal,DARK (NOT LIGHTED),CLEAR,DRY,False,39.7640953063965,-86.3062362670898
903755282,2021,2021-03-08,Marion,Indianapolis,MICHIGAN RD & TOWNSHIP LINE RD,Vehicle,RAN OFF ROAD,RAN OFF ROAD RIGHT,SSI,DARK (LIGHTED),CLEAR,DRY,False,39.8790092468262,-86.2069473266602
903812721,2021,2021-06-16,Johnson,,State Rd 252,Vehicle,OPPOSITE DIRECTION SIDESWIPE,LEFT OF CENTER,SSI,DAYLIGHT,CLEAR,DRY,False,39.4099731445313,-86.0920486450195
903822409,2021,2021-05-30,Marion,Indianapolis,E Riverside Dr  & W 28th St,Vehicle,LEFT TURN,FAILURE TO YIELD RIGHT OF WAY,SSI,DAYLIGHT,CLEAR,DRY,False,39.8063888549805,-86.1912078857422
903770221,2021,2021-04-03,Johnson,Greenwood,SR135S & GRACE ST,Vehicle,LEFT TURN,FAILURE TO YIELD RIGHT OF WAY,SSI,DAYLIGHT,CLEAR,DRY,False,39.6005592346191,-86.1591339111328
903869021,2021,2021-09-01,Morgan,Mooresville,INDIANA ST & WASHINGTON ST,Vehicle,LEFT TURN,FAILURE TO YIELD RIGHT OF WAY,SSI,DAYLIGHT,CLEAR,DRY,False,39.6138458251953,-86.3748626708984
903764957,2021,2021-03-08,Johnson,Greenwood,I-65,Vehicle,RAN OFF ROAD,FAILURE TO MAINTAIN LANE,SSI,DARK (NOT LIGHTED),CLEAR,DRY,True,39.5965538024902,-86.0668716430664
903771197,2021,2021-04-03,Marion,Indianapolis,10TH ST & SHORTRIDGE RD,Vehicle,RIGHT ANGLE,DISREGARD SIGNAL/REG SIGN,SSI,DAYLIGHT,CLEAR,DRY,False,39.7815856933594,-86.0404357910156
903798252,2021,2021-05-04,Marion,Indianapolis,KEYSTONE AVE,Vehicle,REAR END,FOLLOWING TOO CLOSELY,SSI,DAYLIGHT,CLEAR,DRY,False,39.9200325012207,-86.1112823486328
903855430,2021,2021-08-15,Hamilton,Carmel,146 ST & CAREY RD,Vehicle,LEFT TURN,FAILURE TO YIELD RIGHT OF WAY,Fatal,DAYLIGHT,CLEAR,DRY,False,40.0002784729004,-86.1086044311523
903802463,2021,2021-05-31,Hendricks,CLAYTON,CR200E,Vehicle,RAN OFF ROAD,RAN OFF ROAD RIGHT,SSI,DARK (NOT LIGHTED),CLOUDY,DRY,False,39.702205657959,-86.4855728149414
903866385,2021,2021-09-02,Morgan,,hadley rd  & lakeside blvd,Vehicle,LEFT TURN,IMPROPER TURNING,SSI,DAYLIGHT,CLEAR,DRY,False,39.6102333068848,-86.3292617797852
903813080,2021,2021-06-16,Marion,Indianapolis,Broadway St  & E St Clair St,Pedalcycle,OTHER - EXPLAIN IN NARRATIVE,UNSAFE LANE MOVEMENT,SSI,DAYLIGHT,CLOUDY,DRY,False,39.7778663635254,-86.146484375
903754958,2021,2021-03-09,Marion,Indianapolis,MONTEO LN & MONTEO DR,Vehicle,OTHER - EXPLAIN IN NARRATIVE,ANIMAL/OBJECT IN ROADWAY,SSI,DAYLIGHT,CLEAR,DRY,False,39.6740531921387,-86.1831970214844
903773185,2021,2021-04-03,Marion,Indianapolis,465,Vehicle,SAME DIRECTION SIDESWIPE,UNSAFE LANE MOVEMENT,SSI,DAWN/DUSK,CLEAR,DRY,False,39.76318359375,-86.2658462524414
903819847,2021,2021-05-04,Marion,Indianapolis,WASHINGTON ST & HAMBLEN W DR,Vehicle,REAR END,FOLLOWING TOO CLOSELY,SSI,DAYLIGHT,CLEAR,DRY,False,39.7358703613281,-86.3042297363281
903855446,2021,2021-08-15,Hendricks,Avon,RONALD REAGAN PKWY & CR 100 NORTH RD,Vehicle,LEFT TURN,FAILURE TO YIELD RIGHT OF WAY,SSI,DAYLIGHT,CLOUDY,DRY,False,39.7783966064453,-86.3435134887695
903802866,2021,2021-05-31,Marion,Indianapolis,10TH ST & OLNEY ST,Vehicle,REAR END,UNSAFE SPEED,SSI,DAYLIGHT,CLEAR,DRY,False,39.7812767028809,-86.1072845458984
903866526,2021,2021-09-02,Hamilton,Westfield,DITCH RD & 171ST ST,Vehicle,HEAD ON BETWEEN TWO MOTOR VEHICLES,LEFT OF CENTER,SSI,DAYLIGHT,CLEAR,DRY,False,40.0348854064941,-86.1835708618164
903813083,2021,2021-06-16,Marion,Indianapolis,Bluff Rd  & W Epler Ave,Vehicle,RAN OFF ROAD,OVERCORRECTING/OVERSTEERING,SSI,DAYLIGHT,CLOUDY,DRY,False,39.6864204406738,-86.174560546875
903755190,2021,2021-03-09,Marion,Indianapolis,I-70,Vehicle,REAR END,OTHER (DRIVER) - EXPLAIN IN NARRATIVE,SSI,DARK (LIGHTED),CLEAR,DRY,True,39.8062019348145,-86.0636749267578
903774062,2021,2021-04-03,Marion,Indianapolis,MICHIGAN RD & 42ND ST,Vehicle,HEAD ON BETWEEN TWO MOTOR VEHICLES,OVERCORRECTING/OVERSTEERING,SSI,DARK (LIGHTED),CLEAR,DRY,False,39.8308372497559,-86.1835021972656
903787771,2021,2021-05-05,Marion,Indianapolis,29TH ST & BARNES AVE,Vehicle,RIGHT ANGLE,FAILURE TO YIELD RIGHT OF WAY,SSI,DARK (LIGHTED),CLEAR,DRY,False,39.8080177307129,-86.1826248168945
903855914,2021,2021-08-15,Marion,Indianapolis,W Washington St  & S Lynhurst Dr,Vehicle,LEFT TURN,FAILURE TO YIELD RIGHT OF WAY,SSI,DAYLIGHT,CLOUDY,DRY,False,39.7529296875,-86.2500305175781
903803769,2021,2021-05-31,Marion,Indianapolis,N Post Rd  & N Post Rd,Vehicle,REAR END,UNSAFE LANE MOVEMENT,SSI,DAYLIGHT,CLEAR,DRY,False,39.8005828857422,-86.0097045898437
903866614,2021,2021-09-02,Johnson,,Mount Pleasant North St  & Mount Pleasant West St,Vehicle,RIGHT ANGLE,FAILURE TO YIELD RIGHT OF WAY,SSI,DAYLIGHT,CLEAR,DRY,False,39.6330299377441,-86.2039031982422
903814146,2021,2021-06-16,Hamilton,Fishers,69,Vehicle,REAR END,UNSAFE SPEED,SSI,DAYLIGHT,CLEAR,DRY,False,39.9710235595703,-85.9691314697266
903813605,2021,2021-06-17,Marion,Indianapolis,W 10th St  & W Park Way,Vehicle,RIGHT TURN,FAILURE TO YIELD RIGHT OF WAY,SSI,DAYLIGHT,CLEAR,DRY,False,39.7790870666504,-86.3004302978516
903814688,2021,2021-06-17,Marion,Indianapolis,BROOKVILLE RD & KITLEY AVE,Vehicle,OTHER - EXPLAIN IN NARRATIVE,PEDESTRIAN ACTION,SSI,DARK (NOT LIGHTED),CLEAR,DRY,False,39.7570915222168,-86.0601425170898
903815126,2021,2021-06-17,Marion,Indianapolis,E 96TH ST & I69 RAMP,Vehicle,SAME DIRECTION SIDESWIPE,FAILURE TO YIELD RIGHT OF WAY,SSI,DAYLIGHT,CLEAR,DRY,True,39.9270935058594,-86.0286712646484
903816932,2021,2021-06-17,Marion,Indianapolis,HIGH SCHOOL RD & 46TH ST,Vehicle,LEFT TURN,IMPROPER TURNING,SSI,DAYLIGHT,CLEAR,DRY,False,39.8382720947265,-86.2706909179688
903814326,2021,2021-06-18,Morgan,MARTINSVILLE,HACKER CREEK RD & HINSON RD,Vehicle,RAN OFF ROAD,RAN OFF ROAD RIGHT,SSI,DARK (NOT LIGHTED),RAIN,WET,False,39.3557434082031,-86.4780960083008
903814704,2021,2021-06-18,Marion,Indianapolis,BARTON AVE,Vehicle,OTHER - EXPLAIN IN NARRATIVE,OTHER (DRIVER) - EXPLAIN IN NARRATIVE,SSI,DARK (NOT LIGHTED),RAIN,WET,False,39.7609138488769,-86.2315063476563
903815340,2021,2021-06-18,Hamilton,Carmel,KEYSTONE PKWY & 106TH ST,Vehicle,SAME DIRECTION SIDESWIPE,DRIVER ILLNESS,SSI,DAYLIGHT,CLEAR,DRY,False,39.9415969848633,-86.113151550293
903816767,2021,2021-06-18,Shelby,SHELBYVILLE,74,Vehicle,REAR END,IMPROPER LANE USAGE,SSI,DARK (NOT LIGHTED),CLEAR,DRY,False,39.558536529541,-85.7874755859375
903814908,2021,2021-06-19,Marion,Indianapolis,SHERMAN DR & 25TH ST,Vehicle,RIGHT ANGLE,DISREGARD SIGNAL/REG SIGN,SSI,DAYLIGHT,CLOUDY,DRY,False,39.8032493591309,-86.1024475097656
903814927,2021,2021-06-19,Marion,Indianapolis,46TH ST & AUDOBON RD,Vehicle,SAME DIRECTION SIDESWIPE,UNSAFE SPEED,SSI,DAYLIGHT,CLEAR,DRY,False,39.8403778076172,-86.0704345703125
903816936,2021,2021-06-19,Marion,Indianapolis,16TH ST & COLLEGE AVE,Vehicle,RIGHT ANGLE,DISREGARD SIGNAL/REG SIGN,SSI,DAYLIGHT,CLOUDY,WET,False,39.7882385253906,-86.1448822021484
903814799,2021,2021-06-20,Marion,Indianapolis,46TH ST & MOLLER RD,Vehicle,HEAD ON BETWEEN TWO MOTOR VEHICLES,LEFT OF CENTER,SSI,DAYLIGHT,CLEAR,DRY,False,39.8381614685059,-86.2563858032227
903816225,2021,2021-06-20,Marion,Indianapolis,GROVE BERRY DR & WILD WOOD FARMS BLVD,Vehicle,HEAD ON BETWEEN TWO MOTOR VEHICLES,UNSAFE SPEED,SSI,DARK (LIGHTED),CLEAR,DRY,False,39.718864440918,-86.0244979858398
903817817,2021,2021-06-20,Shelby,SHELBYVILLE,E 750 S  & E 750 S,Vehicle,RAN OFF ROAD,OTHER (VEHICLE) - EXPLAIN IN NARRATIVE,SSI,DAYLIGHT,CLOUDY,DRY,False,39.4130744934082,-85.6967468261719
903830315,2021,2021-06-20,Marion,Indianapolis,38th St  & Biscayne Rd,Vehicle,LEFT TURN,FAILURE TO YIELD RIGHT OF WAY,Fatal,DARK (LIGHTED),CLEAR,DRY,False,39.8259506225586,-86.013786315918
903833329,2021,2021-06-20,Marion,Indianapolis,N Franklin Rd,Vehicle,RAN OFF ROAD,OVERCORRECTING/OVERSTEERING,SSI,DARK (NOT LIGHTED),CLEAR,DRY,False,39.7782936096191,-86.0262832641602
903815285,2021,2021-06-21,Hamilton,Noblesville,SR32 & 8TH ST,Vehicle,RIGHT ANGLE,FAILURE TO YIELD RIGHT OF WAY,SSI,DARK (LIGHTED),CLOUDY,DRY,False,40.0456428527832,-86.0146789550781
903816250,2021,2021-06-21,Marion,Indianapolis,W 56TH ST & PIN OAK WAY,Vehicle,NON-COLLISION,OTHER (VEHICLE) - EXPLAIN IN NARRATIVE,SSI,DAYLIGHT,CLOUDY,DRY,False,39.8530578613281,-86.2475509643555
903816253,2021,2021-06-21,Marion,Indianapolis,DR ANDREW J BROWN AVE & E 22ND ST,Vehicle,RIGHT ANGLE,FAILURE TO YIELD RIGHT OF WAY,SSI,DAYLIGHT,CLEAR,DRY,False,39.7977294921875,-86.135482788086
903816261,2021,2021-06-21,Marion,Indianapolis,N RURAL ST & E 10TH ST,Vehicle,HEAD ON BETWEEN TWO MOTOR VEHICLES,FAILURE TO YIELD RIGHT OF WAY,SSI,DAYLIGHT,CLOUDY,DRY,False,39.7813262939453,-86.116569519043