id,year,date,county,city,cross_street,crash_type,manner,primary_factor,ssi_fatal,light,weather,surface,interstate,lat,lon
903816764,2021,2021-06-21,Marion,Indianapolis,I- 465,Vehicle,RAN OFF ROAD,UNSAFE LANE MOVEMENT,SSI,DARK (LIGHTED),CLEAR,DRY,True,39.8220710754394,-86.0311965942383
903822231,2021,2021-06-21,Marion,Indianapolis,W MORRIS ST  & S WEST ST,Vehicle,RIGHT ANGLE,DISREGARD SIGNAL/REG SIGN,Fatal,DAYLIGHT,CLOUDY,DRY,False,39.7515754699707,-86.1670227050781
903816278,2021,2021-06-22,Marion,Indianapolis,ACTON RD & INDIAN CREEK RD,Vehicle,HEAD ON BETWEEN TWO MOTOR VEHICLES,LEFT OF CENTER,SSI,DAWN/DUSK,CLEAR,DRY,False,39.6733779907226,-85.9709854125977
903817407,2021,2021-06-22,Marion,Indianapolis,38TH ST & ALSACE DR,Vehicle,OTHER - EXPLAIN IN NARRATIVE,LEFT OF CENTER,SSI,DARK (LIGHTED),CLEAR,DRY,False,39.8259353637695,-86.0203018188477
903817812,2021,2021-06-22,Shelby,SHELBYVILLE,IN-9  & E 600 S,Vehicle,RAN OFF ROAD,OTHER (DRIVER) - EXPLAIN IN NARRATIVE,SSI,DAYLIGHT,CLEAR,DRY,False,39.4385185241699,-85.7553634643555
903817342,2021,2021-06-23,Hendricks,CLAYTON,CR0,Vehicle,RIGHT ANGLE,FAILURE TO YIELD RIGHT OF WAY,SSI,DAYLIGHT,CLEAR,DRY,False,39.6300010681152,-86.5221252441406
903818325,2021,2021-06-24,Marion,Indianapolis,57TH ST & KEYSTONE AVE,Vehicle,HEAD ON BETWEEN TWO MOTOR VEHICLES,FAILURE TO YIELD RIGHT OF WAY,SSI,DAYLIGHT,CLEAR,DRY,False,39.8566246032715,-86.1220397949219
903820711,2021,2021-06-24,Hamilton,Noblesville,SR37,Vehicle,RIGHT ANGLE,FAILURE TO YIELD RIGHT OF WAY,SSI,DAWN/DUSK,RAIN,WET,False,40.0456619262695,-85.9943466186524
903818654,2021,2021-06-25,Boone,,I65N,Vehicle,RAN OFF ROAD,RAN OFF ROAD RIGHT,SSI,DAYLIGHT,CLOUDY,WET,False,40.1279144287109,-86.5179748535156
903818684,2021,2021-06-25,Johnson,,FAIRVIEW RD & INNISBROOKE AVE,Vehicle,OPPOSITE DIRECTION SIDESWIPE,LEFT OF CENTER,SSI,DAYLIGHT,CLOUDY,DRY,False,39.6196975708008,-86.2043533325195
903819147,2021,2021-06-25,Morgan,MARTINSVILLE,SR67 & SR 39 BYP,Pedalcycle,OTHER - EXPLAIN IN NARRATIVE,FAILURE TO YIELD RIGHT OF WAY,Fatal,DARK (LIGHTED),CLEAR,DRY,False,39.4358139038086,-86.4530181884766
903818853,2021,2021-06-26,Hamilton,Noblesville,DORSET DR & 146 ST,Vehicle,SAME DIRECTION SIDESWIPE,FAILURE TO YIELD RIGHT OF WAY,Fatal,DAYLIGHT,CLOUDY,DRY,False,40.000316619873,-86.0460815429688
903819950,2021,2021-06-26,Morgan,Mooresville,SR67 & CITY PARK ST,Pedestrian,COLLISION WITH OBJECT IN ROAD,FAILURE TO YIELD RIGHT OF WAY,SSI,DAWN/DUSK,CLEAR,DRY,False,39.6048355102539,-86.3712310791016
903820057,2021,2021-06-26,Marion,Indianapolis,46TH ST & ILLINOIS ST,Vehicle,RAN OFF ROAD,RAN OFF ROAD RIGHT,SSI,DARK (LIGHTED),CLEAR,DRY,False,39.8394317626953,-86.1593246459961
903820516,2021,2021-06-26,Marion,Indianapolis,WASHINGTON ST & MITTHOEFER RD,Pedestrian,,PEDESTRIAN ACTION,SSI,DARK (NOT LIGHTED),CLEAR,DRY,False,39.7749061584473,-85.9908905029297
903819120,2021,2021-06-27,Hamilton,,234 ST & CUMBERLAND RD,Vehicle,HEAD ON BETWEEN TWO MOTOR VEHICLES,DISREGARD SIGNAL/REG SIGN,Fatal,DARK (NOT LIGHTED),CLEAR,DRY,False,40.1287384033203,-85.9943695068359
903820568,2021,2021-06-27,Marion,Indianapolis,W 64TH ST,Vehicle,RAN OFF ROAD,RAN OFF ROAD RIGHT,SSI,DAYLIGHT,CLEAR,WET,False,39.8801612854004,-86.1314544677734
903832601,2021,2021-06-27,Marion,Indianapolis,Emerson ave  & English ave,Vehicle,LEFT TURN,FAILURE TO YIELD RIGHT OF WAY,SSI,DAYLIGHT,RAIN,WET,False,39.7603187561035,-86.0829620361328
903820745,2021,2021-06-28,Hancock,,CR200W,Vehicle,RIGHT TURN,FAILURE TO YIELD RIGHT OF WAY,SSI,DAYLIGHT,CLEAR,DRY,False,39.7424697875977,-85.8388748168945
903833354,2021,2021-06-28,Marion,Indianapolis,Georgetown Rd  & Century Plaza Rd,Vehicle,RAN OFF ROAD,OVERCORRECTING/OVERSTEERING,Fatal,DARK (LIGHTED),CLEAR,DRY,False,39.8358993530273,-86.2431793212891
903865046,2021,2021-06-28,Hendricks,Avon,BEECHWOOD CENTRE RD & BASSWOOD DR,Vehicle,RAN OFF ROAD,UNSAFE SPEED,Fatal,DAYLIGHT,CLEAR,DRY,False,39.7673683166504,-86.3872146606445
903820750,2021,2021-06-29,Marion,Lawrence,POST RD & PENDLETON PIKE HWY,Pedalcycle,RIGHT ANGLE,FAILURE TO YIELD RIGHT OF WAY,SSI,DAYLIGHT,CLEAR,DRY,False,39.8442192077637,-86.010139465332
903822390,2021,2021-06-29,Hancock,FORTVILLE,VITALITY DR,Vehicle,REAR END,FOLLOWING TOO CLOSELY,SSI,DAYLIGHT,CLEAR,DRY,False,39.928394317627,-85.8557052612305
903822421,2021,2021-06-29,Marion,Indianapolis,W Minnesota St  & Stout Field East Dr,Vehicle,REAR END,IMPROPER PASSING,SSI,DAYLIGHT,CLEAR,DRY,False,39.7422523498535,-86.2346878051758
903828615,2021,2021-06-29,Marion,Indianapolis,I- 69,Vehicle,RAN OFF ROAD,FAILURE TO MAINTAIN LANE,SSI,DAYLIGHT,CLEAR,DRY,True,39.9046211242676,-86.0460968017578
903821866,2021,2021-06-30,Marion,Indianapolis,W 10th St  & N Livingston Ave,Pedestrian,RIGHT ANGLE,PEDESTRIAN ACTION,Fatal,DARK (LIGHTED),RAIN,WET,False,39.7804145812988,-86.2228012084961
903826549,2021,2021-06-30,Hancock,Greenfield,W NEW RD  & Royal Dr,Pedestrian,OTHER - EXPLAIN IN NARRATIVE,PEDESTRIAN ACTION,SSI,DARK (NOT LIGHTED),CLEAR,DRY,False,39.8136253356934,-85.7932586669922
903755199,2021,2021-03-09,Hendricks,Brownsburg,N CO RD 900 E  & BROOKVIEW DR DR,Vehicle,RAN OFF ROAD,IMPROPER PASSING,SSI,DAYLIGHT,CLEAR,DRY,False,39.8257293701172,-86.3630218505859
903857733,2021,2021-08-15,Marion,Indianapolis,21ST ST & EDMONDSON AVE,Pedestrian,OTHER - EXPLAIN IN NARRATIVE,PEDESTRIAN ACTION,Fatal,DARK (LIGHTED),CLOUDY,DRY,False,39.7963447570801,-86.0498352050781
903770373,2021,2021-04-04,Johnson,PRINCES LAKES,NINEVEH RD,Vehicle,RAN OFF ROAD,OVERCORRECTING/OVERSTEERING,SSI,DAYLIGHT,CLEAR,DRY,False,39.3624153137207,-86.0849609375
903807193,2021,2021-05-31,Marion,Indianapolis,Washington Ct,Vehicle,RAN OFF ROAD,OVERCORRECTING/OVERSTEERING,SSI,DAYLIGHT,CLEAR,DRY,False,39.8153686523437,-86.1529083251953
903856217,2021,2021-08-16,Hamilton,Westfield,146 ST & GRAY RD,Vehicle,COLLISION WITH DEER,ANIMAL/OBJECT IN ROADWAY,SSI,DAWN/DUSK,CLEAR,DRY,False,40.0002365112305,-86.0856323242188
903770399,2021,2021-04-04,Hendricks,Plainfield,STAFFORD RD & WYITAKER RD,Pedestrian,REAR END,UNSAFE SPEED,SSI,DAWN/DUSK,CLEAR,DRY,False,39.6976890563965,-86.3459091186523
903764430,2021,2021-03-09,Marion,Speedway,CRAWFORDSVILLE RD & UNNAMED DR,Pedestrian,OTHER - EXPLAIN IN NARRATIVE,PEDESTRIAN ACTION,SSI,DARK (NOT LIGHTED),CLEAR,DRY,False,39.800121307373,-86.2673873901367
903790534,2021,2021-05-05,Marion,Indianapolis,I-65,Vehicle,RAN OFF ROAD,OTHER (DRIVER) - EXPLAIN IN NARRATIVE,SSI,DAYLIGHT,CLEAR,DRY,True,39.7527389526367,-86.1452484130859
903867853,2021,2021-09-02,Hancock,Cumberland,US40W & 700 W RD,Vehicle,LEFT TURN,IMPROPER TURNING,SSI,DAYLIGHT,CLEAR,DRY,False,39.7776107788086,-85.9333953857422
903788292,2021,2021-05-06,Hendricks,Plainfield,PERRY RD & STAFFORD RD,Vehicle,LEFT TURN,FAILURE TO YIELD RIGHT OF WAY,SSI,DARK (LIGHTED),CLOUDY,DRY,False,39.6974143981934,-86.3556060791016
903868300,2021,2021-09-02,Morgan,MARTINSVILLE,State Rd 37  & Grand Valley Blvd,Vehicle,HEAD ON BETWEEN TWO MOTOR VEHICLES,FAILURE TO MAINTAIN LANE,SSI,DAYLIGHT,CLEAR,DRY,False,39.4166946411133,-86.4124374389648
903767937,2021,2021-03-09,Marion,Indianapolis,TROY AVE & ALLEN AVE,Vehicle,COLLISION WITH OBJECT IN ROAD,DISREGARD SIGNAL/REG SIGN,SSI,DAWN/DUSK,CLEAR,DRY,False,39.7223815917969,-86.1451644897461
903771305,2021,2021-04-04,Marion,Indianapolis,S Hunter Rd  & E Payne Rd,Vehicle,RAN OFF ROAD,UNSAFE LANE MOVEMENT,SSI,DAYLIGHT,CLEAR,DRY,False,39.7204704284668,-86.0498657226563
903872549,2021,2021-09-02,Marion,Indianapolis,Stadium Dr  & Rembrandt St,Vehicle,RIGHT ANGLE,FAILURE TO YIELD RIGHT OF WAY,SSI,DAYLIGHT,CLEAR,DRY,False,39.7854080200195,-86.1808700561523
903788816,2021,2021-05-07,Shelby,SHELBYVILLE,I74E,Vehicle,OTHER - EXPLAIN IN NARRATIVE,IMPROPER PASSING,SSI,DAYLIGHT,CLOUDY,WET,False,39.5521850585938,-85.7787246704102
903857825,2021,2021-08-16,Marion,Indianapolis,W Mooresville Rd  & Hosta Dr,Vehicle,REAR END,DRIVER DISTRACTED - EXPLAIN IN NARRATIVE,SSI,DAYLIGHT,CLEAR,DRY,False,39.6468315124512,-86.3235168457031
903814746,2021,2021-05-31,Marion,Indianapolis,I-70,Vehicle,RAN OFF ROAD,STEERING FAILURE,SSI,DARK (LIGHTED),CLEAR,DRY,True,39.8038940429688,-86.0725708007813
903756123,2021,2021-03-10,Marion,Indianapolis,MEDFORD AVE & 16TH ST,Pedestrian,OTHER - EXPLAIN IN NARRATIVE,PEDESTRIAN ACTION,SSI,DAYLIGHT,CLEAR,DRY,False,39.7878684997558,-86.2095184326172
903771822,2021,2021-04-04,Marion,Indianapolis,BROOKVILLE RD & KITLEY AVE,Vehicle,REAR END,FOLLOWING TOO CLOSELY,SSI,DAYLIGHT,CLEAR,DRY,False,39.7555160522461,-86.0527572631836
903803348,2021,2021-06-01,Marion,Lawrence,DRAYCOTT AVE & LIVERPOOL WAY,Pedestrian,OTHER - EXPLAIN IN NARRATIVE,OTHER (DRIVER) - EXPLAIN IN NARRATIVE,SSI,DAYLIGHT,CLEAR,DRY,False,39.8671569824219,-85.9856719970703
903866723,2021,2021-09-03,Boone,,300 S,Vehicle,RAN OFF ROAD,UNSAFE SPEED,Fatal,DARK (NOT LIGHTED),CLEAR,DRY,False,39.9956474304199,-86.6929473876953
903789837,2021,2021-05-07,Marion,Indianapolis,52ND ST & PRIMROSE AVE,Vehicle,RIGHT ANGLE,FAILURE TO YIELD RIGHT OF WAY,SSI,DAYLIGHT,CLEAR,DRY,False,39.8475646972656,-86.1325836181641
903867275,2021,2021-09-03,Boone,Zionsville,State Road 32  & S 650 E,Vehicle,RAN OFF ROAD,OTHER (DRIVER) - EXPLAIN IN NARRATIVE,Fatal,DARK (LIGHTED),CLEAR,DRY,False,40.0401153564453,-86.3462371826172
903858318,2021,2021-08-16,Marion,Indianapolis,I 465,Vehicle,RAN OFF ROAD,UNSAFE LANE MOVEMENT,SSI,DARK (LIGHTED),CLEAR,DRY,True,39.7212066650391,-86.2646865844727
903868965,2021,2021-09-03,Marion,Indianapolis,Tibbs Ave  & W Southport Rd,Vehicle,RIGHT ANGLE,FAILURE TO YIELD RIGHT OF WAY,SSI,DAYLIGHT,CLEAR,DRY,False,39.6635971069336,-86.2154541015625
903803945,2021,2021-06-01,Morgan,Mooresville,OLD SR 67 HWY & COUNTRY CLUB RD,Vehicle,RAN OFF ROAD,UNSAFE LANE MOVEMENT,SSI,DARK (NOT LIGHTED),CLOUDY,DRY,False,39.5716590881348,-86.3716278076172
903757150,2021,2021-03-10,Marion,Indianapolis,ZIONSVILLE RD & STREAMSIDE DR,Pedestrian,OTHER - EXPLAIN IN NARRATIVE,PEDESTRIAN ACTION,Fatal,DARK (NOT LIGHTED),CLEAR,DRY,False,39.8741188049316,-86.259895324707
903772041,2021,2021-04-04,Marion,Indianapolis,ANNETTE ST & EUGENE ST,Vehicle,RIGHT ANGLE,FAILURE TO YIELD RIGHT OF WAY,Fatal,DAYLIGHT,CLEAR,DRY,False,39.8091735839844,-86.17578125
903759964,2021,2021-03-10,Morgan,MARTINSVILLE,WAVERLY PARK RD & PERRY RD,Vehicle,RAN OFF ROAD,RAN OFF ROAD RIGHT,Fatal,DAYLIGHT,CLEAR,DRY,False,39.5205039978027,-86.2993927001953
903789918,2021,2021-05-07,Marion,Indianapolis,MICHIGAN RD & RURAL ST,Pedestrian,OTHER - EXPLAIN IN NARRATIVE,OTHER (DRIVER) - EXPLAIN IN NARRATIVE,SSI,DAYLIGHT,RAIN,WET,False,39.7743949890137,-86.1163024902344
903774669,2021,2021-04-04,Marion,Indianapolis,38TH ST & IRVINGTON AVE,Pedestrian,OTHER - EXPLAIN IN NARRATIVE,PEDESTRIAN ACTION,Fatal,DARK (NOT LIGHTED),CLEAR,DRY,False,39.8254089355469,-86.0775909423828
903869328,2021,2021-09-03,Marion,Indianapolis,E Washington St  & N Shortridge Rd,Vehicle,RIGHT ANGLE,DISREGARD SIGNAL/REG SIGN,SSI,DARK (LIGHTED),CLOUDY,DRY,False,39.7723350524902,-86.0405578613281
903856654,2021,2021-08-17,Marion,Indianapolis,Patricia St  & Hart Dr,Vehicle,HEAD ON BETWEEN TWO MOTOR VEHICLES,UNSAFE SPEED,SSI,DAYLIGHT,CLEAR,DRY,False,39.8108863830566,-86.2456283569336
903755580,2021,2021-03-11,Boone,,SR47E & N 900 E RD,Vehicle,REAR END,UNSAFE LANE MOVEMENT,SSI,DAYLIGHT,CLOUDY,WET,False,40.1284675598145,-86.3024826049805
903789931,2021,2021-05-07,Marion,Indianapolis,56TH ST & BINFORD BLVD,Vehicle,REAR END,UNSAFE SPEED,SSI,DARK (NOT LIGHTED),CLEAR,DRY,False,39.8550491333008,-86.0961380004883
903806881,2021,2021-06-01,Marion,Indianapolis,HIGH SCHOOL RD & SAM JONES EXPY,Vehicle,HEAD ON BETWEEN TWO MOTOR VEHICLES,LEFT OF CENTER,Fatal,DARK (LIGHTED),CLEAR,DRY,False,39.7278518676758,-86.2697219848633
903776184,2021,2021-04-04,Marion,Indianapolis,DR ANDREW J BROWN AVE & 27TH ST,Vehicle,SAME DIRECTION SIDESWIPE,OVERCORRECTING/OVERSTEERING,SSI,DARK (NOT LIGHTED),CLEAR,DRY,False,39.8041191101074,-86.1355438232422
903791612,2021,2021-05-07,Marion,Indianapolis,HOLT RD & ROCKVILLE RD,Pedestrian,OTHER - EXPLAIN IN NARRATIVE,PEDESTRIAN ACTION,SSI,DARK (NOT LIGHTED),CLOUDY,DRY,False,39.7636070251465,-86.2251358032227
903856728,2021,2021-08-17,Johnson,TRAFALGAR,CR500W,Vehicle,RAN OFF ROAD,BRAKE FAILURE OR DEFECTIVE,SSI,DARK (NOT LIGHTED),CLEAR,DRY,False,39.6330413818359,-86.1963119506836
903755811,2021,2021-03-11,Hendricks,Plainfield,US40 & S VESTAL RD,Vehicle,RIGHT ANGLE,FAILURE TO YIELD RIGHT OF WAY,SSI,DARK (LIGHTED),CLOUDY,WET,False,39.6999664306641,-86.4110870361328
903791613,2021,2021-05-07,Marion,Indianapolis,MASSACHUSETTS AVE & RITTER AVE,Vehicle,RAN OFF ROAD,RAN OFF ROAD RIGHT,Fatal,DAYLIGHT,CLEAR,DRY,False,39.8142776489258,-86.0766830444336
903856770,2021,2021-08-17,Hendricks,,SR267 & NETWORK DR,Vehicle,RAN OFF ROAD,RAN OFF ROAD RIGHT,SSI,DAYLIGHT,CLEAR,DRY,False,39.6528587341309,-86.3783950805664
903771063,2021,2021-04-05,Hendricks,Plainfield,US40 & HALLIBURTON RD,Vehicle,RIGHT ANGLE,FAILURE TO YIELD RIGHT OF WAY,SSI,DAYLIGHT,CLEAR,DRY,False,39.7268676757813,-86.3386077880859
903804641,2021,2021-06-02,Hancock,FORTVILLE,SR13N & MADISON ST,Vehicle,REAR END,FOLLOWING TOO CLOSELY,SSI,DAYLIGHT,CLEAR,DRY,False,39.9492378234863,-85.8434677124023
903867703,2021,2021-09-04,Hancock,,FORTVILLE PIKE RD,Vehicle,RAN OFF ROAD,RAN OFF ROAD RIGHT,SSI,DAYLIGHT,CLEAR,DRY,False,39.8727912902832,-85.8229522705078
903857023,2021,2021-08-17,Shelby,SMITHLAND,S Smithland Rd  & S 425 W,Pedestrian,OTHER - EXPLAIN IN NARRATIVE,PEDESTRIAN ACTION,Fatal,DARK (NOT LIGHTED),CLEAR,DRY,False,39.4501724243164,-85.8605041503906
903771429,2021,2021-04-05,Marion,Indianapolis,34TH ST & EMERSON AVE,Vehicle,RIGHT ANGLE,FAILURE TO YIELD RIGHT OF WAY,SSI,DARK (NOT LIGHTED),CLEAR,DRY,False,39.8183441162109,-86.0835952758789
903798591,2021,2021-03-11,Marion,Indianapolis,LAKEVIEW DR,Pedestrian,OTHER - EXPLAIN IN NARRATIVE,OTHER (DRIVER) - EXPLAIN IN NARRATIVE,SSI,DARK (LIGHTED),CLEAR,WET,False,39.7745323181152,-86.2683639526367
903796875,2021,2021-05-07,Marion,Indianapolis,I-74,Vehicle,RAN OFF ROAD,UNSAFE LANE MOVEMENT,SSI,DAYLIGHT,CLOUDY,WET,True,39.8226051330566,-86.307975769043
903868749,2021,2021-09-04,Marion,Indianapolis,MADISON AVE & EPLER AVE,Vehicle,LEFT/RIGHT TURN,FAILURE TO YIELD RIGHT OF WAY,SSI,DARK (LIGHTED),RAIN,WET,False,39.6865921020508,-86.1343688964844
903857024,2021,2021-08-17,Shelby,SHELBYVILLE,W 550 S,Vehicle,RAN OFF ROAD,IMPROPER TURNING,SSI,DARK (NOT LIGHTED),CLEAR,DRY,False,39.5325889587402,-85.6310043334961
903779944,2021,2021-04-05,Marion,Indianapolis,PACA ST,Pedestrian,OTHER - EXPLAIN IN NARRATIVE,OTHER (DRIVER) - EXPLAIN IN NARRATIVE,SSI,DARK (LIGHTED),CLEAR,DRY,False,39.7799415588379,-86.1718673706055
903756805,2021,2021-03-12,Hamilton,Westfield,E 146TH ST & LOWES WAY,Vehicle,RIGHT ANGLE,DISREGARD SIGNAL/REG SIGN,SSI,DAYLIGHT,CLOUDY,DRY,False,40.0002517700195,-86.1227264404297
903790225,2021,2021-05-08,Hamilton,Carmel,96TH ST & N MERIDIAN ST,Pedalcycle,OTHER - EXPLAIN IN NARRATIVE,IMPROPER LANE USAGE,SSI,DARK (NOT LIGHTED),CLEAR,DRY,False,39.9270858764648,-86.155891418457
903869458,2021,2021-09-04,Marion,Indianapolis,EMERSON AVE & ORANGE ST,Vehicle,RAN OFF ROAD,UNSAFE SPEED,SSI,DARK (LIGHTED),CLEAR,DRY,False,39.7517433166504,-86.0826873779297
903857100,2021,2021-08-17,Marion,Indianapolis,46TH ST & LAFAYETTE RD,Vehicle,HEAD ON BETWEEN TWO MOTOR VEHICLES,FAILURE TO YIELD RIGHT OF WAY,SSI,DARK (NOT LIGHTED),CLEAR,DRY,False,39.8385276794434,-86.2493438720703
903804930,2021,2021-06-02,Marion,Indianapolis,NEW YORK ST & BRADLEY AVE,Vehicle,SAME DIRECTION SIDESWIPE,IMPROPER TURNING,SSI,DAYLIGHT,RAIN,WET,False,39.7719039916992,-86.1008834838867
903867856,2021,2021-09-05,Morgan,Mooresville,GREENCASTLE RD & HARRISON LN,Vehicle,OPPOSITE DIRECTION SIDESWIPE,UNSAFE LANE MOVEMENT,SSI,DAYLIGHT,CLEAR,DRY,False,39.6133842468262,-86.3842086791992
903859079,2021,2021-08-18,Morgan,Mooresville,PAUL REVERE DR & LIBERTY BLVD,Vehicle,RAN OFF ROAD,DRIVER ILLNESS,SSI,DAYLIGHT,CLEAR,DRY,False,39.6160011291504,-86.3472747802734
903771744,2021,2021-04-06,Johnson,Bargersville,SR135S & WHITELAND RD,Vehicle,RAN OFF ROAD,OVERCORRECTING/OVERSTEERING,SSI,DAYLIGHT,CLEAR,DRY,False,39.5360717773438,-86.1583557128906
903757114,2021,2021-03-12,Hancock,,US52,Vehicle,OPPOSITE DIRECTION SIDESWIPE,LEFT OF CENTER,SSI,DARK (LIGHTED),CLEAR,DRY,False,39.7139396667481,-85.8585510253906
903804261,2021,2021-06-03,Hamilton,Westfield,OAK RIDGE RD & 156TH ST,Vehicle,OTHER - EXPLAIN IN NARRATIVE,DISREGARD SIGNAL/REG SIGN,SSI,DAYLIGHT,CLOUDY,WET,False,40.0141448974609,-86.1458892822266
903789369,2021,2021-05-09,Boone,,STRAWTOWN RD  & N 1000 E,Vehicle,HEAD ON BETWEEN TWO MOTOR VEHICLES,LEFT OF CENTER,Fatal,DARK (NOT LIGHTED),RAIN,WET,False,40.128963470459,-86.2763137817383
903867897,2021,2021-09-05,Marion,Beech Grove,CHURCHMAN BYP & SOUTH ARLINGTON AVE,Vehicle,RAN OFF ROAD,UNSAFE SPEED,SSI,DARK (LIGHTED),CLEAR,DRY,False,39.712589263916,-86.0636291503906
903860270,2021,2021-08-19,Marion,Indianapolis,Southeastern Ave   & Acton Rd,Vehicle,RAN OFF ROAD,UNSAFE LANE MOVEMENT,SSI,DAYLIGHT,CLOUDY,DRY,False,39.6826515197754,-85.9704895019531
903771749,2021,2021-04-06,Marion,Indianapolis,I-70,Vehicle,RAN OFF ROAD,UNSAFE LANE MOVEMENT,SSI,DARK (LIGHTED),CLEAR,DRY,True,39.7886123657226,-86.1306304931641
903757685,2021,2021-03-13,Marion,Indianapolis,RAYMOND ST & OLD RAYMOND ST,Vehicle,RAN OFF ROAD,RAN OFF ROAD RIGHT,SSI,DAYLIGHT,CLEAR,DRY,False,39.7365570068359,-86.164421081543
903804626,2021,2021-06-03,Johnson,Greenwood,COUNTY LINE RD & TREE TOP LN,Vehicle,SAME DIRECTION SIDESWIPE,IMPROPER LANE USAGE,SSI,DAYLIGHT,CLOUDY,DRY,False,39.6354446411133,-86.1343307495117
903790059,2021,2021-05-09,Marion,Indianapolis,MOLLER RD & 46TH ST,Vehicle,HEAD ON BETWEEN TWO MOTOR VEHICLES,SPEED TOO FAST FOR WEATHER CONDITIONS,SSI,DAYLIGHT,RAIN,WET,False,39.8381614685059,-86.2563858032227
903868697,2021,2021-09-05,Marion,Indianapolis,OAKLANDON RD & GLEN HIGHLANDS DR,Vehicle,RIGHT ANGLE,FAILURE TO YIELD RIGHT OF WAY,SSI,DAYLIGHT,CLEAR,DRY,False,39.9068641662598,-85.9568481445313
903862350,2021,2021-08-19,Marion,Indianapolis,I-465,Vehicle,OTHER - EXPLAIN IN NARRATIVE,OTHER (DRIVER) - EXPLAIN IN NARRATIVE,Fatal,DARK (LIGHTED),CLEAR,DRY,True,39.7692337036133,-86.2686462402344
903771869,2021,2021-04-06,Marion,Indianapolis,30TH ST & EMERSON AVE,Vehicle,HEAD ON BETWEEN TWO MOTOR VEHICLES,FAILURE TO YIELD RIGHT OF WAY,SSI,DAWN/DUSK,CLEAR,DRY,False,39.8096961975098,-86.0834884643555
903761241,2021,2021-03-13,Marion,Indianapolis,MASSACHUSETTS AVE & 30TH ST,Vehicle,RAN OFF ROAD,RAN OFF ROAD RIGHT,SSI,DARK (NOT LIGHTED),CLOUDY,DRY,False,39.8106880187988,-86.0843048095703
903868703,2021,2021-09-05,Marion,Indianapolis,SOUTHEASTERN AVE & 20 ST,Vehicle,RIGHT ANGLE,FAILURE TO YIELD RIGHT OF WAY,SSI,DAYLIGHT,CLEAR,DRY,False,39.7554893493652,-86.1151657104492
903859085,2021,2021-08-20,Hendricks,,I74,Vehicle,SAME DIRECTION SIDESWIPE,UNSAFE LANE MOVEMENT,SSI,DAYLIGHT,CLEAR,DRY,True,39.8789215087891,-86.4394760131836
903804937,2021,2021-06-03,Marion,Indianapolis,ENGLISH AVE,Vehicle,OPPOSITE DIRECTION SIDESWIPE,LEFT OF CENTER,SSI,DARK (LIGHTED),CLEAR,DRY,False,39.7596473693848,-86.1413955688477
903772217,2021,2021-04-06,Hancock,McCordsville,600   & CR 900,Vehicle,LEFT TURN,FAILURE TO YIELD RIGHT OF WAY,Fatal,DAYLIGHT,CLEAR,DRY,False,39.9133224487305,-85.9190902709961
903790704,2021,2021-05-09,Marion,Indianapolis,34TH ST & LAFAYETTE RD,Vehicle,RIGHT TURN,DISREGARD SIGNAL/REG SIGN,SSI,DAWN/DUSK,RAIN,WET,False,39.8165435791016,-86.2275848388672
903759256,2021,2021-03-14,Morgan,,SR67S & STATE ROAD 67 RD,Vehicle,REAR END,UNSAFE LANE MOVEMENT,SSI,DARK (NOT LIGHTED),CLEAR,DRY,False,39.4952774047851,-86.3793258666992
903859886,2021,2021-08-20,Marion,Indianapolis,US 31 S ST & STOP 12 RD,Vehicle,RIGHT ANGLE,FAILURE TO YIELD RIGHT OF WAY,SSI,DAYLIGHT,CLEAR,DRY,False,39.6428565979004,-86.1319046020508
903791396,2021,2021-05-09,Marion,Indianapolis,I-465,Vehicle,RAN OFF ROAD,UNSAFE LANE MOVEMENT,SSI,DAYLIGHT,CLOUDY,DRY,True,39.7955894470215,-86.2743606567383
903804943,2021,2021-06-03,Marion,Indianapolis,23RD ST & HARDING ST,Vehicle,RIGHT ANGLE,FAILURE TO YIELD RIGHT OF WAY,SSI,DAYLIGHT,CLOUDY,DRY,False,39.7991676330566,-86.1875228881836
903771924,2021,2021-04-07,Hamilton,Carmel,E 106TH ST,Vehicle,RAN OFF ROAD,RAN OFF ROAD RIGHT,SSI,DARK (NOT LIGHTED),CLEAR,DRY,False,39.9413757324219,-86.122802734375
903869515,2021,2021-09-05,Marion,Indianapolis,WEST ST & I70 EASTBOUND EXIT RAMP,Vehicle,RIGHT ANGLE,DISREGARD SIGNAL/REG SIGN,SSI,DAYLIGHT,CLEAR,DRY,True,39.753044128418,-86.1669311523438
903759971,2021,2021-03-14,Marion,Indianapolis,38TH ST & EMERSON AVE,Pedestrian,OTHER - EXPLAIN IN NARRATIVE,ALCOHOLIC BEVERAGES,Fatal,DARK (LIGHTED),CLEAR,DRY,False,39.8254776000976,-86.0829391479492
903859906,2021,2021-08-20,Marion,Indianapolis,EVERGREEN AVE & FALL CREEK PKWY N DR,Vehicle,NON-COLLISION,STEERING FAILURE,SSI,DAYLIGHT,RAIN,WET,False,39.8201446533203,-86.1373901367188
903791487,2021,2021-05-09,Morgan,MARTINSVILLE,PUMPKINVINE HILL RD & WILBUR RD,Vehicle,OTHER - EXPLAIN IN NARRATIVE,UNSAFE SPEED,Fatal,DAYLIGHT,CLOUDY,WET,False,39.4613151550293,-86.4621658325195