id,year,date,county,city,cross_street,crash_type,manner,primary_factor,ssi_fatal,light,weather,surface,interstate,lat,lon
903804993,2021,2021-06-03,Marion,Indianapolis,18TH ST & HARDING ST,Vehicle,RIGHT ANGLE,DISREGARD SIGNAL/REG SIGN,SSI,DARK (LIGHTED),CLEAR,DRY,False,39.790943145752,-86.1875534057617
903776187,2021,2021-04-07,Marion,Indianapolis,SHADELAND AVE & 30TH ST,Vehicle,RAN OFF ROAD,RAN OFF ROAD RIGHT,Fatal,DAYLIGHT,CLOUDY,DRY,False,39.8112144470215,-86.0455017089844
903870162,2021,2021-09-05,Marion,Indianapolis,N Emerson Ave  & Hawks Point Rd,Vehicle,NON-COLLISION,OTHER (DRIVER) - EXPLAIN IN NARRATIVE,SSI,DAYLIGHT,CLOUDY,WET,False,39.8481750488281,-86.0840759277344
903760663,2021,2021-03-14,Marion,Indianapolis,GLADSTONE AVE & 13TH ST,Vehicle,HEAD ON BETWEEN TWO MOTOR VEHICLES,UNSAFE SPEED,SSI,DAYLIGHT,CLEAR,DRY,False,39.7843856811524,-86.0969314575195
903860264,2021,2021-08-20,Marion,Indianapolis,E New York St  & N Forest Ave,Vehicle,RIGHT ANGLE,FAILURE TO YIELD RIGHT OF WAY,SSI,DAYLIGHT,CLOUDY,DRY,False,39.7718048095703,-86.1213760375977
903798328,2021,2021-05-09,Marion,Indianapolis,42ND ST & POST RD,Vehicle,LEFT TURN,FAILURE TO YIELD RIGHT OF WAY,Fatal,DAYLIGHT,RAIN,WET,False,39.8334007263183,-86.010025024414
903805094,2021,2021-06-03,Marion,Indianapolis,N Delaware St,Vehicle,RIGHT ANGLE,DISREGARD SIGNAL/REG SIGN,SSI,DAYLIGHT,CLOUDY,DRY,False,39.7823486328125,-86.1539535522461
903772514,2021,2021-04-08,Marion,Indianapolis,W MORRIS ST,Pedestrian,OPPOSITE DIRECTION SIDESWIPE,PEDESTRIAN ACTION,SSI,DARK (LIGHTED),RAIN,WET,False,39.7469100952148,-86.2341766357422
903870341,2021,2021-09-05,Marion,Indianapolis,S POST RD  & E TROY AVE,Vehicle,RIGHT ANGLE,DISREGARD SIGNAL/REG SIGN,Fatal,DAYLIGHT,CLEAR,DRY,False,39.7256011962891,-86.0085220336914
903768056,2021,2021-03-14,Marion,Indianapolis,HIGH SCHOOL RD & WIXSHIRE DR,Vehicle,BACKING CRASH,UNSAFE BACKING,Fatal,DARK (NOT LIGHTED),CLEAR,DRY,False,39.8360404968262,-86.2705154418945
903860786,2021,2021-08-20,Boone,,S 400 E  & State Rd 32,Vehicle,REAR END,IMPROPER PASSING,SSI,DAYLIGHT,CLEAR,DRY,False,40.0393180847168,-86.3939666748047
903790579,2021,2021-05-10,Marion,Indianapolis,POTOMAC SQUARE DR & GEORGETOWN RD,Pedalcycle,RIGHT ANGLE,FAILURE TO YIELD RIGHT OF WAY,SSI,DAYLIGHT,CLEAR,DRY,False,39.8735580444336,-86.2445449829102
903773041,2021,2021-04-08,Marion,Indianapolis,ENGLISH AVE & RURAL ST,Vehicle,REAR END,FOLLOWING TOO CLOSELY,SSI,DAYLIGHT,CLOUDY,DRY,False,39.7597999572754,-86.1165542602539
903806754,2021,2021-06-03,Hamilton,Fishers,126TH ST & BROOKS SCHOOL RD,Vehicle,RIGHT ANGLE,DISREGARD SIGNAL/REG SIGN,SSI,DARK (NOT LIGHTED),CLOUDY,DRY,False,39.9721412658691,-85.9423980712891
903875159,2021,2021-09-05,Hancock,,300N  & BUCK CREEK RD,Vehicle,HEAD ON BETWEEN TWO MOTOR VEHICLES,LEFT OF CENTER,Fatal,DAYLIGHT,CLEAR,DRY,False,39.826847076416,-85.9462661743164
903790590,2021,2021-05-10,Marion,Indianapolis,EPLER AVE,Vehicle,RAN OFF ROAD,RAN OFF ROAD RIGHT,SSI,DAYLIGHT,CLEAR,DRY,False,39.6859893798828,-86.1746292114258
903862283,2021,2021-08-20,Shelby,SHELBYVILLE,S Marietta Rd  & S 600 W,Vehicle,RIGHT ANGLE,OVERCORRECTING/OVERSTEERING,SSI,DAYLIGHT,CLEAR,DRY,False,39.4309234619141,-85.8930740356445
903758683,2021,2021-03-15,Marion,Indianapolis,ENGLISH AVE & BROOKVILLE RD,Pedestrian,SAME DIRECTION SIDESWIPE,UNSAFE LANE MOVEMENT,SSI,DARK (LIGHTED),CLEAR,DRY,False,39.7604598999024,-86.0771026611328
903773055,2021,2021-04-08,Marion,Indianapolis,EAST ST & SOUTHERN AVE,Vehicle,RIGHT ANGLE,FAILURE TO YIELD RIGHT OF WAY,SSI,DAYLIGHT,RAIN,WET,False,39.7298889160156,-86.1492462158203
903799922,2021,2021-05-10,Marion,Beech Grove,EMERSON AVE & SUBWAY ST,Vehicle,LEFT TURN,FAILURE TO YIELD RIGHT OF WAY,SSI,DAYLIGHT,CLEAR,DRY,False,39.7258415222168,-86.0824813842773
903868233,2021,2021-09-06,Shelby,SHELBYVILLE,E LOCUST ST & S PIKE ST,Pedalcycle,RIGHT ANGLE,OTHER (DRIVER) - EXPLAIN IN NARRATIVE,SSI,DAYLIGHT,CLEAR,DRY,False,39.5189361572265,-85.7747573852539
903807017,2021,2021-06-03,Marion,Indianapolis,BELMONT AVE & MORRIS ST,Vehicle,RIGHT ANGLE,FAILURE TO YIELD RIGHT OF WAY,Fatal,DAYLIGHT,CLEAR,DRY,False,39.7510185241699,-86.1967849731445
903858938,2021,2021-08-21,Hendricks,Brownsburg,E Co Rd 300 N  & N. Ronald Reagan pkwy,Vehicle,OPPOSITE DIRECTION SIDESWIPE,OTHER (DRIVER) - EXPLAIN IN NARRATIVE,SSI,DAYLIGHT,CLEAR,DRY,False,39.8073463439941,-86.3500289916992
903775128,2021,2021-04-09,Marion,Indianapolis,EMERSON AVE & PROSPECT ST,Vehicle,OPPOSITE DIRECTION SIDESWIPE,UNSAFE LANE MOVEMENT,SSI,DAYLIGHT,CLOUDY,DRY,False,39.7528495788574,-86.0826873779297
903791340,2021,2021-05-11,Marion,Indianapolis,FRANKLIN RD & SOUTHPORT RD,Vehicle,REAR END,FOLLOWING TOO CLOSELY,SSI,DAYLIGHT,CLOUDY,DRY,False,39.6652679443359,-86.0185012817383
903869577,2021,2021-09-07,Marion,Indianapolis,McFarland Rd  & E Epler Ave,Pedestrian,OTHER - EXPLAIN IN NARRATIVE,OTHER (DRIVER) - EXPLAIN IN NARRATIVE,SSI,DAYLIGHT,CLEAR,DRY,False,39.6871452331543,-86.1148910522461
903805489,2021,2021-06-04,Hamilton,,191 ST & PILGRIM RD,Vehicle,OPPOSITE DIRECTION SIDESWIPE,LEFT OF CENTER,SSI,DARK (NOT LIGHTED),CLEAR,DRY,False,40.0663948059082,-85.9188995361328
903859999,2021,2021-08-21,Marion,Indianapolis,BLUFF RD & SUMNER AVE,Vehicle,RAN OFF ROAD,DRIVER ASLEEP OR FATIGUED,SSI,DARK (NOT LIGHTED),CLEAR,DRY,False,39.7685470581055,-86.169303894043
903776188,2021,2021-04-09,Marion,Indianapolis,MICHIGAN RD & 57TH ST,Vehicle,RAN OFF ROAD,OVERCORRECTING/OVERSTEERING,Fatal,DAYLIGHT,CLEAR,DRY,False,39.8588905334473,-86.1971130371094
903791323,2021,2021-05-12,Marion,Lawrence,US36W & 52ND ST,Vehicle,HEAD ON BETWEEN TWO MOTOR VEHICLES,FAILURE TO YIELD RIGHT OF WAY,SSI,DAYLIGHT,CLEAR,DRY,False,39.8480339050293,-86.0025939941406
903870882,2021,2021-09-07,Marion,Indianapolis,E WASHINGTON ST  & GERMAN CHURCH RD,Pedestrian,RIGHT ANGLE,PEDESTRIAN ACTION,Fatal,DARK (NOT LIGHTED),RAIN,WET,False,39.7757682800293,-85.9721908569336
903806882,2021,2021-06-04,Marion,Indianapolis,MICHIGAN ST & LUETT AVE,Vehicle,HEAD ON BETWEEN TWO MOTOR VEHICLES,IMPROPER TURNING,Fatal,DAYLIGHT,CLEAR,DRY,False,39.7738075256348,-86.2238159179688
903860067,2021,2021-08-21,Marion,Indianapolis,E 46TH ST & CRITTENDEN AVE,Pedalcycle,LEFT/RIGHT TURN,FAILURE TO YIELD RIGHT OF WAY,SSI,DAYLIGHT,CLOUDY,DRY,False,39.8401489257812,-86.1274108886719
903779888,2021,2021-04-09,Marion,Indianapolis,BROADRIPPLE AVE & PRIMROSE AVE,Vehicle,OTHER - EXPLAIN IN NARRATIVE,UNSAFE SPEED,Fatal,DARK (LIGHTED),CLEAR,DRY,False,39.86865234375,-86.1328735351562
903791903,2021,2021-05-12,Hamilton,Carmel,SPRINGMILL RD & SPRINGMILL BLVD,Pedalcycle,LEFT/RIGHT TURN,FAILURE TO YIELD RIGHT OF WAY,SSI,DAYLIGHT,CLEAR,DRY,False,39.9864158630371,-86.1565017700195
903872565,2021,2021-09-07,Marion,Indianapolis,W 56TH ST  & LAFAYETTE RD,Vehicle,LEFT TURN,DISREGARD SIGNAL/REG SIGN,Fatal,DAYLIGHT,CLEAR,DRY,False,39.8530235290527,-86.2635116577149
903860428,2021,2021-08-21,Marion,Indianapolis,LAFAYETTE RD  & MERCHANTS DR,Pedestrian,RIGHT ANGLE,PEDESTRIAN ACTION,Fatal,DARK (NOT LIGHTED),CLEAR,DRY,False,39.8071708679199,-86.218276977539
903809827,2021,2021-06-04,Shelby,,N 600 W,Vehicle,RAN OFF ROAD,FAILURE TO MAINTAIN LANE,Fatal,DAWN/DUSK,CLEAR,DRY,False,39.6934661865234,-85.8956146240234
903792278,2021,2021-05-13,Hendricks,COATESVILLE,SR75,Vehicle,OTHER - EXPLAIN IN NARRATIVE,LEFT OF CENTER,Fatal,DAYLIGHT,CLEAR,DRY,False,39.7009124755859,-86.6553802490234
903780790,2021,2021-04-09,Marion,Indianapolis,I- 465,Vehicle,REAR END,UNSAFE SPEED,SSI,DAYLIGHT,CLEAR,DRY,True,39.9065475463867,-86.0725555419922
903869980,2021,2021-09-08,Hendricks,,CR275E,Vehicle,RAN OFF ROAD,RAN OFF ROAD RIGHT,SSI,DARK (NOT LIGHTED),CLEAR,DRY,False,39.9034156799316,-86.4729843139648
903805373,2021,2021-06-05,Hamilton,Fishers,I69N,Vehicle,RAN OFF ROAD,RAN OFF ROAD RIGHT,SSI,DAYLIGHT,CLEAR,DRY,False,39.9657707214355,-86.0001831054688
903787005,2021,2021-04-09,Marion,Indianapolis,I- 465,Pedestrian,OTHER - EXPLAIN IN NARRATIVE,DRIVER DISTRACTED - EXPLAIN IN NARRATIVE,SSI,DARK (NOT LIGHTED),CLEAR,DRY,True,39.7001686096191,-86.1282958984375
903862271,2021,2021-08-21,Shelby,SHELBYVILLE,S Smithland Rd  & W 500 S,Vehicle,RAN OFF ROAD,DRIVER ILLNESS,SSI,DAYLIGHT,CLEAR,DRY,False,39.451416015625,-85.8584365844727
903792474,2021,2021-05-13,Marion,Indianapolis,HOLT RD & ROCKVILLE RD,Vehicle,RAN OFF ROAD,OTHER (VEHICLE) - EXPLAIN IN NARRATIVE,SSI,DAYLIGHT,CLEAR,DRY,False,39.7641410827637,-86.2255325317383
903872552,2021,2021-09-08,Marion,Indianapolis,S Lasalle St  & E Washington St,Vehicle,RIGHT ANGLE,FAILURE TO YIELD RIGHT OF WAY,SSI,DAYLIGHT,CLEAR,DRY,False,39.7687873840332,-86.109504699707
903805439,2021,2021-06-05,Hamilton,Fishers,116TH ST & CUMBERLAND RD,Vehicle,REAR END,FOLLOWING TOO CLOSELY,SSI,DAYLIGHT,CLEAR,DRY,False,39.956958770752,-85.9940948486328
903773886,2021,2021-04-10,Marion,Indianapolis,WEST PERIMETER RD & BRIDGEPORT RDS,Vehicle,RIGHT ANGLE,FAILURE TO YIELD RIGHT OF WAY,SSI,DAYLIGHT,RAIN,WET,False,39.7303352355957,-86.3188400268555
903865633,2021,2021-08-21,Marion,Beech Grove,I- 465,Vehicle,REAR END,FOLLOWING TOO CLOSELY,SSI,DAYLIGHT,CLEAR,DRY,True,39.7038345336914,-86.0854721069336
903795630,2021,2021-05-13,Marion,Indianapolis,MICHIGAN ST & BELMONT AVE,Vehicle,RIGHT ANGLE,DISREGARD SIGNAL/REG SIGN,Fatal,DARK (LIGHTED),CLEAR,DRY,False,39.7746391296387,-86.1969833374023
903873139,2021,2021-09-08,Marion,Indianapolis,Wildwood Farms Ln  & Wildwood Farms BLVD,Vehicle,RIGHT ANGLE,DISREGARD SIGNAL/REG SIGN,SSI,DAYLIGHT,CLEAR,DRY,False,39.7172088623047,-86.0244598388672
903805614,2021,2021-06-05,Morgan,,SR267S & E HENDRICKS COUNTY LINE RD,Vehicle,HEAD ON BETWEEN TWO MOTOR VEHICLES,DISREGARD SIGNAL/REG SIGN,Fatal,DAYLIGHT,CLEAR,DRY,False,39.6306800842285,-86.3855743408203
903774658,2021,2021-04-10,Marion,Indianapolis,EMERSON AVE & TODD RD,Vehicle,HEAD ON BETWEEN TWO MOTOR VEHICLES,LEFT OF CENTER,SSI,DARK (NOT LIGHTED),CLOUDY,WET,False,39.6439018249512,-86.0826644897461
903859473,2021,2021-08-22,Marion,Lawrence,US 36 RTE & N POST RD,Vehicle,HEAD ON BETWEEN TWO MOTOR VEHICLES,FAILURE TO YIELD RIGHT OF WAY,SSI,DARK (LIGHTED),CLEAR,DRY,False,39.8445320129395,-86.0101623535156
903796414,2021,2021-05-13,Marion,Indianapolis,I-70,Vehicle,OPPOSITE DIRECTION SIDESWIPE,UNSAFE LANE MOVEMENT,SSI,DAYLIGHT,CLEAR,DRY,True,39.8009452819824,-86.0928497314453
903876937,2021,2021-09-08,Marion,Indianapolis,I- 465,Vehicle,RAN OFF ROAD,OTHER (DRIVER) - EXPLAIN IN NARRATIVE,SSI,DARK (NOT LIGHTED),CLEAR,DRY,True,39.8931159973145,-86.0518035888672
903805636,2021,2021-06-05,Morgan,MARTINSVILLE,SR67S,Vehicle,LEFT TURN,FAILURE TO YIELD RIGHT OF WAY,SSI,DAYLIGHT,CLEAR,DRY,False,39.4827728271484,-86.4397201538086
903777946,2021,2021-04-10,Marion,Indianapolis,I-65,Vehicle,RAN OFF ROAD,SPEED TOO FAST FOR WEATHER CONDITIONS,SSI,DARK (LIGHTED),RAIN,WET,True,39.9077682495117,-86.3182907104492
903860120,2021,2021-08-22,Marion,Indianapolis,PARIS AVE & 25TH ST,Pedalcycle,RIGHT ANGLE,FAILURE TO YIELD RIGHT OF WAY,SSI,DAYLIGHT,CLEAR,DRY,False,39.8034858703613,-86.1667556762695
903801219,2021,2021-05-13,Marion,Indianapolis,70,Vehicle,REAR END,UNSAFE LANE MOVEMENT,Fatal,DAYLIGHT,CLEAR,DRY,False,39.755989074707,-86.2042694091797
903870637,2021,2021-09-09,Hamilton,SHERIDAN(HAMILTON),286 ST & JERKWATER RD,Vehicle,RIGHT ANGLE,DISREGARD SIGNAL/REG SIGN,SSI,DARK (NOT LIGHTED),CLEAR,DRY,False,40.2021293640137,-86.2235794067383
903806117,2021,2021-06-05,Marion,Indianapolis,MERIDIAN ST & 36TH ST,Vehicle,RIGHT ANGLE,FAILURE TO YIELD RIGHT OF WAY,SSI,DARK (LIGHTED),CLEAR,DRY,False,39.8211708068848,-86.1567840576172
903779956,2021,2021-04-10,Marion,Indianapolis,MOLLER RD & 34TH ST,Vehicle,RIGHT ANGLE,UNSAFE SPEED,SSI,DAYLIGHT,CLOUDY,DRY,False,39.8162384033203,-86.2557907104492
903861012,2021,2021-08-22,Marion,Indianapolis,E 56th St,Pedestrian,RIGHT ANGLE,PEDESTRIAN ACTION,SSI,DARK (NOT LIGHTED),CLEAR,DRY,False,39.8550415039062,-86.0789489746094
903870828,2021,2021-09-09,Marion,Indianapolis,HOYT AVE & KEYSTONE AVE,Vehicle,RAN OFF ROAD,RAN OFF ROAD RIGHT,SSI,DAYLIGHT,CLEAR,DRY,False,39.7572174072266,-86.1209259033203
903793837,2021,2021-05-14,Marion,Indianapolis,30TH ST & COLLEGE AVE,Vehicle,RIGHT ANGLE,DISREGARD SIGNAL/REG SIGN,SSI,DAYLIGHT,CLEAR,DRY,False,39.8102416992188,-86.1448822021484
903774203,2021,2021-04-11,Shelby,SHELBYVILLE,CR600W,Vehicle,RAN OFF ROAD,RAN OFF ROAD RIGHT,SSI,DARK (NOT LIGHTED),RAIN,WET,False,39.6787414550781,-85.8962707519531
903860280,2021,2021-08-23,Marion,Indianapolis,E Raymond St  & S Keystone Ave,Vehicle,LEFT TURN,DISREGARD SIGNAL/REG SIGN,Fatal,DARK (LIGHTED),CLEAR,DRY,False,39.7376289367676,-86.1209945678711
903807171,2021,2021-06-05,Hamilton,Noblesville,BODEN RD & 146TH ST,Vehicle,HEAD ON BETWEEN TWO MOTOR VEHICLES,FAILURE TO YIELD RIGHT OF WAY,Fatal,DAWN/DUSK,CLEAR,DRY,False,40.0014038085937,-85.9379348754883
903876479,2021,2021-09-09,Marion,Indianapolis,ILLINOIS ST & MARYLAND ST,Pedestrian,LEFT TURN,FAILURE TO YIELD RIGHT OF WAY,SSI,DAYLIGHT,CLEAR,DRY,False,39.7657432556152,-86.1601104736328
903779941,2021,2021-04-11,Marion,Indianapolis,SOUTH ST & MADISON AVE,Vehicle,LEFT TURN,DISREGARD SIGNAL/REG SIGN,SSI,DARK (LIGHTED),CLEAR,DRY,False,39.7611503601074,-86.15869140625
903807742,2021,2021-06-05,Boone,Zionsville,MAIN ST & SYCAMORE ST,Pedalcycle,OTHER - EXPLAIN IN NARRATIVE,PEDESTRIAN ACTION,SSI,DAYLIGHT,CLEAR,DRY,False,39.9479713439941,-86.2608489990234
903793899,2021,2021-05-14,Marion,Indianapolis,NEW YORK ST & BOSART AVE,Vehicle,RIGHT ANGLE,DISREGARD SIGNAL/REG SIGN,SSI,DAYLIGHT,CLEAR,DRY,False,39.7720947265625,-86.0902862548828
903870922,2021,2021-09-10,Marion,Lawrence,US36E & EASTGATE ST,Vehicle,HEAD ON BETWEEN TWO MOTOR VEHICLES,LEFT OF CENTER,SSI,DAYLIGHT,CLEAR,DRY,False,39.8705558776855,-85.9593505859375
903774208,2021,2021-04-12,Boone,Lebanon,GAROFFOLO BLVD & MT ZION RD,Vehicle,RAN OFF ROAD,DRIVER DISTRACTED - EXPLAIN IN NARRATIVE,SSI,DARK (LIGHTED),RAIN,WET,False,40.044750213623,-86.4914398193359
903810432,2021,2021-06-05,Marion,Speedway,CRAWFORDSVILLE RD & CUNNINGHAM RD,Vehicle,REAR END,FOLLOWING TOO CLOSELY,SSI,DAYLIGHT,CLEAR,DRY,False,39.7989234924316,-86.265495300293
903793901,2021,2021-05-14,Marion,Indianapolis,WASHINGTON ST & HENDRICKS PL,Vehicle,COLLISION WITH OBJECT IN ROAD,FAILURE TO YIELD RIGHT OF WAY,SSI,DARK (LIGHTED),CLEAR,DRY,False,39.7674865722656,-86.1262893676758
903871878,2021,2021-09-10,Hendricks,AMO,CR600S,Vehicle,RAN OFF ROAD,RAN OFF ROAD RIGHT,SSI,DAYLIGHT,CLEAR,DRY,False,39.673713684082,-86.6020355224609
903774963,2021,2021-04-12,Johnson,,SOUTH MORGANTOWN RD & BRENTRIDGE PKWY,Vehicle,SAME DIRECTION SIDESWIPE,FOLLOWING TOO CLOSELY,SSI,DAYLIGHT,CLEAR,DRY,False,39.5846748352051,-86.1970062255859
903817470,2021,2021-06-05,Marion,Indianapolis,Lafayette Rd,Vehicle,RAN OFF ROAD,OVERCORRECTING/OVERSTEERING,Fatal,DARK (NOT LIGHTED),CLEAR,DRY,False,39.899356842041,-86.3029403686523
903817131,2021,2021-05-14,Marion,Indianapolis,I-65,Vehicle,RAN OFF ROAD,UNSAFE SPEED,Fatal,DAWN/DUSK,CLEAR,DRY,True,39.8243598937988,-86.2199249267578
903872296,2021,2021-09-10,Marion,Indianapolis,WASHINGTON ST & EAST ST,Vehicle,RIGHT ANGLE,FAILURE TO YIELD RIGHT OF WAY,SSI,DAYLIGHT,CLEAR,DRY,False,39.7666511535645,-86.1496658325195
903775324,2021,2021-04-13,Marion,Indianapolis,N KEYSTONE AVE,Pedestrian,LEFT TURN,OTHER (ENVIRONMENTAL) - EXPLAIN IN NARR,SSI,DAYLIGHT,CLEAR,DRY,False,39.867977142334,-86.1227493286133
903805755,2021,2021-06-06,Hancock,,S BITNER RD,Vehicle,OTHER - EXPLAIN IN NARRATIVE,UNSAFE SPEED,SSI,DARK (LIGHTED),CLEAR,DRY,False,39.7285079956055,-85.8859481811523
903793364,2021,2021-05-15,Hancock,,SR9,Vehicle,RAN OFF ROAD,RAN OFF ROAD RIGHT,Fatal,DAYLIGHT,CLEAR,DRY,False,39.9354095458984,-85.7712936401367
903872703,2021,2021-09-10,Hamilton,Fishers,OLIO RD & GEIST CROSSING DR,Vehicle,LEFT TURN,FAILURE TO YIELD RIGHT OF WAY,Fatal,DAYLIGHT,CLEAR,DRY,False,39.9295616149902,-85.9189758300781
903776449,2021,2021-04-13,Marion,Indianapolis,W 16TH ST,Vehicle,HEAD ON BETWEEN TWO MOTOR VEHICLES,OTHER (DRIVER) - EXPLAIN IN NARRATIVE,SSI,DAYLIGHT,CLEAR,DRY,False,39.7880859375,-86.1623992919922
903811133,2021,2021-06-06,Hamilton,Fishers,FLORIDA RD & 113TH ST,Vehicle,RAN OFF ROAD,RAN OFF ROAD RIGHT,Fatal,DARK (NOT LIGHTED),CLEAR,DRY,False,39.9524841308594,-85.8895645141602
903873929,2021,2021-09-10,Marion,Indianapolis,I-65 SB 104 MM,Vehicle,RAN OFF ROAD,OTHER (DRIVER) - EXPLAIN IN NARRATIVE,SSI,DAYLIGHT,CLEAR,DRY,True,39.6753234863281,-86.0997848510742
903813790,2021,2021-06-06,Marion,Indianapolis,MERIDIAN ST & 21ST ST,Vehicle,RIGHT ANGLE,DISREGARD SIGNAL/REG SIGN,Fatal,DARK (LIGHTED),CLEAR,DRY,False,39.7950057983398,-86.1574096679688
903776542,2021,2021-04-13,Marion,Indianapolis,N MERIDIAN ST & FALL CREEK PKWY N DR,Vehicle,RIGHT ANGLE,DISREGARD SIGNAL/REG SIGN,SSI,DAYLIGHT,CLEAR,DRY,False,39.8037109375,-86.1566543579102
903874177,2021,2021-09-10,Johnson,TRAFALGAR,TOWER ST,Vehicle,REAR END,OTHER (DRIVER) - EXPLAIN IN NARRATIVE,SSI,DAYLIGHT,CLEAR,DRY,False,39.4089698791504,-86.1486511230469
903876181,2021,2021-09-10,Shelby,MORRISTOWN,N Asbury Rd  & 1100 n,Vehicle,RAN OFF ROAD,UNDER STEERING/UNDER CORRECTING,SSI,DAYLIGHT,CLEAR,DRY,False,39.6818923950195,-85.7019424438477
903786758,2021,2021-04-13,Marion,Indianapolis,I-70,Vehicle,REAR END,UNSAFE SPEED,SSI,DAYLIGHT,CLEAR,DRY,True,39.7117347717285,-86.268798828125
903871507,2021,2021-09-11,Hendricks,CLAYTON,SR39,Vehicle,RAN OFF ROAD,RAN OFF ROAD RIGHT,SSI,DAWN/DUSK,CLEAR,DRY,False,39.6359710693359,-86.4807739257813
903872315,2021,2021-09-11,Marion,Indianapolis,S KEYSTONE AVE & PROSPECT ST,Vehicle,HEAD ON BETWEEN TWO MOTOR VEHICLES,FAILURE TO YIELD RIGHT OF WAY,SSI,DAYLIGHT,CLEAR,DRY,False,39.7524452209473,-86.1212005615234
903775978,2021,2021-04-14,Hamilton,SHERIDAN(HAMILTON),US31 & 226 ST,Vehicle,REAR END,DRIVER DISTRACTED - EXPLAIN IN NARRATIVE,SSI,DARK (NOT LIGHTED),CLEAR,DRY,False,40.1142387390137,-86.1282501220703
903872354,2021,2021-09-11,Marion,Indianapolis,MERIDIAN ST & HARGEO DR,Vehicle,LEFT TURN,FAILURE TO YIELD RIGHT OF WAY,SSI,DARK (LIGHTED),CLEAR,DRY,False,39.6467514038086,-86.1583862304688
903873009,2021,2021-09-11,Johnson,Franklin,I-65  & N,Vehicle,RAN OFF ROAD,UNSAFE LANE MOVEMENT,SSI,DAYLIGHT,CLEAR,DRY,True,39.4884033203125,-86.0152130126953
903776183,2021,2021-04-14,Hamilton,Fishers,ELLER RD & E 106TH ST,Vehicle,RAN OFF ROAD,RAN OFF ROAD RIGHT,SSI,DAWN/DUSK,CLEAR,DRY,False,39.9415321350098,-86.0602798461914
903873233,2021,2021-09-11,Marion,Indianapolis,W WASHINGTON ST  & S EDGEHILL RD,Pedestrian,RIGHT ANGLE,PEDESTRIAN ACTION,Fatal,DARK (LIGHTED),CLEAR,DRY,False,39.7561988830566,-86.2390594482422
903776515,2021,2021-04-14,Hendricks,Danville,US36E & E MAIN ST,Vehicle,REAR END,OTHER (DRIVER) - EXPLAIN IN NARRATIVE,Fatal,DAYLIGHT,CLEAR,DRY,False,39.7572174072266,-86.5057907104492
903876102,2021,2021-09-11,Hancock,Greenfield,W Main St  & Stonemason Rd,Pedalcycle,RIGHT ANGLE,FAILURE TO YIELD RIGHT OF WAY,SSI,DARK (NOT LIGHTED),CLEAR,DRY,False,39.7834663391113,-85.8074722290039
903871870,2021,2021-09-12,Boone,,US Hwy 52,Vehicle,RAN OFF ROAD,OTHER (DRIVER) - EXPLAIN IN NARRATIVE,SSI,DAYLIGHT,CLEAR,DRY,False,40.131721496582,-86.5670394897461
903871929,2021,2021-09-12,Johnson,Franklin,LOVERS LN & HOLIDAY LN,Vehicle,RAN OFF ROAD,RAN OFF ROAD RIGHT,SSI,DARK (NOT LIGHTED),CLEAR,DRY,False,39.4824752807617,-86.0176849365234
903873043,2021,2021-09-12,Marion,Indianapolis,EVANSTON AVE & 43RD ST,Vehicle,RIGHT ANGLE,FAILURE TO YIELD RIGHT OF WAY,SSI,DAYLIGHT,CLEAR,DRY,False,39.8347816467285,-86.1264419555664
903874444,2021,2021-09-12,Marion,Indianapolis,Clifton St  & W 33rd St,Vehicle,HEAD ON BETWEEN TWO MOTOR VEHICLES,IMPROPER LANE USAGE,SSI,DAYLIGHT,CLEAR,DRY,False,39.8138885498047,-86.1805267333984
903875250,2021,2021-09-12,Marion,Indianapolis,W WASHINGTON ST  & S GIRLS SCHOOL RD,Vehicle,HEAD ON BETWEEN TWO MOTOR VEHICLES,IMPROPER LANE USAGE,Fatal,DARK (LIGHTED),CLEAR,DRY,False,39.7403717041016,-86.2906036376953
903873076,2021,2021-09-13,Marion,Indianapolis,SADLIER DR & 38TH ST,Vehicle,COLLISION WITH OBJECT IN ROAD,UNSAFE SPEED,SSI,DARK (LIGHTED),CLEAR,DRY,False,39.8257179260254,-86.0376510620117
903873080,2021,2021-09-13,Marion,Indianapolis,ROCKVILLE RD,Vehicle,RAN OFF ROAD,RAN OFF ROAD RIGHT,SSI,DARK (NOT LIGHTED),CLEAR,DRY,False,39.7635536193848,-86.3267822265625
903873437,2021,2021-09-13,Hendricks,Plainfield,CR1050E,Vehicle,RAN OFF ROAD,RAN OFF ROAD RIGHT,SSI,DAYLIGHT,CLEAR,DRY,False,39.668270111084,-86.3358306884765
904095281,2022,2022-08-19,Marion,Indianapolis,FALL CREEK PKWY N DR & 30TH ST,Vehicle,HEAD ON BETWEEN TWO MOTOR VEHICLES,DRIVER ASLEEP OR FATIGUED,SSI,DARK (NOT LIGHTED),CLEAR,DRY,False,39.8110656738281,-86.1436767578125
904095470,2022,2022-08-19,Marion,Indianapolis,28TH ST & ADAMS ST,Vehicle,RIGHT ANGLE,DISREGARD SIGNAL/REG SIGN,SSI,DAYLIGHT,CLEAR,DRY,False,39.8067665100098,-86.1096496582031
904095730,2022,2022-08-19,Marion,Indianapolis,E PLEASANT RUN PKWY N DR  & ENGLISH AVE,Pedalcycle,RIGHT ANGLE,FAILURE TO YIELD RIGHT OF WAY,SSI,DAYLIGHT,CLEAR,DRY,False,39.7600402832031,-86.105598449707