id,year,date,county,city,cross_street,crash_type,manner,primary_factor,ssi_fatal,light,weather,surface,interstate,lat,lon
904094488,2022,2022-08-20,Boone,Whitestown,I- 65 SB 130.2 MM,Vehicle,RAN OFF ROAD,FAILURE TO MAINTAIN LANE,SSI,DAYLIGHT,CLOUDY,WET,True,39.9481468200684,-86.354606628418
904094995,2022,2022-08-20,Marion,Indianapolis,S EAST ST  & E MARKWOOD AVE,Pedestrian,COLLISION WITH OBJECT IN ROAD,PEDESTRIAN ACTION,Fatal,DAYLIGHT,CLEAR,DRY,False,39.7034683227539,-86.1488418579102
904095522,2022,2022-08-20,Marion,Indianapolis,62ND ST & KEYSTONE AVE,Vehicle,RIGHT ANGLE,OTHER (DRIVER) - EXPLAIN IN NARRATIVE,SSI,DARK (LIGHTED),CLEAR,DRY,False,39.8687324523926,-86.1221694946289
904094989,2022,2022-08-21,Johnson,Edinburgh,OLD HOSPITAL RD  & HOSPITAL RD,Vehicle,RAN OFF ROAD,UNSAFE SPEED,SSI,DAYLIGHT,CLEAR,DRY,False,39.362003326416,-86.0662536621094
904103178,2022,2022-08-21,Marion,Indianapolis,I-70,Vehicle,RAN OFF ROAD,UNSAFE LANE MOVEMENT,Fatal,DAYLIGHT,CLOUDY,DRY,True,39.8029441833496,-86.0522155761719
904128009,2022,2022-08-21,Marion,Indianapolis,W WASHINGTON ST  & S BELMONT AVE,Pedestrian,RAN OFF ROAD,DISREGARD SIGNAL/REG SIGN,SSI,DAYLIGHT,CLOUDY,DRY,False,39.7662353515625,-86.1970672607422
904096829,2022,2022-08-22,Hamilton,Westfield,161 ST  & GRAY RD,Vehicle,RAN OFF ROAD,FAILURE TO MAINTAIN LANE,SSI,DARK (LIGHTED),CLEAR,DRY,False,40.0219993591309,-86.0898513793945
904097096,2022,2022-08-22,Hancock,McCordsville,WEST COUNTY ROAD 600 NORTH,Vehicle,RAN OFF ROAD,DRIVER ILLNESS,SSI,DAYLIGHT,CLEAR,DRY,False,39.870189666748,-85.9083709716797
904097174,2022,2022-08-23,Marion,Indianapolis,SOUTHEASTERN AVE  & S KITLEY AVE,Vehicle,RIGHT ANGLE,IMPROPER PASSING,SSI,DAYLIGHT,CLOUDY,DRY,False,39.7295989990234,-86.0541687011719
904097211,2022,2022-08-23,Marion,Indianapolis,38TH ST & EAGLE CREEK PKWY PKWY,Vehicle,REAR END,FOLLOWING TOO CLOSELY,SSI,DAYLIGHT,CLEAR,DRY,False,39.8232154846191,-86.2824478149414
904097963,2022,2022-08-23,Marion,Indianapolis,S HIGH SCHOOL RD  & MINNESOTA ST,Vehicle,RIGHT ANGLE,FAILURE TO YIELD RIGHT OF WAY,SSI,DAYLIGHT,CLEAR,DRY,False,39.7393646240234,-86.2698211669922
904097519,2022,2022-08-24,Marion,Indianapolis,S MERIDIAN ST  & S MERIDIAN ST,Vehicle,RIGHT ANGLE,FAILURE TO YIELD RIGHT OF WAY,SSI,DAYLIGHT,CLEAR,DRY,False,39.6487159729004,-86.1583633422852
904097660,2022,2022-08-24,Johnson,Bargersville,W STATE RD 135,Vehicle,REAR END,FOLLOWING TOO CLOSELY,SSI,DAYLIGHT,CLEAR,DRY,False,39.5391082763672,-86.1584930419922
904097818,2022,2022-08-24,Morgan,MARTINSVILLE,STATE RD 67  & STATE RD 39,Vehicle,RIGHT ANGLE,DISREGARD SIGNAL/REG SIGN,Fatal,DAYLIGHT,CLEAR,DRY,False,39.4358215332031,-86.4528274536133
904098754,2022,2022-08-24,Hancock,McCordsville,6142 WEST COUNTY ROAD 800 NORT  & NORTH COUNTY ROAD 600 WEST,Pedestrian,REAR END,OTHER LIGHTS DEFECTIVE,Fatal,DARK (NOT LIGHTED),CLEAR,DRY,False,39.8988990783691,-85.921760559082
904098990,2022,2022-08-24,Hamilton,Fishers,I-69,Vehicle,REAR END,UNSAFE LANE MOVEMENT,SSI,DAYLIGHT,CLEAR,DRY,True,39.989860534668,-85.9295959472656
904099369,2022,2022-08-24,Hendricks,,E CO RD 800 N  & N CO RD 500 E,Vehicle,LEFT TURN,FAILURE TO YIELD RIGHT OF WAY,Fatal,DAYLIGHT,CLEAR,DRY,False,39.8800086975098,-86.4396896362305
904100007,2022,2022-08-24,Hendricks,Brownsburg,I-74,Vehicle,RAN OFF ROAD,DRIVER ILLNESS,Fatal,DAYLIGHT,CLOUDY,DRY,True,39.8680038452149,-86.4183197021485
904098495,2022,2022-08-25,Shelby,SHELBYVILLE,N RILEY HWY  & E RAMPART ST,Vehicle,REAR END,DRIVER DISTRACTED - EXPLAIN IN NARRATIVE,SSI,DAYLIGHT,CLEAR,DRY,False,39.5487899780273,-85.775520324707
904099718,2022,2022-08-25,Marion,Indianapolis,E 21ST ST,Vehicle,REAR END,UNSAFE SPEED,SSI,DARK (NOT LIGHTED),CLEAR,DRY,False,39.7969245910644,-85.9931564331055
904100688,2022,2022-08-25,Marion,Indianapolis,I-465,Vehicle,RAN OFF ROAD,UNSAFE LANE MOVEMENT,Fatal,DARK (LIGHTED),CLEAR,DRY,True,39.7504577636719,-86.265007019043
904103890,2022,2022-08-25,Hancock,Greenfield,I-70,Vehicle,REAR END,OTHER (ENVIRONMENTAL) - EXPLAIN IN NARR,Fatal,DARK (NOT LIGHTED),CLEAR,DRY,True,39.8206596374512,-85.7868957519531
904032349,2022,2022-05-12,Marion,Indianapolis,FIVE POINTS RD & COUNTY LINE RD,Vehicle,RIGHT ANGLE,FAILURE TO YIELD RIGHT OF WAY,SSI,DAYLIGHT,CLEAR,DRY,False,39.6372413635254,-86.0446395874024
904064537,2022,2022-06-30,Hamilton,,SR 13  & STRAWTOWN AVE,Vehicle,RIGHT ANGLE,FAILURE TO YIELD RIGHT OF WAY,SSI,DAWN/DUSK,CLEAR,DRY,False,40.1389427185059,-85.8628540039063
904099498,2022,2022-08-26,Hamilton,,SR 37  & SR 213,Vehicle,REAR END,FOLLOWING TOO CLOSELY,SSI,DARK (NOT LIGHTED),CLEAR,DRY,False,40.1295356750488,-85.9388809204102
904100886,2022,2022-08-26,Marion,Indianapolis,46TH ST & DAKOTA RD,Vehicle,HEAD ON BETWEEN TWO MOTOR VEHICLES,LEFT OF CENTER,SSI,DARK (NOT LIGHTED),CLEAR,DRY,False,39.8385925292969,-86.2509155273438
904099104,2022,2022-08-27,Johnson,,STATE RD 44  & HOSPITAL RD,Vehicle,RAN OFF ROAD,ANIMAL/OBJECT IN ROADWAY,SSI,DAYLIGHT,CLEAR,LOOSE MATERIAL ON ROAD,False,39.4740562438965,-86.1024551391601
904099304,2022,2022-08-27,Hancock,,I70,Vehicle,REAR END,FOLLOWING TOO CLOSELY,SSI,DAYLIGHT,CLEAR,DRY,True,39.822338104248,-85.734016418457
904099555,2022,2022-08-27,Shelby,SHELBYVILLE,N RILEY HWY  & I- 74,Vehicle,RAN OFF ROAD,FAILURE TO MAINTAIN LANE,SSI,DARK (NOT LIGHTED),CLEAR,DRY,True,39.5503807067871,-85.7755279541016
904100782,2022,2022-08-27,Marion,Indianapolis,I-65,Vehicle,OTHER - EXPLAIN IN NARRATIVE,STEERING FAILURE,SSI,DAYLIGHT,CLOUDY,DRY,True,39.7287178039551,-86.1355743408203
904100784,2022,2022-08-27,Marion,Indianapolis,I-65,Vehicle,RAN OFF ROAD,UNSAFE SPEED,SSI,DAYLIGHT,CLEAR,DRY,True,39.7544708251953,-86.1437149047851
904100799,2022,2022-08-27,Hancock,,I-70,Vehicle,REAR END,OTHER (VEHICLE) - EXPLAIN IN NARRATIVE,Fatal,DARK (NOT LIGHTED),CLEAR,DRY,True,39.819393157959,-85.8942489624024
904102352,2022,2022-08-27,Marion,Indianapolis,E WASHINGTON ST  & S TUXEDO ST,Vehicle,SAME DIRECTION SIDESWIPE,UNSAFE SPEED,Fatal,DARK (LIGHTED),CLEAR,DRY,False,39.7689819335937,-86.1072998046875
904102353,2022,2022-08-27,Marion,Indianapolis,I-465,Vehicle,RAN OFF ROAD,UNSAFE SPEED,Fatal,DAYLIGHT,CLEAR,DRY,True,39.7007904052734,-86.1671142578125
904107132,2022,2022-08-27,Marion,Indianapolis,I- 465,Vehicle,REAR END,OTHER (DRIVER) - EXPLAIN IN NARRATIVE,SSI,DAYLIGHT,CLEAR,DRY,True,39.7040977478027,-86.0968322753906
904112777,2022,2022-08-27,Marion,Lawrence,FALL CREEK RD  & TIMBERLINE DR,Vehicle,RAN OFF ROAD,UNSAFE SPEED,SSI,DAYLIGHT,CLEAR,DRY,False,39.8951988220215,-85.997817993164
904113822,2022,2022-08-27,Hancock,,I-70,Vehicle,COLLISION WITH OBJECT IN ROAD,ANIMAL/OBJECT IN ROADWAY,Fatal,DARK (NOT LIGHTED),CLEAR,DRY,True,39.8193740844726,-85.8942413330078
904099680,2022,2022-08-28,Marion,Speedway,N LYNHURST DR  & PEORIA EASTERN RAIL TRL,Vehicle,RAN OFF ROAD,DRIVER ILLNESS,Fatal,DAYLIGHT,CLEAR,DRY,False,39.7918510437012,-86.2508316040039
904106061,2022,2022-08-28,Marion,Indianapolis,NEW YORK ST & SHERMAN DR,Vehicle,RIGHT ANGLE,DISREGARD SIGNAL/REG SIGN,SSI,DAYLIGHT,CLEAR,DRY,False,39.7718887329101,-86.1020126342773
904100107,2022,2022-08-29,Marion,Indianapolis,S MERIDIAN ST  & JACKSON PL,Pedestrian,OTHER - EXPLAIN IN NARRATIVE,PEDESTRIAN ACTION,SSI,DARK (LIGHTED),RAIN,WET,False,39.763370513916,-86.1581954956055
904101614,2022,2022-08-29,Marion,Indianapolis,I-65,Vehicle,REAR END,UNSAFE LANE MOVEMENT,SSI,DAYLIGHT,CLEAR,DRY,True,39.7048873901367,-86.1084747314453
904105738,2022,2022-08-29,Marion,Indianapolis,I-465,Vehicle,SAME DIRECTION SIDESWIPE,DRIVER DISTRACTED - EXPLAIN IN NARRATIVE,SSI,DAYLIGHT,CLEAR,DRY,True,39.7748870849609,-86.2703475952149
904101447,2022,2022-08-30,Hendricks,Plainfield,ANDICO RD  & N CARR RD,Vehicle,RIGHT ANGLE,FAILURE TO YIELD RIGHT OF WAY,SSI,DARK (LIGHTED),CLEAR,DRY,False,39.7139892578125,-86.3901519775391
904102789,2022,2022-08-30,Hancock,,S 500 W  & 200S,Vehicle,REAR END,FOLLOWING TOO CLOSELY,SSI,DAYLIGHT,CLEAR,DRY,False,39.7570724487305,-85.8959655761719
904103357,2022,2022-08-31,Marion,Indianapolis,I- 465 NB TO I-70 WB,Vehicle,OTHER - EXPLAIN IN NARRATIVE,INSECURE/LEAKY LOAD,SSI,DAYLIGHT,CLEAR,DRY,True,39.8004455566406,-86.0333938598633
904105572,2022,2022-08-31,Hendricks,,I70 EAST  & 62 MILE MARKER,Vehicle,RAN OFF ROAD,IMPROPER LANE USAGE,SSI,DAYLIGHT,CLEAR,DRY,True,39.6380500793457,-86.4323883056641
904103732,2022,2022-09-02,Hendricks,Brownsburg,RONALD REAGAN PKWY  & I- 74,Vehicle,LEFT TURN,FAILURE TO YIELD RIGHT OF WAY,SSI,DARK (NOT LIGHTED),CLEAR,DRY,True,39.8405494689941,-86.3556137084961
904106412,2022,2022-09-02,Marion,Indianapolis,I-465,Vehicle,SAME DIRECTION SIDESWIPE,OVERCORRECTING/OVERSTEERING,SSI,DAYLIGHT,CLEAR,DRY,True,39.8228492736816,-86.2755355834961
904112902,2022,2022-09-02,Marion,Indianapolis,GEORGETOWN RD  & COUNTRYBROOK RD,Vehicle,NON-COLLISION,IMPROPER LANE USAGE,SSI,DARK (LIGHTED),CLEAR,DRY,False,39.8654975891113,-86.244010925293
904112904,2022,2022-09-02,Marion,Indianapolis,38TH ST  & N SHERIDAN AVE,Vehicle,OTHER - EXPLAIN IN NARRATIVE,OTHER (DRIVER) - EXPLAIN IN NARRATIVE,Fatal,DAYLIGHT,CLEAR,DRY,False,39.8254508972168,-86.0612258911133
904104254,2022,2022-09-03,Boone,Zionsville,I-65,Vehicle,REAR END,UNSAFE SPEED,SSI,DARK (NOT LIGHTED),CLEAR,DRY,True,39.9388084411621,-86.3459243774414
904105653,2022,2022-09-03,Hamilton,,SR 32  & DESHANE AVE,Vehicle,OTHER - EXPLAIN IN NARRATIVE,DISREGARD SIGNAL/REG SIGN,Fatal,DARK (NOT LIGHTED),CLOUDY,DRY,False,40.0506553649902,-85.9367752075195
904106496,2022,2022-09-03,Johnson,,I-65,Vehicle,REAR END,FOLLOWING TOO CLOSELY,SSI,DAYLIGHT,CLOUDY,WET,True,39.5400772094726,-86.0347290039063
904106501,2022,2022-09-03,Marion,Indianapolis,I-65,Vehicle,REAR END,UNSAFE SPEED,Fatal,DAYLIGHT,CLEAR,DRY,True,39.7828941345215,-86.1571578979492
904111922,2022,2022-09-03,Shelby,SHELBYVILLE,N LONDON RD  & JENNY LN,Vehicle,RIGHT ANGLE,UNSAFE SPEED,Fatal,DAYLIGHT,CLOUDY,DRY,False,39.6093063354492,-85.9237442016601
904112824,2022,2022-09-03,Marion,Indianapolis,E EDGEWOOD AVE  & S EAST ST,Vehicle,RIGHT ANGLE,DISREGARD SIGNAL/REG SIGN,Fatal,DARK (LIGHTED),CLOUDY,DRY,False,39.6790657043457,-86.1490020751953
904105290,2022,2022-09-04,Marion,Indianapolis,DANDY TRL & WINDHAM LAKE DR,Vehicle,HEAD ON BETWEEN TWO MOTOR VEHICLES,LEFT OF CENTER,SSI,DAYLIGHT,CLEAR,DRY,False,39.8154220581055,-86.3014297485352
904106515,2022,2022-09-04,Marion,Indianapolis,I-65 NB,Vehicle,REAR END,FOLLOWING TOO CLOSELY,SSI,DARK (LIGHTED),CLEAR,DRY,True,39.7371253967285,-86.1372833251953
904104307,2022,2022-09-05,Hendricks,Brownsburg,N CO RD 900 E,Vehicle,RAN OFF ROAD,OTHER (DRIVER) - EXPLAIN IN NARRATIVE,SSI,DARK (NOT LIGHTED),CLEAR,DRY,False,39.8441734313965,-86.3634262084961
904104877,2022,2022-09-05,Marion,Speedway,CRAWFORDSVILLE RD,Vehicle,RAN OFF ROAD,DRIVER ASLEEP OR FATIGUED,SSI,DARK (LIGHTED),CLOUDY,DRY,False,39.8003234863281,-86.2666854858399
904105314,2022,2022-09-05,Marion,Indianapolis,WASHINGTON ST & FRANKLIN RD,Vehicle,RIGHT ANGLE,DISREGARD SIGNAL/REG SIGN,SSI,DAYLIGHT,CLEAR,DRY,False,39.7730255126953,-86.026237487793
904105322,2022,2022-09-05,Marion,Indianapolis,EMERSON AVE & WASHINGTON ST,Vehicle,REAR END,FOLLOWING TOO CLOSELY,SSI,DAYLIGHT,CLEAR,DRY,False,39.7701530456543,-86.0830764770508
904105325,2022,2022-09-05,Marion,Indianapolis,82ND ST & HAGUE RD,Vehicle,OTHER - EXPLAIN IN NARRATIVE,FAILURE TO YIELD RIGHT OF WAY,SSI,DAYLIGHT,CLEAR,DRY,False,39.9051818847656,-86.032958984375
904113519,2022,2022-09-05,Hancock,Greenfield,E MAIN ST  & 400E,Vehicle,RIGHT ANGLE,FAILURE TO YIELD RIGHT OF WAY,SSI,DAYLIGHT,CLEAR,DRY,False,39.7870864868164,-85.7269821166992
904106452,2022,2022-09-06,Morgan,Mooresville,N INDIANA ST  & S CO RD 825 E,Pedestrian,RIGHT ANGLE,OTHER (DRIVER) - EXPLAIN IN NARRATIVE,SSI,DARK (NOT LIGHTED),CLOUDY,DRY,False,39.6301612854004,-86.3751068115234
904106821,2022,2022-09-07,Marion,Indianapolis,SENOUR RD  & E THOMPSON RD,Vehicle,RIGHT ANGLE,DISREGARD SIGNAL/REG SIGN,SSI,DAYLIGHT,CLEAR,DRY,False,39.6967658996582,-85.9752655029297
904107165,2022,2022-09-07,Shelby,SHELBYVILLE,S NOBLE ST  & E SOUTH ST,Vehicle,RIGHT ANGLE,DISREGARD SIGNAL/REG SIGN,SSI,DARK (LIGHTED),CLEAR,DRY,False,39.5200576782227,-85.7727737426758
904108893,2022,2022-09-07,Hancock,,CR 600 S,Pedestrian,SAME DIRECTION SIDESWIPE,OTHER (ENVIRONMENTAL) - EXPLAIN IN NARR,SSI,DAYLIGHT,CLEAR,DRY,False,39.6973152160644,-85.9449691772461
904109983,2022,2022-09-07,Marion,Indianapolis,W WASHINGTON ST  & NEWHAVEN DR,Pedestrian,OTHER - EXPLAIN IN NARRATIVE,PEDESTRIAN ACTION,Fatal,DARK (LIGHTED),CLEAR,DRY,False,39.734790802002,-86.3087997436523
904113619,2022,2022-09-07,Shelby,,I-74,Vehicle,RAN OFF ROAD,UNSAFE SPEED,Fatal,DARK (LIGHTED),CLEAR,DRY,True,39.5498313903809,-85.7724990844727
904106827,2022,2022-09-08,Marion,Indianapolis,W 38TH ST & HIGH SCHOOL RD,Vehicle,REAR END,FOLLOWING TOO CLOSELY,SSI,DAYLIGHT,CLEAR,DRY,False,39.8232803344727,-86.2699966430664
904106866,2022,2022-09-08,Johnson,Greenwood,US31S & APRYL DR,Vehicle,RIGHT ANGLE,DISREGARD SIGNAL/REG SIGN,SSI,DAYLIGHT,CLEAR,DRY,False,39.6007041931152,-86.1054382324219
904107406,2022,2022-09-08,Hendricks,Brownsburg,GRISWOLD RD N  & B&O PEDESTRIAN BICYCLE TRL,Pedestrian,OTHER - EXPLAIN IN NARRATIVE,FAILURE TO YIELD RIGHT OF WAY,SSI,DAYLIGHT,CLEAR,DRY,False,39.8064002990723,-86.3627319335937
904117324,2022,2022-09-08,Marion,Indianapolis,W 79TH ST  & HARCOURT RD,Pedestrian,NON-COLLISION,PEDESTRIAN ACTION,SSI,DAWN/DUSK,CLEAR,DRY,False,39.8974304199219,-86.1934661865234
904107552,2022,2022-09-09,Hendricks,Avon,VESTAL RD,Vehicle,RAN OFF ROAD,ANIMAL/OBJECT IN ROADWAY,SSI,DAWN/DUSK,CLEAR,DRY,False,39.7184638977051,-86.4186706542969
904108892,2022,2022-09-09,Hancock,,700N  & N 500W,Vehicle,RIGHT ANGLE,FAILURE TO YIELD RIGHT OF WAY,SSI,DAYLIGHT,CLEAR,DRY,False,39.8849983215332,-85.8951568603516
904109510,2022,2022-09-09,Hamilton,Carmel,WESTFIELD BLVD & 96TH ST,Vehicle,OTHER - EXPLAIN IN NARRATIVE,UNSAFE SPEED,Fatal,DARK (LIGHTED),CLEAR,DRY,False,39.926944732666,-86.1268768310547
904108171,2022,2022-09-10,Hamilton,Fishers,OLYMPIA DR  & E 97TH ST,Vehicle,OTHER - EXPLAIN IN NARRATIVE,DRIVER DISTRACTED - EXPLAIN IN NARRATIVE,SSI,DAYLIGHT,CLEAR,DRY,False,39.9278259277344,-85.9824752807617
904112715,2022,2022-09-10,Marion,Indianapolis,I-465,Vehicle,OTHER - EXPLAIN IN NARRATIVE,UNSAFE SPEED,Fatal,DAYLIGHT,CLEAR,DRY,True,39.7633666992187,-86.2651062011719
904116867,2022,2022-09-10,Shelby,SHELBYVILLE,N STATE RD 9,Vehicle,HEAD ON BETWEEN TWO MOTOR VEHICLES,UNSAFE LANE MOVEMENT,Fatal,DARK (NOT LIGHTED),CLEAR,DRY,False,39.6303253173828,-85.7674942016602
904109431,2022,2022-09-11,Marion,Indianapolis,ENGLISH AVE & IRVINGTON AVE,Pedestrian,COLLISION WITH OBJECT IN ROAD,PEDESTRIAN ACTION,SSI,DARK (LIGHTED),CLOUDY,WET,False,39.7610511779785,-86.0599365234375
904111636,2022,2022-09-11,Hendricks,Plainfield,RONALD REAGAN PKWY,Vehicle,RIGHT ANGLE,DISREGARD SIGNAL/REG SIGN,SSI,DAYLIGHT,RAIN,WET,False,39.6873054504395,-86.3313522338867
904116580,2022,2022-09-11,Marion,Indianapolis,I-465 SB,Vehicle,RAN OFF ROAD,DRIVER ASLEEP OR FATIGUED,SSI,DARK (LIGHTED),CLEAR,DRY,True,39.8907852172851,-86.2693634033203
904125652,2022,2022-09-11,Hamilton,,E 221ST ST,Vehicle,RAN OFF ROAD,FAILURE TO MAINTAIN LANE,SSI,DAYLIGHT,RAIN,WET,False,40.1057472229004,-86.0588150024414
904112345,2022,2022-09-12,Hendricks,CLAYTON,US 40  & MILES RD,Vehicle,RIGHT ANGLE,FAILURE TO YIELD RIGHT OF WAY,SSI,DAYLIGHT,RAIN,WET,False,39.6880645751953,-86.4460296630859
904112432,2022,2022-09-12,Johnson,Greenwood,SR135S & MENARD DR,Vehicle,RIGHT ANGLE,FAILURE TO YIELD RIGHT OF WAY,SSI,DAYLIGHT,CLEAR,DRY,False,39.6104431152344,-86.1583786010742
904112688,2022,2022-09-12,Marion,Indianapolis,ENGLISH AVE  & S CLYDE AVE,Vehicle,HEAD ON BETWEEN TWO MOTOR VEHICLES,LEFT OF CENTER,Fatal,DAWN/DUSK,CLOUDY,DRY,False,39.7602958679199,-86.0849380493164
904111217,2022,2022-09-13,Hendricks,Avon,E CO RD 200 N  & N CO RD 475 E,Vehicle,RAN OFF ROAD,OTHER (DRIVER) - EXPLAIN IN NARRATIVE,SSI,DARK (NOT LIGHTED),CLEAR,DRY,False,39.7912559509277,-86.4425888061524
904112634,2022,2022-09-13,Johnson,Bargersville,STATE RD 144,Vehicle,RAN OFF ROAD,FAILURE TO MAINTAIN LANE,SSI,DAYLIGHT,CLOUDY,DRY,False,39.5611419677734,-86.2311706542969
904112874,2022,2022-09-13,Hendricks,STILESVILLE,TUDOR RD  & S CO RD 275 W,Vehicle,OPPOSITE DIRECTION SIDESWIPE,FAILURE TO YIELD RIGHT OF WAY,SSI,DAWN/DUSK,CLEAR,DRY,False,39.6055603027344,-86.5702667236328
904113032,2022,2022-09-14,Boone,Whitestown,MILLS DR,Vehicle,HEAD ON BETWEEN TWO MOTOR VEHICLES,LEFT OF CENTER,SSI,DAYLIGHT,CLEAR,DRY,False,39.950813293457,-86.3486862182617
904113943,2022,2022-09-14,Marion,Indianapolis,WASHINGTON ST & HAMBLEM W DR,Vehicle,RIGHT ANGLE,UNSAFE SPEED,SSI,DARK (NOT LIGHTED),CLEAR,DRY,False,39.7402954101563,-86.3030624389648
904116073,2022,2022-09-15,Hendricks,,CR 100 N  & CR 300 E,Vehicle,HEAD ON BETWEEN TWO MOTOR VEHICLES,LEFT OF CENTER,Fatal,DAYLIGHT,CLEAR,DRY,False,39.7758903503418,-86.4629440307617
904113870,2022,2022-09-16,Shelby,SHELBYVILLE,STATE RD 44  & STATE RD 44,Vehicle,LEFT TURN,FAILURE TO YIELD RIGHT OF WAY,SSI,DARK (LIGHTED),CLEAR,DRY,False,39.5235481262207,-85.7426528930664
904115133,2022,2022-09-16,Johnson,Greenwood,US31N & COUNTY LINE RD,Pedestrian,OTHER - EXPLAIN IN NARRATIVE,PEDESTRIAN ACTION,SSI,DARK (LIGHTED),CLEAR,DRY,False,39.6353454589844,-86.1266860961914
904115739,2022,2022-09-16,Marion,Indianapolis,S LYNHURST DR  & W MC CARTY ST,Vehicle,RIGHT ANGLE,IMPROPER PASSING,SSI,DAYLIGHT,CLEAR,DRY,False,39.7551307678223,-86.2502517700195
904119914,2022,2022-09-16,Morgan,MARTINSVILLE,E RINKER RD  & N GRAY RD,Vehicle,RAN OFF ROAD,OVERCORRECTING/OVERSTEERING,SSI,DAYLIGHT,CLEAR,DRY,False,39.5297813415527,-86.3371658325195
904152509,2022,2022-09-16,Marion,Indianapolis,WASHINGTON ST & KEALING AVE,Pedestrian,OTHER - EXPLAIN IN NARRATIVE,UNSAFE LANE MOVEMENT,SSI,DARK (LIGHTED),CLEAR,DRY,False,39.7691230773926,-86.1038208007813
904115026,2022,2022-09-17,Marion,Indianapolis,EDGEWOOD AVE & ARLINGTON AVE,Vehicle,HEAD ON BETWEEN TWO MOTOR VEHICLES,UNSAFE SPEED,SSI,DAYLIGHT,CLEAR,DRY,False,39.680908203125,-86.0635223388672
904048326,2022,2022-06-04,Marion,Indianapolis,WASHINGTON ST & RITTER AVE,Vehicle,LEFT/RIGHT TURN,FAILURE TO YIELD RIGHT OF WAY,SSI,DAYLIGHT,CLEAR,DRY,False,39.7706298828125,-86.073600769043
903998001,2022,2022-02-27,Marion,Indianapolis,I-465,Vehicle,REAR END,UNSAFE SPEED,SSI,DARK (LIGHTED),CLEAR,DRY,True,39.6986503601074,-86.1761245727539
904080769,2022,2022-07-23,Marion,Indianapolis,I-70,Vehicle,SAME DIRECTION SIDESWIPE,UNSAFE LANE MOVEMENT,SSI,DAYLIGHT,CLEAR,DRY,True,39.7350959777832,-86.2389907836914
904032543,2022,2022-05-12,Marion,Lawrence,E 46TH ST  & N EDMONDSON AVE,Vehicle,LEFT TURN,OTHER (DRIVER) - EXPLAIN IN NARRATIVE,SSI,DAYLIGHT,CLEAR,DRY,False,39.8403701782227,-86.0511856079102
904032972,2022,2022-05-12,Hendricks,Plainfield,E MAIN ST,Vehicle,OTHER - EXPLAIN IN NARRATIVE,FAILURE TO YIELD RIGHT OF WAY,SSI,DAYLIGHT,CLEAR,DRY,False,39.7215156555176,-86.3492050170898
904037725,2022,2022-05-12,Marion,Indianapolis,E 42ND ST  & RICHELIEU RD,Vehicle,REAR END,UNSAFE SPEED,Fatal,DARK (NOT LIGHTED),CLEAR,DRY,False,39.8333015441894,-86.0187759399414
904040082,2022,2022-05-12,Marion,Indianapolis,I-65,Vehicle,REAR END,FOLLOWING TOO CLOSELY,SSI,DAYLIGHT,CLEAR,DRY,True,39.6960754394531,-86.1061019897461
904034264,2022,2022-05-13,Morgan,,STATE RD 67  & E COUNTY LINE RD,Vehicle,OTHER - EXPLAIN IN NARRATIVE,OTHER (DRIVER) - EXPLAIN IN NARRATIVE,SSI,DAYLIGHT,CLEAR,DRY,False,39.6316070556641,-86.347526550293
903921210,2021,2021-11-11,Hancock,CHARLOTTESVILLE(HANCOCK),I-70,Vehicle,REAR END,FOLLOWING TOO CLOSELY,SSI,DAYLIGHT,RAIN,WET,True,39.825870513916,-85.6237258911133
903936519,2021,2021-12-13,Marion,Indianapolis,WASHINGTON ST & MITTHOEFER RD,Vehicle,OTHER - EXPLAIN IN NARRATIVE,FAILURE TO YIELD RIGHT OF WAY,SSI,DARK (LIGHTED),CLEAR,DRY,False,39.7749481201172,-85.9911193847656
904034499,2022,2022-05-13,Morgan,MARTINSVILLE,STATE RD 67,Vehicle,OTHER - EXPLAIN IN NARRATIVE,OTHER (DRIVER) - EXPLAIN IN NARRATIVE,SSI,DARK (NOT LIGHTED),CLEAR,DRY,False,39.4985618591309,-86.4267349243164
904034527,2022,2022-05-13,Marion,Indianapolis,30TH ST & DEARBORN AVE,Vehicle,HEAD ON BETWEEN TWO MOTOR VEHICLES,IMPROPER LANE USAGE,SSI,DAYLIGHT,CLEAR,DRY,False,39.8107032775879,-86.1121292114258
904034539,2022,2022-05-13,Marion,Indianapolis,SHADY OAK DR & 30TH ST,Vehicle,SAME DIRECTION SIDESWIPE,IMPROPER PASSING,SSI,DAWN/DUSK,CLEAR,DRY,False,39.8116493225098,-85.9864807128906
904036073,2022,2022-05-13,Marion,Indianapolis,E 30TH ST  & BAVARIAN W DR,Pedestrian,NON-COLLISION,PEDESTRIAN ACTION,SSI,DAYLIGHT,CLEAR,WATER (STANDING OR MOVING),False,39.811653137207,-85.9878616333008
904036569,2022,2022-05-13,Marion,Indianapolis,WASHINGTON ST & BUSINESS DR,Vehicle,HEAD ON BETWEEN TWO MOTOR VEHICLES,LEFT OF CENTER,Fatal,DAYLIGHT,CLEAR,DRY,False,39.7963218688965,-86.0614624023438
904037126,2022,2022-05-13,Marion,Indianapolis,MADISON AVE  & E TERRANCE AVE,Vehicle,NON-COLLISION,OTHER (DRIVER) - EXPLAIN IN NARRATIVE,SSI,DARK (LIGHTED),CLEAR,DRY,False,39.7451438903809,-86.1543350219726