id,year,date,county,city,cross_street,crash_type,manner,primary_factor,ssi_fatal,light,weather,surface,interstate,lat,lon
904040239,2022,2022-05-13,Marion,Indianapolis,I-465,Vehicle,RAN OFF ROAD,OTHER (DRIVER) - EXPLAIN IN NARRATIVE,SSI,DAYLIGHT,CLEAR,DRY,True,39.7859764099121,-86.2706298828125
904041942,2022,2022-05-13,Morgan,MARTINSVILLE,STATE RD 39,Vehicle,REAR END,DRIVER DISTRACTED - EXPLAIN IN NARRATIVE,SSI,DAYLIGHT,CLEAR,DRY,False,39.4019012451172,-86.44921875
904034191,2022,2022-05-14,Marion,Speedway,W 30TH ST  & MOLLER RD,Vehicle,RAN OFF ROAD,ROADWAY SURFACE CONDITION,SSI,DAYLIGHT,RAIN,WET,False,39.8096199035645,-86.2555770874023
904035135,2022,2022-05-14,Marion,Indianapolis,MERIDIAN ST & MONTICELLO DR,Vehicle,REAR END,FOLLOWING TOO CLOSELY,Fatal,DAYLIGHT,CLOUDY,WET,False,39.7174911499023,-86.1586532592773
904034834,2022,2022-05-15,Marion,Indianapolis,21ST ST & MARADONA DR,Vehicle,HEAD ON BETWEEN TWO MOTOR VEHICLES,LEFT OF CENTER,SSI,DARK (NOT LIGHTED),CLEAR,DRY,False,39.7937545776367,-86.2953186035156
904035159,2022,2022-05-16,Hamilton,Arcadia,E 276 ST  & DEVANEY RD,Vehicle,RIGHT ANGLE,FAILURE TO YIELD RIGHT OF WAY,Fatal,DAYLIGHT,CLOUDY,DRY,False,40.1903877258301,-86.0690612792969
904035559,2022,2022-05-16,Johnson,Franklin,COMMERCE DR  & US HWY 31,Vehicle,OTHER - EXPLAIN IN NARRATIVE,FAILURE TO MAINTAIN LANE,Fatal,DAYLIGHT,CLEAR,DRY,False,39.5069580078125,-86.0696487426758
904036291,2022,2022-05-16,Marion,Indianapolis,BROOKSIDE PKWY SOUTH DR  & N LASALLE ST,Vehicle,RAN OFF ROAD,OTHER (DRIVER) - EXPLAIN IN NARRATIVE,SSI,DARK (LIGHTED),RAIN,WET,False,39.7887802124023,-86.1096801757813
904042441,2022,2022-05-16,Marion,Indianapolis,I-465 WB,Vehicle,RAN OFF ROAD,OTHER (DRIVER) - EXPLAIN IN NARRATIVE,Fatal,DAYLIGHT,CLEAR,DRY,True,39.7019729614258,-86.1171875
904036813,2022,2022-05-17,Morgan,Mooresville,N MONROE ST  & MORGAN ST,Pedestrian,OTHER - EXPLAIN IN NARRATIVE,DISREGARD SIGNAL/REG SIGN,SSI,DAYLIGHT,CLEAR,DRY,False,39.6152153015137,-86.380386352539
904039799,2022,2022-05-17,Boone,Zionsville,TEMPLE AVE  & WILLOW RD,Vehicle,RIGHT ANGLE,FAILURE TO YIELD RIGHT OF WAY,SSI,DAYLIGHT,CLEAR,DRY,False,39.9604835510254,-86.2599868774414
904037818,2022,2022-05-18,Hamilton,Carmel,KEYSTONE PKWY & 116TH ST,Vehicle,RAN OFF ROAD,RAN OFF ROAD RIGHT,SSI,DAYLIGHT,RAIN,WET,False,39.9567832946777,-86.1138534545898
904039843,2022,2022-05-18,Marion,Indianapolis,LAFAYETTE RD  & W 30TH ST,Vehicle,HEAD ON BETWEEN TWO MOTOR VEHICLES,FAILURE TO YIELD RIGHT OF WAY,SSI,DAYLIGHT,RAIN,WET,False,39.8096618652344,-86.2206192016602
904038755,2022,2022-05-19,Shelby,Edinburgh,I-65,Vehicle,OTHER - EXPLAIN IN NARRATIVE,OTHER (DRIVER) - EXPLAIN IN NARRATIVE,SSI,DAYLIGHT,RAIN,WET,True,39.3942756652832,-85.9428863525391
904042839,2022,2022-05-19,Marion,Indianapolis,I-70,Vehicle,RAN OFF ROAD,UNSAFE LANE MOVEMENT,SSI,DARK (LIGHTED),CLEAR,DRY,True,39.8029861450195,-86.0522537231445
904046282,2022,2022-05-19,Marion,Indianapolis,W 49TH ST  & N MERIDIAN ST,Pedestrian,RAN OFF ROAD,DRIVER ILLNESS,Fatal,DAYLIGHT,CLOUDY,DRY,False,39.8426322937012,-86.1570358276367
904053571,2022,2022-05-19,Marion,Indianapolis,I-465,Vehicle,REAR END,UNSAFE SPEED,SSI,DARK (NOT LIGHTED),FOG/SMOKE/SMOG,WET,True,39.7623023986816,-86.0287475585938
904039213,2022,2022-05-20,Marion,Indianapolis,MITTHOEFER RD & CONVEYOR DR,Vehicle,REAR END,FOLLOWING TOO CLOSELY,SSI,DAYLIGHT,CLEAR,DRY,False,39.8157005310059,-85.9909515380859
904039262,2022,2022-05-20,Hamilton,Noblesville,HARVEST MOON DR,Vehicle,,RAN OFF ROAD RIGHT,SSI,DARK (LIGHTED),CLEAR,DRY,False,40.0405731201172,-85.9598617553711
904065030,2022,2022-07-01,Marion,Indianapolis,W 16TH ST & N SOMERSET AVE,Vehicle,RIGHT ANGLE,DISREGARD SIGNAL/REG SIGN,SSI,DAYLIGHT,CLEAR,DRY,False,39.7876739501953,-86.222282409668
904011928,2022,2022-04-10,Johnson,,N 75 W  & WHITELAND RD,Vehicle,RIGHT ANGLE,FAILURE TO YIELD RIGHT OF WAY,Fatal,DAWN/DUSK,CLEAR,DRY,False,39.5492744445801,-86.1158294677734
903965032,2022,2022-01-21,Marion,Indianapolis,CENTRAL AVE  & E 19TH ST,Vehicle,HEAD ON BETWEEN TWO MOTOR VEHICLES,LEFT OF CENTER,SSI,DARK (LIGHTED),CLEAR,DRY,False,39.7924423217773,-86.1494903564453
904066783,2022,2022-07-01,Shelby,FAIRLAND,N 800 W  & W 1100 N,Vehicle,RIGHT ANGLE,FAILURE TO YIELD RIGHT OF WAY,Fatal,DAYLIGHT,CLEAR,DRY,False,39.675666809082,-85.9334259033203
904013117,2022,2022-04-10,Marion,Indianapolis,SHERMAN DR & 30TH ST,Vehicle,RAN OFF ROAD,RAN OFF ROAD RIGHT,SSI,DAYLIGHT,CLEAR,DRY,False,39.8107681274414,-86.1025466918945
903965034,2022,2022-01-21,Marion,Indianapolis,W MORRIS ST  & S WARMAN AVE,Vehicle,NON-COLLISION,OVERCORRECTING/OVERSTEERING,SSI,DARK (LIGHTED),CLEAR,DRY,False,39.7505950927734,-86.2066116333008
904050956,2022,2022-06-04,Shelby,SHELBYVILLE,S 250E  & MEADOW DR,Vehicle,OTHER - EXPLAIN IN NARRATIVE,OTHER (DRIVER) - EXPLAIN IN NARRATIVE,SSI,DAYLIGHT,CLEAR,DRY,False,39.5035285949707,-85.7328414916992
903989129,2022,2022-02-28,Boone,Zionsville,I-865,Vehicle,REAR END,FOLLOWING TOO CLOSELY,SSI,DAYLIGHT,CLEAR,DRY,True,39.9308662414551,-86.2895660400391
904080775,2022,2022-07-23,Marion,Indianapolis,70,Vehicle,NON-COLLISION,FOLLOWING TOO CLOSELY,SSI,DAYLIGHT,CLOUDY,DRY,False,39.7394599914551,-86.2387161254883
904066873,2022,2022-07-01,Marion,Indianapolis,N LINWOOD AVE  & E 10TH ST,Vehicle,OTHER - EXPLAIN IN NARRATIVE,FAILURE TO YIELD RIGHT OF WAY,SSI,DAYLIGHT,CLEAR,DRY,False,39.7814674377441,-86.0927658081055
904039263,2022,2022-05-20,Hamilton,Noblesville,SR32,Vehicle,OTHER - EXPLAIN IN NARRATIVE,RAN OFF ROAD RIGHT,SSI,DARK (LIGHTED),CLEAR,DRY,False,40.0456619262695,-85.992919921875
904013411,2022,2022-04-10,Hendricks,Avon,E US 36,Vehicle,HEAD ON BETWEEN TWO MOTOR VEHICLES,DRIVER ILLNESS,SSI,DARK (LIGHTED),CLOUDY,DRY,False,39.7619285583496,-86.3300628662109
903964699,2022,2022-01-22,Marion,Indianapolis,COLLEGE AVE & 31ST ST,Vehicle,RIGHT ANGLE,FAILURE TO YIELD RIGHT OF WAY,SSI,DAYLIGHT,CLEAR,DRY,False,39.8119354248047,-86.1448822021484
904083602,2022,2022-06-04,Marion,Indianapolis,I-465,Vehicle,REAR END,UNSAFE LANE MOVEMENT,SSI,DAYLIGHT,CLEAR,DRY,True,39.7370300292969,-86.0432815551758
903936545,2021,2021-12-13,Hancock,,FORTVILLE PIKE,Vehicle,HEAD ON BETWEEN TWO MOTOR VEHICLES,LEFT OF CENTER,SSI,DAYLIGHT,CLEAR,DRY,False,39.8612251281738,-85.8260498046875
904014419,2022,2022-04-11,Marion,Indianapolis,I-70,Vehicle,RAN OFF ROAD,UNSAFE LANE MOVEMENT,SSI,DARK (LIGHTED),CLEAR,DRY,True,39.7506103515625,-86.2314376831055
903921284,2021,2021-11-11,Hancock,FORTVILLE,N Merrill St  & Marie Ln,Vehicle,RAN OFF ROAD,STEERING FAILURE,SSI,DARK (NOT LIGHTED),CLOUDY,DRY,False,39.9391059875488,-85.8530654907227
904014497,2022,2022-04-11,Marion,Indianapolis,I-465,Vehicle,SAME DIRECTION SIDESWIPE,UNSAFE LANE MOVEMENT,SSI,DAYLIGHT,RAIN,WET,True,39.8653411865234,-86.2723236083984
903914519,2021,2021-11-12,Shelby,SHELBYVILLE,STATE ROAD 9  & E 1100 S,Vehicle,HEAD ON BETWEEN TWO MOTOR VEHICLES,FAILURE TO YIELD RIGHT OF WAY,SSI,DAYLIGHT,CLOUDY,DRY,False,39.3653678894043,-85.7649536132813
904014251,2022,2022-04-12,Marion,Beech Grove,S 10TH AVE  & ALTON ST,Vehicle,HEAD ON BETWEEN TWO MOTOR VEHICLES,UNSAFE SPEED,SSI,DAYLIGHT,CLOUDY,DRY,False,39.7197952270508,-86.0933532714844
903915551,2021,2021-11-13,Marion,Indianapolis,W 46TH ST & BROOKHOLLOW BLVD,Pedestrian,COLLISION WITH OBJECT IN ROAD,PEDESTRIAN ACTION,Fatal,DARK (NOT LIGHTED),CLOUDY,DRY,False,39.8381042480469,-86.2730941772461
904014388,2022,2022-04-12,Marion,Speedway,AUGUSTA DR E  & AUGUSTA DR N,Vehicle,HEAD ON BETWEEN TWO MOTOR VEHICLES,LEFT OF CENTER,SSI,DARK (LIGHTED),CLEAR,DRY,False,39.7965049743652,-86.2639389038086
903918821,2021,2021-11-13,Marion,Indianapolis,W 38TH ST,Vehicle,RAN OFF ROAD,UNSAFE SPEED,Fatal,DARK (NOT LIGHTED),CLEAR,DRY,False,39.8234176635742,-86.2129135131836
904014609,2022,2022-04-12,Marion,Indianapolis,I-465,Vehicle,REAR END,UNSAFE LANE MOVEMENT,SSI,DAYLIGHT,CLEAR,DRY,True,39.7427787780762,-86.2644348144531
903919623,2021,2021-11-13,Marion,Indianapolis,70,Vehicle,HEAD ON BETWEEN TWO MOTOR VEHICLES,WRONG WAY ON ONE WAY,SSI,DARK (LIGHTED),CLEAR,DRY,False,39.7393989562988,-86.2387390136719
904014543,2022,2022-04-13,Marion,Indianapolis,RAYMOND ST & BETHEL AVE,Vehicle,REAR END,FOLLOWING TOO CLOSELY,SSI,DARK (LIGHTED),CLEAR,DRY,False,39.7378883361816,-86.1039657592773
903915100,2021,2021-11-14,Morgan,MARTINSVILLE,HENDERSON FORD RD,Vehicle,RAN OFF ROAD,UNSAFE LANE MOVEMENT,Fatal,UNKNOWN,CLEAR,DRY,False,39.4960861206055,-86.3552398681641
904015293,2022,2022-04-13,Marion,Indianapolis,I-465,Vehicle,SAME DIRECTION SIDESWIPE,UNSAFE SPEED,SSI,DARK (NOT LIGHTED),RAIN,WET,True,39.6922569274902,-86.2365264892578
903916370,2021,2021-11-15,Marion,Lawrence,LEONE DR & E 52ND ST,Vehicle,BACKING CRASH,UNSAFE BACKING,SSI,DAYLIGHT,CLOUDY,DRY,False,39.846794128418,-86.0512619018555
904015379,2022,2022-04-13,Marion,Indianapolis,N KEYSTONE AVE  & DELL ZELL DR,Vehicle,REAR END,UNSAFE SPEED,SSI,DARK (LIGHTED),CLOUDY,WET,False,39.857494354248,-86.1222229003906
903917330,2021,2021-11-15,Johnson,,S 800 E  & W 500 S,Vehicle,RAN OFF ROAD,UNSAFE SPEED,SSI,DARK (NOT LIGHTED),CLEAR,WET,False,39.4508972167969,-85.9513244628906
904017189,2022,2022-04-14,Marion,Indianapolis,25TH ST & GERMAN CHURCH RD,Vehicle,LEFT TURN,FAILURE TO YIELD RIGHT OF WAY,SSI,DAYLIGHT,CLEAR,DRY,False,39.8045349121094,-85.9716567993164
903917517,2021,2021-11-15,Boone,Zionsville,SR32E,Vehicle,HEAD ON BETWEEN TWO MOTOR VEHICLES,DRIVER ILLNESS,SSI,DAYLIGHT,CLEAR,DRY,False,40.0407180786133,-86.2947769165039
904017252,2022,2022-04-14,Marion,Indianapolis,I-65,Vehicle,REAR END,FOLLOWING TOO CLOSELY,SSI,DAYLIGHT,CLEAR,DRY,True,39.6979675292969,-86.1066207885742
903917967,2021,2021-11-15,Marion,Indianapolis,E 44th St  & N Keystone Ave,Vehicle,RAN OFF ROAD,SPEED TOO FAST FOR WEATHER CONDITIONS,SSI,DARK (NOT LIGHTED),CLOUDY,WET,False,39.8365173339844,-86.1220245361328
904016095,2022,2022-04-15,Johnson,,STATE RD 144  & PARK DR,Vehicle,RAN OFF ROAD,OTHER (DRIVER) - EXPLAIN IN NARRATIVE,SSI,DARK (NOT LIGHTED),CLEAR,DRY,False,39.4867057800293,-86.0959777832031
904016149,2022,2022-04-15,Hamilton,Noblesville,HAZEL DELL ROAD  & 146 STREET,Vehicle,LEFT TURN,FAILURE TO YIELD RIGHT OF WAY,SSI,DAYLIGHT,CLOUDY,WET,False,40.000316619873,-86.0705413818359
904020487,2022,2022-04-15,Marion,Indianapolis,I465,Vehicle,RIGHT ANGLE,UNSAFE LANE MOVEMENT,SSI,DAYLIGHT,CLEAR,DRY,True,39.8018569946289,-86.0333938598633
904022240,2022,2022-04-15,Hendricks,Avon,CR200 N & N RONALD REAGAN PKWY,Vehicle,LEFT TURN,DISREGARD SIGNAL/REG SIGN,SSI,DARK (NOT LIGHTED),CLEAR,DRY,False,39.7930107116699,-86.347053527832
904016098,2022,2022-04-16,Marion,Indianapolis,N GILMER RD  & 56TH ST,Vehicle,RAN OFF ROAD,UNSAFE LANE MOVEMENT,SSI,DARK (NOT LIGHTED),CLOUDY,WET,False,39.8596153259277,-86.2711715698242
904016894,2022,2022-04-16,Morgan,MARTINSVILLE,STATE RD 44  & STATE RD 37,Vehicle,LEFT TURN,FAILURE TO YIELD RIGHT OF WAY,SSI,DARK (LIGHTED),CLEAR,WET,False,39.4309997558594,-86.3944625854492
904017489,2022,2022-04-16,Marion,Indianapolis,WINTHROP AVE,Vehicle,RAN OFF ROAD,OTHER (DRIVER) - EXPLAIN IN NARRATIVE,SSI,DARK (LIGHTED),CLEAR,DRY,False,39.8131561279297,-86.1379165649414
904016829,2022,2022-04-17,Morgan,MARTINSVILLE,GRAND VALLEY BLVD  & GRAND VALLEY BLVD,Vehicle,SAME DIRECTION SIDESWIPE,UNSAFE LANE MOVEMENT,SSI,DARK (LIGHTED),CLEAR,DRY,False,39.4172134399414,-86.4120254516602
904017497,2022,2022-04-17,Marion,Indianapolis,KESSLER BLVD W DR & KNOLLTON RD,Vehicle,SAME DIRECTION SIDESWIPE,IMPROPER PASSING,SSI,DAYLIGHT,CLEAR,DRY,False,39.8546028137207,-86.1978759765625
904018737,2022,2022-04-18,Marion,Speedway,W 21ST ST  & RUNAWAY BAY DR,Pedestrian,RIGHT ANGLE,FAILURE TO YIELD RIGHT OF WAY,SSI,DAYLIGHT,CLOUDY,DRY,False,39.7942008972168,-86.2698211669922
904019162,2022,2022-04-18,Hancock,,US HWY 52  & S 650 W,Vehicle,RAN OFF ROAD,OTHER (DRIVER) - EXPLAIN IN NARRATIVE,SSI,DARK (NOT LIGHTED),CLOUDY,DRY,False,39.7283515930176,-85.9245452880859
904019207,2022,2022-04-19,Marion,Indianapolis,62ND ST & ALLISONVILLE RD,Vehicle,OTHER - EXPLAIN IN NARRATIVE,HOLES/RUTS IN SURFACE,SSI,DARK (NOT LIGHTED),CLEAR,DRY,False,39.8686332702637,-86.0962829589844
904019209,2022,2022-04-19,Marion,Indianapolis,30TH ST & EAGLEDALE DR,Vehicle,HEAD ON BETWEEN TWO MOTOR VEHICLES,IMPROPER LANE USAGE,SSI,DARK (LIGHTED),CLEAR,DRY,False,39.809326171875,-86.2282180786133
904020466,2022,2022-04-19,Morgan,,E COUNTY LINE RD  & RACOON RUN RD,Vehicle,OTHER - EXPLAIN IN NARRATIVE,FAILURE TO YIELD RIGHT OF WAY,SSI,DARK (NOT LIGHTED),CLEAR,DRY,False,39.6321868896484,-86.3264541625977
904023089,2022,2022-04-19,Shelby,SHELBYVILLE,W BOGGSTOWN RD  & 200W,Vehicle,RAN OFF ROAD,FAILURE TO MAINTAIN LANE,SSI,DAYLIGHT,CLEAR,DRY,False,39.5339584350586,-85.8299026489258
904019863,2022,2022-04-20,Johnson,Greenwood,US31S & APRYL DR,Pedestrian,SAME DIRECTION SIDESWIPE,OTHER (DRIVER) - EXPLAIN IN NARRATIVE,SSI,DAWN/DUSK,CLEAR,DRY,False,39.6005973815918,-86.1054153442383
904019930,2022,2022-04-21,Marion,Indianapolis,LAFAYETTE RD & 56TH ST,Vehicle,HEAD ON BETWEEN TWO MOTOR VEHICLES,OTHER (DRIVER) - EXPLAIN IN NARRATIVE,SSI,DAYLIGHT,CLOUDY,WET,False,39.8529472351074,-86.263298034668
904020130,2022,2022-04-21,Boone,Lebanon,I65N,Vehicle,RAN OFF ROAD,DRIVER ILLNESS,SSI,DAYLIGHT,CLEAR,DRY,False,40.0465888977051,-86.4876937866211
904020175,2022,2022-04-21,Hendricks,,E CO RD 1000 N,Vehicle,RAN OFF ROAD,SPEED TOO FAST FOR WEATHER CONDITIONS,SSI,DAYLIGHT,CLEAR,DRY,False,39.9101409912109,-86.4699783325195
904021793,2022,2022-04-21,Marion,Indianapolis,MITTHOEFER RD & 21ST ST,Vehicle,REAR END,OTHER (DRIVER) - EXPLAIN IN NARRATIVE,SSI,DARK (LIGHTED),CLEAR,DRY,False,39.7969589233398,-85.9903869628906
904022122,2022,2022-04-21,Marion,Indianapolis,W 74TH ST  & HARCOURT RD,Vehicle,SAME DIRECTION SIDESWIPE,IMPROPER PASSING,SSI,DAYLIGHT,CLEAR,DRY,False,39.8882217407227,-86.1935043334961
904025821,2022,2022-04-21,Marion,Indianapolis,465,Vehicle,REAR END,FOLLOWING TOO CLOSELY,SSI,DAYLIGHT,CLEAR,DRY,False,39.924129486084,-86.1221389770508
904025928,2022,2022-04-21,Hendricks,Plainfield,PERRY RD  & E MAIN ST,Vehicle,RIGHT ANGLE,FAILURE TO YIELD RIGHT OF WAY,SSI,DARK (LIGHTED),RAIN,WET,False,39.717643737793,-86.3576126098633
904028682,2022,2022-04-21,Marion,Indianapolis,SHARON AVE  & W 16TH ST,Vehicle,RIGHT ANGLE,FAILURE TO YIELD RIGHT OF WAY,Fatal,DARK (LIGHTED),CLEAR,DRY,False,39.7878341674805,-86.2083587646484
904021863,2022,2022-04-22,Marion,Indianapolis,MICHIGAN RD,Vehicle,OTHER - EXPLAIN IN NARRATIVE,FAILURE TO YIELD RIGHT OF WAY,SSI,DAYLIGHT,CLEAR,DRY,False,39.8246574401855,-86.1807479858398
904039503,2022,2022-05-20,Marion,Indianapolis,MASSACHUSETTS AVE & PARK AVE,Pedestrian,SAME DIRECTION SIDESWIPE,UNSAFE LANE MOVEMENT,SSI,DAYLIGHT,CLEAR,DRY,False,39.7757911682129,-86.1478576660156
904068484,2022,2022-07-01,Marion,Lawrence,N POST RD  & E 46TH ST,Vehicle,RIGHT ANGLE,OTHER (DRIVER) - EXPLAIN IN NARRATIVE,Fatal,DARK (LIGHTED),CLEAR,DRY,False,39.8406410217285,-86.0102081298828
903938896,2021,2021-12-13,Hamilton,Westfield,CAREY RD  & E 146TH ST,Vehicle,HEAD ON BETWEEN TWO MOTOR VEHICLES,FAILURE TO YIELD RIGHT OF WAY,SSI,DAYLIGHT,CLOUDY,DRY,False,40.0003967285156,-86.108512878418
903990472,2022,2022-02-28,Marion,Indianapolis,38TH ST  & ENGLEWOOD DR,Pedestrian,RIGHT ANGLE,PEDESTRIAN ACTION,SSI,DARK (LIGHTED),CLEAR,DRY,False,39.8257522583008,-86.0445098876953
904080787,2022,2022-07-23,Marion,Indianapolis,I70,Vehicle,RAN OFF ROAD,UNSAFE LANE MOVEMENT,Fatal,DAYLIGHT,CLOUDY,DRY,True,39.800895690918,-86.0848007202148
904048049,2022,2022-06-05,Marion,Indianapolis,FAIRFIELD AVE & BROADWAY ST,Vehicle,RIGHT ANGLE,FAILURE TO YIELD RIGHT OF WAY,SSI,DARK (LIGHTED),CLEAR,DRY,False,39.8188171386719,-86.145980834961
903964770,2022,2022-01-22,Marion,Indianapolis,DR MARTIN LUTHER KING JR ST & CRESCENT ST,Vehicle,HEAD ON BETWEEN TWO MOTOR VEHICLES,LEFT OF CENTER,SSI,DAYLIGHT,CLOUDY,DRY,False,39.8175888061523,-86.1773910522461
904025458,2022,2022-04-22,Marion,Indianapolis,I- 465,Vehicle,REAR END,UNSAFE SPEED,SSI,DAYLIGHT,CLEAR,DRY,True,39.7005729675293,-86.1545639038086
904027469,2022,2022-04-22,Marion,Indianapolis,S ARLINGTON AVE  & TERRACE AVE,Vehicle,LEFT TURN,UNSAFE SPEED,Fatal,DAYLIGHT,CLEAR,DRY,False,39.7499008178711,-86.0638580322266
904020876,2022,2022-04-23,Marion,Lawrence,E 52ND ST  & N SHADELAND AVE,Vehicle,RIGHT ANGLE,FAILURE TO YIELD RIGHT OF WAY,SSI,DAYLIGHT,CLEAR,DRY,False,39.8471870422363,-86.0461883544922
904021294,2022,2022-04-23,Johnson,Greenwood,COUNTY LINE RD & MERIDIAN ST,Vehicle,OPPOSITE DIRECTION SIDESWIPE,UNSAFE SPEED,SSI,DARK (LIGHTED),CLEAR,DRY,False,39.6356468200684,-86.1063842773438
904021568,2022,2022-04-23,Marion,Indianapolis,W 38TH ST  & KEVIN WAY,Vehicle,HEAD ON BETWEEN TWO MOTOR VEHICLES,LEFT OF CENTER,SSI,DARK (NOT LIGHTED),CLEAR,DRY,False,39.8239784240723,-86.2483367919922
904021965,2022,2022-04-23,Marion,Indianapolis,ARLINGTON AVE & 25TH ST,Vehicle,OTHER - EXPLAIN IN NARRATIVE,OTHER (ENVIRONMENTAL) - EXPLAIN IN NARR,SSI,DAYLIGHT,CLEAR,LOOSE MATERIAL ON ROAD,False,39.8027725219726,-86.0645523071289
904022012,2022,2022-04-23,Marion,Indianapolis,38TH ST & WINTHROP AVE,Vehicle,NON-COLLISION,OTHER (VEHICLE) - EXPLAIN IN NARRATIVE,SSI,DAYLIGHT,CLEAR,DRY,False,39.8248481750488,-86.1407852172852
904022517,2022,2022-04-23,Morgan,MARTINSVILLE,STATE RD 39  & W LENTZ TREE FARM RD,Vehicle,RAN OFF ROAD,UNDER STEERING/UNDER CORRECTING,SSI,DAYLIGHT,CLEAR,DRY,False,39.5423965454101,-86.4706497192383
904025563,2022,2022-04-23,Marion,Indianapolis,I-70,Vehicle,RAN OFF ROAD,UNSAFE LANE MOVEMENT,SSI,DARK (LIGHTED),CLEAR,DRY,True,39.7975959777832,-86.1010894775391
904025711,2022,2022-04-23,Marion,Indianapolis,I-70,Vehicle,RAN OFF ROAD,OTHER (DRIVER) - EXPLAIN IN NARRATIVE,SSI,DARK (LIGHTED),CLEAR,DRY,True,39.7981719970703,-86.1102752685547
904023585,2022,2022-04-24,Marion,Indianapolis,21ST ST & RITTER AVE,Pedestrian,OTHER - EXPLAIN IN NARRATIVE,PEDESTRIAN ACTION,SSI,DARK (LIGHTED),CLEAR,DRY,False,39.7962532043457,-86.0738906860352
904024917,2022,2022-04-24,Boone,Zionsville,E 100 N  & N 600 E,Vehicle,RAN OFF ROAD,OTHER (DRIVER) - EXPLAIN IN NARRATIVE,SSI,DARK (NOT LIGHTED),CLEAR,DRY,False,40.0543975830078,-86.3554534912109
904022410,2022,2022-04-25,Marion,Indianapolis,BINFORD BLVD & 65TH ST,Vehicle,RIGHT ANGLE,FAILURE TO YIELD RIGHT OF WAY,SSI,DAYLIGHT,RAIN,WET,False,39.8760375976562,-86.0753860473633
904023043,2022,2022-04-26,Marion,Indianapolis,30TH ST & POST RD,Vehicle,REAR END,DISREGARD SIGNAL/REG SIGN,SSI,DARK (LIGHTED),CLEAR,DRY,False,39.8114242553711,-86.0096435546875
904025926,2022,2022-04-26,Marion,Indianapolis,I- 69,Vehicle,SAME DIRECTION SIDESWIPE,FOLLOWING TOO CLOSELY,SSI,DAYLIGHT,CLEAR,DRY,True,39.9134750366211,-86.0394973754883
904023122,2022,2022-04-27,Johnson,Greenwood,SR135S & MENARD DR,Vehicle,LEFT TURN,FAILURE TO YIELD RIGHT OF WAY,SSI,DAYLIGHT,CLEAR,DRY,False,39.610466003418,-86.1583938598633
904023153,2022,2022-04-27,Marion,Indianapolis,BLUFF RD,Pedestrian,NON-COLLISION,PEDESTRIAN ACTION,Fatal,DARK (LIGHTED),CLEAR,DRY,False,39.7128295898438,-86.1697006225586
904028710,2022,2022-04-27,Marion,Beech Grove,EMERSON AVE  & E THOMPSON RD,Vehicle,RIGHT ANGLE,DISREGARD SIGNAL/REG SIGN,Fatal,DAYLIGHT,CLEAR,DRY,False,39.6945457458496,-86.0824279785156
904024189,2022,2022-04-28,Marion,Indianapolis,SOUTHEASTERN AVE & ARLINGTON AVE,Vehicle,RIGHT ANGLE,FAILURE TO YIELD RIGHT OF WAY,SSI,DARK (LIGHTED),CLEAR,DRY,False,39.7348899841309,-86.063720703125
904024190,2022,2022-04-28,Marion,Indianapolis,86TH ST & DITCH RD,Vehicle,LEFT TURN,DISREGARD SIGNAL/REG SIGN,SSI,DARK (LIGHTED),CLEAR,DRY,False,39.9119644165039,-86.1857833862305
904027239,2022,2022-04-28,Marion,Indianapolis,I- 465,Vehicle,RAN OFF ROAD,UNSAFE SPEED,Fatal,DARK (LIGHTED),CLEAR,DRY,True,39.699405670166,-86.1491394042969
904030997,2022,2022-04-28,Hamilton,Fishers,I-69,Vehicle,RAN OFF ROAD,OTHER (DRIVER) - EXPLAIN IN NARRATIVE,Fatal,DAYLIGHT,CLOUDY,DRY,True,39.9718437194824,-85.9674758911133
904024412,2022,2022-04-29,Marion,Indianapolis,62ND ST & BINFORD BLVD,Vehicle,HEAD ON BETWEEN TWO MOTOR VEHICLES,DISREGARD SIGNAL/REG SIGN,SSI,DAYLIGHT,CLEAR,DRY,False,39.8686714172363,-86.0842819213867
904026397,2022,2022-04-29,Marion,Indianapolis,N RURAL ST & E NEW YORK ST,Pedestrian,COLLISION WITH OBJECT IN ROAD,PEDESTRIAN ACTION,SSI,DAYLIGHT,CLOUDY,DRY,False,39.7717895507813,-86.1164932250977
904027309,2022,2022-04-29,Hendricks,,S CO RD 1025 E  & STATE RD 67,Vehicle,RIGHT ANGLE,FAILURE TO YIELD RIGHT OF WAY,SSI,DAYLIGHT,CLEAR,DRY,False,39.6356811523438,-86.3429565429688
904028105,2022,2022-04-29,Shelby,SHELBYVILLE,N 325 E  & STATE RD 44,Vehicle,REAR END,FOLLOWING TOO CLOSELY,SSI,DAYLIGHT,CLOUDY,DRY,False,39.5342025756836,-85.7180099487305
904026857,2022,2022-04-30,Marion,Indianapolis,38TH ST  & 36TH PL,Vehicle,HEAD ON BETWEEN TWO MOTOR VEHICLES,LEFT OF CENTER,Fatal,DARK (NOT LIGHTED),RAIN,WET,False,39.8261947631836,-85.9984893798828