id,year,date,county,city,cross_street,crash_type,manner,primary_factor,ssi_fatal,light,weather,surface,interstate,lat,lon
904024985,2022,2022-05-01,Johnson,Greenwood,MAIN ST & PATTERSON ST,Vehicle,REAR END,FOLLOWING TOO CLOSELY,SSI,DAYLIGHT,CLEAR,DRY,False,39.6138877868652,-86.0917587280273
904027008,2022,2022-05-01,Marion,Indianapolis,N ARLINGTON AVE  & E 20TH ST,Vehicle,RIGHT ANGLE,UNSAFE SPEED,Fatal,DAYLIGHT,CLOUDY,DRY,False,39.7944374084473,-86.0643920898437
904025744,2022,2022-05-02,Marion,Indianapolis,HOLT RD & MICHIGAN ST,Pedalcycle,RAN OFF ROAD,OTHER (DRIVER) - EXPLAIN IN NARRATIVE,SSI,DARK (NOT LIGHTED),CLEAR,DRY,False,39.7722511291504,-86.2281875610352
904033464,2022,2022-05-02,Marion,Indianapolis,I- 465,Vehicle,RAN OFF ROAD,DRIVER ILLNESS,SSI,DAYLIGHT,CLEAR,DRY,True,39.7178344726563,-86.0517807006836
904027078,2022,2022-05-03,Marion,Indianapolis,HARCOURT RD & JOHN AMBERS LN,Vehicle,LEFT/RIGHT TURN,FAILURE TO YIELD RIGHT OF WAY,SSI,DAYLIGHT,CLOUDY,DRY,False,39.9099349975586,-86.1936950683594
904027453,2022,2022-05-03,Marion,Indianapolis,E 46TH ST  & BROWN RD,Vehicle,RIGHT ANGLE,LEFT OF CENTER,SSI,DARK (NOT LIGHTED),CLOUDY,WET,False,39.8402366638184,-86.0939025878906
904028673,2022,2022-05-03,Marion,Indianapolis,W EPLER AVE  & BLUFF RD,Vehicle,RAN OFF ROAD,UNSAFE SPEED,SSI,DAYLIGHT,CLOUDY,WET,False,39.6859512329102,-86.1762847900391
904035433,2022,2022-05-03,Marion,Indianapolis,I- 465 SB,Vehicle,RAN OFF ROAD,UNSAFE SPEED,Fatal,DARK (LIGHTED),CLEAR,DRY,True,39.7920265197754,-86.0353927612305
904027742,2022,2022-05-04,Marion,Indianapolis,BELMONT AVE & TURNER AVE,Vehicle,HEAD ON BETWEEN TWO MOTOR VEHICLES,LEFT OF CENTER,SSI,DAYLIGHT,CLEAR,DRY,False,39.770622253418,-86.1968307495117
904027746,2022,2022-05-04,Marion,Indianapolis,FALL CREEK BLVD N DR & CAPITOL AVE,Vehicle,RIGHT ANGLE,OTHER (DRIVER) - EXPLAIN IN NARRATIVE,SSI,DAYLIGHT,CLOUDY,DRY,False,39.8026390075684,-86.1612930297852
904028660,2022,2022-05-06,Marion,Indianapolis,16TH ST & MONTCALM ST,Vehicle,RAN OFF ROAD,IMPROPER LANE USAGE,SSI,DAYLIGHT,RAIN,WET,False,39.7884941101074,-86.180191040039
904029055,2022,2022-05-07,Boone,,S 650 E,Vehicle,RAN OFF ROAD,OTHER (DRIVER) - EXPLAIN IN NARRATIVE,SSI,DAYLIGHT,CLEAR,DRY,False,40.0359535217285,-86.3461227416992
904029247,2022,2022-05-07,Marion,Lawrence,PENDLETON PIKE  & MAPLE LN,Pedestrian,COLLISION WITH OBJECT IN ROAD,PEDESTRIAN ACTION,SSI,DAYLIGHT,CLEAR,DRY,False,39.8400688171387,-86.0193862915039
904029889,2022,2022-05-07,Hamilton,Noblesville,PROMISE RD & 191ST ST,Vehicle,OTHER - EXPLAIN IN NARRATIVE,OTHER (DRIVER) - EXPLAIN IN NARRATIVE,SSI,DARK (LIGHTED),CLOUDY,WET,False,40.0658721923828,-85.9718933105469
904031689,2022,2022-05-07,Marion,Indianapolis,S KITLEY AVE  & JULIAN AVE,Vehicle,SAME DIRECTION SIDESWIPE,IMPROPER LANE USAGE,SSI,DAYLIGHT,CLEAR,DRY,False,39.7695198059082,-86.0546493530273
904032153,2022,2022-05-07,Marion,Indianapolis,BROOKVILLE RD  & BROOKVILLE WAY,Vehicle,RIGHT ANGLE,FAILURE TO YIELD RIGHT OF WAY,SSI,DARK (LIGHTED),CLEAR,DRY,False,39.7535781860352,-86.0431823730469
904040886,2022,2022-05-07,Marion,Indianapolis,I-65,Vehicle,REAR END,UNSAFE SPEED,SSI,DAYLIGHT,CLEAR,DRY,True,39.7301406860352,-86.1360015869141
904030891,2022,2022-05-08,Marion,Indianapolis,W PERIMETER RD  & N ACCESS RD,Pedestrian,NON-COLLISION,PEDESTRIAN ACTION,Fatal,DARK (NOT LIGHTED),CLEAR,DRY,False,39.7021942138672,-86.3220901489258
904036947,2022,2022-05-08,Marion,Indianapolis,I-465,Vehicle,NON-COLLISION,UNSAFE LANE MOVEMENT,SSI,DARK (LIGHTED),CLEAR,DRY,True,39.854866027832,-86.2761535644531
904039420,2022,2022-05-08,Marion,Indianapolis,I-465,Vehicle,REAR END,UNSAFE SPEED,SSI,DARK (LIGHTED),CLEAR,DRY,True,39.8548088073731,-86.2761917114258
904037083,2022,2022-05-09,Marion,Indianapolis,I-465,Vehicle,RAN OFF ROAD,FAILURE TO MAINTAIN LANE,SSI,DAYLIGHT,CLEAR,DRY,True,39.6974143981934,-86.1813430786133
904031049,2022,2022-05-10,Hancock,,CR 600 WEST  & CR 100 NORTH,Vehicle,REAR END,FOLLOWING TOO CLOSELY,SSI,DAYLIGHT,CLEAR,DRY,False,39.797721862793,-85.9146728515625
904031192,2022,2022-05-10,Johnson,,STATE RD 37  & W 900 N,Vehicle,REAR END,DRIVER DISTRACTED - EXPLAIN IN NARRATIVE,SSI,DAYLIGHT,CLEAR,DRY,False,39.6045074462891,-86.2194290161133
904031362,2022,2022-05-10,Marion,Indianapolis,CAMDEN ST  & E EPLER AVE,Vehicle,LEFT/RIGHT TURN,LEFT OF CENTER,SSI,DAYLIGHT,CLEAR,DRY,False,39.6862525939941,-86.1443328857422
904031485,2022,2022-05-10,Marion,Indianapolis,SHADELAND AVE & 34TH ST,Vehicle,RIGHT ANGLE,DISREGARD SIGNAL/REG SIGN,SSI,DAYLIGHT,CLEAR,DRY,False,39.8183212280273,-86.0456161499023
904033122,2022,2022-05-10,Hendricks,,US 136  & N CO RD 100 E,Vehicle,RAN OFF ROAD,DRIVER DISTRACTED - EXPLAIN IN NARRATIVE,SSI,DAYLIGHT,CLEAR,DRY,False,39.870433807373,-86.5076751708984
904036433,2022,2022-05-10,Marion,Indianapolis,I-65,Vehicle,RIGHT ANGLE,DRIVER ILLNESS,SSI,DAYLIGHT,CLEAR,DRY,True,39.8392639160156,-86.2427444458008
904032131,2022,2022-05-11,Johnson,Bargersville,W 500 N  & W SMOKEY ROW RD,Vehicle,REAR END,UNSAFE LANE MOVEMENT,SSI,DAYLIGHT,CLEAR,DRY,False,39.5471229553223,-86.2211303710938
904032301,2022,2022-05-11,Marion,Indianapolis,S TIBBS AVE  & OLIVER AVE,Vehicle,NON-COLLISION,UNDER STEERING/UNDER CORRECTING,SSI,DARK (LIGHTED),CLEAR,DRY,False,39.759952545166,-86.2161254882813
904032385,2022,2022-05-11,Hendricks,Plainfield,AIRTECH PKWY  & RONALD REAGAN PKWY,Vehicle,RIGHT ANGLE,DISREGARD SIGNAL/REG SIGN,Fatal,DAYLIGHT,CLEAR,DRY,False,39.7185478210449,-86.3365631103516
904032420,2022,2022-05-11,Hancock,Greenfield,BARRETT DR  & E NEW RD,Vehicle,HEAD ON BETWEEN TWO MOTOR VEHICLES,FAILURE TO YIELD RIGHT OF WAY,SSI,DAYLIGHT,CLEAR,DRY,False,39.8141136169434,-85.7674102783203
904032498,2022,2022-05-11,Hendricks,Plainfield,E MAIN ST,Vehicle,REAR END,FOLLOWING TOO CLOSELY,SSI,DAYLIGHT,CLEAR,DRY,False,39.7198600769043,-86.3520431518555
904032551,2022,2022-05-11,Hendricks,Brownsburg,E MAIN ST  & HORNADAY RD,Vehicle,RIGHT ANGLE,FAILURE TO YIELD RIGHT OF WAY,SSI,DAYLIGHT,CLEAR,DRY,False,39.8373184204102,-86.3818740844727
904043190,2022,2022-05-11,Marion,Indianapolis,I-70,Vehicle,RAN OFF ROAD,UNSAFE LANE MOVEMENT,SSI,DAYLIGHT,CLEAR,DRY,True,39.7988433837891,-86.0355987548828
904052217,2022,2022-05-11,Shelby,SHELBYVILLE,N STATE RD 9  & TIMBER BROOK ESTS,Vehicle,HEAD ON BETWEEN TWO MOTOR VEHICLES,LEFT OF CENTER,SSI,DAYLIGHT,CLOUDY,DRY,False,39.6013641357422,-85.7735366821289
904069690,2022,2022-07-01,Johnson,Greenwood,SR135N & FAIRVIEW RD,Vehicle,RIGHT ANGLE,FAILURE TO YIELD RIGHT OF WAY,SSI,DAYLIGHT,CLEAR,DRY,False,39.6221046447754,-86.1586074829102
904064614,2022,2022-07-02,Hendricks,Brownsburg,E CO RD 300 N  & HORNADAY RD,Vehicle,LEFT/RIGHT TURN,FAILURE TO YIELD RIGHT OF WAY,SSI,DAYLIGHT,CLEAR,DRY,False,39.80712890625,-86.3816299438476
903937080,2021,2021-12-14,Boone,Whitestown,E 650 S  & INDIANAPOLIS RD,Vehicle,RIGHT ANGLE,OTHER (DRIVER) - EXPLAIN IN NARRATIVE,SSI,DAYLIGHT,CLEAR,DRY,False,39.9460411071777,-86.3573913574219
903991041,2022,2022-02-28,Marion,Indianapolis,STOP 11,Pedestrian,RAN OFF ROAD,DRIVER DISTRACTED - EXPLAIN IN NARRATIVE,SSI,DAYLIGHT,CLEAR,DRY,False,39.6522674560547,-86.1498107910156
904082734,2022,2022-07-23,Marion,Indianapolis,ASHURST ST  & BROKENHURST RD,Vehicle,NON-COLLISION,OTHER (DRIVER) - EXPLAIN IN NARRATIVE,Fatal,DARK (LIGHTED),CLEAR,DRY,False,39.8753280639648,-86.0685424804688
904049330,2022,2022-06-05,Hendricks,Brownsburg,US 136  & N CO RD 900 E,Vehicle,RAN OFF ROAD,UNSAFE SPEED,Fatal,DAYLIGHT,CLEAR,DRY,False,39.8309593200684,-86.3612670898438
903964772,2022,2022-01-22,Marion,Indianapolis,WASHINGTON ST & MITTHOEFER RD,Vehicle,RIGHT ANGLE,FAILURE TO YIELD RIGHT OF WAY,SSI,DAYLIGHT,CLEAR,DRY,False,39.7749481201172,-85.9902954101563
903918966,2021,2021-11-15,Marion,Indianapolis,N SHADELAND AVE  & E 71ST ST,Vehicle,HEAD ON BETWEEN TWO MOTOR VEHICLES,LEFT OF CENTER,Fatal,DARK (NOT LIGHTED),CLOUDY,DRY,False,39.8811759948731,-86.0461654663086
904064729,2022,2022-07-02,Johnson,,SR44W & CENTERLINE RD RDG,Vehicle,RAN OFF ROAD,UNSAFE SPEED,SSI,DAYLIGHT,CLEAR,DRY,False,39.4739570617676,-86.1027526855469
903926621,2021,2021-11-15,Marion,Indianapolis,I-65,Pedestrian,BACKING CRASH,UNSAFE BACKING,SSI,DAYLIGHT,CLOUDY,MUDDY,True,39.7823982238769,-86.1473770141601
904039522,2022,2022-05-20,Marion,Indianapolis,ROCKVILLE RD & IRIS AVE,Vehicle,RAN OFF ROAD,RAN OFF ROAD RIGHT,SSI,DAYLIGHT,CLEAR,DRY,False,39.7646408081055,-86.2461929321289
904065066,2022,2022-07-02,Marion,Indianapolis,MITTHOEFFER RD & 16TH ST,Vehicle,LEFT TURN,FAILURE TO YIELD RIGHT OF WAY,SSI,DAYLIGHT,CLEAR,DRY,False,39.78955078125,-85.9889450073242
903917461,2021,2021-11-16,Hamilton,Noblesville,SR38 & HAGUE RD,Vehicle,REAR END,FOLLOWING TOO CLOSELY,SSI,DAYLIGHT,CLEAR,DRY,False,40.0562133789063,-86.0419387817383
904040051,2022,2022-05-20,Marion,Indianapolis,KEYSTONE AVE & 35TH ST,Vehicle,REAR END,OTHER (DRIVER) - EXPLAIN IN NARRATIVE,SSI,DAYLIGHT,CLEAR,DRY,False,39.8197441101074,-86.1216354370117
903937376,2021,2021-12-14,Marion,Indianapolis,96TH ST & GRAY RD,Pedestrian,COLLISION WITH OBJECT IN ROAD,PEDESTRIAN ACTION,SSI,DARK (LIGHTED),CLEAR,DRY,False,39.9267311096191,-86.0888824462891
903991355,2022,2022-02-28,Hancock,,S 500W,Vehicle,RAN OFF ROAD,DRIVER ILLNESS,SSI,DAYLIGHT,CLOUDY,DRY,False,39.6990432739258,-85.8959655761719
904082955,2022,2022-07-23,Marion,Indianapolis,I-70,Vehicle,OTHER - EXPLAIN IN NARRATIVE,OTHER (VEHICLE) - EXPLAIN IN NARRATIVE,SSI,DAYLIGHT,CLEAR,DRY,True,39.7364692687988,-86.2387084960937
904049430,2022,2022-06-05,Hamilton,,206 ST  & OVERDORF RD,Vehicle,RAN OFF ROAD,LEFT OF CENTER,SSI,DARK (NOT LIGHTED),CLEAR,DRY,False,40.087589263916,-85.9809188842773
903964931,2022,2022-01-22,Marion,Indianapolis,I-465,Vehicle,REAR END,FOLLOWING TOO CLOSELY,SSI,DARK (NOT LIGHTED),CLEAR,DRY,True,39.7234916687012,-86.2643661499023
904065088,2022,2022-07-02,Marion,Indianapolis,38TH ST & MITTHOEFER RD,Vehicle,OTHER - EXPLAIN IN NARRATIVE,UNSAFE LANE MOVEMENT,SSI,DARK (LIGHTED),CLEAR,DRY,False,39.8261909484863,-85.9896240234375
903919715,2021,2021-11-16,Marion,Indianapolis,FOX RD & SUNNYSIDE RD,Vehicle,RAN OFF ROAD,RAN OFF ROAD RIGHT,SSI,DARK (LIGHTED),CLOUDY,DRY,False,39.9015350341797,-85.9753723144531
904041517,2022,2022-05-20,Hancock,Greenfield,E 100 N  & N BLUE RD,Vehicle,REAR TO REAR,DRIVER DISTRACTED - EXPLAIN IN NARRATIVE,SSI,DAYLIGHT,CLEAR,DRY,False,39.7998237609863,-85.7462768554688
903937405,2021,2021-12-14,Hamilton,Carmel,COOL CREEK BLVD & PINEVIEW DR,Pedestrian,OTHER - EXPLAIN IN NARRATIVE,IMPROPER PASSING,SSI,DAYLIGHT,CLEAR,DRY,False,39.9903564453125,-86.1233367919922
903990410,2022,2022-03-01,Hendricks,Plainfield,E MAIN ST  & QUAKER BLVD,Vehicle,RIGHT ANGLE,FAILURE TO YIELD RIGHT OF WAY,SSI,DAYLIGHT,CLEAR,DRY,False,39.7110061645508,-86.3746871948242
904078162,2022,2022-07-24,Hendricks,Plainfield,SHADY LN  & SHADY LN,Vehicle,HEAD ON BETWEEN TWO MOTOR VEHICLES,FAILURE TO YIELD RIGHT OF WAY,SSI,DAYLIGHT,CLEAR,DRY,False,39.7142791748047,-86.3661270141602
904078379,2022,2022-07-24,Marion,Indianapolis,34TH ST & DEARBORN ST,Vehicle,RAN OFF ROAD,OTHER (ENVIRONMENTAL) - EXPLAIN IN NARR,SSI,DAYLIGHT,CLEAR,DRY,False,39.8179359436035,-86.1122894287109
904080816,2022,2022-07-24,Marion,Indianapolis,I-65,Vehicle,RAN OFF ROAD,FAILURE TO MAINTAIN LANE,Fatal,DARK (LIGHTED),CLEAR,DRY,True,39.6958122253418,-86.1060409545898
904083155,2022,2022-07-24,Marion,Indianapolis,E 56TH ST  & N ARLINGTON AVE,Vehicle,RIGHT ANGLE,UNSAFE SPEED,Fatal,DARK (LIGHTED),CLEAR,DRY,False,39.8550491333008,-86.0652618408203
904084898,2022,2022-07-24,Marion,Indianapolis,E 56TH ST  & PEMBROKE LN,Pedestrian,OTHER - EXPLAIN IN NARRATIVE,PEDESTRIAN ACTION,Fatal,DARK (NOT LIGHTED),CLEAR,DRY,False,39.8550262451172,-86.0601272583008
904078461,2022,2022-07-25,Shelby,MARIETTA,S 400 W  & W 650 S,Vehicle,RAN OFF ROAD,FAILURE TO MAINTAIN LANE,SSI,DAYLIGHT,CLEAR,DRY,False,39.429328918457,-85.8545303344727
904078947,2022,2022-07-25,Marion,Indianapolis,W WASHINGTON ST  & W HAMBLEN DR,Pedestrian,RIGHT ANGLE,PEDESTRIAN ACTION,Fatal,DARK (LIGHTED),CLOUDY,DRY,False,39.7365036010742,-86.3034439086914
904084897,2022,2022-07-25,Marion,Indianapolis,W WASHINGTON ST,Vehicle,LEFT TURN,FAILURE TO YIELD RIGHT OF WAY,SSI,DARK (LIGHTED),CLEAR,DRY,False,39.7397689819336,-86.2928466796875
904079715,2022,2022-07-26,Marion,Indianapolis,LAFAYETTE RD,Vehicle,HEAD ON BETWEEN TWO MOTOR VEHICLES,IMPROPER LANE USAGE,SSI,DARK (LIGHTED),CLEAR,DRY,False,39.830265045166,-86.2400665283203
904142520,2022,2022-07-26,Marion,Indianapolis,21ST ST & EMERSON AVE,Vehicle,LEFT/RIGHT TURN,FAILURE TO YIELD RIGHT OF WAY,SSI,DARK (LIGHTED),CLEAR,DRY,False,39.7960319519043,-86.0833892822266
904079878,2022,2022-07-27,Marion,Cumberland,E WASHINGTON ST  & MUNICIPAL DR,Vehicle,RIGHT TURN,FAILURE TO YIELD RIGHT OF WAY,SSI,DAYLIGHT,CLEAR,DRY,False,39.7762565612793,-85.9612197875977
904088390,2022,2022-07-27,Marion,Indianapolis,I-465,Vehicle,RAN OFF ROAD,SPEED TOO FAST FOR WEATHER CONDITIONS,SSI,DARK (NOT LIGHTED),RAIN,WATER (STANDING OR MOVING),True,39.6947250366211,-86.2498550415039
904080583,2022,2022-07-28,Hamilton,Fishers,ALLISONVILLE RD  & ALLISONVILLE RD,Vehicle,RIGHT ANGLE,FAILURE TO YIELD RIGHT OF WAY,SSI,DAYLIGHT,CLEAR,DRY,False,39.9537544250488,-86.0412063598633
904080794,2022,2022-07-28,Marion,Indianapolis,10TH ST & WESTMORE DR,Vehicle,REAR END,OTHER (DRIVER) - EXPLAIN IN NARRATIVE,SSI,DAYLIGHT,CLEAR,DRY,False,39.7789573669433,-86.2957305908203
904081015,2022,2022-07-28,Hancock,McCordsville,8250 NORTH COUNTY ROAD 600 WES  & WEST COUNTY ROAD 800 NORTH,Vehicle,REAR END,FOLLOWING TOO CLOSELY,SSI,DAYLIGHT,CLEAR,DRY,False,39.900089263916,-85.9190673828125
904082059,2022,2022-07-29,Marion,Indianapolis,TROY AVE & HARDING ST,Vehicle,REAR END,UNSAFE LANE MOVEMENT,SSI,DAYLIGHT,CLEAR,DRY,False,39.7219505310059,-86.1869735717773
904084617,2022,2022-07-29,Marion,Indianapolis,I-65,Vehicle,SAME DIRECTION SIDESWIPE,UNSAFE LANE MOVEMENT,SSI,DAYLIGHT,CLEAR,DRY,True,39.6986122131348,-86.1070251464844
904084900,2022,2022-07-29,Marion,Indianapolis,W MICHIGAN ST  & N CONCORD ST,Pedalcycle,REAR END,FOLLOWING TOO CLOSELY,Fatal,DAWN/DUSK,CLEAR,DRY,False,39.7744483947754,-86.2107086181641
904088789,2022,2022-07-29,Marion,Indianapolis,I- 465,Vehicle,REAR END,FOLLOWING TOO CLOSELY,Fatal,DAYLIGHT,CLEAR,DRY,True,39.8088569641113,-86.0310592651367
904081181,2022,2022-07-30,Boone,Zionsville,I-865,Vehicle,OTHER - EXPLAIN IN NARRATIVE,FAILURE TO MAINTAIN LANE,Fatal,DARK (NOT LIGHTED),CLEAR,DRY,True,39.9304962158203,-86.2719497680664
904081341,2022,2022-07-30,Johnson,,N MORGANTOWN RD  & MT PLEASANT CENTER ST,Vehicle,RIGHT ANGLE,OTHER (DRIVER) - EXPLAIN IN NARRATIVE,Fatal,DAYLIGHT,CLOUDY,DRY,False,39.6317939758301,-86.1964492797852
904081898,2022,2022-07-30,Marion,Indianapolis,I70W,Vehicle,RAN OFF ROAD,IMPROPER LANE USAGE,SSI,DARK (LIGHTED),CLEAR,DRY,False,39.7997856140137,-86.0475921630859
904082742,2022,2022-07-30,Marion,Indianapolis,HOOVER RD  & W 73RD ST,Vehicle,RAN OFF ROAD,DRIVER ILLNESS,SSI,DARK (NOT LIGHTED),CLEAR,DRY,False,39.8865814208984,-86.1744995117188
904083149,2022,2022-07-30,Marion,Indianapolis,I- 465,Vehicle,SAME DIRECTION SIDESWIPE,UNSAFE LANE MOVEMENT,SSI,DAYLIGHT,CLEAR,DRY,True,39.9243202209473,-86.1916961669922
904084828,2022,2022-07-30,Hamilton,Fishers,E 126TH ST  & PROMISE CREEK LN,Vehicle,HEAD ON BETWEEN TWO MOTOR VEHICLES,LEFT OF CENTER,SSI,DARK (NOT LIGHTED),CLEAR,DRY,False,39.972297668457,-85.9716491699219
904086306,2022,2022-07-30,Marion,Indianapolis,E 56TH ST,Vehicle,RAN OFF ROAD,UNSAFE LANE MOVEMENT,Fatal,DARK (LIGHTED),CLEAR,DRY,False,39.8550758361816,-86.048225402832
904081600,2022,2022-07-31,Hamilton,Fishers,I69,Vehicle,RAN OFF ROAD,FAILURE TO MAINTAIN LANE,SSI,DAYLIGHT,CLEAR,DRY,True,39.967170715332,-85.9944076538086
904082295,2022,2022-07-31,Marion,Indianapolis,ALAMEDA DR,Pedestrian,OTHER - EXPLAIN IN NARRATIVE,PEDESTRIAN ACTION,SSI,DAYLIGHT,CLEAR,DRY,False,39.8436622619629,-86.2177276611328
904082440,2022,2022-07-31,Marion,Indianapolis,96TH ST & CORPORATION DR,Vehicle,LEFT TURN,FAILURE TO YIELD RIGHT OF WAY,SSI,DAYLIGHT,CLOUDY,DRY,False,39.926830291748,-86.0328826904297
904082667,2022,2022-07-31,Hendricks,STILESVILLE,TUDOR RD  & CO RD 200 W,Vehicle,RAN OFF ROAD,OVERCORRECTING/OVERSTEERING,SSI,DARK (NOT LIGHTED),CLEAR,DRY,False,39.6024513244629,-86.5597076416016
904082675,2022,2022-07-31,Hendricks,CLAYTON,S STATE RD 39  & CR 400 S,Vehicle,RIGHT ANGLE,DISREGARD SIGNAL/REG SIGN,SSI,DAYLIGHT,CLEAR,DRY,False,39.7021179199219,-86.5232086181641
904085167,2022,2022-07-31,Marion,Indianapolis,I-65,Vehicle,SAME DIRECTION SIDESWIPE,UNSAFE LANE MOVEMENT,SSI,DAYLIGHT,CLEAR,DRY,True,39.8251647949219,-86.2289276123047
904082506,2022,2022-08-01,Hancock,FORTVILLE,N 50W  & W STATE RD 234,Vehicle,RIGHT ANGLE,DISREGARD SIGNAL/REG SIGN,SSI,DARK (NOT LIGHTED),CLOUDY,DRY,False,39.9006385803223,-85.8149032592773
904082609,2022,2022-08-01,Hancock,,CR 500W  & CR 300N,Vehicle,RAN OFF ROAD,OVERCORRECTING/OVERSTEERING,SSI,DAWN/DUSK,CLOUDY,WET,False,39.8348579406738,-85.8938064575195
904083880,2022,2022-08-01,Marion,Indianapolis,W 34TH ST  & LUPINE TER,Pedestrian,NON-COLLISION,PEDESTRIAN ACTION,Fatal,DARK (LIGHTED),CLEAR,DRY,False,39.8161888122559,-86.2718887329102
904083373,2022,2022-08-02,Hamilton,SHERIDAN(HAMILTON),W 206TH ST  & SIX POINTS RD,Vehicle,RAN OFF ROAD,OTHER (DRIVER) - EXPLAIN IN NARRATIVE,Fatal,DAWN/DUSK,CLEAR,DRY,False,40.0859375,-86.1745986938477
904083461,2022,2022-08-02,Hamilton,Fishers,E 126TH ST  & CO RD 900 S,Vehicle,RIGHT ANGLE,FAILURE TO YIELD RIGHT OF WAY,SSI,DAYLIGHT,CLEAR,DRY,False,39.9730567932129,-85.862174987793
904085144,2022,2022-08-02,Hendricks,Plainfield,I-70,Vehicle,REAR END,FOLLOWING TOO CLOSELY,SSI,DARK (LIGHTED),CLEAR,DRY,True,39.665225982666,-86.377555847168
904084833,2022,2022-08-03,Johnson,Greenwood,GRAHAM RD & INNOVATION PKWY,Vehicle,RIGHT ANGLE,UNSAFE SPEED,Fatal,DAYLIGHT,CLEAR,DRY,False,39.6292953491211,-86.0637054443359
904086660,2022,2022-08-03,Marion,Indianapolis,10TH ST & LINWOOD AVE,Vehicle,RIGHT ANGLE,FAILURE TO YIELD RIGHT OF WAY,SSI,DAYLIGHT,CLEAR,DRY,False,39.7813606262207,-86.0927810668945
904088391,2022,2022-08-03,Marion,Indianapolis,I-65,Vehicle,RAN OFF ROAD,DRIVER DISTRACTED - EXPLAIN IN NARRATIVE,SSI,DAYLIGHT,CLEAR,DRY,True,39.6645584106445,-86.0871124267578
904084503,2022,2022-08-04,Marion,Lawrence,PENDLETON PIKE  & PENDLETON PIKE,Vehicle,RAN OFF ROAD,UNSAFE LANE MOVEMENT,Fatal,DAYLIGHT,CLOUDY,DRY,False,39.8830299377441,-85.9455337524414
904084844,2022,2022-08-04,Hendricks,,E CO RD 350 N  & N CO RD 500 E,Vehicle,RIGHT ANGLE,FAILURE TO YIELD RIGHT OF WAY,SSI,DAYLIGHT,CLOUDY,DRY,False,39.8132591247559,-86.4385986328125
904084848,2022,2022-08-04,Hamilton,Westfield,151ST ST & BRIDLEWOOD DR,Vehicle,REAR END,FOLLOWING TOO CLOSELY,SSI,DAYLIGHT,CLEAR,DRY,False,40.0075912475586,-86.1123046875
904087707,2022,2022-08-04,Marion,Indianapolis,I- 465,Vehicle,SAME DIRECTION SIDESWIPE,UNSAFE LANE MOVEMENT,SSI,DAYLIGHT,RAIN,WET,True,39.7853622436523,-86.0325012207031
904085302,2022,2022-08-05,Marion,Indianapolis,S HIGH SCHOOL RD  & WOODWARD AVE,Vehicle,RAN OFF ROAD,FAILURE TO MAINTAIN LANE,Fatal,DARK (LIGHTED),CLOUDY,DRY,False,39.7393531799316,-86.2698287963867
904085525,2022,2022-08-05,Marion,Indianapolis,COLONEL H WEIR COOK MEMORIAL D  & QTA RD,Vehicle,BACKING CRASH,WRONG WAY ON ONE WAY,SSI,DARK (LIGHTED),CLEAR,DRY,False,39.7152061462402,-86.2994995117188
904086866,2022,2022-08-06,Marion,Indianapolis,N OXFORD ST,Vehicle,RAN OFF ROAD,UNSAFE SPEED,SSI,DAYLIGHT,CLEAR,DRY,False,39.7839622497559,-86.1157913208008
904086917,2022,2022-08-06,Marion,Indianapolis,MADISON AVE  & E TERRACE AVE,Vehicle,OTHER - EXPLAIN IN NARRATIVE,UNSAFE SPEED,SSI,DARK (LIGHTED),CLEAR,DRY,False,39.7467765808105,-86.153938293457
904087064,2022,2022-08-06,Hendricks,,US 36  & N CO RD 325 W,Pedestrian,COLLISION WITH OBJECT IN ROAD,PEDESTRIAN ACTION,Fatal,DARK (NOT LIGHTED),CLEAR,DRY,False,39.760425567627,-86.5816345214844
904087011,2022,2022-08-07,Marion,Indianapolis,SOUTHPORT RD & SHERMAN DR,Vehicle,RIGHT ANGLE,FAILURE TO YIELD RIGHT OF WAY,SSI,DAYLIGHT,CLEAR,DRY,False,39.6653137207031,-86.1027679443359
904087647,2022,2022-08-07,Marion,Indianapolis,MANN RD  & MOLINE DR,Pedestrian,NON-COLLISION,PEDESTRIAN ACTION,Fatal,DARK (LIGHTED),CLOUDY,DRY,False,39.7118263244629,-86.2387542724609
904089656,2022,2022-08-07,Marion,Indianapolis,W 86TH ST,Vehicle,REAR END,FOLLOWING TOO CLOSELY,SSI,DAWN/DUSK,CLEAR,DRY,False,39.9105796813965,-86.2638092041016
904086955,2022,2022-08-08,Marion,Lawrence,PENDLETON PIKE  & TITANIA DRIVE,Vehicle,RAN OFF ROAD,OTHER (DRIVER) - EXPLAIN IN NARRATIVE,SSI,DAYLIGHT,CLEAR,DRY,False,39.8735160827637,-85.9541702270508
904087241,2022,2022-08-08,Boone,Lebanon,N LEBANON ST & BARONE ST,Vehicle,REAR END,FOLLOWING TOO CLOSELY,SSI,DAYLIGHT,CLEAR,DRY,False,40.0546112060547,-86.4701766967774
904087743,2022,2022-08-08,Hendricks,Brownsburg,N GRANT ST  & E 56TH ST,Vehicle,RIGHT ANGLE,OTHER (DRIVER) - EXPLAIN IN NARRATIVE,SSI,DAYLIGHT,CLEAR,DRY,False,39.8507881164551,-86.3922500610351