id,year,date,county,city,cross_street,crash_type,manner,primary_factor,ssi_fatal,light,weather,surface,interstate,lat,lon
904090586,2022,2022-08-08,Marion,Indianapolis,E 21ST ST  & FOREST MANOR AVE,Vehicle,OTHER - EXPLAIN IN NARRATIVE,OTHER (DRIVER) - EXPLAIN IN NARRATIVE,Fatal,DARK (LIGHTED),CLOUDY,WET,False,39.7961082458496,-86.0975494384765
904088780,2022,2022-08-09,Marion,Indianapolis,I-465,Vehicle,REAR END,SPEED TOO FAST FOR WEATHER CONDITIONS,SSI,DAYLIGHT,RAIN,WET,True,39.8453636169434,-86.2760467529297
904106171,2022,2022-08-09,Hendricks,,CR 950 N  & CR 1025 E,Vehicle,RAN OFF ROAD,UNSAFE SPEED,Fatal,DARK (NOT LIGHTED),CLEAR,DRY,False,39.9022521972656,-86.3400802612305
904088321,2022,2022-08-10,Marion,Indianapolis,W 16TH ST  & N PERSHING AVE,Vehicle,NON-COLLISION,ROADWAY SURFACE CONDITION,SSI,DARK (LIGHTED),RAIN,WATER (STANDING OR MOVING),False,39.7880973815918,-86.2000961303711
904088674,2022,2022-08-10,Boone,,STATE RD 32  & W 50 N,Vehicle,HEAD ON BETWEEN TWO MOTOR VEHICLES,OTHER (DRIVER) - EXPLAIN IN NARRATIVE,Fatal,DAYLIGHT,CLEAR,DRY,False,40.0469398498535,-86.5194091796875
904089119,2022,2022-08-11,Hamilton,Noblesville,E 146TH ST  & ALLISONVILLE RD,Vehicle,RIGHT ANGLE,DISREGARD SIGNAL/REG SIGN,SSI,DAYLIGHT,RAIN,WET,False,40.0002822875976,-86.0192337036133
904091225,2022,2022-08-11,Marion,Indianapolis,10TH ST,Vehicle,RIGHT ANGLE,DISREGARD SIGNAL/REG SIGN,Fatal,DAYLIGHT,CLEAR,DRY,False,39.7795753479004,-86.2710494995117
904093547,2022,2022-08-11,Shelby,SHELBYVILLE,S COLUMBUS RD  & W 300 S,Vehicle,RAN OFF ROAD,FAILURE TO MAINTAIN LANE,SSI,DAYLIGHT,CLOUDY,DRY,False,39.4814872741699,-85.7940063476563
904089487,2022,2022-08-12,Marion,Indianapolis,N SHERMAN DR  & N SHERMAN DR,Vehicle,LEFT/RIGHT TURN,OVERCORRECTING/OVERSTEERING,SSI,DAWN/DUSK,CLEAR,DRY,False,39.7743606567383,-86.1022186279297
904090605,2022,2022-08-12,Marion,Speedway,N HIGH SCHOOL RD,Pedestrian,LEFT TURN,VIEW OBSTRUCTED,SSI,DARK (LIGHTED),CLEAR,DRY,False,39.8098373413086,-86.2694320678711
904091124,2022,2022-08-12,Marion,Indianapolis,I-70  & W,Vehicle,RAN OFF ROAD,UNSAFE LANE MOVEMENT,SSI,DAYLIGHT,CLEAR,DRY,True,39.7546730041504,-86.1834716796875
904091145,2022,2022-08-12,Hendricks,,I-74,Vehicle,OTHER - EXPLAIN IN NARRATIVE,TIRE FAILURE OR DEFECTIVE,SSI,DAYLIGHT,CLEAR,DRY,True,39.8312911987305,-86.3304977416992
904091220,2022,2022-08-12,Marion,Indianapolis,E 75TH ST  & JOHNSON RD,Pedestrian,RIGHT ANGLE,PEDESTRIAN ACTION,SSI,DAYLIGHT,CLEAR,DRY,False,39.8906555175781,-86.051139831543
904092779,2022,2022-08-12,Hamilton,Noblesville,UNION CHAPEL RD,Vehicle,NON-COLLISION,OTHER (DRIVER) - EXPLAIN IN NARRATIVE,SSI,DAYLIGHT,CLOUDY,DRY,False,40.0433158874512,-85.9757995605469
904093472,2022,2022-08-12,Marion,Indianapolis,I-70,Vehicle,SAME DIRECTION SIDESWIPE,UNSAFE LANE MOVEMENT,SSI,DAYLIGHT,CLEAR,DRY,True,39.7013549804687,-86.2923583984375
904104525,2022,2022-08-12,Hendricks,Avon,RONALD REAGAN PKWY  & HOPE LN,Vehicle,RIGHT ANGLE,FAILURE TO YIELD RIGHT OF WAY,Fatal,DAYLIGHT,CLEAR,DRY,False,39.7667655944824,-86.3368225097656
904090603,2022,2022-08-13,Hancock,New Palestine,5031 W  &  US 52,Vehicle,RAN OFF ROAD,OTHER (DRIVER) - EXPLAIN IN NARRATIVE,SSI,DAYLIGHT,RAIN,WET,False,39.722469329834,-85.8965454101563
904096562,2022,2022-08-13,Marion,Indianapolis,E 33RD ST  & N KEYSTONE AVE,Pedalcycle,COLLISION WITH OBJECT IN ROAD,FAILURE TO YIELD RIGHT OF WAY,Fatal,DARK (LIGHTED),CLEAR,DRY,False,39.8160858154297,-86.1216506958008
904090369,2022,2022-08-14,Hancock,WILKINSON,N STATE RD 109  & E SOUTH ST,Vehicle,RAN OFF ROAD,UNSAFE SPEED,SSI,DAYLIGHT,CLOUDY,DRY,False,39.907169342041,-85.6338119506836
904091748,2022,2022-08-14,Marion,Indianapolis,I 70 HWY & EMERSON AVE,Vehicle,SAME DIRECTION SIDESWIPE,IMPROPER LANE USAGE,SSI,DARK (LIGHTED),CLEAR,DRY,True,39.8023872375488,-86.0833358764648
904098154,2022,2022-08-14,Marion,Indianapolis,EMERSON AVE  & CALHOUN ST,Pedalcycle,REAR END,FAILURE TO MAINTAIN LANE,Fatal,DARK (NOT LIGHTED),CLEAR,DRY,False,39.7400588989258,-86.0826416015625
904091336,2022,2022-08-15,Hendricks,Avon,ROCKVILLE RD  & MELISSA ANN CT,Vehicle,LEFT TURN,FAILURE TO YIELD RIGHT OF WAY,SSI,DAYLIGHT,CLEAR,DRY,False,39.7661056518555,-86.3268508911133
904091406,2022,2022-08-15,Shelby,FLAT ROCK,S 50 E  & E 1100 S,Vehicle,RAN OFF ROAD,FAILURE TO MAINTAIN LANE,SSI,DARK (NOT LIGHTED),CLEAR,DRY,False,39.3636474609375,-85.7702026367188
904091412,2022,2022-08-15,Hendricks,Avon,VESTAL RD  & E CO RD 200 S,Vehicle,RAN OFF ROAD,UNSAFE SPEED,SSI,DARK (NOT LIGHTED),CLEAR,DRY,False,39.7328186035156,-86.4284210205078
904091665,2022,2022-08-15,Morgan,MARTINSVILLE,STATE RD 144  & WOODLAND DR,Vehicle,RAN OFF ROAD,FAILURE TO MAINTAIN LANE,SSI,DAYLIGHT,CLEAR,DRY,False,39.5739784240723,-86.2992553710938
904091754,2022,2022-08-15,Marion,Indianapolis,ILLINOIS ST & HAMPTON DR,Vehicle,RIGHT ANGLE,FAILURE TO YIELD RIGHT OF WAY,SSI,DAYLIGHT,CLEAR,DRY,False,39.8364334106445,-86.1590728759766
904094072,2022,2022-08-15,Marion,Indianapolis,MADISON AVE  & KENNINGTON ST,Vehicle,OTHER - EXPLAIN IN NARRATIVE,OTHER (DRIVER) - EXPLAIN IN NARRATIVE,SSI,DAWN/DUSK,CLEAR,DRY,False,39.7453193664551,-86.1542282104492
904095631,2022,2022-08-15,Hendricks,,EAST MAIN ST  & AVALON DR,Vehicle,RIGHT ANGLE,OTHER (DRIVER) - EXPLAIN IN NARRATIVE,SSI,DARK (NOT LIGHTED),CLEAR,DRY,False,39.7623138427734,-86.4309005737305
904095778,2022,2022-08-15,Marion,Indianapolis,E 38TH ST  & N PARK AVE,Pedestrian,NON-COLLISION,UNSAFE SPEED,Fatal,DARK (LIGHTED),CLEAR,DRY,False,39.8249893188476,-86.1473999023438
904097245,2022,2022-08-15,Hancock,MAXWELL(HANCOCK),S MAIN ST  & W WASHINGTON ST,Pedalcycle,OTHER - EXPLAIN IN NARRATIVE,OTHER (VEHICLE) - EXPLAIN IN NARRATIVE,SSI,DAYLIGHT,CLEAR,DRY,False,39.8557777404785,-85.7699737548828
904098167,2022,2022-08-15,Marion,Indianapolis,MADISON AVE  & E LEGRANDE AVE,Vehicle,RAN OFF ROAD,OVERCORRECTING/OVERSTEERING,Fatal,DAYLIGHT,CLEAR,DRY,False,39.7390403747559,-86.1541519165039
904092437,2022,2022-08-16,Hendricks,Plainfield,METROPOLIS LN  & SUMMER WAY,Vehicle,HEAD ON BETWEEN TWO MOTOR VEHICLES,LEFT OF CENTER,SSI,DAYLIGHT,CLEAR,DRY,False,39.7083702087402,-86.3623504638672
904093263,2022,2022-08-16,Marion,Indianapolis,I-65,Vehicle,OTHER - EXPLAIN IN NARRATIVE,UNSAFE SPEED,SSI,DARK (LIGHTED),CLEAR,DRY,True,39.7084846496582,-86.1094284057617
904092860,2022,2022-08-17,Boone,,STRAWTOWN RD,Vehicle,HEAD ON BETWEEN TWO MOTOR VEHICLES,OTHER (DRIVER) - EXPLAIN IN NARRATIVE,SSI,DAYLIGHT,CLEAR,DRY,False,40.1278762817383,-86.3383941650391
904093973,2022,2022-08-18,Marion,Indianapolis,30TH ST & FRANKLIN RD,Vehicle,RIGHT ANGLE,FAILURE TO YIELD RIGHT OF WAY,SSI,DAYLIGHT,CLOUDY,DRY,False,39.8111381530762,-86.0267333984375
904093992,2022,2022-08-18,Marion,Indianapolis,ARLINGTON AVE & WILDCAT DR,Vehicle,HEAD ON BETWEEN TWO MOTOR VEHICLES,FAILURE TO YIELD RIGHT OF WAY,SSI,DAYLIGHT,CLEAR,DRY,False,39.7219352722168,-86.063591003418
904094365,2022,2022-08-19,Marion,Indianapolis,E SOUTHPORT RD  & MADISON AVE,Pedestrian,LEFT TURN,DRIVER DISTRACTED - EXPLAIN IN NARRATIVE,SSI,DAYLIGHT,CLEAR,DRY,False,39.6651573181152,-86.1275482177734
904094379,2022,2022-08-19,Hendricks,Brownsburg,N CO RD 1000 E,Pedalcycle,RIGHT ANGLE,OTHER (ENVIRONMENTAL) - EXPLAIN IN NARR,SSI,DARK (LIGHTED),CLEAR,DRY,False,39.8030014038086,-86.3457870483398
904094651,2022,2022-08-19,Johnson,Greenwood,AVERITT RD & WORTHSVILLE RD,Pedalcycle,REAR END,FAILURE TO YIELD RIGHT OF WAY,SSI,DAYLIGHT,CLEAR,DRY,False,39.5858879089355,-86.1206893920898
903918963,2021,2021-11-17,Marion,Indianapolis,Southeastern Ave  & Village Dr,Vehicle,RAN OFF ROAD,UNSAFE LANE MOVEMENT,SSI,DARK (LIGHTED),CLEAR,DRY,False,39.6865310668945,-85.9792175292969
904065577,2022,2022-07-02,Hancock,,US 40  & CR 850 E,Vehicle,RAN OFF ROAD,UNSAFE SPEED,SSI,DARK (NOT LIGHTED),CLEAR,DRY,False,39.7902946472168,-85.6460723876953
904015908,2022,2022-03-02,Hendricks,Avon,DAN JONES RD & FAIRWOOD BLVD,Vehicle,HEAD ON BETWEEN TWO MOTOR VEHICLES,LEFT OF CENTER,Fatal,DAYLIGHT,CLEAR,DRY,False,39.725944519043,-86.3809280395508
903964825,2022,2022-01-23,Marion,Indianapolis,MASSACHUESETTS AVE & PARKER AVE,Vehicle,REAR END,UNSAFE SPEED,SSI,DARK (LIGHTED),CLOUDY,DRY,False,39.8848876953125,-86.1135787963867
903922360,2021,2021-11-17,Marion,Indianapolis,W WASHINGTON ST  & CENTRAL GREENS,Vehicle,HEAD ON BETWEEN TWO MOTOR VEHICLES,LEFT OF CENTER,Fatal,DARK (NOT LIGHTED),RAIN,WET,False,39.7650413513184,-86.2089004516602
904065755,2022,2022-07-02,Morgan,MARTINSVILLE,STATE RD 67,Vehicle,RAN OFF ROAD,UNSAFE LANE MOVEMENT,Fatal,DAYLIGHT,CLEAR,DRY,False,39.4264450073242,-86.4670562744141
903991496,2022,2022-03-03,Hamilton,,HICKORY RIDGE CIR  & 226 ST,Vehicle,RAN OFF ROAD,FAILURE TO MAINTAIN LANE,SSI,DAYLIGHT,CLEAR,DRY,False,40.1143035888672,-86.0433654785156
903941173,2021,2021-12-16,Marion,Speedway,CUNNINGHAM RD  & W 21ST ST,Vehicle,HEAD ON BETWEEN TWO MOTOR VEHICLES,FAILURE TO YIELD RIGHT OF WAY,SSI,DARK (LIGHTED),CLOUDY,DRY,False,39.7943916320801,-86.2621154785156
903967657,2022,2022-01-23,Marion,Indianapolis,MADISON AVE  & E EDGEWOOD AVE,Vehicle,SAME DIRECTION SIDESWIPE,FOLLOWING TOO CLOSELY,SSI,DAYLIGHT,CLEAR,DRY,False,39.6796188354492,-86.1321105957031
903946091,2021,2021-12-16,Hendricks,Avon,E CR 100 S RD & S 1050 E RD,Vehicle,RIGHT ANGLE,DISREGARD SIGNAL/REG SIGN,SSI,DAYLIGHT,RAIN,WET,False,39.7489814758301,-86.3361129760742
904038615,2022,2022-05-21,Marion,Lawrence,PENDLETON PIKE  & POST ROAD,Vehicle,LEFT TURN,FAILURE TO YIELD RIGHT OF WAY,SSI,DARK (NOT LIGHTED),RAIN,WET,False,39.8444786071777,-86.0102691650391
903924366,2021,2021-11-17,Marion,Indianapolis,NORTH ARLINGTON AVE & EAST 14TH ST,Pedestrian,SAME DIRECTION SIDESWIPE,PEDESTRIAN ACTION,SSI,DARK (LIGHTED),RAIN,WET,False,39.7870674133301,-86.0643844604492
903991830,2022,2022-03-03,Marion,Indianapolis,38TH ST & MOLLER RD,Vehicle,LEFT TURN,FAILURE TO YIELD RIGHT OF WAY,SSI,DAYLIGHT,CLEAR,DRY,False,39.8364562988281,-86.2564163208008
904040053,2022,2022-05-21,Marion,Indianapolis,34TH ST & BANCROFT ST,Vehicle,SAME DIRECTION SIDESWIPE,IMPROPER TURNING,SSI,DAYLIGHT,CLEAR,DRY,False,39.8181457519531,-86.084846496582
903919580,2021,2021-11-18,Marion,Speedway,Crawfordsville rd,Pedestrian,LEFT TURN,FAILURE TO YIELD RIGHT OF WAY,SSI,DAYLIGHT,CLEAR,DRY,False,39.799430847168,-86.2616195678711
903939293,2021,2021-12-17,Marion,Indianapolis,E 79TH ST  & FALL CREEK RD,Vehicle,RIGHT ANGLE,FAILURE TO YIELD RIGHT OF WAY,SSI,DAYLIGHT,CLEAR,DRY,False,39.8999900817871,-85.9945983886719
904071003,2022,2022-07-02,Marion,Indianapolis,S EAST ST  & E THOMPSON RD,Vehicle,REAR END,FOLLOWING TOO CLOSELY,SSI,DARK (NOT LIGHTED),RAIN,WET,False,39.6929206848144,-86.1486968994141
903994414,2022,2022-03-03,Marion,Indianapolis,MOLLER RD  & GATEWAY DR,Vehicle,NON-COLLISION,OVERCORRECTING/OVERSTEERING,SSI,DARK (LIGHTED),CLEAR,DRY,False,39.8279838562012,-86.2562026977539
903922081,2021,2021-11-18,Hamilton,Fishers,126TH ST & WHISPER WAY,Vehicle,RIGHT ANGLE,UNSAFE SPEED,Fatal,DAYLIGHT,CLEAR,DRY,False,39.9720649719238,-85.9579620361328
904040058,2022,2022-05-23,Marion,Indianapolis,FRANKLIN RD & 30TH ST,Vehicle,RIGHT ANGLE,DISREGARD SIGNAL/REG SIGN,SSI,DAYLIGHT,CLEAR,DRY,False,39.8111381530762,-86.0267333984375
903967610,2022,2022-01-24,Marion,Indianapolis,I-65 NB,Vehicle,REAR END,INSECURE/LEAKY LOAD,SSI,DAYLIGHT,CLEAR,DRY,True,39.6846504211426,-86.1025619506836
904043271,2022,2022-05-23,Marion,Lawrence,PENDLETON PIKE  & E 56TH ST,Vehicle,REAR END,DRIVER ASLEEP OR FATIGUED,SSI,DAYLIGHT,CLEAR,DRY,False,39.8560523986816,-85.9864044189453
903993248,2022,2022-03-05,Marion,Indianapolis,SOUTHEASTERN AVE  & S MILLER DR,Vehicle,RAN OFF ROAD,OVERCORRECTING/OVERSTEERING,SSI,DARK (LIGHTED),CLOUDY,DRY,False,39.7136192321777,-86.0255966186524
903940434,2021,2021-12-17,Morgan,MONROVIA,70,Vehicle,REAR END,UNSAFE BACKING,Fatal,DAWN/DUSK,CLEAR,DRY,False,39.5932006835938,-86.5412368774414
904071744,2022,2022-07-02,Marion,Indianapolis,I- 465,Vehicle,SAME DIRECTION SIDESWIPE,UNSAFE SPEED,SSI,DAWN/DUSK,CLEAR,DRY,True,39.8971252441406,-86.0578308105469
903968947,2022,2022-01-24,Marion,Indianapolis,38TH ST & BENNETT DR,Pedestrian,COLLISION WITH OBJECT IN ROAD,PEDESTRIAN ACTION,Fatal,DARK (NOT LIGHTED),CLEAR,DRY,False,39.8237152099609,-86.2601165771484
903922365,2021,2021-11-18,Marion,Indianapolis,Perimeter Rd  & S Bridgeport Rd,Pedestrian,NON-COLLISION,PEDESTRIAN ACTION,SSI,DARK (NOT LIGHTED),CLEAR,DRY,False,39.7309112548828,-86.3166580200195
904043303,2022,2022-05-23,Hamilton,Arcadia,US 31 NORTH  & E 266TH ST,Vehicle,REAR END,FOLLOWING TOO CLOSELY,SSI,DAYLIGHT,CLEAR,DRY,False,40.1747131347656,-86.1278762817383
903994979,2022,2022-03-05,Marion,Indianapolis,E SOUTHPORT RD  & EMERSON AVE,Vehicle,OTHER - EXPLAIN IN NARRATIVE,FAILURE TO YIELD RIGHT OF WAY,SSI,DAYLIGHT,CLEAR,DRY,False,39.6659126281738,-86.082534790039
903942855,2021,2021-12-17,Hendricks,Avon,MORRIS ST ST & S 1050 E RD,Vehicle,REAR END,FOLLOWING TOO CLOSELY,SSI,DARK (NOT LIGHTED),RAIN,WET,False,39.7490081787109,-86.3359375
904065213,2022,2022-07-03,Boone,,STATE RD 39,Vehicle,RAN OFF ROAD,LEFT OF CENTER,SSI,DARK (NOT LIGHTED),CLOUDY,DRY,False,40.1165313720703,-86.4809417724609
903966100,2022,2022-01-25,Marion,Indianapolis,E HANNA AVE & MADISON AVE,Vehicle,HEAD ON BETWEEN TWO MOTOR VEHICLES,FAILURE TO YIELD RIGHT OF WAY,SSI,DAYLIGHT,CLEAR,DRY,False,39.7082710266113,-86.1427230834961
903921733,2021,2021-11-19,Marion,Indianapolis,38TH ST & WINTHROP AVE,Vehicle,RIGHT ANGLE,FAILURE TO YIELD RIGHT OF WAY,SSI,DAYLIGHT,CLEAR,DRY,False,39.8248481750488,-86.1407852172852
904045025,2022,2022-05-23,Marion,Indianapolis,I- 465,Vehicle,REAR END,DRIVER ILLNESS,SSI,DAYLIGHT,CLEAR,DRY,True,39.7041664123535,-86.0986785888672
903995718,2022,2022-03-05,Hendricks,Plainfield,SMITH RD,Pedestrian,REAR END,OTHER (DRIVER) - EXPLAIN IN NARRATIVE,SSI,DARK (NOT LIGHTED),SEVERE CROSS WIND,DRY,False,39.7284202575684,-86.3613586425781
904049479,2022,2022-06-05,Boone,,N MICHIGAN RD  & E 300 N,Vehicle,RAN OFF ROAD,FAILURE TO MAINTAIN LANE,SSI,DAYLIGHT,CLEAR,DRY,False,40.0851211547851,-86.3070220947266
903943658,2021,2021-12-17,Marion,Indianapolis,E WASHINGTON ST  & UNNAMED DR,Vehicle,REAR END,FOLLOWING TOO CLOSELY,Fatal,DARK (LIGHTED),RAIN,WET,False,39.7748985290527,-85.9873046875
904065222,2022,2022-07-03,Morgan,Mooresville,E GREENCASTLE RD  & N WHITE LICK RD,Vehicle,RIGHT ANGLE,FAILURE TO YIELD RIGHT OF WAY,SSI,DAYLIGHT,CLEAR,DRY,False,39.6157646179199,-86.3960418701172
903966252,2022,2022-01-25,Morgan,MARTINSVILLE,LAKEWOOD LN,Vehicle,BACKING CRASH,UNSAFE BACKING,SSI,DARK (NOT LIGHTED),CLEAR,LOOSE MATERIAL ON ROAD,False,39.5244598388672,-86.2661209106445
903921782,2021,2021-11-19,Marion,Indianapolis,KEYSTONE AVE & TROY AVE,Vehicle,LEFT TURN,FAILURE TO YIELD RIGHT OF WAY,SSI,DARK (LIGHTED),CLEAR,DRY,False,39.7229919433594,-86.1205444335938
903992323,2022,2022-03-06,Boone,,I865E,Vehicle,RAN OFF ROAD,RAN OFF ROAD RIGHT,Fatal,DARK (NOT LIGHTED),RAIN,WET,False,39.9304847717285,-86.2739028930664
903944587,2021,2021-12-17,Marion,Indianapolis,I-465 NB @ 12.7 MM,Vehicle,REAR END,UNSAFE SPEED,SSI,DAYLIGHT,CLOUDY,DRY,True,39.7623672485351,-86.2655715942383
904046788,2022,2022-05-23,Marion,Indianapolis,E WASHINGTON ST  & MC KIM AVE,Pedalcycle,REAR END,FOLLOWING TOO CLOSELY,SSI,DAYLIGHT,CLEAR,DRY,False,39.7670707702637,-86.134162902832
903921916,2021,2021-11-19,Marion,Indianapolis,E Michigan St  & N Rural St,Pedestrian,NON-COLLISION,PEDESTRIAN ACTION,SSI,DARK (LIGHTED),CLEAR,DRY,False,39.7744636535644,-86.117317199707
904049984,2022,2022-06-05,Marion,Indianapolis,DR MARTIN LUTHER KING JR ST & UDELL ST,Vehicle,RIGHT ANGLE,UNSAFE LANE MOVEMENT,SSI,DARK (LIGHTED),CLEAR,DRY,False,39.8073883056641,-86.1725234985352
904065793,2022,2022-07-03,Morgan,MARTINSVILLE,S MULBERRY ST  & W SUMNER AVE,Vehicle,OTHER - EXPLAIN IN NARRATIVE,OTHER (DRIVER) - EXPLAIN IN NARRATIVE,SSI,DAYLIGHT,CLEAR,DRY,False,39.4215354919434,-86.4297103881836
903966658,2022,2022-01-25,Morgan,Mooresville,N INDIANA ST  & WAGON TRL,Vehicle,HEAD ON BETWEEN TWO MOTOR VEHICLES,DRIVER ILLNESS,SSI,DAYLIGHT,CLOUDY,DRY,False,39.6276092529297,-86.3750686645508
904050795,2022,2022-06-05,Marion,Indianapolis,I-65,Vehicle,REAR END,UNSAFE SPEED,Fatal,DAYLIGHT,CLEAR,DRY,True,39.6669692993164,-86.091438293457
904047672,2022,2022-05-23,Marion,Indianapolis,N GERMAN CHURCH RD  & ELMTREE PARK DR,Vehicle,HEAD ON BETWEEN TWO MOTOR VEHICLES,LEFT OF CENTER,SSI,DARK (LIGHTED),CLEAR,DRY,False,39.7807731628418,-85.9713439941406
904066896,2022,2022-07-03,Marion,Indianapolis,STATE RD 37  & W STOP 11 RD,Vehicle,COLLISION WITH OBJECT IN ROAD,OTHER (DRIVER) - EXPLAIN IN NARRATIVE,SSI,DAYLIGHT,CLEAR,DRY,False,39.6489562988281,-86.2026901245117
903993305,2022,2022-03-06,Marion,Indianapolis,E HENRY ST  & MADISON AVE,Vehicle,LEFT TURN,FAILURE TO YIELD RIGHT OF WAY,SSI,DAYLIGHT,CLOUDY,DRY,False,39.7601661682129,-86.1577606201172
903939697,2021,2021-12-18,Hendricks,STILESVILLE,CR625W & GENEVA ST,Vehicle,RAN OFF ROAD,RAN OFF ROAD RIGHT,SSI,DAYLIGHT,CLOUDY,WET,False,39.8323745727539,-86.6368637084961
903967659,2022,2022-01-25,Marion,Indianapolis,KESSLER BLVD NORTH DR  & W 30TH ST,Vehicle,RIGHT ANGLE,DISREGARD SIGNAL/REG SIGN,Fatal,DARK (LIGHTED),CLEAR,DRY,False,39.8097686767578,-86.2111129760742
903922150,2021,2021-11-19,Hamilton,Noblesville,146TH ST,Vehicle,RIGHT ANGLE,DISREGARD SIGNAL/REG SIGN,SSI,DARK (LIGHTED),CLEAR,DRY,False,40.0007209777832,-86.0044021606445
904057225,2022,2022-06-05,Marion,Indianapolis,I- 465,Vehicle,REAR END,UNSAFE SPEED,SSI,DARK (NOT LIGHTED),CLEAR,DRY,True,39.8790817260742,-86.0472412109375
904071250,2022,2022-05-23,Hendricks,Avon,RONALD REAGAN PKWY  & HOPE LN,Vehicle,RIGHT ANGLE,FAILURE TO YIELD RIGHT OF WAY,SSI,DAYLIGHT,CLEAR,DRY,False,39.766788482666,-86.3368301391602
904066910,2022,2022-07-03,Hendricks,,HIDDEN VALLEY DR  & SWALLOW LN,Vehicle,SAME DIRECTION SIDESWIPE,OVERCORRECTING/OVERSTEERING,SSI,DARK (NOT LIGHTED),CLEAR,DRY,False,39.7303771972656,-86.3948135375977
903993312,2022,2022-03-06,Marion,Indianapolis,N EMERSON AVE  & E 46TH ST,Vehicle,RAN OFF ROAD,OVERCORRECTING/OVERSTEERING,SSI,DAYLIGHT,CLOUDY,WET,False,39.8409729003906,-86.0837326049805
903943659,2021,2021-12-18,Marion,Indianapolis,DR MARTIN LUTHER KING JR ST  & W 21ST ST,Vehicle,NON-COLLISION,FAILURE TO MAINTAIN LANE,Fatal,DARK (LIGHTED),RAIN,WET,False,39.795051574707,-86.1684875488281
903966421,2022,2022-01-26,Johnson,Greenwood,SR135S & SMITH VALLEY RD,Vehicle,LEFT TURN,FAILURE TO YIELD RIGHT OF WAY,SSI,DAYLIGHT,CLEAR,DRY,False,39.6058845520019,-86.1589279174805
903924119,2021,2021-11-19,Shelby,MORRISTOWN,E 1000 N,Vehicle,RAN OFF ROAD,UNSAFE SPEED,Fatal,DARK (NOT LIGHTED),CLEAR,DRY,False,39.6693458557129,-85.7612152099609
904048544,2022,2022-06-06,Marion,Indianapolis,S POST RD  & E RAYMOND ST,Vehicle,RAN OFF ROAD,FAILURE TO MAINTAIN LANE,SSI,DAYLIGHT,CLEAR,DRY,False,39.7393455505371,-86.0085525512695
904040859,2022,2022-05-24,Marion,Indianapolis,MADISON AVE & PROSPECT ST,Vehicle,NON-COLLISION,UNSAFE SPEED,SSI,DAYLIGHT,CLEAR,DRY,False,39.751838684082,-86.15478515625
904066911,2022,2022-07-03,Marion,Indianapolis,W 46TH ST  & LAFAYETTE RD,Vehicle,RIGHT ANGLE,FAILURE TO YIELD RIGHT OF WAY,SSI,DAYLIGHT,CLEAR,DRY,False,39.838695526123,-86.2500457763672
903993870,2022,2022-03-08,Hendricks,Avon,E US HIGHWAY 36,Vehicle,HEAD ON BETWEEN TWO MOTOR VEHICLES,UNSAFE SPEED,SSI,DAYLIGHT,CLOUDY,DRY,False,39.7618942260742,-86.3297729492188
903944244,2021,2021-12-18,Morgan,,N OAK HAVEN DR,Vehicle,REAR END,OTHER (DRIVER) - EXPLAIN IN NARRATIVE,SSI,DARK (NOT LIGHTED),CLEAR,DRY,False,39.616626739502,-86.3081665039063
903967250,2022,2022-01-26,Hamilton,Fishers,PROMISE RD,Pedestrian,OTHER - EXPLAIN IN NARRATIVE,DISREGARD SIGNAL/REG SIGN,SSI,DAYLIGHT,CLEAR,DRY,False,39.9765510559082,-85.967041015625
904020131,2022,2022-01-26,Shelby,SHELBYVILLE,BASSETT RD  & INTELLIPLEX DR,Vehicle,OTHER - EXPLAIN IN NARRATIVE,OTHER (DRIVER) - EXPLAIN IN NARRATIVE,Fatal,DARK (NOT LIGHTED),CLEAR,DRY,False,39.5622749328613,-85.7838439941406
903967385,2022,2022-01-27,Marion,Indianapolis,38TH ST & MICHIGAN RD,Vehicle,HEAD ON BETWEEN TWO MOTOR VEHICLES,LEFT OF CENTER,SSI,DAYLIGHT,BLOWING SAND/SOIL/SNOW,WET,False,39.8246879577637,-86.1810913085937
903977799,2022,2022-01-27,Marion,Indianapolis,E 86TH ST   & SARGENT RD,Vehicle,RIGHT ANGLE,DISREGARD SIGNAL/REG SIGN,SSI,DAYLIGHT,SNOW,WET,False,39.9126167297363,-86.0065460205078
903968940,2022,2022-01-28,Hamilton,Atlanta,E 276TH ST,Vehicle,RAN OFF ROAD,SPEED TOO FAST FOR WEATHER CONDITIONS,SSI,DAYLIGHT,CLOUDY,ICE,False,40.1893348693848,-86.1321640014649
903969000,2022,2022-01-28,Hamilton,Arcadia,US 31  & 246 ST,Vehicle,REAR END,SPEED TOO FAST FOR WEATHER CONDITIONS,Fatal,DAYLIGHT,SNOW,SNOW/SLUSH,False,40.152961730957,-86.1280899047852
903969555,2022,2022-01-28,Hancock,,S 500 W  & 200S,Vehicle,RIGHT ANGLE,ROADWAY SURFACE CONDITION,SSI,DARK (NOT LIGHTED),CLEAR,ICE,False,39.7570495605469,-85.8960037231445
903972589,2022,2022-01-28,Marion,Indianapolis,I- 465,Vehicle,RIGHT ANGLE,UNSAFE LANE MOVEMENT,SSI,DARK (NOT LIGHTED),CLEAR,DRY,True,39.876953125,-86.0475006103516