id,year,date,county,city,cross_street,crash_type,manner,primary_factor,ssi_fatal,light,weather,surface,interstate,lat,lon
903969806,2022,2022-01-29,Marion,Indianapolis,GRANDVIEW DR,Vehicle,HEAD ON BETWEEN TWO MOTOR VEHICLES,FOLLOWING TOO CLOSELY,SSI,DAYLIGHT,CLEAR,DRY,False,39.8465270996094,-86.1878890991211
903971497,2022,2022-01-30,Shelby,MORRISTOWN,BLUE RIVER RD,Vehicle,RAN OFF ROAD,OTHER (DRIVER) - EXPLAIN IN NARRATIVE,SSI,DAYLIGHT,CLOUDY,DRY,False,39.6496162414551,-85.7158355712891
903969980,2022,2022-01-31,Johnson,Greenwood,FRY RD & RIVERSIDE DR,Vehicle,RIGHT ANGLE,FAILURE TO YIELD RIGHT OF WAY,SSI,DAYLIGHT,CLEAR,DRY,False,39.6282615661621,-86.117919921875
903970116,2022,2022-01-31,Hamilton,Fishers,ALLISONVILLE RD  & FISHERS CROSSING DR,Vehicle,RIGHT ANGLE,FAILURE TO YIELD RIGHT OF WAY,SSI,DAYLIGHT,CLEAR,DRY,False,39.9585914611816,-86.0391845703125
903970427,2022,2022-01-31,Hancock,Greenfield,I-70,Vehicle,RAN OFF ROAD,DRIVER ILLNESS,SSI,DAYLIGHT,CLEAR,DRY,True,39.8204917907715,-85.7961349487305
903970721,2022,2022-01-31,Johnson,Greenwood,GEORGETOWN RD & SMITH VALLEY RD,Vehicle,RIGHT ANGLE,FAILURE TO YIELD RIGHT OF WAY,SSI,DAYLIGHT,CLEAR,DRY,False,39.6062202453613,-86.1349563598633
903976125,2022,2022-01-31,Morgan,,N BETHESDA RD  & N BETHESDA RD,Vehicle,OTHER - EXPLAIN IN NARRATIVE,FAILURE TO YIELD RIGHT OF WAY,SSI,DARK (LIGHTED),CLEAR,DRY,False,39.6012153625488,-86.4223098754883
903970688,2022,2022-02-01,Marion,Indianapolis,POST RD & TROY AVE,Vehicle,RIGHT ANGLE,FAILURE TO YIELD RIGHT OF WAY,SSI,DAYLIGHT,CLEAR,DRY,False,39.7255744934082,-86.0085830688477
903970813,2022,2022-02-01,Hamilton,Fishers,OLIO RD,Vehicle,RAN OFF ROAD,OTHER (DRIVER) - EXPLAIN IN NARRATIVE,SSI,DARK (NOT LIGHTED),CLEAR,DRY,False,39.9485092163086,-85.91796875
903971507,2022,2022-02-01,Boone,Lebanon,N LEBANON ST  & SUNNYBROOK LN,Vehicle,REAR END,DRIVER DISTRACTED - EXPLAIN IN NARRATIVE,SSI,DAYLIGHT,CLEAR,DRY,False,40.0624656677246,-86.4720077514648
903971846,2022,2022-02-01,Marion,Indianapolis,MADISON AVE & TROY AVE,Pedestrian,LEFT TURN,FAILURE TO YIELD RIGHT OF WAY,SSI,DARK (LIGHTED),CLOUDY,DRY,False,39.7225875854492,-86.1502838134766
903981835,2022,2022-02-01,Johnson,Franklin,OYLER ST  & YOUNG ST,Vehicle,RIGHT ANGLE,FAILURE TO YIELD RIGHT OF WAY,SSI,DAYLIGHT,CLOUDY,DRY,False,39.486457824707,-86.0475921630859
903972490,2022,2022-02-03,Marion,Indianapolis,I-65,Vehicle,RAN OFF ROAD,SPEED TOO FAST FOR WEATHER CONDITIONS,SSI,DAYLIGHT,SNOW,ICE,True,39.6722106933594,-86.098014831543
903974840,2022,2022-02-04,Marion,Indianapolis,65,Vehicle,REAR END,SPEED TOO FAST FOR WEATHER CONDITIONS,Fatal,DAYLIGHT,CLEAR,WET,False,39.8401412963867,-86.2439727783203
903980078,2022,2022-02-04,Marion,Beech Grove,I- 465,Vehicle,REAR END,UNSAFE LANE MOVEMENT,Fatal,DARK (LIGHTED),SNOW,SNOW/SLUSH,True,39.7036399841308,-86.0857315063477
903973004,2022,2022-02-05,Boone,Lebanon,I65N,Vehicle,OTHER - EXPLAIN IN NARRATIVE,OTHER (DRIVER) - EXPLAIN IN NARRATIVE,SSI,DARK (LIGHTED),CLOUDY,ICE,False,40.058048248291,-86.4936676025391
903975407,2022,2022-02-05,Hancock,,I-70,Vehicle,REAR END,OTHER (DRIVER) - EXPLAIN IN NARRATIVE,Fatal,DARK (NOT LIGHTED),CLEAR,DRY,True,39.8255767822266,-85.6702499389648
903973477,2022,2022-02-06,Boone,Zionsville,W BASE LINE RD  & S 900 E,Vehicle,OTHER - EXPLAIN IN NARRATIVE,OTHER (DRIVER) - EXPLAIN IN NARRATIVE,SSI,DARK (NOT LIGHTED),CLEAR,SNOW/SLUSH,False,40.0407562255859,-86.2988891601563
903973529,2022,2022-02-06,Marion,Lawrence,US36E & N FRANKLIN RD,Vehicle,HEAD ON BETWEEN TWO MOTOR VEHICLES,UNSAFE SPEED,SSI,DARK (LIGHTED),CLEAR,DRY,False,39.8357849121094,-86.0279922485352
903974670,2022,2022-02-06,Marion,Indianapolis,WASHINGTON ST & EWING ST,Pedestrian,OTHER - EXPLAIN IN NARRATIVE,FAILURE TO YIELD RIGHT OF WAY,SSI,DARK (LIGHTED),CLEAR,SNOW/SLUSH,False,39.7690582275391,-86.1049880981445
903975469,2022,2022-02-06,Marion,Indianapolis,I-74,Vehicle,RAN OFF ROAD,SPEED TOO FAST FOR WEATHER CONDITIONS,SSI,DARK (LIGHTED),CLEAR,SNOW/SLUSH,True,39.8065872192383,-86.277214050293
903979143,2022,2022-02-06,Marion,Indianapolis,THOMPSON RD & MADISON AVE,Vehicle,RIGHT ANGLE,DISREGARD SIGNAL/REG SIGN,SSI,DAYLIGHT,CLEAR,DRY,False,39.693359375,-86.1364974975586
903974720,2022,2022-02-07,Boone,Lebanon,I-65,Vehicle,RAN OFF ROAD,SPEED TOO FAST FOR WEATHER CONDITIONS,SSI,DARK (NOT LIGHTED),CLEAR,DRY,True,40.0609893798828,-86.4941635131836
903975395,2022,2022-02-07,Morgan,,STATE RD 37  & BURTON LN,Vehicle,RAN OFF ROAD,OTHER (DRIVER) - EXPLAIN IN NARRATIVE,SSI,DAYLIGHT,CLEAR,DRY,False,39.4053192138672,-86.4380950927734
903975678,2022,2022-02-07,Marion,Indianapolis,W 38TH ST,Vehicle,REAR END,OTHER (DRIVER) - EXPLAIN IN NARRATIVE,SSI,DARK (NOT LIGHTED),CLOUDY,DRY,False,39.8236083984375,-86.2151107788086
903982757,2022,2022-02-07,Marion,Indianapolis,I-465,Vehicle,RAN OFF ROAD,UNSAFE SPEED,SSI,DARK (NOT LIGHTED),CLOUDY,WET,True,39.7318534851074,-86.0447692871094
903978940,2022,2022-02-08,Marion,Indianapolis,S HOLT RD,Pedestrian,RIGHT TURN,DISREGARD SIGNAL/REG SIGN,Fatal,DAYLIGHT,CLEAR,DRY,False,39.7529144287109,-86.2252807617188
903976765,2022,2022-02-09,Hamilton,,CUMBERLAND RD,Vehicle,HEAD ON BETWEEN TWO MOTOR VEHICLES,LEFT OF CENTER,SSI,DARK (NOT LIGHTED),CLEAR,DRY,False,40.1007690429687,-85.9950256347656
903977149,2022,2022-02-09,Hancock,,I-70,Vehicle,RAN OFF ROAD,OTHER (DRIVER) - EXPLAIN IN NARRATIVE,Fatal,DAYLIGHT,CLEAR,DRY,True,39.8260116577148,-85.6218948364258
903977046,2022,2022-02-10,Marion,Indianapolis,SOUTHERN AVE & ARLINGTON AVE,Vehicle,LEFT TURN,FAILURE TO YIELD RIGHT OF WAY,SSI,DAYLIGHT,CLOUDY,DRY,False,39.6477279663086,-86.0636138916016
903977698,2022,2022-02-10,Hamilton,Carmel,WEST 106TH ST & WALNUT CREEK DR,Vehicle,OTHER - EXPLAIN IN NARRATIVE,FAILURE TO YIELD RIGHT OF WAY,SSI,DAYLIGHT,CLEAR,DRY,False,39.9411087036133,-86.214614868164
903978751,2022,2022-02-10,Marion,Indianapolis,N KEYSTONE AVE  & 36TH ST,Pedestrian,RIGHT ANGLE,PEDESTRIAN ACTION,Fatal,DARK (LIGHTED),CLEAR,DRY,False,39.822338104248,-86.121711730957
903977754,2022,2022-02-11,Marion,Indianapolis,US31 & EDGEWOOD RD,Vehicle,REAR END,FOLLOWING TOO CLOSELY,SSI,DAWN/DUSK,CLEAR,DRY,False,39.6787872314453,-86.1490249633789
903979190,2022,2022-02-11,Marion,Indianapolis,82ND ST & CLEARVIST PKWY,Vehicle,REAR END,FOLLOWING TOO CLOSELY,SSI,DAYLIGHT,RAIN,WET,False,39.9051132202148,-86.0396118164063
903979243,2022,2022-02-11,Hancock,McCordsville,W PENDLETON PIKE  & INDIANA ST,Vehicle,SAME DIRECTION SIDESWIPE,FAILURE TO YIELD RIGHT OF WAY,SSI,DAYLIGHT,RAIN,WET,False,39.8952178955078,-85.9204330444336
903979303,2022,2022-02-11,Marion,Indianapolis,GEORGETOWN RD & CROSS CREEK DR,Vehicle,REAR END,UNSAFE SPEED,SSI,DARK (LIGHTED),CLEAR,WET,False,39.8570404052734,-86.2401885986328
903981070,2022,2022-02-11,Marion,Indianapolis,N POST RD  & 38TH ST,Vehicle,LEFT TURN,FAILURE TO YIELD RIGHT OF WAY,Fatal,DAYLIGHT,RAIN,WET,False,39.8260498046875,-86.0099334716797
903978260,2022,2022-02-12,Hamilton,Fishers,E 116TH ST  & E 116TH ST,Vehicle,REAR END,SPEED TOO FAST FOR WEATHER CONDITIONS,SSI,DAYLIGHT,SNOW,SNOW/SLUSH,False,39.9573783874512,-85.9658126831055
903979502,2022,2022-02-12,Marion,Indianapolis,SHADELAND AVE & PENDLETON PIKE,Vehicle,REAR END,FOLLOWING TOO CLOSELY,SSI,DARK (LIGHTED),CLEAR,DRY,False,39.827262878418,-86.0456771850586
903981106,2022,2022-02-12,Marion,Speedway,HOLT RD  & COSSELL RD,Vehicle,HEAD ON BETWEEN TWO MOTOR VEHICLES,LEFT OF CENTER,SSI,DARK (NOT LIGHTED),CLOUDY,DRY,False,39.7680053710937,-86.228385925293
903979018,2022,2022-02-13,Marion,Indianapolis,N TIBBS AVE  & W 16TH ST,Vehicle,RAN OFF ROAD,UNSAFE SPEED,SSI,DARK (LIGHTED),SNOW,WET,False,39.7878036499023,-86.2158203125
903981818,2022,2022-02-14,Marion,Indianapolis,KENTUCKY AVE  & HEATHROW WAY,Vehicle,REAR END,FOLLOWING TOO CLOSELY,Fatal,DAYLIGHT,CLEAR,DRY,False,39.6799087524414,-86.2885055541992
903990419,2022,2022-02-14,Marion,Beech Grove,I- 465,Vehicle,REAR END,FOLLOWING TOO CLOSELY,SSI,DAYLIGHT,CLEAR,DRY,True,39.7038612365723,-86.0875091552734
903988858,2022,2022-02-15,Johnson,,I-65,Vehicle,HEAD ON BETWEEN TWO MOTOR VEHICLES,UNSAFE LANE MOVEMENT,SSI,DARK (LIGHTED),CLEAR,DRY,True,39.4464340209961,-85.9915771484375
903985654,2022,2022-02-16,Hamilton,Fishers,ALLISONVILLE ROAD  & ORCHARD BLVD,Vehicle,SAME DIRECTION SIDESWIPE,LEFT OF CENTER,Fatal,DAYLIGHT,CLEAR,DRY,False,39.9677200317383,-86.0362167358398
903986570,2022,2022-02-16,Marion,Indianapolis,E MINNESOTA ST  & S STATE AVE,Vehicle,RIGHT ANGLE,DISREGARD SIGNAL/REG SIGN,SSI,DARK (LIGHTED),CLEAR,DRY,False,39.7451133728027,-86.1304397583008
903983012,2022,2022-02-18,Marion,Indianapolis,LYNTON CT  & W 47TH ST,Vehicle,REAR END,FOLLOWING TOO CLOSELY,SSI,DAYLIGHT,CLEAR,ICE,False,39.8412055969238,-86.2390060424805
903983228,2022,2022-02-18,Marion,Lawrence,PENDLETON PIKE  & N FRANKLIN RD,Pedestrian,OTHER - EXPLAIN IN NARRATIVE,PEDESTRIAN ACTION,SSI,DAYLIGHT,CLEAR,DRY,False,39.8365859985351,-86.0266189575195
903983321,2022,2022-02-18,Boone,Zionsville,N MICHIGAN RD  & E 550 S,Vehicle,HEAD ON BETWEEN TWO MOTOR VEHICLES,FAILURE TO YIELD RIGHT OF WAY,SSI,DAYLIGHT,CLEAR,DRY,False,39.9625244140625,-86.2473449707031
903984391,2022,2022-02-18,Marion,Indianapolis,I- 465,Vehicle,RAN OFF ROAD,OVERCORRECTING/OVERSTEERING,SSI,DAWN/DUSK,CLEAR,ICE,True,39.9263153076172,-86.1791687011719
903985257,2022,2022-02-18,Marion,Indianapolis,SOUTHPORT RD & I65 HWY,Vehicle,RIGHT ANGLE,DISREGARD SIGNAL/REG SIGN,SSI,DARK (LIGHTED),CLOUDY,DRY,True,39.6656455993652,-86.0914993286133
903985379,2022,2022-02-18,Hendricks,Danville,E MAIN ST  & N WAYNE ST,Vehicle,HEAD ON BETWEEN TWO MOTOR VEHICLES,FOLLOWING TOO CLOSELY,SSI,DAYLIGHT,CLEAR,WET,False,39.7607574462891,-86.5190658569336
903986812,2022,2022-02-18,Marion,Indianapolis,N ARLINGTON AVE,Pedestrian,RAN OFF ROAD,OTHER (DRIVER) - EXPLAIN IN NARRATIVE,Fatal,DAYLIGHT,CLEAR,DRY,False,39.7820663452148,-86.064712524414
903984965,2022,2022-02-19,Marion,Indianapolis,MICHIGAN RD  & W 62ND ST,Vehicle,RAN OFF ROAD,LEFT OF CENTER,Fatal,DARK (LIGHTED),CLEAR,DRY,False,39.8680686950684,-86.2017440795898
903985319,2022,2022-02-19,Marion,Indianapolis,FALL CREEK PARKWAY N DR & 32ND ST,Vehicle,RAN OFF ROAD,IMPROPER LANE USAGE,SSI,DARK (NOT LIGHTED),CLEAR,DRY,False,39.8139343261719,-86.1435852050781
903986111,2022,2022-02-19,Marion,Indianapolis,E TROY AVE  & BEECH ST,Pedestrian,OTHER - EXPLAIN IN NARRATIVE,PEDESTRIAN ACTION,Fatal,DARK (LIGHTED),CLEAR,DRY,False,39.7226676940918,-86.147705078125
903988474,2022,2022-02-19,Marion,Indianapolis,W 56TH ST  & NORTHLAND RD,Vehicle,OPPOSITE DIRECTION SIDESWIPE,LEFT OF CENTER,Fatal,DARK (NOT LIGHTED),CLEAR,DRY,False,39.8535194396973,-86.221809387207
903983974,2022,2022-02-20,Johnson,Greenwood,N EMERSON AVE & SOUTH PARK BLVD,Vehicle,RAN OFF ROAD,DRIVER ILLNESS,SSI,DAYLIGHT,CLEAR,DRY,False,39.6205215454101,-86.0826568603516
903985005,2022,2022-02-20,Marion,Indianapolis,46TH ST & SHERMAN DR,Vehicle,RAN OFF ROAD,OTHER (DRIVER) - EXPLAIN IN NARRATIVE,SSI,DAYLIGHT,CLEAR,DRY,False,39.8403778076172,-86.1028289794922
903985370,2022,2022-02-20,Marion,Indianapolis,COURTNEY RD,Vehicle,RAN OFF ROAD,UNSAFE SPEED,SSI,DARK (NOT LIGHTED),CLEAR,DRY,False,39.8005104064941,-86.0272369384766
903984682,2022,2022-02-21,Marion,Indianapolis,E STOP 11 RD  & LASCALA BLVD,Vehicle,OPPOSITE DIRECTION SIDESWIPE,FAILURE TO MAINTAIN LANE,SSI,DARK (NOT LIGHTED),CLOUDY,DRY,False,39.6507225036621,-86.0971755981445
903986016,2022,2022-02-21,Marion,Indianapolis,EMERSON AVE & 34TH ST,Vehicle,LEFT TURN,FAILURE TO YIELD RIGHT OF WAY,SSI,DARK (LIGHTED),CLEAR,DRY,False,39.8183670043945,-86.0836563110352
903985550,2022,2022-02-22,Marion,Indianapolis,MISSOURI ST & HENRY ST,Pedestrian,COLLISION WITH OBJECT IN ROAD,FAILURE TO YIELD RIGHT OF WAY,SSI,DARK (LIGHTED),RAIN,WET,False,39.7603874206543,-86.1656188964844
903986045,2022,2022-02-22,Marion,Indianapolis,WASHINGTON ST & COLLAGE AVE,Pedalcycle,OTHER - EXPLAIN IN NARRATIVE,PEDESTRIAN ACTION,SSI,DARK (LIGHTED),RAIN,WET,False,39.7668609619141,-86.1456985473633
903986064,2022,2022-02-22,Marion,Indianapolis,SHADELAND AVE & MILL VIEW DR,Vehicle,LEFT TURN,FAILURE TO YIELD RIGHT OF WAY,SSI,DARK (LIGHTED),RAIN,WET,False,39.836727142334,-86.0460205078125
903986332,2022,2022-02-22,Shelby,SHELBYVILLE,N STATE RD 9  & E 600 N,Vehicle,RAN OFF ROAD,OVERCORRECTING/OVERSTEERING,SSI,DARK (NOT LIGHTED),CLOUDY,WET,False,39.6096992492676,-85.7680587768555
903987213,2022,2022-02-24,Boone,Zionsville,STATE RD 267  & INDIANAPOLIS RD,Vehicle,REAR END,FOLLOWING TOO CLOSELY,SSI,DARK (NOT LIGHTED),SLEET/HAIL/FREEZING RAIN,ICE,False,39.9774703979492,-86.398551940918
903987517,2022,2022-02-24,Marion,Indianapolis,SHELBY ST & PLEASANT RUN PARKWAY NORTH DR,Vehicle,RAN OFF ROAD,RAN OFF ROAD RIGHT,SSI,DARK (LIGHTED),RAIN,WET,False,39.7441101074219,-86.1429977416992
903988043,2022,2022-02-24,Shelby,SHELBYVILLE,N RILEY HWY  & BASSETT RD.,Vehicle,OTHER - EXPLAIN IN NARRATIVE,FAILURE TO MAINTAIN LANE,SSI,DAYLIGHT,CLOUDY,DRY,False,39.5650672912598,-85.7761383056641
903992719,2022,2022-02-24,Hendricks,Plainfield,STAFFORD RD  & PERRY RD,Vehicle,HEAD ON BETWEEN TWO MOTOR VEHICLES,FAILURE TO YIELD RIGHT OF WAY,SSI,DAWN/DUSK,SLEET/HAIL/FREEZING RAIN,ICE,False,39.697395324707,-86.3556518554688
904000636,2022,2022-02-24,Marion,Lawrence,CHARNEY AVE  & PENDLETON PIKE,Vehicle,RAN OFF ROAD,LEFT OF CENTER,SSI,DARK (LIGHTED),SLEET/HAIL/FREEZING RAIN,WET,False,39.8413238525391,-86.0169219970703
903988441,2022,2022-02-25,Marion,Indianapolis,64TH ST & MERIDIAN ST,Vehicle,RIGHT ANGLE,OTHER (DRIVER) - EXPLAIN IN NARRATIVE,SSI,DAYLIGHT,CLOUDY,DRY,False,39.8730735778809,-86.1563873291016
903988273,2022,2022-02-26,Johnson,Greenwood,US31N,Pedestrian,OTHER - EXPLAIN IN NARRATIVE,OTHER (DRIVER) - EXPLAIN IN NARRATIVE,SSI,DARK (LIGHTED),CLEAR,DRY,False,39.6342735290527,-86.1256332397461
903989929,2022,2022-02-26,Marion,Beech Grove,N 17TH AVE  & BUFFALO ST,Vehicle,RAN OFF ROAD,UNSAFE LANE MOVEMENT,SSI,DAYLIGHT,CLEAR,DRY,False,39.7260551452637,-86.1017532348633
903988772,2022,2022-02-27,Morgan,MARTINSVILLE,STATE RD 37,Vehicle,RAN OFF ROAD,UNSAFE LANE MOVEMENT,SSI,DARK (NOT LIGHTED),CLEAR,DRY,False,39.3910331726074,-86.462272644043
903988784,2022,2022-02-27,Marion,Lawrence,SUNNYSIDE RD & TOLLISTON BLVD,Vehicle,RAN OFF ROAD,RAN OFF ROAD RIGHT,SSI,DARK (NOT LIGHTED),CLEAR,DRY,False,39.8711853027344,-85.9730682373047
903991797,2022,2022-02-27,Marion,Indianapolis,S EAST ST  & E MILLS AVE,Vehicle,RIGHT ANGLE,DISREGARD SIGNAL/REG SIGN,Fatal,DAYLIGHT,CLEAR,DRY,False,39.7046012878418,-86.1488800048828
904060728,2022,2022-06-06,Johnson,Edinburgh,PROSSER DR,Vehicle,RIGHT TURN,OTHER (DRIVER) - EXPLAIN IN NARRATIVE,SSI,DAYLIGHT,CLEAR,DRY,False,39.3482246398926,-85.9775314331055
904071743,2022,2022-07-03,Marion,Indianapolis,I-65,Vehicle,RAN OFF ROAD,UNSAFE LANE MOVEMENT,SSI,DARK (LIGHTED),CLEAR,DRY,True,39.7826957702637,-86.1491012573242
903939981,2021,2021-12-19,Hancock,,MOUNT COMFORT RD,Vehicle,COLLISION WITH OBJECT IN ROAD,DISREGARD SIGNAL/REG SIGN,SSI,DAWN/DUSK,CLEAR,DRY,False,39.8376541137695,-85.9152526855469
903994051,2022,2022-03-08,Johnson,,3617 E ROCKLANE RD,Vehicle,HEAD ON BETWEEN TWO MOTOR VEHICLES,OVERCORRECTING/OVERSTEERING,SSI,DARK (NOT LIGHTED),CLEAR,DRY,False,39.6153335571289,-86.0339431762695
904042632,2022,2022-05-24,Marion,Indianapolis,38TH ST  & N GALE ST,Pedestrian,RIGHT ANGLE,PEDESTRIAN ACTION,Fatal,DARK (NOT LIGHTED),CLEAR,DRY,False,39.8253669738769,-86.1059341430664
904049677,2022,2022-06-07,Johnson,Franklin,N MORTON ST  & ACCESS RD,Vehicle,RIGHT ANGLE,IMPROPER TURNING,SSI,DAYLIGHT,CLEAR,DRY,False,39.4853820800781,-86.0642547607422
903942512,2021,2021-12-19,Marion,Indianapolis,E NEW YORK ST & NORTH PINE ST,Vehicle,RIGHT ANGLE,DISREGARD SIGNAL/REG SIGN,SSI,DARK (LIGHTED),CLOUDY,DRY,False,39.770767211914,-86.1427383422852
903996889,2022,2022-03-08,Marion,Indianapolis,I-465,Vehicle,REAR END,FOLLOWING TOO CLOSELY,SSI,DAYLIGHT,CLEAR,DRY,True,39.7504386901855,-86.0343170166015
904065340,2022,2022-07-04,Hamilton,,37 & CORNELL RD,Vehicle,RAN OFF ROAD,FAILURE TO MAINTAIN LANE,SSI,DAWN/DUSK,CLEAR,DRY,False,40.1365013122559,-85.8964080810547
903997822,2022,2022-03-08,Marion,Indianapolis,I-70,Pedestrian,OTHER - EXPLAIN IN NARRATIVE,PEDESTRIAN ACTION,Fatal,DARK (LIGHTED),CLEAR,DRY,True,39.7946472167969,-86.121467590332
903920557,2021,2021-11-20,Johnson,Greenwood,US31N & PUSHVILLE RD,Vehicle,OPPOSITE DIRECTION SIDESWIPE,FAILURE TO YIELD RIGHT OF WAY,SSI,DARK (LIGHTED),CLEAR,DRY,False,39.5792427062988,-86.0980072021484
904041428,2022,2022-05-25,Hendricks,Plainfield,US40  & SR267,Vehicle,RIGHT ANGLE,FAILURE TO YIELD RIGHT OF WAY,SSI,DAYLIGHT,CLOUDY,WET,False,39.7111511230469,-86.3745498657227
903994834,2022,2022-03-09,Marion,Indianapolis,MERIDIAN ST & TROY AVE,Vehicle,RIGHT ANGLE,DISREGARD SIGNAL/REG SIGN,SSI,DARK (LIGHTED),CLEAR,DRY,False,39.7224082946777,-86.158821105957
904049995,2022,2022-06-07,Marion,Indianapolis,TROY AVE & CARSON AVE,Vehicle,HEAD ON BETWEEN TWO MOTOR VEHICLES,DISREGARD SIGNAL/REG SIGN,SSI,DAYLIGHT,CLEAR,DRY,False,39.7228965759277,-86.1367340087891
903926031,2021,2021-11-20,Marion,Indianapolis,Kentucky Ave  & Ameriplex Pkwy,Vehicle,RAN OFF ROAD,OVERCORRECTING/OVERSTEERING,SSI,DARK (NOT LIGHTED),CLEAR,DRY,False,39.6736831665039,-86.2958221435547
904041615,2022,2022-05-25,Marion,Indianapolis,30TH ST & SHERMAN DR,Pedestrian,OTHER - EXPLAIN IN NARRATIVE,LEFT OF CENTER,SSI,DAYLIGHT,CLEAR,DRY,False,39.8107681274414,-86.1025466918945
903940908,2021,2021-12-20,Hendricks,Brownsburg,HORNADAY RD  & NORTHFIELD DR,Vehicle,RIGHT ANGLE,FAILURE TO YIELD RIGHT OF WAY,SSI,DAYLIGHT,CLEAR,DRY,False,39.800121307373,-86.3813934326172
904065694,2022,2022-07-04,Hancock,New Palestine,600W  & US HWY 52,Vehicle,REAR END,IMPROPER LANE USAGE,SSI,DAYLIGHT,CLEAR,DRY,False,39.7250938415527,-85.9137115478516
903996391,2022,2022-03-09,Marion,Indianapolis,N GIRLS SCHOOL RD  & SHANK LN,Pedestrian,RIGHT ANGLE,PEDESTRIAN ACTION,Fatal,DARK (NOT LIGHTED),CLEAR,DRY,False,39.7978744506836,-86.2887802124023
904050114,2022,2022-06-07,Morgan,Mooresville,E CROSBY RD  & STATE RD 67,Vehicle,RIGHT ANGLE,FAILURE TO YIELD RIGHT OF WAY,SSI,DAYLIGHT,CLEAR,DRY,False,39.586498260498,-86.3771820068359
903921918,2021,2021-11-22,Marion,Indianapolis,Mann Rd  & W Mooresville Rd,Pedestrian,SAME DIRECTION SIDESWIPE,PEDESTRIAN ACTION,SSI,DARK (NOT LIGHTED),CLOUDY,DRY,False,39.7089195251465,-86.2391967773438
904041722,2022,2022-05-26,Marion,Indianapolis,KEYSTONE AVE & 72ND ST,Vehicle,LEFT TURN,FAILURE TO YIELD RIGHT OF WAY,SSI,DAYLIGHT,CLEAR,DRY,False,39.8839378356934,-86.1220779418945
904065972,2022,2022-07-04,Marion,Indianapolis,CRAWFORDSVILLE RD & TANSEL RD,Vehicle,RIGHT ANGLE,FAILURE TO YIELD RIGHT OF WAY,SSI,DAYLIGHT,CLEAR,DRY,False,39.8153686523437,-86.3215484619141
903941083,2021,2021-12-20,Hamilton,Arcadia,US31 & 246 ST,Vehicle,REAR END,FOLLOWING TOO CLOSELY,Fatal,DAYLIGHT,CLEAR,DRY,False,40.147819519043,-86.1280746459961
904069056,2022,2022-07-04,Marion,Indianapolis,"BAYVIEW CLUB DR, INDIANAPOLIS",Vehicle,OTHER - EXPLAIN IN NARRATIVE,OTHER (DRIVER) - EXPLAIN IN NARRATIVE,SSI,DAYLIGHT,CLEAR,DRY,False,39.8916053771973,-86.0481185913086
903995110,2022,2022-03-10,Johnson,New Whiteland,US HWY 31  & PARKVIEW DR,Vehicle,OTHER - EXPLAIN IN NARRATIVE,FAILURE TO YIELD RIGHT OF WAY,SSI,DAYLIGHT,CLEAR,DRY,False,39.5587463378906,-86.0904769897461
904051630,2022,2022-06-07,Hamilton,,181 ST  & DESHANE AVE,Vehicle,RAN OFF ROAD,LEFT OF CENTER,SSI,DAYLIGHT,CLEAR,DRY,False,40.051628112793,-85.9383926391602
903922963,2021,2021-11-23,Hendricks,Avon,US36E & VISTA PKWY,Pedestrian,OTHER - EXPLAIN IN NARRATIVE,PEDESTRIAN ACTION,SSI,DAYLIGHT,CLEAR,DRY,False,39.7629547119141,-86.3844680786133
904041791,2022,2022-05-26,Marion,Indianapolis,56TH ST & I 465 RAMP,Vehicle,REAR END,DRIVER ILLNESS,SSI,DAYLIGHT,RAIN,WET,True,39.8551139831543,-86.0489501953125
903995317,2022,2022-03-10,Morgan,MARTINSVILLE,COMMERCIAL BLVD  & STATE RD 37,Vehicle,RAN OFF ROAD,FAILURE TO MAINTAIN LANE,SSI,DARK (LIGHTED),CLEAR,DRY,False,39.4109153747558,-86.419563293457
904057069,2022,2022-06-07,Marion,Indianapolis,LICKRIDGE LN N DR,Vehicle,OTHER - EXPLAIN IN NARRATIVE,OTHER (DRIVER) - EXPLAIN IN NARRATIVE,SSI,DAYLIGHT,CLEAR,DRY,False,39.7029457092285,-86.104133605957
903926052,2021,2021-11-23,Marion,Indianapolis,96th St  & Bay Vista East Dr,Vehicle,NON-COLLISION,OTHER (DRIVER) - EXPLAIN IN NARRATIVE,SSI,DARK (NOT LIGHTED),CLEAR,DRY,False,39.9270439147949,-86.057502746582
903956898,2021,2021-12-20,Marion,Indianapolis,38TH ST  & N SHERMAN DR,Vehicle,SAME DIRECTION SIDESWIPE,OTHER (DRIVER) - EXPLAIN IN NARRATIVE,SSI,DAYLIGHT,CLEAR,DRY,False,39.825325012207,-86.1026000976563
904042261,2022,2022-05-26,Marion,Indianapolis,WASHINGTON ST & WASHINGTO POINT BLVD,Vehicle,LEFT TURN,FAILURE TO YIELD RIGHT OF WAY,SSI,DAYLIGHT,RAIN,WET,False,39.7751426696777,-85.9855804443359
904066155,2022,2022-07-05,Johnson,Greenwood,COUNTY LINE RD & MERIDIAN ST,Vehicle,RIGHT ANGLE,FAILURE TO YIELD RIGHT OF WAY,SSI,DAYLIGHT,CLEAR,DRY,False,39.6356468200684,-86.1063842773438