id,year,date,county,city,cross_street,crash_type,manner,primary_factor,ssi_fatal,light,weather,surface,interstate,lat,lon
903995435,2022,2022-03-10,Marion,Indianapolis,LAFAYETTE RD & 56TH ST,Vehicle,REAR END,DRIVER DISTRACTED - EXPLAIN IN NARRATIVE,SSI,DAYLIGHT,CLEAR,DRY,False,39.8206520080566,-86.263298034668
904051009,2022,2022-06-08,Marion,Indianapolis,74,Vehicle,RAN OFF ROAD,OTHER (DRIVER) - EXPLAIN IN NARRATIVE,SSI,DAYLIGHT,CLEAR,DRY,False,39.6803855895996,-85.968879699707
903926297,2021,2021-11-23,Marion,Indianapolis,N Arlington Ave  & E 24th St,Vehicle,REAR END,UNSAFE SPEED,SSI,DARK (LIGHTED),CLEAR,DRY,False,39.8014717102051,-86.0645980834961
903942042,2021,2021-12-21,Johnson,Greenwood,US31N & COUNTY LINE RD,Pedestrian,OTHER - EXPLAIN IN NARRATIVE,PEDESTRIAN ACTION,SSI,DARK (LIGHTED),CLEAR,DRY,False,39.6342315673828,-86.1260528564453
904042291,2022,2022-05-26,Marion,Indianapolis,KENTUCKY AVE & ACCESS RD,Vehicle,RIGHT ANGLE,FAILURE TO YIELD RIGHT OF WAY,SSI,DAYLIGHT,CLEAR,DRY,False,39.8024101257324,-86.218864440918
904066662,2022,2022-07-05,Marion,Indianapolis,E 10TH ST & N LINWOOD AVE,Vehicle,OPPOSITE DIRECTION SIDESWIPE,LEFT OF CENTER,SSI,DAYLIGHT,CLEAR,DRY,False,39.7813606262207,-86.0927810668945
903999486,2022,2022-03-10,Marion,Indianapolis,I-70,Vehicle,REAR END,FOLLOWING TOO CLOSELY,SSI,DAYLIGHT,CLEAR,DRY,True,39.7993392944336,-86.0282821655273
904053118,2022,2022-06-08,Marion,Indianapolis,E 46TH ST  & CARVEL AVE,Vehicle,NON-COLLISION,UNSAFE SPEED,SSI,DARK (LIGHTED),CLEAR,DRY,False,39.8396949768066,-86.1399383544922
903923486,2021,2021-11-24,Marion,Lawrence,US36E & POST RD,Vehicle,RIGHT ANGLE,FAILURE TO YIELD RIGHT OF WAY,SSI,DARK (LIGHTED),CLEAR,DRY,False,39.8445167541504,-86.0102462768555
903942546,2021,2021-12-21,Marion,Indianapolis,RAYMOND ST & EMERSON AVE,Vehicle,OTHER - EXPLAIN IN NARRATIVE,OTHER (DRIVER) - EXPLAIN IN NARRATIVE,SSI,DARK (LIGHTED),CLEAR,DRY,False,39.7381935119629,-86.0824813842773
904043393,2022,2022-05-26,Shelby,SHELBYVILLE,STATE RD 44  & 325 EAST,Vehicle,RIGHT ANGLE,FAILURE TO YIELD RIGHT OF WAY,SSI,DAYLIGHT,CLOUDY,DRY,False,39.5340538024902,-85.7180328369141
904005618,2022,2022-03-10,Marion,Indianapolis,I-70,Vehicle,REAR END,FOLLOWING TOO CLOSELY,SSI,DAYLIGHT,CLEAR,DRY,True,39.7866516113281,-86.1358642578125
904053124,2022,2022-06-08,Marion,Indianapolis,MONTCALM ST  & W 21ST ST,Vehicle,NON-COLLISION,UNSAFE SPEED,Fatal,DAYLIGHT,CLEAR,DRY,False,39.7955780029297,-86.18017578125
903923524,2021,2021-11-24,Marion,Lawrence,56TH ST & RICHARDT AVE,Vehicle,RIGHT ANGLE,DISREGARD SIGNAL/REG SIGN,SSI,DARK (LIGHTED),CLEAR,DRY,False,39.8548469543457,-86.0365753173828
903995827,2022,2022-03-11,Marion,Indianapolis,E 46TH ST  & DEAN ST,Vehicle,RIGHT ANGLE,DRIVER DISTRACTED - EXPLAIN IN NARRATIVE,SSI,DARK (NOT LIGHTED),CLEAR,DRY,False,39.8403739929199,-86.0492553710938
904070394,2022,2022-07-05,Marion,Indianapolis,I-74,Vehicle,REAR END,UNSAFE SPEED,SSI,DARK (LIGHTED),CLEAR,DRY,True,39.7860107421875,-86.2705612182617
904053707,2022,2022-05-26,Marion,Indianapolis,I-70,Vehicle,RIGHT ANGLE,OVERCORRECTING/OVERSTEERING,SSI,DAYLIGHT,CLOUDY,DRY,True,39.7544364929199,-86.1776580810547
903942769,2021,2021-12-22,Hancock,FORTVILLE,US36,Vehicle,HEAD ON BETWEEN TWO MOTOR VEHICLES,LEFT OF CENTER,SSI,DAYLIGHT,CLEAR,DRY,False,39.9163131713867,-85.8814926147461
903996207,2022,2022-03-12,Shelby,MORRISTOWN,US HIGHWAY 52  & N 150 E,Vehicle,RAN OFF ROAD,DRIVER DISTRACTED - EXPLAIN IN NARRATIVE,SSI,DAYLIGHT,CLEAR,DRY,False,39.6879653930664,-85.7552642822266
904044295,2022,2022-05-27,Marion,Indianapolis,FALL CREEK RD  & E 86TH ST,Vehicle,RIGHT ANGLE,UNSAFE SPEED,Fatal,DAYLIGHT,RAIN,WET,False,39.9126319885254,-85.9873580932617
904050941,2022,2022-06-09,Hancock,Greenfield,W NEW RD  & N BROADWAY ST,Vehicle,RIGHT ANGLE,FAILURE TO YIELD RIGHT OF WAY,SSI,DAWN/DUSK,CLOUDY,DRY,False,39.813850402832,-85.7801818847656
904067434,2022,2022-07-06,Hancock,,N 600 W  & W 300 N,Vehicle,RIGHT ANGLE,FAILURE TO YIELD RIGHT OF WAY,SSI,DAYLIGHT,CLEAR,DRY,False,39.8273010253906,-85.9153747558594
903925474,2021,2021-11-24,Marion,Indianapolis,ROCKVILLE RD & COUNTRY VILLAGE DR,Pedestrian,COLLISION WITH OBJECT IN ROAD,PEDESTRIAN ACTION,SSI,DARK (NOT LIGHTED),CLEAR,DRY,False,39.7640876770019,-86.3046188354492
903944872,2021,2021-12-22,Marion,Indianapolis,465,Vehicle,REAR END,UNSAFE SPEED,SSI,DARK (LIGHTED),CLEAR,DRY,False,39.7043380737305,-86.1006011962891
903997019,2022,2022-03-12,Hancock,,STATE RD 9  & 900 N,Vehicle,HEAD ON BETWEEN TWO MOTOR VEHICLES,LEFT OF CENTER,Fatal,DAYLIGHT,CLEAR,DRY,False,39.9168281555176,-85.7709655761719
904046196,2022,2022-05-27,Hendricks,,I-70,Pedestrian,OTHER - EXPLAIN IN NARRATIVE,PEDESTRIAN ACTION,SSI,DARK (NOT LIGHTED),CLEAR,DRY,True,39.6537475585938,-86.3968276977539
904050996,2022,2022-06-09,Hancock,,S 500W  & N 600 W,Vehicle,RIGHT ANGLE,DISREGARD SIGNAL/REG SIGN,SSI,DAYLIGHT,CLEAR,DRY,False,39.6984786987305,-85.8962326049805
904067760,2022,2022-07-06,Hamilton,Noblesville,GREENFIELD AVE & SUMMER RD,Vehicle,RIGHT ANGLE,DISREGARD SIGNAL/REG SIGN,SSI,DAYLIGHT,CLEAR,DRY,False,40.0098457336426,-85.9568099975586
903926056,2021,2021-11-24,Marion,Indianapolis,W 10TH ST  & N HOLT RD,Vehicle,HEAD ON BETWEEN TWO MOTOR VEHICLES,FAILURE TO YIELD RIGHT OF WAY,SSI,DAYLIGHT,CLEAR,DRY,False,39.7803192138672,-86.2253799438477
903943395,2021,2021-12-23,Johnson,Greenwood,W STATE RD 135  & TREMONT DR,Vehicle,LEFT TURN,FAILURE TO YIELD RIGHT OF WAY,SSI,DAYLIGHT,CLEAR,DRY,False,39.5630569458008,-86.1587829589844
903996377,2022,2022-03-13,Johnson,Greenwood,PLEASANTVIEW DR & PLEASANTVIEW BLVD,Pedestrian,OTHER - EXPLAIN IN NARRATIVE,OTHER (DRIVER) - EXPLAIN IN NARRATIVE,SSI,DARK (NOT LIGHTED),CLEAR,DRY,False,39.6208763122558,-86.1615753173828
904050078,2022,2022-05-27,Marion,Indianapolis,HARLAN ST  & FLETCHER AVE,Vehicle,RAN OFF ROAD,UNSAFE SPEED,Fatal,DARK (NOT LIGHTED),CLEAR,DRY,False,39.7579841613769,-86.1259307861328
904051046,2022,2022-06-09,Boone,Zionsville,STATE RD 267  & E 550 S,Vehicle,REAR END,FAILURE TO YIELD RIGHT OF WAY,SSI,DARK (NOT LIGHTED),CLEAR,DRY,False,39.9602279663086,-86.3984451293945
904067798,2022,2022-07-07,Johnson,,STATE RD 144,Vehicle,HEAD ON BETWEEN TWO MOTOR VEHICLES,OTHER (DRIVER) - EXPLAIN IN NARRATIVE,SSI,DAYLIGHT,CLOUDY,DRY,False,39.4977531433105,-86.1184234619141
903925108,2021,2021-11-25,Morgan,MARTINSVILLE,Morton Ave  & R J Blvd,Vehicle,HEAD ON BETWEEN TWO MOTOR VEHICLES,LEFT OF CENTER,SSI,DARK (LIGHTED),CLEAR,DRY,False,39.4112854003906,-86.4378128051758
903954039,2021,2021-12-23,Marion,Indianapolis,I- 465,Vehicle,HEAD ON BETWEEN TWO MOTOR VEHICLES,WRONG WAY ON ONE WAY,SSI,DARK (LIGHTED),CLEAR,DRY,True,39.7920570373535,-86.0353164672852
903997196,2022,2022-03-13,Marion,Indianapolis,MITTHOEFER RD & JOHN MARSHALL DR,Vehicle,REAR END,UNSAFE SPEED,SSI,DARK (LIGHTED),CLOUDY,DRY,False,39.8226013183594,-85.9910354614258
904051224,2022,2022-06-09,Marion,Indianapolis,10TH ST & BELMONT AVE,Vehicle,OTHER - EXPLAIN IN NARRATIVE,OTHER (DRIVER) - EXPLAIN IN NARRATIVE,SSI,DAYLIGHT,CLEAR,DRY,False,39.7804946899414,-86.1969909667969
903925505,2021,2021-11-25,Marion,Indianapolis,MERIDIAN ST & 30TH ST,Vehicle,OTHER - EXPLAIN IN NARRATIVE,WRONG WAY ON ONE WAY,SSI,DARK (LIGHTED),CLEAR,DRY,False,39.8099365234375,-86.1565246582031
903949243,2021,2021-12-24,Marion,Indianapolis,S MERIDIAN ST  & E THOMPSON RD,Vehicle,LEFT TURN,DISREGARD SIGNAL/REG SIGN,Fatal,DARK (LIGHTED),CLOUDY,DRY,False,39.6928749084473,-86.1578521728515
904043880,2022,2022-05-28,Marion,Indianapolis,WASHINGTON ST & FULLER ST,Vehicle,HEAD ON BETWEEN TWO MOTOR VEHICLES,IMPROPER LANE USAGE,SSI,DAYLIGHT,CLEAR,DRY,False,39.7542877197266,-86.2455291748047
904053317,2022,2022-06-09,Marion,Indianapolis,N KEYSTONE AVE  & E 52ND ST,Vehicle,REAR END,UNSAFE LANE MOVEMENT,Fatal,DAYLIGHT,CLEAR,DRY,False,39.8476142883301,-86.1220474243164
904067859,2022,2022-07-07,Hancock,,N 300 W  & W 500 N,Vehicle,RIGHT ANGLE,FAILURE TO YIELD RIGHT OF WAY,SSI,DAYLIGHT,CLEAR,DRY,False,39.8567237854004,-85.8598175048828
903998534,2022,2022-03-13,Marion,Indianapolis,E WASHINGTON ST  & S SHORTRIDGE RD,Pedestrian,RIGHT ANGLE,PEDESTRIAN ACTION,Fatal,DARK (LIGHTED),CLEAR,DRY,False,39.7723731994629,-86.0400466918945
904057927,2022,2022-06-09,Marion,Indianapolis,I-465,Vehicle,OTHER - EXPLAIN IN NARRATIVE,UNSAFE LANE MOVEMENT,SSI,DAYLIGHT,CLEAR,DRY,True,39.6976051330566,-86.1795196533203
904044136,2022,2022-05-28,Morgan,MARTINSVILLE,STATE RD 67,Vehicle,SAME DIRECTION SIDESWIPE,FAILURE TO MAINTAIN LANE,SSI,DAYLIGHT,CLEAR,DRY,False,39.4217414855957,-86.4748840332031
904069003,2022,2022-07-07,Marion,Indianapolis,E WASHINGTON ST  & N GALE ST,Pedestrian,OTHER - EXPLAIN IN NARRATIVE,PEDESTRIAN ACTION,Fatal,DARK (LIGHTED),CLEAR,DRY,False,39.7690010070801,-86.1061935424805
903925872,2021,2021-11-25,Marion,Indianapolis,I65N,Vehicle,OTHER - EXPLAIN IN NARRATIVE,STEERING FAILURE,SSI,DARK (LIGHTED),CLEAR,DRY,False,39.8100051879883,-86.1669616699219
903944696,2021,2021-12-25,Marion,Indianapolis,W MOORESVILLE RD & PADDOCK RD,Vehicle,RAN OFF ROAD,SPEED TOO FAST FOR WEATHER CONDITIONS,SSI,DAYLIGHT,RAIN,WET,False,39.6473846435547,-86.2886657714844
903997593,2022,2022-03-14,Marion,Indianapolis,NEWBERRY RD & FALL CREEK ROAD NORTH DR,Vehicle,RIGHT ANGLE,FAILURE TO YIELD RIGHT OF WAY,SSI,DARK (LIGHTED),CLEAR,DRY,False,39.8688316345215,-86.0422897338867
904064279,2022,2022-06-09,Marion,Indianapolis,W 10TH ST  & ARDSLEY DR,Vehicle,REAR END,UNSAFE SPEED,SSI,DARK (LIGHTED),CLEAR,DRY,False,39.7788887023926,-86.3119888305664
904045535,2022,2022-05-28,Hancock,,STATE RD 9  & E EDEN RD,Vehicle,RAN OFF ROAD,UNSAFE SPEED,SSI,DARK (NOT LIGHTED),CLEAR,DRY,False,39.9049263000488,-85.7708053588867
904071969,2022,2022-07-07,Marion,Indianapolis,I-465,Pedestrian,COLLISION WITH OBJECT IN ROAD,VIEW OBSTRUCTED,Fatal,DAYLIGHT,RAIN,WET,True,39.764949798584,-86.2666320800781
903924138,2021,2021-11-26,Marion,Indianapolis,SHADELAND AVE & 75TH ST,Vehicle,RIGHT ANGLE,DISREGARD SIGNAL/REG SIGN,SSI,DARK (LIGHTED),CLOUDY,DRY,False,39.8907089233398,-86.0460968017578
903949236,2021,2021-12-25,Marion,Indianapolis,38TH ST  & N LELAND AVE,Pedestrian,NON-COLLISION,PEDESTRIAN ACTION,SSI,DARK (NOT LIGHTED),CLOUDY,DRY,False,39.8254776000976,-86.0831298828125
903998106,2022,2022-03-14,Marion,Lawrence,PENDLETON PIKE  & BRAGDON ST,Vehicle,REAR END,DRIVER DISTRACTED - EXPLAIN IN NARRATIVE,SSI,DAYLIGHT,CLEAR,DRY,False,39.8359298706055,-86.0278396606445
904069983,2022,2022-06-09,Morgan,MARTINSVILLE,NEW HARMONY RD,Vehicle,RAN OFF ROAD,ROADWAY SURFACE CONDITION,SSI,DAYLIGHT,CLEAR,DRY,False,39.4995384216309,-86.2795562744141
904045910,2022,2022-05-28,Marion,Indianapolis,I-65,Vehicle,NON-COLLISION,UNSAFE SPEED,SSI,DARK (LIGHTED),CLEAR,DRY,True,39.7940902709961,-86.1639404296875
904071991,2022,2022-07-07,Marion,Indianapolis,I- 74,Vehicle,RAN OFF ROAD,UNSAFE LANE MOVEMENT,SSI,DARK (NOT LIGHTED),CLEAR,DRY,True,39.7084579467773,-86.0005645751953
903924147,2021,2021-11-26,Marion,Indianapolis,SUNNYSIDE RD & FOX RD,Vehicle,OPPOSITE DIRECTION SIDESWIPE,LEFT OF CENTER,SSI,DAYLIGHT,CLEAR,DRY,False,39.9015350341797,-85.9753723144531
903943909,2021,2021-12-26,Hamilton,,SR32 & PRAIRIE BAPTIST RD,Vehicle,RIGHT ANGLE,FAILURE TO YIELD RIGHT OF WAY,SSI,DAYLIGHT,CLEAR,DRY,False,40.0577812194824,-85.9009094238281
903997914,2022,2022-03-15,Johnson,,3620 HURRICANE RD RD & EARLYWOOD DR DR,Vehicle,RAN OFF ROAD,RAN OFF ROAD RIGHT,Fatal,DAYLIGHT,CLEAR,DRY,False,39.5305938720703,-86.0353622436523
904063803,2022,2022-05-28,Marion,Indianapolis,30TH ST & SHADELAND AVE,Vehicle,LEFT TURN,FAILURE TO YIELD RIGHT OF WAY,SSI,DAYLIGHT,CLEAR,DRY,False,39.8109436035156,-86.0455703735352
904069863,2022,2022-07-08,Marion,Indianapolis,S MERIDIAN ST  & E BANTA RD,Vehicle,HEAD ON BETWEEN TWO MOTOR VEHICLES,DISREGARD SIGNAL/REG SIGN,SSI,DAYLIGHT,RAIN,WET,False,39.671630859375,-86.1584854125977
903924596,2021,2021-11-26,Marion,Indianapolis,E New York St  & N Rural St,Pedestrian,RAN OFF ROAD,OTHER (DRIVER) - EXPLAIN IN NARRATIVE,SSI,DAYLIGHT,CLEAR,DRY,False,39.7717552185059,-86.1160354614258
904052557,2022,2022-06-10,Morgan,MARTINSVILLE,E INLET POINT RD  & PLATEAU CIR,Vehicle,RAN OFF ROAD,FAILURE TO MAINTAIN LANE,Fatal,DARK (NOT LIGHTED),CLEAR,DRY,False,39.4062347412109,-86.3519744873047
904044246,2022,2022-05-29,Marion,Indianapolis,RAYMOND ST & EMERSON AVE,Vehicle,HEAD ON BETWEEN TWO MOTOR VEHICLES,DISREGARD SIGNAL/REG SIGN,SSI,DAYLIGHT,CLEAR,DRY,False,39.7381935119629,-86.0824813842773
903950143,2021,2021-12-26,Marion,Lawrence,US36 & POST RD,Vehicle,REAR END,UNSAFE SPEED,SSI,DARK (LIGHTED),CLEAR,DRY,False,39.8445739746094,-86.0101623535156
903999145,2022,2022-03-15,Marion,Indianapolis,WASHINGTON ST & COLLEGE AVE,Vehicle,RIGHT ANGLE,FAILURE TO YIELD RIGHT OF WAY,SSI,DAWN/DUSK,CLEAR,DRY,False,39.7667655944824,-86.1455917358398
904044264,2022,2022-05-29,Marion,Indianapolis,86TH ST & GEORGETOWN RD,Vehicle,RIGHT ANGLE,DISREGARD SIGNAL/REG SIGN,SSI,DARK (LIGHTED),CLEAR,DRY,False,39.9114379882812,-86.2408142089844
903944924,2021,2021-12-27,Johnson,Greenwood,SR135S & MAIN ST,Vehicle,LEFT TURN,OTHER (DRIVER) - EXPLAIN IN NARRATIVE,SSI,DAYLIGHT,CLOUDY,DRY,False,39.613151550293,-86.1583786010742
904069914,2022,2022-07-08,Johnson,Franklin,TURNING LEAF DR,Vehicle,OTHER - EXPLAIN IN NARRATIVE,ACCELERATOR FAILURE OR DEFECTIVE,SSI,DAYLIGHT,CLOUDY,DRY,False,39.5003356933594,-86.0778503417969
903931740,2021,2021-11-26,Marion,Indianapolis,S MERIDIAN ST  & W TROY AVE,Vehicle,RIGHT ANGLE,FAILURE TO YIELD RIGHT OF WAY,Fatal,DARK (LIGHTED),CLEAR,DRY,False,39.7224388122559,-86.1587219238281
904052709,2022,2022-06-10,Marion,Indianapolis,MADISON AVE & EAST STOP 10 RD,Vehicle,LEFT TURN,FAILURE TO YIELD RIGHT OF WAY,SSI,DAYLIGHT,CLOUDY,DRY,False,39.6575508117676,-86.1242904663086
904000641,2022,2022-03-15,Marion,Indianapolis,E BANTA RD  & S EAST ST,Vehicle,REAR END,FOLLOWING TOO CLOSELY,SSI,DAYLIGHT,CLEAR,DRY,False,39.6717491149902,-86.1490936279297
904044332,2022,2022-05-29,Marion,Indianapolis,W 34TH ST  & MARABOU MILLS DR,Vehicle,RAN OFF ROAD,OVERCORRECTING/OVERSTEERING,Fatal,DAYLIGHT,CLOUDY,DRY,False,39.8159561157226,-86.2966461181641
903945048,2021,2021-12-27,Hamilton,Fishers,136 ST & STILES DR,Vehicle,RAN OFF ROAD,DRIVER ASLEEP OR FATIGUED,SSI,DAYLIGHT,CLOUDY,DRY,False,39.9875907897949,-85.8737335205078
904073310,2022,2022-07-08,Marion,Indianapolis,DR MARTIN LUTHER KING JR DR  & W 33RD ST,Pedestrian,RIGHT ANGLE,PEDESTRIAN ACTION,Fatal,DARK (LIGHTED),RAIN,WATER (STANDING OR MOVING),False,39.8136405944824,-86.1755599975586
903924219,2021,2021-11-27,Johnson,Greenwood,N MERIDIAN ST & SUNCREST DR,Vehicle,RAN OFF ROAD,RAN OFF ROAD RIGHT,SSI,DARK (LIGHTED),CLEAR,DRY,False,39.6333122253418,-86.1063842773438
904052761,2022,2022-06-11,Marion,Indianapolis,I-65,Vehicle,RAN OFF ROAD,FAILURE TO MAINTAIN LANE,SSI,DARK (LIGHTED),CLOUDY,WET,True,39.7518196105957,-86.1455917358398
903998748,2022,2022-03-16,Marion,Indianapolis,SHADELAND AVE & PLEASANT RUN PKWY S DR,Vehicle,COLLISION WITH OBJECT IN ROAD,UNSAFE LANE MOVEMENT,SSI,DAYLIGHT,CLEAR,DRY,False,39.7935600280762,-86.0455780029297
903945118,2021,2021-12-27,Hendricks,,CR800E & CREEK RIDGE DR,Vehicle,RAN OFF ROAD,RAN OFF ROAD RIGHT,SSI,DARK (NOT LIGHTED),CLEAR,DRY,False,39.901985168457,-86.3831787109375
904045210,2022,2022-05-29,Hendricks,STILESVILLE,W US HWY 40  & CR 550 W,Vehicle,RAN OFF ROAD,OTHER (DRIVER) - EXPLAIN IN NARRATIVE,Fatal,DARK (NOT LIGHTED),CLEAR,DRY,False,39.6415405273438,-86.6215744018555
904069348,2022,2022-07-10,Morgan,MARTINSVILLE,STATE RD 67,Vehicle,RAN OFF ROAD,OTHER (DRIVER) - EXPLAIN IN NARRATIVE,SSI,DARK (NOT LIGHTED),CLEAR,DRY,False,39.5223083496094,-86.3959274291992
903924643,2021,2021-11-27,Boone,,US Hwy 52  & 300 N,Vehicle,REAR END,FOLLOWING TOO CLOSELY,Fatal,DARK (NOT LIGHTED),CLEAR,DRY,False,40.0813064575195,-86.5114593505859
904052850,2022,2022-06-11,Hamilton,Carmel,ST ANDREWS LN & 116TH ST,Vehicle,REAR END,FOLLOWING TOO CLOSELY,SSI,DAYLIGHT,CLOUDY,WET,False,39.9557800292969,-86.1964416503906
903999377,2022,2022-03-16,Marion,Indianapolis,ST CLAIR ST & DAVIDSON ST,Pedalcycle,RIGHT TURN,FAILURE TO YIELD RIGHT OF WAY,SSI,DAYLIGHT,CLEAR,DRY,False,39.7775955200195,-86.1424331665039
903945637,2021,2021-12-27,Hamilton,Noblesville,SUMMER RD & BROOKS FARM RD,Vehicle,RIGHT ANGLE,FAILURE TO YIELD RIGHT OF WAY,SSI,DAYLIGHT,CLOUDY,DRY,False,40.0179138183594,-85.9568252563477
903924990,2021,2021-11-27,Marion,Speedway,W 25th St  & Georgetown Rd,Vehicle,RAN OFF ROAD,DRIVER ILLNESS,SSI,DAYLIGHT,CLOUDY,DRY,False,39.8020477294922,-86.2398223876953
904052912,2022,2022-06-11,Marion,Indianapolis,21ST ST & KESSLER BLVD N DR,Vehicle,HEAD ON BETWEEN TWO MOTOR VEHICLES,UNSAFE LANE MOVEMENT,SSI,DAYLIGHT,CLEAR,DRY,False,39.7948379516601,-86.2111663818359
904001207,2022,2022-03-16,Hamilton,Noblesville,UNION CHAPEL RD & ELDORADO CIR,Vehicle,OPPOSITE DIRECTION SIDESWIPE,LEFT OF CENTER,SSI,DARK (NOT LIGHTED),CLEAR,DRY,False,40.0232849121094,-85.975959777832
904045445,2022,2022-05-29,Hendricks,COATESVILLE,STATE RD 75  & MASTEN RD,Vehicle,RAN OFF ROAD,OTHER (DRIVER) - EXPLAIN IN NARRATIVE,SSI,DAYLIGHT,CLEAR,DRY,False,39.6760215759277,-86.6687316894531
903925245,2021,2021-11-27,Morgan,,State Rd 44  & Centennial Rd,Vehicle,HEAD ON BETWEEN TWO MOTOR VEHICLES,OTHER (DRIVER) - EXPLAIN IN NARRATIVE,SSI,DAYLIGHT,CLEAR,DRY,False,39.4391136169434,-86.3500289916992
904072446,2022,2022-07-10,Marion,Indianapolis,I-70,Vehicle,RAN OFF ROAD,FAILURE TO MAINTAIN LANE,SSI,DARK (NOT LIGHTED),CLEAR,DRY,True,39.8025131225586,-86.0779418945313
903945722,2021,2021-12-27,Marion,Indianapolis,N KEYSTONE AVE & E 63RD ST,Vehicle,OTHER - EXPLAIN IN NARRATIVE,IMPROPER LANE USAGE,SSI,DARK (LIGHTED),CLOUDY,DRY,False,39.8710403442383,-86.1219863891602
903925935,2021,2021-11-27,Marion,Indianapolis,US40 & MITTHOEFFER RD,Vehicle,RIGHT TURN,UNSAFE SPEED,SSI,DARK (LIGHTED),CLEAR,DRY,False,39.7748870849609,-85.9904327392578
904059166,2022,2022-05-29,Marion,Indianapolis,38TH ST  & N LAYMAN AVE,Vehicle,LEFT TURN,UNSAFE SPEED,Fatal,DAYLIGHT,CLEAR,DRY,False,39.825439453125,-86.0733261108398
904072550,2022,2022-07-10,Marion,Indianapolis,W 56TH ST  & EDEN VILLAGE DR,Pedestrian,REAR END,PEDESTRIAN ACTION,Fatal,DARK (LIGHTED),CLOUDY,DRY,False,39.8532295227051,-86.244010925293
904052932,2022,2022-06-11,Marion,Indianapolis,30TH ST & ARLINGTON AVE,Vehicle,OTHER - EXPLAIN IN NARRATIVE,FAILURE TO YIELD RIGHT OF WAY,SSI,DARK (LIGHTED),CLEAR,DRY,False,39.810962677002,-86.0646591186523
904001625,2022,2022-03-16,Marion,Indianapolis,WALLACE AVE  & E 34TH ST,Vehicle,RIGHT ANGLE,FAILURE TO YIELD RIGHT OF WAY,Fatal,DARK (LIGHTED),CLEAR,DRY,False,39.8182868957519,-86.0889434814453
903946263,2021,2021-12-29,Morgan,MONROVIA,N. BALTIMORE RD  & N. TUTTEROW RD,Vehicle,RAN OFF ROAD,ROADWAY SURFACE CONDITION,SSI,DARK (NOT LIGHTED),RAIN,WET,False,39.5279731750488,-86.4840621948242
903925938,2021,2021-11-27,Marion,Indianapolis,MISSION DR & PINEHOLLOW CT,Pedestrian,COLLISION WITH OBJECT IN ROAD,PEDESTRIAN ACTION,SSI,DARK (NOT LIGHTED),CLEAR,DRY,False,39.8381881713867,-86.2724380493164
904043713,2022,2022-05-30,Johnson,TRAFALGAR,STATE RD 252,Vehicle,SAME DIRECTION SIDESWIPE,IMPROPER PASSING,SSI,DAYLIGHT,CLEAR,DRY,False,39.4015693664551,-86.1922988891602
904074299,2022,2022-07-10,Marion,Indianapolis,E 11TH ST  & N GRANT AVE,Vehicle,RIGHT ANGLE,DISREGARD SIGNAL/REG SIGN,Fatal,DARK (LIGHTED),CLEAR,DRY,False,39.7824211120605,-86.0981903076172
904053340,2022,2022-06-12,Marion,Indianapolis,W 10TH ST  & N ROCHESTER AVE,Pedestrian,OTHER - EXPLAIN IN NARRATIVE,PEDESTRIAN ACTION,SSI,DARK (LIGHTED),CLEAR,DRY,False,39.7804450988769,-86.2210540771484
903999078,2022,2022-03-17,Marion,Indianapolis,MASSACHUSETTS AVE  & N EMERSON AVE,Vehicle,HEAD ON BETWEEN TWO MOTOR VEHICLES,LEFT OF CENTER,Fatal,DAWN/DUSK,CLEAR,DRY,False,39.8107376098633,-86.0842895507813
903946487,2021,2021-12-29,Marion,Indianapolis,US31S & STOP 11 RD,Vehicle,RIGHT ANGLE,DISREGARD SIGNAL/REG SIGN,SSI,DARK (LIGHTED),RAIN,WET,False,39.6499481201172,-86.1369934082031
903925944,2021,2021-11-28,Marion,Indianapolis,S HIGH SCHOOL RD,Vehicle,OTHER - EXPLAIN IN NARRATIVE,UNSAFE SPEED,SSI,DARK (LIGHTED),CLEAR,DRY,False,39.7402267456055,-86.2697372436523
904043780,2022,2022-05-30,Hendricks,Brownsburg,I-74,Vehicle,RAN OFF ROAD,UNSAFE SPEED,SSI,DAYLIGHT,CLEAR,DRY,True,39.8411331176758,-86.3533401489258
904069932,2022,2022-07-11,Johnson,Greenwood,OLIVE BRANCH RD,Vehicle,REAR END,OTHER (DRIVER) - EXPLAIN IN NARRATIVE,Fatal,DAYLIGHT,CLEAR,DRY,False,39.5923843383789,-86.161750793457
904055215,2022,2022-06-12,Marion,Indianapolis,I-465,Vehicle,SAME DIRECTION SIDESWIPE,DRIVER ILLNESS,SSI,DAYLIGHT,CLEAR,DRY,True,39.7582511901855,-86.0290451049805
903999173,2022,2022-03-17,Marion,Indianapolis,EMERSON AVE & EMERSON CT N DR,Vehicle,RIGHT ANGLE,FAILURE TO YIELD RIGHT OF WAY,Fatal,DAYLIGHT,CLEAR,DRY,False,39.8055267333984,-86.0835113525391
903947406,2021,2021-12-30,Hancock,,US HWY 52  & BROOKVILLE RD,Vehicle,RIGHT ANGLE,DISREGARD SIGNAL/REG SIGN,SSI,DAYLIGHT,CLOUDY,WET,False,39.7341079711914,-85.9518356323242