id,year,date,county,city,cross_street,crash_type,manner,primary_factor,ssi_fatal,light,weather,surface,interstate,lat,lon
904053237,2022,2022-06-13,Hendricks,,E MAIN ST  & N CO RD 500 E,Vehicle,HEAD ON BETWEEN TWO MOTOR VEHICLES,FAILURE TO YIELD RIGHT OF WAY,Fatal,DAYLIGHT,CLOUDY,DRY,False,39.7622337341309,-86.4382171630859
904070440,2022,2022-07-11,Marion,Indianapolis,E RAYMOND ST  & S CATHERWOOD AVE,Vehicle,RAN OFF ROAD,UNSAFE SPEED,SSI,DAYLIGHT,CLEAR,DRY,False,39.7389755249023,-86.0622177124023
903927868,2021,2021-11-28,Marion,Indianapolis,EMERSON AVE & LEXINGTON AVE,Vehicle,RAN OFF ROAD,RAN OFF ROAD RIGHT,SSI,DARK (LIGHTED),CLEAR,DRY,False,39.7554779052734,-86.0827484130859
904053540,2022,2022-06-13,Marion,Indianapolis,21ST ST & GIRLS SCHOOL RD,Vehicle,LEFT TURN,FAILURE TO YIELD RIGHT OF WAY,SSI,DAYLIGHT,RAIN,WET,False,39.7938842773437,-86.2886962890625
903999338,2022,2022-03-18,Marion,Indianapolis,TROY AVE  & BRANDENBURG DR,Pedestrian,OTHER - EXPLAIN IN NARRATIVE,PEDESTRIAN ACTION,Fatal,DARK (LIGHTED),CLOUDY,DRY,False,39.7249908447266,-86.0310440063477
904044810,2022,2022-05-30,Johnson,Franklin,N MAIN ST  & WALNUT ST,Vehicle,NON-COLLISION,FAILURE TO YIELD RIGHT OF WAY,SSI,DARK (LIGHTED),CLEAR,DRY,False,39.4903831481934,-86.0597991943359
903949228,2021,2021-12-30,Marion,Speedway,N LYNHURST DR  & W 21ST ST,Vehicle,RAN OFF ROAD,IMPROPER LANE USAGE,SSI,DARK (LIGHTED),CLOUDY,DRY,False,39.7946014404297,-86.2508163452148
904054165,2022,2022-06-13,Morgan,MARTINSVILLE,STATE RD 44  & STATE RD 44,Vehicle,OPPOSITE DIRECTION SIDESWIPE,DISREGARD SIGNAL/REG SIGN,SSI,DAYLIGHT,CLEAR,DRY,False,39.4391326904297,-86.3500442504883
904001075,2022,2022-03-18,Marion,Indianapolis,I-465,Vehicle,REAR END,FOLLOWING TOO CLOSELY,Fatal,DAYLIGHT,RAIN,WET,True,39.7340126037598,-86.0459671020508
904070507,2022,2022-07-11,Hendricks,COATESVILLE,N STATE RD 75  & W CO RD 350 S,Vehicle,OTHER - EXPLAIN IN NARRATIVE,TIRE FAILURE OR DEFECTIVE,SSI,DAYLIGHT,CLEAR,DRY,False,39.7084426879883,-86.6510925292969
904044980,2022,2022-05-30,Marion,Indianapolis,GRANDVIEW DR & FAIRWAY DR,Vehicle,OPPOSITE DIRECTION SIDESWIPE,LEFT OF CENTER,SSI,DAYLIGHT,CLEAR,DRY,False,39.8828468322754,-86.1884460449219
903925844,2021,2021-11-29,Johnson,,S 100 E  & State Rd 252,Vehicle,REAR END,OTHER (DRIVER) - EXPLAIN IN NARRATIVE,SSI,DAYLIGHT,CLEAR,DRY,False,39.4100608825684,-86.0857543945313
903949075,2021,2021-12-31,Hendricks,Avon,US36,Vehicle,LEFT TURN,FAILURE TO YIELD RIGHT OF WAY,SSI,DARK (NOT LIGHTED),CLOUDY,WET,False,39.7612991333008,-86.3890151977539
904054414,2022,2022-06-13,Shelby,SHELBYVILLE,STATE RD 44  & E. MICHIGAN ROAD,Pedestrian,RIGHT ANGLE,PEDESTRIAN ACTION,Fatal,DAYLIGHT,CLOUDY,DRY,False,39.5198822021484,-85.7530059814453
904001240,2022,2022-03-18,Hamilton,Carmel,KEYSTONE PKWY & 99TH ST,Vehicle,RAN OFF ROAD,RAN OFF ROAD RIGHT,Fatal,DARK (LIGHTED),CLOUDY,DRY,False,39.9342346191406,-86.1124420166016
904071436,2022,2022-07-11,Marion,Lawrence,E 56TH ST  & E 56TH ST,Vehicle,RIGHT ANGLE,UNSAFE SPEED,Fatal,DAYLIGHT,CLEAR,DRY,False,39.8550720214844,-86.0217590332031
904052277,2022,2022-05-30,Shelby,NORRISTOWN,E VANDALIA RD  & E VANDALIA RD,Vehicle,RIGHT ANGLE,FAILURE TO YIELD RIGHT OF WAY,Fatal,DAYLIGHT,CLOUDY,DRY,False,39.3653755187988,-85.7649383544922
903926501,2021,2021-11-29,Hancock,Greenfield,Martindale Dr  & Williams Way,Pedestrian,COLLISION WITH OBJECT IN ROAD,PEDESTRIAN ACTION,SSI,DARK (LIGHTED),CLEAR,DRY,False,39.8178901672363,-85.7664794921875
903949534,2021,2021-12-31,Marion,Indianapolis,SHELBY ST  & E RAYMOND ST,Pedestrian,RIGHT ANGLE,PEDESTRIAN ACTION,SSI,DAYLIGHT,CLEAR,DRY,False,39.7375946044922,-86.1398620605469
904054011,2022,2022-06-14,Johnson,Greenwood,US31S & STOP 18 RD,Pedestrian,OTHER - EXPLAIN IN NARRATIVE,PEDESTRIAN ACTION,SSI,DAYLIGHT,CLEAR,DRY,False,39.5963897705078,-86.1039733886719
904002055,2022,2022-03-18,Shelby,SHELBYVILLE,W STATE RD 44  & CR 750 W,Vehicle,HEAD ON BETWEEN TWO MOTOR VEHICLES,IMPROPER PASSING,Fatal,DAYLIGHT,CLEAR,WET,False,39.4952163696289,-85.9365386962891
904070660,2022,2022-07-12,Hendricks,STILESVILLE,US HWY 40  & CR 450 W,Vehicle,RAN OFF ROAD,OTHER (DRIVER) - EXPLAIN IN NARRATIVE,Fatal,DAYLIGHT,CLEAR,DRY,False,39.6469345092773,-86.6016235351563
904044800,2022,2022-05-31,Marion,Cumberland,E WASHINGTON ST  & MUNICIPAL DR,Vehicle,LEFT TURN,FAILURE TO YIELD RIGHT OF WAY,SSI,DARK (LIGHTED),CLEAR,DRY,False,39.7762680053711,-85.9623565673828
903927274,2021,2021-11-29,Marion,Indianapolis,LAFAYETTE RD,Pedestrian,OTHER - EXPLAIN IN NARRATIVE,OTHER (DRIVER) - EXPLAIN IN NARRATIVE,SSI,DAYLIGHT,CLEAR,DRY,False,39.8339118957519,-86.2441253662109
903948552,2022,2022-01-01,Marion,Indianapolis,ARLINGTON AVE & IONA RD,Vehicle,HEAD ON BETWEEN TWO MOTOR VEHICLES,LEFT OF CENTER,SSI,DARK (NOT LIGHTED),RAIN,WET,False,39.7976417541504,-86.0637817382813
904054969,2022,2022-06-15,Hamilton,Carmel,US31N,Vehicle,REAR END,FOLLOWING TOO CLOSELY,SSI,DAYLIGHT,CLEAR,DRY,False,39.9883918762207,-86.1335906982422
903927382,2021,2021-11-29,Boone,Zionsville,I-865,Vehicle,RAN OFF ROAD,UNSAFE LANE MOVEMENT,SSI,DARK (LIGHTED),CLEAR,DRY,True,39.9293174743652,-86.2643127441406
904071014,2022,2022-07-12,Marion,Indianapolis,25TH ST & POST RD,Vehicle,REAR END,FOLLOWING TOO CLOSELY,SSI,DAYLIGHT,CLEAR,DRY,False,39.8040466308594,-86.0094223022461
904044919,2022,2022-05-31,Morgan,MORGANTOWN,STATE RD 135  & CO RD 560 S,Vehicle,RAN OFF ROAD,SPEED TOO FAST FOR WEATHER CONDITIONS,SSI,DAYLIGHT,CLEAR,DRY,False,39.3455581665039,-86.2603302001953
903927417,2021,2021-11-29,Marion,Indianapolis,Crawfordsville Rd,Vehicle,REAR END,FOLLOWING TOO CLOSELY,SSI,DAYLIGHT,CLEAR,DRY,False,39.8009300231934,-86.2745056152344
904002429,2022,2022-03-18,Marion,Indianapolis,E 21ST ST  & YORKSHIRE CT,Pedestrian,COLLISION WITH OBJECT IN ROAD,PEDESTRIAN ACTION,Fatal,DARK (NOT LIGHTED),CLOUDY,DRY,False,39.7967567443848,-86.0030288696289
904071042,2022,2022-07-12,Marion,Indianapolis,KESSLER BOULEVARD EAST DR  & N SHERMAN AVE,Vehicle,OTHER - EXPLAIN IN NARRATIVE,UNSAFE SPEED,SSI,DAYLIGHT,CLEAR,DRY,False,39.8623580932617,-86.103385925293
903949393,2022,2022-01-01,Marion,Indianapolis,MICHIGAN ST & HOLT RD,Pedestrian,COLLISION WITH OBJECT IN ROAD,PEDESTRIAN ACTION,SSI,DARK (NOT LIGHTED),RAIN,WET,False,39.7635688781738,-86.2253265380859
904055052,2022,2022-06-15,Marion,Indianapolis,E 21ST ST  & WALLACE AVE,Vehicle,RIGHT ANGLE,FAILURE TO YIELD RIGHT OF WAY,SSI,DAYLIGHT,CLEAR,DRY,False,39.7961616516113,-86.0896911621094
904071127,2022,2022-07-12,Hamilton,Carmel,W CARMEL DR,Vehicle,RIGHT ANGLE,UNSAFE LANE MOVEMENT,SSI,DAYLIGHT,CLEAR,DRY,False,39.9645767211914,-86.1404113769531
904002660,2022,2022-03-18,Marion,Indianapolis,ROCKVILLE RD  & N SIGSBEE ST,Vehicle,HEAD ON BETWEEN TWO MOTOR VEHICLES,LEFT OF CENTER,Fatal,DAYLIGHT,CLOUDY,DRY,False,39.764533996582,-86.2780685424805
903993131,2022,2022-01-01,Hendricks,Avon,US36E & RACEWAY RD,Vehicle,RIGHT ANGLE,DISREGARD SIGNAL/REG SIGN,Fatal,DARK (LIGHTED),RAIN,WET,False,39.7635536193848,-86.3267822265625
903962181,2021,2021-11-29,Marion,Indianapolis,E STOP 11 RD  & SHELBY ST,Vehicle,RIGHT ANGLE,FAILURE TO YIELD RIGHT OF WAY,SSI,DAYLIGHT,CLOUDY,DRY,False,39.6499176025391,-86.1394653320313
904068101,2022,2022-06-15,Johnson,Greenwood,FAIRVIEW PL,Pedestrian,OTHER - EXPLAIN IN NARRATIVE,DRIVER DISTRACTED - EXPLAIN IN NARRATIVE,Fatal,DARK (LIGHTED),CLEAR,DRY,False,39.6205024719238,-86.1585998535156
904071509,2022,2022-07-12,Marion,Indianapolis,W 59TH ST  & GEORGETOWN RD,Vehicle,OTHER - EXPLAIN IN NARRATIVE,DRIVER ILLNESS,Fatal,DAYLIGHT,CLEAR,DRY,False,39.8605766296387,-86.2412948608398
904044992,2022,2022-05-31,Marion,Indianapolis,56TH ST & ROSEWOOD COMMONS DR,Vehicle,REAR END,FOLLOWING TOO CLOSELY,SSI,DAYLIGHT,CLEAR,DRY,False,39.8531990051269,-86.2368469238281
904006823,2022,2022-03-18,Marion,Indianapolis,TROY AVE  & TROY AVE,Pedestrian,RAN OFF ROAD,FAILURE TO MAINTAIN LANE,Fatal,DAYLIGHT,CLOUDY,DRY,False,39.7247695922851,-86.0433044433594
903951401,2022,2022-01-02,Marion,Indianapolis,I-465,Vehicle,REAR END,FAILURE TO MAINTAIN LANE,SSI,DARK (LIGHTED),CLEAR,DRY,True,39.8548049926758,-86.2762145996094
903927048,2021,2021-11-30,Johnson,Greenwood,SHEEK RD & EMERALD LAKES DR,Vehicle,LEFT TURN,FAILURE TO YIELD RIGHT OF WAY,Fatal,DARK (LIGHTED),CLEAR,DRY,False,39.6095008850098,-86.0761871337891
904055652,2022,2022-06-16,Marion,Speedway,W 22ND ST  & N LYNHURST DR,Vehicle,LEFT TURN,FAILURE TO YIELD RIGHT OF WAY,SSI,DARK (LIGHTED),CLEAR,DRY,False,39.796558380127,-86.2509155273438
904073382,2022,2022-07-12,Hancock,Greenfield,E MAIN ST  & APPLE ST,Pedalcycle,RIGHT ANGLE,FAILURE TO YIELD RIGHT OF WAY,SSI,DAYLIGHT,CLEAR,DRY,False,39.7858695983887,-85.7554779052734
904046609,2022,2022-05-31,Marion,Indianapolis,W SOUTHPORT RD  & LAKE RD,Pedestrian,RIGHT ANGLE,PEDESTRIAN ACTION,SSI,DARK (NOT LIGHTED),CLEAR,DRY,False,39.6632461547851,-86.2259368896484
904005624,2022,2022-03-19,Marion,Indianapolis,70,Vehicle,RAN OFF ROAD,UNSAFE LANE MOVEMENT,Fatal,DARK (LIGHTED),CLEAR,DRY,False,39.7176666259766,-86.2576217651367
903949285,2022,2022-01-03,Hancock,,W 350 N,Vehicle,OTHER - EXPLAIN IN NARRATIVE,DRIVER DISTRACTED - EXPLAIN IN NARRATIVE,SSI,DARK (LIGHTED),CLOUDY,DRY,False,39.8336181640625,-85.9302139282226
903929958,2021,2021-11-30,Shelby,SHELBYVILLE,N Riley Hwy  & W Rampart Rd,Vehicle,LEFT/RIGHT TURN,DRIVER DISTRACTED - EXPLAIN IN NARRATIVE,SSI,DARK (LIGHTED),CLEAR,DRY,False,39.5483551025391,-85.7763595581055
904055919,2022,2022-06-16,Hancock,WILKINSON,E STATE RD 234,Vehicle,OPPOSITE DIRECTION SIDESWIPE,LEFT OF CENTER,SSI,DAYLIGHT,CLEAR,DRY,False,39.9017944335938,-85.6853103637695
904003444,2022,2022-03-21,Marion,Indianapolis,I-465,Vehicle,SAME DIRECTION SIDESWIPE,DRIVER ILLNESS,SSI,DAYLIGHT,CLEAR,DRY,True,39.8466987609863,-86.2761840820313
904078948,2022,2022-07-12,Marion,Indianapolis,US HWY 31  & E STOP 12 RD,Vehicle,LEFT TURN,FAILURE TO YIELD RIGHT OF WAY,SSI,DARK (LIGHTED),CLEAR,DRY,False,39.6428642272949,-86.1320266723633
904005452,2022,2022-03-21,Marion,Indianapolis,W 64TH ST  & MICHIGAN RD,Vehicle,LEFT TURN,UNSAFE SPEED,Fatal,DARK (LIGHTED),CLEAR,DRY,False,39.871509552002,-86.2033996582031
903951915,2022,2022-01-03,Hancock,,E US 40  & CR 800 EAST,Vehicle,RAN OFF ROAD,OVERCORRECTING/OVERSTEERING,SSI,DAYLIGHT,CLEAR,DRY,False,39.7900390625,-85.6515045166016
903927931,2021,2021-12-01,Hendricks,Brownsburg,N Green St.,Vehicle,OTHER - EXPLAIN IN NARRATIVE,DRIVER ILLNESS,Fatal,DAYLIGHT,CLOUDY,WET,False,39.8548622131348,-86.3908157348633
904057088,2022,2022-06-16,Marion,Indianapolis,MENDENHALL RD  & W MILLS RD,Vehicle,RIGHT ANGLE,FAILURE TO YIELD RIGHT OF WAY,Fatal,DAYLIGHT,CLEAR,DRY,False,39.6693229675293,-86.2883453369141
904071023,2022,2022-07-13,Marion,Indianapolis,SHADELAND AVE,Vehicle,SAME DIRECTION SIDESWIPE,DRIVER ILLNESS,SSI,DARK (LIGHTED),CLEAR,DRY,False,39.821662902832,-86.0455932617188
903952405,2022,2022-01-03,Marion,Indianapolis,KESSLER BOULEVARD WEST DR  & KNOLLTON RD,Vehicle,RAN OFF ROAD,IMPROPER LANE USAGE,SSI,DARK (LIGHTED),CLOUDY,DRY,False,39.8547286987305,-86.19775390625
904002042,2022,2022-03-23,Shelby,SHELBYVILLE,N MICHIGAN RD,Vehicle,RAN OFF ROAD,FAILURE TO MAINTAIN LANE,SSI,DARK (LIGHTED),RAIN,WET,False,39.5874786376953,-85.8258438110352
904045056,2022,2022-06-01,Marion,Indianapolis,PROSPECT ST & LICHTENBURG RD,Vehicle,COLLISION WITH DEER,ANIMAL/OBJECT IN ROADWAY,SSI,DARK (NOT LIGHTED),CLEAR,DRY,False,39.7547988891601,-85.9994888305664
904002645,2022,2022-03-23,Hancock,,800 WEST  & STINEMEYER RD,Vehicle,RAN OFF ROAD,UNSAFE LANE MOVEMENT,SSI,DAYLIGHT,CLOUDY,WET,False,39.7167129516601,-85.9515151977539
903956524,2022,2022-01-03,Marion,Indianapolis,I- 465 W/B NEAR 2.7MM,Vehicle,REAR END,FOLLOWING TOO CLOSELY,SSI,DAYLIGHT,CLEAR,DRY,True,39.7011413574219,-86.1577835083008
903930041,2021,2021-12-02,Morgan,MARTINSVILLE,Blue Bluff  & Maple Turn,Vehicle,HEAD ON BETWEEN TWO MOTOR VEHICLES,LEFT OF CENTER,SSI,DAYLIGHT,CLEAR,DRY,False,39.4851875305176,-86.4173049926758
904060328,2022,2022-06-16,Marion,Indianapolis,I-65,Vehicle,RAN OFF ROAD,UNSAFE SPEED,SSI,DAYLIGHT,CLEAR,DRY,True,39.6420059204101,-86.0741195678711
904045231,2022,2022-06-01,Hamilton,Carmel,136TH ST & KEYSTONE PKWY,Vehicle,RAN OFF ROAD,OTHER (DRIVER) - EXPLAIN IN NARRATIVE,Fatal,DAYLIGHT,CLEAR,DRY,False,39.9858818054199,-86.1143112182617
904071630,2022,2022-07-13,Marion,Indianapolis,56TH ST & GEORGETOWN RD,Vehicle,RIGHT ANGLE,FAILURE TO YIELD RIGHT OF WAY,SSI,DAYLIGHT,CLEAR,DRY,False,39.853157043457,-86.2420654296875
904005722,2022,2022-03-23,Marion,Indianapolis,65,Vehicle,RAN OFF ROAD,UNSAFE LANE MOVEMENT,SSI,DARK (NOT LIGHTED),CLEAR,DRY,False,39.7221527099609,-86.1325073242188
903953306,2022,2022-01-04,Marion,Indianapolis,86TH ST & MERCER RD,Vehicle,RIGHT ANGLE,FAILURE TO YIELD RIGHT OF WAY,SSI,DAYLIGHT,CLEAR,DRY,False,39.9115371704102,-86.2177886962891
903930093,2021,2021-12-02,Marion,Indianapolis,WALNUT ST & WALLACE AVE,Vehicle,SAME DIRECTION SIDESWIPE,RAN OFF ROAD RIGHT,SSI,DAWN/DUSK,CLOUDY,DRY,False,39.7766571044922,-86.0887832641602
904045422,2022,2022-06-01,Marion,Indianapolis,SOUTHERN AVE,Vehicle,OTHER - EXPLAIN IN NARRATIVE,OVERCORRECTING/OVERSTEERING,SSI,DAYLIGHT,CLEAR,DRY,False,39.7315216064453,-86.0749588012695
904066193,2022,2022-06-16,Marion,Indianapolis,E 30TH ST  & N ARLINGTON AVE,Vehicle,LEFT TURN,FAILURE TO YIELD RIGHT OF WAY,Fatal,DAYLIGHT,CLEAR,DRY,False,39.8109588623047,-86.0646667480469
904074979,2022,2022-07-13,Hamilton,Noblesville,SR38 & LITTLE CHICAGO RD,Vehicle,LEFT/RIGHT TURN,OTHER (DRIVER) - EXPLAIN IN NARRATIVE,SSI,DAYLIGHT,CLEAR,DRY,False,40.0698585510254,-86.0713500976563
904002932,2022,2022-03-24,Marion,Indianapolis,DR MARTIN LUTHER KING JR ST  & CRESCENT AVE,Vehicle,REAR END,FOLLOWING TOO CLOSELY,Fatal,DAYLIGHT,CLOUDY,DRY,False,39.8202095031738,-86.1786346435547
903954787,2022,2022-01-04,Johnson,,I-65,Vehicle,REAR END,ENGINE FAILURE OR DEFECTIVE,Fatal,DAYLIGHT,CLEAR,DRY,True,39.4537506103516,-85.99755859375
903931247,2021,2021-12-02,Marion,Indianapolis,Kessler Boulevard West Dr  & Kesslerwood Ct,Pedestrian,NON-COLLISION,PEDESTRIAN ACTION,SSI,DARK (NOT LIGHTED),CLEAR,DRY,False,39.8564567565918,-86.1895980834961
903952259,2022,2022-01-05,Marion,Lawrence,E 63RD ST & FINCH DR,Vehicle,RAN OFF ROAD,UNSAFE SPEED,Fatal,DARK (NOT LIGHTED),CLEAR,DRY,False,39.8739128112793,-85.9876861572265
904045507,2022,2022-06-01,Marion,Indianapolis,KESSLER BLVD W DR & MICHIGAN RD,Vehicle,LEFT TURN,FAILURE TO YIELD RIGHT OF WAY,SSI,DAYLIGHT,CLEAR,DRY,False,39.8553276062012,-86.1954574584961
903953115,2022,2022-01-05,Boone,,SR32W & 500 W RDS,Vehicle,HEAD ON BETWEEN TWO MOTOR VEHICLES,LEFT OF CENTER,SSI,DARK (NOT LIGHTED),CLEAR,DRY,False,40.054069519043,-86.5639419555664
904055968,2022,2022-06-17,Boone,JAMESTOWN(BOONE),MIDDLE JAMESTOWN RD,Vehicle,OPPOSITE DIRECTION SIDESWIPE,LEFT OF CENTER,SSI,DAYLIGHT,CLOUDY,DRY,False,39.9403800964355,-86.5939025878906
904003649,2022,2022-03-25,Boone,Lebanon,S 100 E,Vehicle,RIGHT ANGLE,FAILURE TO YIELD RIGHT OF WAY,SSI,DAYLIGHT,CLOUDY,WET,False,40.0282669067383,-86.4508514404297
903943558,2021,2021-12-02,Shelby,SHELBYVILLE,E 1100 S  & E 1100 S,Vehicle,RIGHT ANGLE,FAILURE TO YIELD RIGHT OF WAY,SSI,DAYLIGHT,CLEAR,DRY,False,39.3653869628906,-85.7649230957031
904047155,2022,2022-06-01,Marion,Indianapolis,465,Vehicle,REAR END,UNSAFE SPEED,SSI,DAYLIGHT,CLEAR,DRY,False,39.9246597290039,-86.123908996582
904004820,2022,2022-03-25,Marion,Indianapolis,MASSACHUSETTS AVE & RURAL ST,Vehicle,RIGHT ANGLE,FAILURE TO YIELD RIGHT OF WAY,SSI,DAYLIGHT,RAIN,WET,False,39.7939414978027,-86.1166076660156
903956896,2022,2022-01-05,Marion,Indianapolis,E 75TH ST  & SHADELAND STATION WAY,Pedestrian,NON-COLLISION,PEDESTRIAN ACTION,Fatal,DARK (LIGHTED),CLOUDY,DRY,False,39.8906860351562,-86.0405502319336
904057086,2022,2022-06-17,Marion,Indianapolis,S HARDING ST   & I-70W,Vehicle,RIGHT ANGLE,FAILURE TO YIELD RIGHT OF WAY,SSI,DAYLIGHT,CLEAR,DRY,False,39.7549629211426,-86.1875915527344
904075441,2022,2022-07-13,Marion,Indianapolis,E WASHINGTON ST  & N OXFORD ST,Vehicle,NON-COLLISION,OTHER (DRIVER) - EXPLAIN IN NARRATIVE,SSI,DARK (NOT LIGHTED),CLEAR,DRY,False,39.768497467041,-86.1145401000976
903957204,2022,2022-01-05,Shelby,SHELBYVILLE,74 & N 600 W,Vehicle,COLLISION WITH OBJECT IN ROAD,ANIMAL/OBJECT IN ROADWAY,Fatal,DARK (NOT LIGHTED),CLEAR,DRY,False,39.6356163024902,-85.89794921875
904057961,2022,2022-06-17,Hendricks,Brownsburg,E 56TH ST,Vehicle,RAN OFF ROAD,UNDER STEERING/UNDER CORRECTING,Fatal,DAWN/DUSK,CLEAR,DRY,False,39.8506393432617,-86.3766174316406
903929028,2021,2021-12-03,Johnson,Franklin,N Morton St  & Acorn Blvd,Vehicle,HEAD ON BETWEEN TWO MOTOR VEHICLES,FAILURE TO YIELD RIGHT OF WAY,SSI,DAYLIGHT,CLEAR,DRY,False,39.500617980957,-86.0679702758789
904009374,2022,2022-03-25,Hamilton,Noblesville,I69,Vehicle,RAN OFF ROAD,RAN OFF ROAD RIGHT,SSI,DARK (NOT LIGHTED),CLOUDY,DRY,True,39.9901351928711,-85.9273071289063
904071948,2022,2022-07-14,Hamilton,,PENDLETON AVE  & PENDLETON AVE,Vehicle,RIGHT ANGLE,FAILURE TO YIELD RIGHT OF WAY,SSI,DAYLIGHT,CLEAR,DRY,False,40.026424407959,-85.8814086914063
904047517,2022,2022-06-01,Shelby,ST. PAUL(SHELBY),N CONGER ST  & W NORTH ST,Pedalcycle,RIGHT ANGLE,DISREGARD SIGNAL/REG SIGN,SSI,DAYLIGHT,CLEAR,DRY,False,39.4317283630371,-85.6320877075195
903953693,2022,2022-01-06,Boone,Zionsville,W BASE LINE RD,Vehicle,RAN OFF ROAD,DRIVER ILLNESS,SSI,DARK (NOT LIGHTED),CLEAR,DRY,False,40.041072845459,-86.2758636474609
904058641,2022,2022-06-17,Marion,Indianapolis,I-465,Vehicle,REAR END,FOLLOWING TOO CLOSELY,Fatal,DARK (NOT LIGHTED),CLEAR,DRY,True,39.7288970947266,-86.0459213256836
903929199,2021,2021-12-03,Hendricks,Plainfield,E Main St  & Quaker Blvd,Vehicle,RIGHT ANGLE,FAILURE TO YIELD RIGHT OF WAY,SSI,DAYLIGHT,CLEAR,DRY,False,39.7110328674316,-86.3747940063476
904010664,2022,2022-03-25,Marion,Indianapolis,I- 465,Vehicle,REAR END,UNSAFE SPEED,SSI,DAYLIGHT,RAIN,WET,True,39.9148902893066,-86.0901641845703
904072091,2022,2022-07-14,Shelby,SHELBYVILLE,W BROADWAY ST  & UNION ST,Vehicle,RAN OFF ROAD,DRIVER ILLNESS,SSI,DAYLIGHT,CLEAR,DRY,False,39.5229454040527,-85.7784957885742
904047856,2022,2022-06-01,Morgan,Mooresville,STATE RD 67  & OLD STATE RD 67,Vehicle,RAN OFF ROAD,UNSAFE SPEED,SSI,DARK (NOT LIGHTED),CLEAR,DRY,False,39.5759773254394,-86.3759155273438
903953886,2022,2022-01-07,Marion,Indianapolis,KESSLER BLVD W DR & CROWSNEST DR,Vehicle,HEAD ON BETWEEN TWO MOTOR VEHICLES,IMPROPER LANE USAGE,SSI,DARK (LIGHTED),CLEAR,DRY,False,39.8622131347656,-86.170166015625
904056752,2022,2022-06-18,Hancock,,PENDLETON PIKE  & N 400W,Vehicle,OTHER - EXPLAIN IN NARRATIVE,ANIMAL/OBJECT IN ROADWAY,SSI,DARK (NOT LIGHTED),CLEAR,DRY,False,39.9164848327637,-85.8811645507812
904013413,2022,2022-03-25,Shelby,MARIETTA,S 500 W  & W 600 S,Vehicle,RAN OFF ROAD,OTHER (DRIVER) - EXPLAIN IN NARRATIVE,SSI,DARK (NOT LIGHTED),CLEAR,WET,False,39.4377021789551,-85.8743362426758
904072330,2022,2022-07-14,Marion,Indianapolis,MARIANNE AVE & 21ST ST,Pedestrian,COLLISION WITH OBJECT IN ROAD,PEDESTRIAN ACTION,SSI,DARK (LIGHTED),CLEAR,DRY,False,39.7964324951172,-86.0401382446289
903955756,2022,2022-01-07,Marion,Indianapolis,TROY AVE & RANDOLPH ST,Vehicle,LEFT TURN,UNSAFE SPEED,SSI,DARK (LIGHTED),CLEAR,DRY,False,39.7229423522949,-86.12548828125
904046465,2022,2022-06-02,Marion,Indianapolis,BROOKVILLE RD & I465 HWY,Vehicle,REAR END,FOLLOWING TOO CLOSELY,SSI,DAYLIGHT,CLEAR,DRY,True,39.7514572143555,-86.0332412719727
903930227,2021,2021-12-03,Marion,Indianapolis,RALSTON RD & MANN RD,Vehicle,OTHER - EXPLAIN IN NARRATIVE,OTHER (ENVIRONMENTAL) - EXPLAIN IN NARR,SSI,DAYLIGHT,CLEAR,DRY,False,39.6406402587891,-86.2615356445313
904004562,2022,2022-03-26,Marion,Indianapolis,STOP 11 RD,Vehicle,RAN OFF ROAD,RAN OFF ROAD RIGHT,SSI,DAYLIGHT,CLOUDY,DRY,False,39.6493759155273,-86.0946426391602
904072601,2022,2022-07-14,Boone,JAMESTOWN(BOONE),6833 W 700 S,Vehicle,HEAD ON BETWEEN TWO MOTOR VEHICLES,UNSAFE SPEED,SSI,DAWN/DUSK,CLEAR,DRY,False,39.9362449645996,-86.605598449707
904057392,2022,2022-06-18,Marion,Indianapolis,COUNTRY CLUB RD & RODNEY DR,Vehicle,OPPOSITE DIRECTION SIDESWIPE,IMPROPER LANE USAGE,SSI,DARK (NOT LIGHTED),CLEAR,DRY,False,39.7983360290527,-86.3077926635742
904072600,2022,2022-07-15,Hancock,,400W,Vehicle,HEAD ON BETWEEN TWO MOTOR VEHICLES,LEFT OF CENTER,SSI,DAYLIGHT,CLOUDY,DRY,False,39.8621292114258,-85.878677368164
903954659,2022,2022-01-08,Hancock,,CR300S & JACOBI RD,Vehicle,RAN OFF ROAD,RAN OFF ROAD RIGHT,SSI,DARK (NOT LIGHTED),SLEET/HAIL/FREEZING RAIN,ICE,False,39.7423706054688,-85.8672790527344
904046479,2022,2022-06-02,Marion,Indianapolis,BELMONT AVE & MINNESOTA ST,Vehicle,COLLISION WITH OBJECT IN ROAD,ROADWAY SURFACE CONDITION,SSI,DARK (LIGHTED),CLEAR,DRY,False,39.743709564209,-86.1966552734375
903930381,2021,2021-12-03,Hancock,,I-70,Vehicle,REAR END,OTHER (DRIVER) - EXPLAIN IN NARRATIVE,SSI,DARK (NOT LIGHTED),CLEAR,DRY,True,39.8257942199707,-85.6330947875977
904005457,2022,2022-03-26,Hendricks,Plainfield,STATE RD 267,Vehicle,RIGHT ANGLE,DISREGARD SIGNAL/REG SIGN,Fatal,DAYLIGHT,CLOUDY,WET,False,39.6669616699219,-86.3706283569336