id,year,date,county,city,cross_street,crash_type,manner,primary_factor,ssi_fatal,light,weather,surface,interstate,lat,lon
904059408,2022,2022-06-18,Johnson,Greenwood,SR135S & OLIVE BRANCH RD,Vehicle,RIGHT ANGLE,FAILURE TO YIELD RIGHT OF WAY,SSI,DAYLIGHT,CLEAR,DRY,False,39.5924682617187,-86.1590728759766
904072663,2022,2022-07-15,Hamilton,Fishers,I-69,Vehicle,REAR END,OTHER (VEHICLE) - EXPLAIN IN NARRATIVE,SSI,DAYLIGHT,RAIN,WET,True,39.9300498962402,-86.0276718139649
903954727,2022,2022-01-08,Johnson,,GRIFFITH RD  & E MAIN ST,Vehicle,RAN OFF ROAD,ROADWAY SURFACE CONDITION,SSI,DARK (NOT LIGHTED),SLEET/HAIL/FREEZING RAIN,ICE,False,39.615062713623,-86.0399703979492
904046620,2022,2022-06-02,Hamilton,Carmel,CARMEL DR & CITY CENTER DR,Vehicle,SAME DIRECTION SIDESWIPE,FAILURE TO YIELD RIGHT OF WAY,SSI,DAYLIGHT,CLEAR,DRY,False,39.9658088684082,-86.1439743041992
903930440,2021,2021-12-03,Marion,Indianapolis,E EDGEWOOD AVE,Vehicle,RAN OFF ROAD,RAN OFF ROAD RIGHT,SSI,DARK (NOT LIGHTED),CLEAR,DRY,False,39.6806716918945,-86.0667495727539
904010050,2022,2022-03-27,Hancock,Greenfield,N STATE ST (SR9)  & MCCLARNON DR,Vehicle,RIGHT ANGLE,DISREGARD SIGNAL/REG SIGN,Fatal,DAYLIGHT,CLEAR,DRY,False,39.8067665100098,-85.7697372436523
904060413,2022,2022-06-18,Marion,Indianapolis,I-465,Vehicle,RAN OFF ROAD,OTHER (DRIVER) - EXPLAIN IN NARRATIVE,SSI,DAYLIGHT,CLEAR,DRY,True,39.8636627197265,-86.0460815429688
904073285,2022,2022-07-15,Marion,Indianapolis,GEORGETOWN RD & CENTURY PLAZA RD,Vehicle,RIGHT ANGLE,DISREGARD SIGNAL/REG SIGN,SSI,DAYLIGHT,CLOUDY,DRY,False,39.8349456787109,-86.2433929443359
903955768,2022,2022-01-08,Marion,Indianapolis,82ND ST & SARGENT RD,Vehicle,RAN OFF ROAD,RAN OFF ROAD RIGHT,SSI,DARK (NOT LIGHTED),CLEAR,DRY,False,39.9035606384277,-86.0114822387695
904048561,2022,2022-06-02,Hendricks,Plainfield,OLD NATIONAL RD  & EDDY WAY,Vehicle,SAME DIRECTION SIDESWIPE,UNSAFE LANE MOVEMENT,SSI,DAYLIGHT,CLOUDY,WET,False,39.693904876709,-86.428581237793
903930923,2021,2021-12-03,Hendricks,Brownsburg,S Green St  & Airport Rd,Vehicle,OPPOSITE DIRECTION SIDESWIPE,LEFT OF CENTER,SSI,DAYLIGHT,CLEAR,DRY,False,39.8223457336426,-86.4010391235352
904005542,2022,2022-03-28,Marion,Indianapolis,WATERFRONT DR  & TOWPATH LN,Vehicle,COLLISION WITH OBJECT IN ROAD,HOLES/RUTS IN SURFACE,SSI,DAYLIGHT,CLEAR,DRY,False,39.808536529541,-86.2920608520508
904058146,2022,2022-06-19,Marion,Indianapolis,30TH ST & ILLINOIS ST,Vehicle,RIGHT ANGLE,DISREGARD SIGNAL/REG SIGN,SSI,DAYLIGHT,CLEAR,DRY,False,39.8099365234375,-86.1590042114258
903956057,2022,2022-01-08,Marion,Indianapolis,STONEROOT PL & ARLINGTON AVE,Vehicle,RAN OFF ROAD,RAN OFF ROAD RIGHT,SSI,DARK (NOT LIGHTED),SLEET/HAIL/FREEZING RAIN,WET,False,39.7260055541992,-86.0636138916016
903931257,2021,2021-12-03,Marion,Indianapolis,N SHERMAN DR  & BUNKER HILL DR,Pedestrian,NON-COLLISION,PEDESTRIAN ACTION,Fatal,DARK (NOT LIGHTED),CLEAR,DRY,False,39.8322257995605,-86.1028137207031
904005547,2022,2022-03-28,Marion,Indianapolis,10TH ST & BOLTON ST,Vehicle,RIGHT ANGLE,FAILURE TO YIELD RIGHT OF WAY,SSI,DARK (LIGHTED),CLEAR,DRY,False,39.781608581543,-86.0670700073242
903956063,2022,2022-01-08,Marion,Indianapolis,SOUTH POST RD & TROY AVE,Vehicle,RAN OFF ROAD,SPEED TOO FAST FOR WEATHER CONDITIONS,Fatal,DARK (NOT LIGHTED),SLEET/HAIL/FREEZING RAIN,ICE,False,39.7255935668945,-86.0085678100586
904073738,2022,2022-07-15,Morgan,MARTINSVILLE,EGBERT,Vehicle,LEFT TURN,FAILURE TO YIELD RIGHT OF WAY,SSI,DAYLIGHT,CLEAR,DRY,False,39.4211196899414,-86.35009765625
904046889,2022,2022-06-03,Hancock,Cumberland,W US HWY 40  & E WASHINGTON ST,Vehicle,REAR END,FOLLOWING TOO CLOSELY,SSI,DAYLIGHT,CLEAR,DRY,False,39.7767066955566,-85.9520034790039
904063085,2022,2022-06-19,Shelby,SHELBYVILLE,E VANDALIA RD,Vehicle,RAN OFF ROAD,OTHER (DRIVER) - EXPLAIN IN NARRATIVE,SSI,DAYLIGHT,CLEAR,DRY,False,39.3762397766113,-85.6527633666992
904047180,2022,2022-06-03,Marion,Indianapolis,I-65,Pedestrian,OTHER - EXPLAIN IN NARRATIVE,OTHER (VEHICLE) - EXPLAIN IN NARRATIVE,SSI,DARK (NOT LIGHTED),CLEAR,DRY,True,39.8840217590332,-86.2970123291016
903932423,2021,2021-12-03,Hendricks,Plainfield,SHADY LN  & WALMART,Vehicle,LEFT TURN,FAILURE TO YIELD RIGHT OF WAY,SSI,DARK (LIGHTED),CLEAR,DRY,False,39.7121772766113,-86.366081237793
904073930,2022,2022-07-16,Marion,Indianapolis,KESSLER BLVD E DR & ALLISONVILLE RD,Vehicle,REAR END,FOLLOWING TOO CLOSELY,SSI,DAYLIGHT,CLEAR,DRY,False,39.8647575378418,-86.0989303588867
903956064,2022,2022-01-08,Marion,Indianapolis,RAYMOND ST & SHERMAN DR,Vehicle,HEAD ON BETWEEN TWO MOTOR VEHICLES,SPEED TOO FAST FOR WEATHER CONDITIONS,SSI,DARK (LIGHTED),SLEET/HAIL/FREEZING RAIN,ICE,False,39.7378921508789,-86.103157043457
904005554,2022,2022-03-28,Hamilton,SHERIDAN(HAMILTON),SIX POINTS RD  & W 236TH ST,Vehicle,RIGHT ANGLE,FAILURE TO YIELD RIGHT OF WAY,Fatal,DAWN/DUSK,CLEAR,DRY,False,40.1305122375488,-86.1754608154297
904069569,2022,2022-06-19,Marion,Indianapolis,I-70,Vehicle,NON-COLLISION,UNSAFE SPEED,SSI,DARK (LIGHTED),CLEAR,DRY,True,39.7559623718262,-86.1907577514648
904047705,2022,2022-06-03,Hancock,,I-70,Vehicle,REAR END,FOLLOWING TOO CLOSELY,Fatal,DAWN/DUSK,CLEAR,DRY,True,39.8197174072266,-85.8867721557617
903931264,2021,2021-12-04,Marion,Indianapolis,E 25th St  & Manlove Ave,Pedestrian,NON-COLLISION,PEDESTRIAN ACTION,SSI,DARK (NOT LIGHTED),CLEAR,DRY,False,39.8034210205078,-86.1265182495117
904073971,2022,2022-07-16,Marion,Indianapolis,EAST ST & HANNA AVE,Vehicle,REAR END,BRAKE FAILURE OR DEFECTIVE,SSI,DAYLIGHT,CLEAR,DRY,False,39.707649230957,-86.1490173339844
903958404,2022,2022-01-08,Marion,Lawrence,N SHADELAND WAY,Vehicle,REAR END,SPEED TOO FAST FOR WEATHER CONDITIONS,SSI,DARK (LIGHTED),RAIN,ICE,False,39.8524322509766,-86.0464324951172
904005721,2022,2022-03-28,Marion,Indianapolis,MASSACHUSETTS AVE  & N HAWTHORNE LN,Vehicle,RIGHT ANGLE,FAILURE TO YIELD RIGHT OF WAY,Fatal,DAYLIGHT,CLEAR,DRY,False,39.8132095336914,-86.0785980224609
904058156,2022,2022-06-20,Marion,Indianapolis,MITTHOEFER RD & CONVEYOR DR,Vehicle,LEFT TURN,LEFT OF CENTER,SSI,DAWN/DUSK,CLEAR,DRY,False,39.8143081665039,-85.9908828735352
904048034,2022,2022-06-03,Marion,Indianapolis,MERIDIAN SCHOOL RD & MERIDIAN ST,Vehicle,RAN OFF ROAD,RAN OFF ROAD RIGHT,SSI,DAYLIGHT,CLEAR,DRY,False,39.6496620178223,-86.1595458984375
903931270,2021,2021-12-04,Marion,Indianapolis,E 30th St  & N Arlington Ave,Vehicle,RIGHT ANGLE,DISREGARD SIGNAL/REG SIGN,SSI,DAYLIGHT,CLOUDY,DRY,False,39.8109245300293,-86.0647430419922
904073976,2022,2022-07-16,Marion,Indianapolis,MADISON AVE & EAST ST,Vehicle,RIGHT ANGLE,UNSAFE LANE MOVEMENT,SSI,DARK (LIGHTED),CLOUDY,DRY,False,39.7177009582519,-86.1476287841797
903955290,2022,2022-01-09,Hamilton,Fishers,I-69,Vehicle,COLLISION WITH OBJECT IN ROAD,OTHER (DRIVER) - EXPLAIN IN NARRATIVE,SSI,DARK (NOT LIGHTED),CLEAR,DRY,True,39.9872856140137,-85.9353103637695
904006209,2022,2022-03-28,Hancock,,70,Vehicle,REAR END,DRIVER DISTRACTED - EXPLAIN IN NARRATIVE,SSI,DAYLIGHT,CLEAR,DRY,False,39.8194580078125,-85.8850860595703
904058160,2022,2022-06-20,Marion,Indianapolis,GARFIELD DR & RAYMOND ST,Pedalcycle,OTHER - EXPLAIN IN NARRATIVE,UNSAFE SPEED,SSI,DAYLIGHT,CLEAR,DRY,False,39.7372741699219,-86.1445617675781
903935846,2021,2021-12-04,Marion,Indianapolis,BROOKSIDE PKWY N DR  & N RURAL ST,Vehicle,HEAD ON BETWEEN TWO MOTOR VEHICLES,UNSAFE LANE MOVEMENT,SSI,DARK (NOT LIGHTED),CLOUDY,DRY,False,39.7873001098633,-86.1165313720703
903956044,2022,2022-01-10,Johnson,,W 900 N  & W 900 N,Vehicle,REAR END,OTHER (DRIVER) - EXPLAIN IN NARRATIVE,Fatal,DAYLIGHT,CLEAR,DRY,False,39.6045608520508,-86.2254180908203
904023902,2022,2022-03-28,Boone,JAMESTOWN(BOONE),1112 SOUTH 1200 WEST,Vehicle,NON-COLLISION,OVERCORRECTING/OVERSTEERING,SSI,DAYLIGHT,CLEAR,LOOSE MATERIAL ON ROAD,False,40.0285682678223,-86.6955337524414
903930516,2021,2021-12-05,Marion,Indianapolis,I-65,Vehicle,REAR END,SPEED TOO FAST FOR WEATHER CONDITIONS,SSI,DARK (LIGHTED),RAIN,WET,True,39.8647003173828,-86.2752227783203
904048089,2022,2022-06-03,Marion,Indianapolis,FALL CREEK RD & RUCKER RD,Vehicle,LEFT TURN,FAILURE TO YIELD RIGHT OF WAY,SSI,DAYLIGHT,CLEAR,DRY,False,39.8635063171387,-86.0793304443359
904071475,2022,2022-06-20,Marion,Speedway,N HIGH SCHOOL RD  & HOLLISTER DR,Vehicle,SAME DIRECTION SIDESWIPE,UNSAFE LANE MOVEMENT,SSI,DARK (LIGHTED),CLEAR,DRY,False,39.8066482543945,-86.2699890136719
904073979,2022,2022-07-16,Marion,Indianapolis,DUNWOODY LN,Pedestrian,OTHER - EXPLAIN IN NARRATIVE,PEDESTRIAN ACTION,SSI,DARK (LIGHTED),CLEAR,DRY,False,39.8252944946289,-86.1014862060547
904058218,2022,2022-06-21,Marion,Indianapolis,MADISON AVE & SOUTHERN AVE,Vehicle,LEFT/RIGHT TURN,IMPROPER TURNING,SSI,DAYLIGHT,CLEAR,DRY,False,39.7298355102539,-86.1540145874023
903931255,2021,2021-12-05,Marion,Indianapolis,N MERIDIAN ST  & E 62ND ST,Vehicle,NON-COLLISION,LEFT OF CENTER,Fatal,DARK (LIGHTED),CLOUDY,WET,False,39.8683815002441,-86.1552505493164
903957087,2022,2022-01-10,Johnson,Greenwood,COUNTY LINE RD,Vehicle,RIGHT ANGLE,DISREGARD SIGNAL/REG SIGN,SSI,DAYLIGHT,CLEAR,DRY,False,39.6364479064941,-86.0738906860352
904005989,2022,2022-03-29,Hendricks,Brownsburg,E CO RD 600 N  & DALE SCHRIER DR,Vehicle,SAME DIRECTION SIDESWIPE,OTHER (DRIVER) - EXPLAIN IN NARRATIVE,SSI,DAYLIGHT,CLEAR,DRY,False,39.8511772155762,-86.3811264038086
904074334,2022,2022-07-16,Hendricks,CLAYTON,I-70,Vehicle,NON-COLLISION,OTHER (DRIVER) - EXPLAIN IN NARRATIVE,SSI,DARK (LIGHTED),CLOUDY,DRY,True,39.6118545532227,-86.4797592163086
904048151,2022,2022-06-03,Marion,Indianapolis,GEORGETOWN RD & 38TH ST,Vehicle,RIGHT ANGLE,FAILURE TO YIELD RIGHT OF WAY,SSI,DAYLIGHT,CLEAR,DRY,False,39.8239631652832,-86.2401123046875
904058332,2022,2022-06-21,Boone,Whitestown,65   &   N,Vehicle,REAR END,UNSAFE SPEED,SSI,DAYLIGHT,CLEAR,DRY,False,39.9807472229004,-86.3946685791016
903931265,2021,2021-12-05,Marion,Indianapolis,E 10TH ST  & HATHAWAY DR,Vehicle,RAN OFF ROAD,OVERCORRECTING/OVERSTEERING,Fatal,DARK (NOT LIGHTED),CLOUDY,WET,False,39.7822723388672,-85.9943161010742
903958414,2022,2022-01-10,Shelby,Edinburgh,S 600 W  & STATE RD 252,Vehicle,RIGHT ANGLE,FAILURE TO YIELD RIGHT OF WAY,SSI,DAWN/DUSK,CLEAR,DRY,False,39.3633155822754,-85.8943405151367
904006716,2022,2022-03-29,Marion,Indianapolis,BRADFORD TRACE BLVD & 21ST ST,Vehicle,LEFT TURN,UNSAFE SPEED,SSI,DARK (LIGHTED),CLEAR,DRY,False,39.7972373962402,-85.9646148681641
904075442,2022,2022-07-16,Marion,Indianapolis,S EAST ST  & E SUMNER AVE,Pedestrian,NON-COLLISION,PEDESTRIAN ACTION,Fatal,DARK (LIGHTED),RAIN,WET,False,39.7147827148438,-86.149040222168
904048164,2022,2022-06-03,Hamilton,Noblesville,S 9TH ST,Vehicle,OTHER - EXPLAIN IN NARRATIVE,OTHER (DRIVER) - EXPLAIN IN NARRATIVE,SSI,DAYLIGHT,CLOUDY,DRY,False,40.0363845825195,-86.0134582519531
904058529,2022,2022-06-21,Shelby,SHELBYVILLE,FRONTAGE RD  & N MICHIGAN RD,Vehicle,OTHER - EXPLAIN IN NARRATIVE,UNSAFE SPEED,SSI,DAYLIGHT,CLEAR,LOOSE MATERIAL ON ROAD,False,39.5629386901855,-85.7960510253906
903930949,2021,2021-12-06,Hamilton,Fishers,SWEET BRIAR PKWY & E 131ST ST,Vehicle,REAR END,OTHER (DRIVER) - EXPLAIN IN NARRATIVE,SSI,DARK (LIGHTED),CLEAR,DRY,False,39.9790496826172,-85.9869079589844
903956941,2022,2022-01-11,Hendricks,Brownsburg,E CO RD 600 N  & RONALD REAGAN PKWY,Vehicle,RIGHT ANGLE,FAILURE TO YIELD RIGHT OF WAY,SSI,DARK (NOT LIGHTED),CLEAR,DRY,False,39.8515396118164,-86.3559417724609
904006515,2022,2022-03-30,Boone,Whitestown,PERRY WORTH RD,Vehicle,REAR END,SPEED TOO FAST FOR WEATHER CONDITIONS,SSI,DARK (NOT LIGHTED),RAIN,WET,False,39.9713096618652,-86.3831405639648
904073761,2022,2022-07-17,Morgan,,N SLIDEOFF RD,Vehicle,HEAD ON BETWEEN TWO MOTOR VEHICLES,FAILURE TO MAINTAIN LANE,SSI,DAYLIGHT,RAIN,WET,False,39.631965637207,-86.3168334960938
904048560,2022,2022-06-03,Hendricks,Avon,CO RD 1000 E  & BRIDGEWAY DR,Vehicle,OPPOSITE DIRECTION SIDESWIPE,FAILURE TO YIELD RIGHT OF WAY,SSI,DAYLIGHT,CLEAR,DRY,False,39.8003234863281,-86.3457336425781
904006543,2022,2022-03-30,Boone,Whitestown,130.8MM NB I-65,Vehicle,REAR END,FOLLOWING TOO CLOSELY,SSI,DARK (NOT LIGHTED),CLEAR,DRY,True,39.9545707702637,-86.3624954223633
904058802,2022,2022-06-21,Hamilton,Carmel,DEER RIDGE DR,Pedestrian,OTHER - EXPLAIN IN NARRATIVE,DRIVER DISTRACTED - EXPLAIN IN NARRATIVE,SSI,DAYLIGHT,CLEAR,DRY,False,39.9904632568359,-86.086181640625
904007282,2022,2022-03-30,Marion,Indianapolis,S LYNHURST DR  & W MINNESOTA ST,Vehicle,RIGHT ANGLE,FAILURE TO MAINTAIN LANE,SSI,DAYLIGHT,CLOUDY,DRY,False,39.743522644043,-86.2501907348633
903931063,2021,2021-12-06,Morgan,MARTINSVILLE,State Rd 39  & State Rd 67,Vehicle,HEAD ON BETWEEN TWO MOTOR VEHICLES,FAILURE TO YIELD RIGHT OF WAY,SSI,DAYLIGHT,CLOUDY,DRY,False,39.4827651977539,-86.4398345947266
903957170,2022,2022-01-11,Hamilton,Noblesville,146 ST & GRAYLAN PL,Pedestrian,COLLISION WITH OBJECT IN ROAD,PEDESTRIAN ACTION,SSI,DAYLIGHT,CLEAR,DRY,False,40.0001792907715,-86.0421295166016
904074417,2022,2022-07-18,Hamilton,Arcadia,US31,Vehicle,HEAD ON BETWEEN TWO MOTOR VEHICLES,LEFT OF CENTER,Fatal,DAYLIGHT,CLEAR,DRY,False,40.1509475708008,-86.1278381347656
903933632,2021,2021-12-06,Hendricks,Danville,CARTERSBURG RD,Vehicle,HEAD ON BETWEEN TWO MOTOR VEHICLES,OTHER (DRIVER) - EXPLAIN IN NARRATIVE,Fatal,DAWN/DUSK,CLEAR,DRY,False,39.7494430541992,-86.5171966552734
904006631,2022,2022-03-31,Marion,Indianapolis,S STATE AVE  & PROSPECT ST,Vehicle,RAN OFF ROAD,LEFT OF CENTER,SSI,DARK (LIGHTED),CLOUDY,DRY,False,39.751651763916,-86.1306381225586
904060775,2022,2022-06-21,Marion,Indianapolis,I-465,Vehicle,SAME DIRECTION SIDESWIPE,TIRE FAILURE OR DEFECTIVE,SSI,DAYLIGHT,CLEAR,DRY,True,39.6932754516601,-86.1990280151367
904052537,2022,2022-06-03,Marion,Indianapolis,E 46TH ST  & STATE RD 37,Vehicle,HEAD ON BETWEEN TWO MOTOR VEHICLES,FAILURE TO YIELD RIGHT OF WAY,SSI,DAYLIGHT,CLEAR,DRY,False,39.840217590332,-86.1131896972656
904007256,2022,2022-03-31,Marion,Indianapolis,35TH ST & TEMPLE AVE,Vehicle,RIGHT ANGLE,FAILURE TO YIELD RIGHT OF WAY,SSI,DARK (NOT LIGHTED),CLEAR,WET,False,39.8197441101074,-86.1183853149414
904355629,2022,2022-06-21,Marion,Indianapolis,I-74 WB EXIT RAMP TO I-465 NB,Vehicle,SAME DIRECTION SIDESWIPE,IMPROPER PASSING,SSI,DAYLIGHT,CLEAR,DRY,True,39.7413024902344,-86.0396881103516
903957336,2022,2022-01-11,Marion,Indianapolis,US31N & COUNTY LINE RD,Vehicle,RIGHT ANGLE,DISREGARD SIGNAL/REG SIGN,SSI,DARK (LIGHTED),CLOUDY,DRY,False,39.6353454589844,-86.1266860961914
903937868,2021,2021-12-07,Johnson,Franklin,E JEFFERSON ST  & DECOURCY LN,Vehicle,RAN OFF ROAD,OTHER (DRIVER) - EXPLAIN IN NARRATIVE,SSI,DARK (NOT LIGHTED),CLOUDY,DRY,False,39.4806861877441,-86.0263671875
904047132,2022,2022-06-04,Marion,Lawrence,MILL VIEW DR  & N SHADELAND AVE,Vehicle,RAN OFF ROAD,UNSAFE SPEED,Fatal,DARK (NOT LIGHTED),CLEAR,DRY,False,39.8367118835449,-86.0460357666015
904074727,2022,2022-07-18,Marion,Indianapolis,33RD ST & CAPITOL AVE,Vehicle,RIGHT ANGLE,FAILURE TO YIELD RIGHT OF WAY,SSI,DAYLIGHT,CLEAR,DRY,False,39.8151359558105,-86.161376953125
904010765,2022,2022-03-31,Marion,Indianapolis,W 30TH ST  & N TIBBS AVE,Pedestrian,RIGHT ANGLE,PEDESTRIAN ACTION,SSI,DARK (LIGHTED),RAIN,WET,False,39.8096961975098,-86.2160873413086
904058692,2022,2022-06-22,Hendricks,Brownsburg,STATE RD 267  & BURNS DR,Vehicle,REAR END,FOLLOWING TOO CLOSELY,SSI,DAYLIGHT,CLEAR,DRY,False,39.8729476928711,-86.3923416137695
903958245,2022,2022-01-11,Morgan,MARTINSVILLE,STATE RD 252,Vehicle,RAN OFF ROAD,LEFT OF CENTER,SSI,DAWN/DUSK,CLEAR,DRY,False,39.4230766296387,-86.3940124511719
903932579,2021,2021-12-08,Morgan,MARTINSVILLE,SR 37  & EGBERT RD,Vehicle,OTHER - EXPLAIN IN NARRATIVE,DRIVER ASLEEP OR FATIGUED,SSI,DAYLIGHT,CLEAR,DRY,False,39.4771003723144,-86.367805480957
904047356,2022,2022-06-04,Johnson,Franklin,N MORTON ST  & W KING ST,Vehicle,RIGHT ANGLE,UNSAFE SPEED,SSI,DAYLIGHT,CLEAR,DRY,False,39.4822196960449,-86.0641403198242
904076755,2022,2022-07-18,Marion,Indianapolis,E 82ND ST,Pedestrian,RIGHT ANGLE,PEDESTRIAN ACTION,Fatal,DAYLIGHT,CLEAR,DRY,False,39.9055633544922,-86.090087890625
904008221,2022,2022-04-01,Hendricks,Brownsburg,S GREEN  & NORTHFIELD DR,Vehicle,RIGHT ANGLE,FAILURE TO YIELD RIGHT OF WAY,SSI,DAYLIGHT,CLEAR,DRY,False,39.8009796142578,-86.4006042480469
904059338,2022,2022-06-22,Marion,Indianapolis,E WASHINGTON ST,Pedestrian,RIGHT ANGLE,PEDESTRIAN ACTION,SSI,DAYLIGHT,CLEAR,DRY,False,39.7755088806152,-85.9767150878906
903933361,2021,2021-12-08,Marion,Indianapolis,SPRING MILL RD  & W 82ND ST,Vehicle,RAN OFF ROAD,OTHER (DRIVER) - EXPLAIN IN NARRATIVE,Fatal,DAYLIGHT,CLEAR,DRY,False,39.9045181274414,-86.1650085449219
904078640,2022,2022-07-18,Marion,Indianapolis,I-70,Vehicle,SAME DIRECTION SIDESWIPE,UNSAFE LANE MOVEMENT,SSI,DARK (NOT LIGHTED),CLEAR,DRY,True,39.8022727966309,-86.0817642211914
903936581,2021,2021-12-08,Boone,,I-65,Vehicle,RAN OFF ROAD,UNSAFE LANE MOVEMENT,SSI,DAYLIGHT,CLEAR,DRY,True,40.140941619873,-86.5260696411133
903962724,2022,2022-01-11,Hamilton,Noblesville,BODEN RD & 146TH ST,Vehicle,RIGHT ANGLE,DISREGARD SIGNAL/REG SIGN,SSI,DAYLIGHT,CLOUDY,DRY,False,40.0015678405762,-85.9379043579102
904059463,2022,2022-06-22,Marion,Indianapolis,N FRANKLIN RD & WYSONG DR,Vehicle,REAR END,IMPROPER TURNING,SSI,DAYLIGHT,CLEAR,DRY,False,39.8022727966309,-86.0262985229492
904008558,2022,2022-04-02,Morgan,,STATE RD 144  & N SMOKEY ROW RD,Vehicle,RIGHT ANGLE,IMPROPER TURNING,SSI,DAYLIGHT,CLEAR,DRY,False,39.5678253173828,-86.26953125
903957529,2022,2022-01-12,Boone,Zionsville,400 S,Vehicle,RAN OFF ROAD,DRIVER ILLNESS,SSI,DARK (NOT LIGHTED),CLEAR,DRY,False,39.9818534851074,-86.417121887207
903942223,2021,2021-12-09,Marion,Indianapolis,GEORGETOWN RD,Vehicle,RIGHT ANGLE,IMPROPER LANE USAGE,Fatal,DARK (NOT LIGHTED),CLEAR,DRY,False,39.8913497924805,-86.2421188354492
904059478,2022,2022-06-22,Hancock,Greenfield,I-70,Vehicle,REAR END,FOLLOWING TOO CLOSELY,SSI,DAYLIGHT,CLEAR,DRY,True,39.8210029602051,-85.7803955078125
904100081,2022,2022-07-18,Marion,Indianapolis,E 21ST ST,Vehicle,RIGHT ANGLE,OTHER (DRIVER) - EXPLAIN IN NARRATIVE,SSI,DAYLIGHT,CLEAR,DRY,False,39.7966537475586,-86.023078918457
904013269,2022,2022-04-02,Marion,Indianapolis,65,Vehicle,RAN OFF ROAD,UNSAFE SPEED,SSI,DARK (LIGHTED),CLEAR,DRY,False,39.8115882873535,-86.1775970458984
903957729,2022,2022-01-12,Hamilton,,SR213 & 266 ST,Vehicle,RIGHT ANGLE,FAILURE TO YIELD RIGHT OF WAY,SSI,DAYLIGHT,CLEAR,DRY,False,40.1764907836914,-85.9393310546875
903935114,2021,2021-12-10,Marion,Speedway,CRAWFORDSVILLE RD  & CUNNINGHAM RD,Vehicle,RIGHT ANGLE,FAILURE TO YIELD RIGHT OF WAY,SSI,DAYLIGHT,RAIN,WET,False,39.7969207763672,-86.2620849609375
904060978,2022,2022-06-22,Shelby,SHELBYVILLE,STATE RD 44,Vehicle,OTHER - EXPLAIN IN NARRATIVE,OTHER (DRIVER) - EXPLAIN IN NARRATIVE,SSI,DARK (NOT LIGHTED),CLOUDY,DRY,False,39.5651893615723,-85.6447219848633
904075446,2022,2022-07-19,Marion,Indianapolis,S MERIDIAN ST  & S MERIDIAN ST,Vehicle,HEAD ON BETWEEN TWO MOTOR VEHICLES,FAILURE TO YIELD RIGHT OF WAY,SSI,DAYLIGHT,CLEAR,DRY,False,39.7516937255859,-86.1591110229492
904008791,2022,2022-04-03,Marion,Indianapolis,BROOKVILLE RD & SOUTH ARLINGTON AVE,Vehicle,RIGHT ANGLE,DISREGARD SIGNAL/REG SIGN,SSI,DARK (LIGHTED),CLEAR,DRY,False,39.7579002380371,-86.0640182495117
903958314,2022,2022-01-12,Marion,Indianapolis,PENNSYLVNANIA ST & MARYLAND ST,Pedestrian,LEFT TURN,FAILURE TO YIELD RIGHT OF WAY,SSI,DAYLIGHT,CLEAR,DRY,False,39.7653121948242,-86.1566848754883
903936605,2021,2021-12-10,Marion,Indianapolis,465   &   N,Vehicle,RAN OFF ROAD,UNSAFE SPEED,SSI,DARK (LIGHTED),CLEAR,WET,False,39.7621726989746,-86.2655715942383
904066323,2022,2022-06-22,Boone,Zionsville,I-65,Vehicle,REAR END,FOLLOWING TOO CLOSELY,SSI,DARK (NOT LIGHTED),CLEAR,DRY,True,39.9253997802734,-86.3347015380859
904075453,2022,2022-07-19,Marion,Indianapolis,CRAWFORDSVILLE RD  & DANDY TRL,Vehicle,LEFT TURN,FAILURE TO YIELD RIGHT OF WAY,SSI,DAYLIGHT,CLEAR,DRY,False,39.8105392456055,-86.3078308105469
904008886,2022,2022-04-03,Hancock,,E MAIN ST  & 500E,Vehicle,RAN OFF ROAD,OVERCORRECTING/OVERSTEERING,SSI,DAYLIGHT,CLEAR,DRY,False,39.787841796875,-85.7079315185547
903958319,2022,2022-01-12,Marion,Indianapolis,CAPITOL AVE & OHIO ST,Pedestrian,OTHER - EXPLAIN IN NARRATIVE,FAILURE TO YIELD RIGHT OF WAY,SSI,DAWN/DUSK,CLEAR,DRY,False,39.7699928283691,-86.1616134643555
903936616,2021,2021-12-10,Marion,Indianapolis,465   &   S,Vehicle,SAME DIRECTION SIDESWIPE,UNSAFE LANE MOVEMENT,SSI,DARK (LIGHTED),CLEAR,DRY,False,39.719181060791,-86.0509033203125
904059522,2022,2022-06-23,Marion,Indianapolis,N SHADELAND AVE & PENDLETON PIKE,Vehicle,SAME DIRECTION SIDESWIPE,FAILURE TO YIELD RIGHT OF WAY,SSI,DAYLIGHT,CLEAR,DRY,False,39.827751159668,-86.0458221435547
904075804,2022,2022-07-19,Hancock,,S 100 E  & E 300 S,Vehicle,RIGHT ANGLE,FAILURE TO YIELD RIGHT OF WAY,SSI,DAYLIGHT,CLEAR,DRY,False,39.7428741455078,-85.7829055786133
904009217,2022,2022-04-04,Marion,Indianapolis,25TH ST & CENTRAL AVE,Vehicle,RIGHT ANGLE,DISREGARD SIGNAL/REG SIGN,SSI,DAYLIGHT,CLEAR,DRY,False,39.8027992248535,-86.1496124267578