id,year,date,county,city,cross_street,crash_type,manner,primary_factor,ssi_fatal,light,weather,surface,interstate,lat,lon
903936777,2021,2021-12-10,Marion,Beech Grove,EMERSON AVE  & CHURCHMAN AVE,Vehicle,RIGHT ANGLE,FAILURE TO YIELD RIGHT OF WAY,SSI,DARK (LIGHTED),RAIN,WET,False,39.7164573669434,-86.0825729370117
904059533,2022,2022-06-23,Johnson,Edinburgh,E 250 S  & E 250 S,Vehicle,RIGHT ANGLE,FAILURE TO YIELD RIGHT OF WAY,SSI,DAYLIGHT,CLEAR,DRY,False,39.4418907165527,-86.0111846923828
904009225,2022,2022-04-04,Marion,Indianapolis,BINFORD BLVD & 46TH ST,Vehicle,RIGHT ANGLE,OTHER (DRIVER) - EXPLAIN IN NARRATIVE,SSI,DAYLIGHT,CLOUDY,DRY,False,39.8401947021484,-86.112907409668
903956702,2021,2021-12-10,Boone,Zionsville,I-465,Vehicle,SAME DIRECTION SIDESWIPE,UNSAFE LANE MOVEMENT,SSI,DARK (NOT LIGHTED),RAIN,WET,True,39.9259872436523,-86.2530517578125
903958981,2022,2022-01-12,Marion,Indianapolis,465,Vehicle,RAN OFF ROAD,UNSAFE LANE MOVEMENT,Fatal,DARK (LIGHTED),CLEAR,DRY,False,39.8082275390625,-86.2762298583984
904092124,2022,2022-07-19,Marion,Indianapolis,DEARBORN ST & 13TH ST,Pedestrian,OTHER - EXPLAIN IN NARRATIVE,UNSAFE SPEED,SSI,DAYLIGHT,CLEAR,DRY,False,39.7845687866211,-86.1110687255859
904009341,2022,2022-04-04,Morgan,Mooresville,STATE RD 67  & BRIDGE ST,Vehicle,REAR END,FOLLOWING TOO CLOSELY,SSI,DAYLIGHT,CLEAR,DRY,False,39.6203231811523,-86.3547058105469
903934333,2021,2021-12-11,Hamilton,Fishers,ALLISONVILLE RD,Pedestrian,BACKING CRASH,UNSAFE BACKING,SSI,DAYLIGHT,SEVERE CROSS WIND,WET,False,39.9610061645508,-86.0380554199219
903961344,2022,2022-01-12,Marion,Indianapolis,E 30TH ST  & ENTERPRISE ST,Vehicle,HEAD ON BETWEEN TWO MOTOR VEHICLES,LEFT OF CENTER,Fatal,DARK (LIGHTED),CLEAR,DRY,False,39.8111801147461,-86.0310516357422
904060726,2022,2022-06-23,Hendricks,COATESVILLE,CO RD 800 W   &  CO RD 300 S,Vehicle,RIGHT ANGLE,OTHER (DRIVER) - EXPLAIN IN NARRATIVE,SSI,DAYLIGHT,CLEAR,DRY,False,39.7170829772949,-86.6698150634766
904075720,2022,2022-07-20,Johnson,Greenwood,COUNTY LINE RD & GRAHAM RD,Vehicle,HEAD ON BETWEEN TWO MOTOR VEHICLES,IMPROPER PASSING,Fatal,DAYLIGHT,CLEAR,DRY,False,39.6360244750976,-86.0638961791992
904009541,2022,2022-04-04,Marion,Indianapolis,ROCKVILLE RD  & N GIRLS SCHOOL RD,Vehicle,SAME DIRECTION SIDESWIPE,FAILURE TO MAINTAIN LANE,SSI,DAYLIGHT,CLOUDY,DRY,False,39.764289855957,-86.2892608642578
903934396,2021,2021-12-11,Johnson,Bargersville,SADDLE CLUB RD  & HUNT CLUB PKWY,Vehicle,HEAD ON BETWEEN TWO MOTOR VEHICLES,FAILURE TO YIELD RIGHT OF WAY,SSI,DAYLIGHT,CLOUDY,DRY,False,39.5372886657715,-86.177360534668
903958949,2022,2022-01-13,Morgan,MARTINSVILLE,69 & BANTA ROAD,Vehicle,REAR END,DRIVER ASLEEP OR FATIGUED,Fatal,DARK (LIGHTED),CLOUDY,DRY,False,39.5558319091797,-86.2510604858398
904062031,2022,2022-06-23,Marion,Indianapolis,KENTUCKY AVE  & S TIBBS AVE,Vehicle,RIGHT ANGLE,DISREGARD SIGNAL/REG SIGN,SSI,DAYLIGHT,CLEAR,DRY,False,39.7237892150879,-86.2174987792969
904076456,2022,2022-07-20,Hamilton,Fishers,106 ST  & HAGUE RD,Vehicle,RIGHT ANGLE,DISREGARD SIGNAL/REG SIGN,SSI,DARK (LIGHTED),CLEAR,DRY,False,39.9416427612305,-86.0329895019531
904010111,2022,2022-04-04,Hendricks,,NORMAN RD  & CHARLES DR,Vehicle,OTHER - EXPLAIN IN NARRATIVE,OTHER (DRIVER) - EXPLAIN IN NARRATIVE,SSI,DAYLIGHT,CLEAR,DRY,False,39.8268051147461,-86.3455352783203
903935590,2021,2021-12-11,Marion,Indianapolis,30TH ST & RICHARDT AVE,Vehicle,COLLISION WITH OBJECT IN ROAD,UNSAFE LANE MOVEMENT,SSI,DARK (LIGHTED),CLEAR,DRY,False,39.8110733032226,-86.0361557006836
903960274,2022,2022-01-13,Hendricks,Avon,CR100S,Vehicle,OTHER - EXPLAIN IN NARRATIVE,DISREGARD SIGNAL/REG SIGN,SSI,DARK (NOT LIGHTED),CLEAR,DRY,False,39.7490005493164,-86.3360977172852
904060244,2022,2022-06-24,Marion,Lawrence,N LONGWORTH AVE  & E 46TH ST,Vehicle,LEFT TURN,FAILURE TO YIELD RIGHT OF WAY,SSI,DARK (NOT LIGHTED),CLEAR,DRY,False,39.8403358459473,-86.0354156494141
904076806,2022,2022-07-20,Morgan,Mooresville,E WASHINGTON ST  & E WASHINGTON ST,Vehicle,HEAD ON BETWEEN TWO MOTOR VEHICLES,FAILURE TO YIELD RIGHT OF WAY,SSI,DAYLIGHT,CLEAR,DRY,False,39.6138687133789,-86.3704376220703
904010794,2022,2022-04-04,Marion,Indianapolis,MADISON AVE  & KENNINGTON ST,Vehicle,RAN OFF ROAD,UNSAFE SPEED,Fatal,DARK (LIGHTED),CLEAR,DRY,False,39.7451782226562,-86.1543426513672
903935820,2021,2021-12-11,Marion,Indianapolis,BUTLER RD & ENGLISH AVE,Vehicle,OTHER - EXPLAIN IN NARRATIVE,FAILURE TO YIELD RIGHT OF WAY,SSI,DARK (LIGHTED),RAIN,WET,False,39.7604103088379,-86.0791549682617
903961049,2022,2022-01-13,Marion,Indianapolis,KESSLER BLVD E DR & PRIMROSE AVE,Vehicle,RIGHT ANGLE,FAILURE TO YIELD RIGHT OF WAY,Fatal,DAYLIGHT,CLEAR,DRY,False,39.8623008728027,-86.1329116821289
904060251,2022,2022-06-24,Johnson,Greenwood,E WORTHSVILLE RD & COLLINS RD,Vehicle,LEFT TURN,FAILURE TO YIELD RIGHT OF WAY,SSI,DARK (NOT LIGHTED),CLEAR,DRY,False,39.5876884460449,-86.0546951293945
904010076,2022,2022-04-05,Marion,Indianapolis,BROOKVILLE RD  & SENOUR RD,Vehicle,REAR END,UNSAFE SPEED,SSI,DAYLIGHT,RAIN,WET,False,39.7389068603516,-85.9752044677734
903937768,2021,2021-12-11,Marion,Indianapolis,DR MARTIN LUTHER KING JR ST  & CRESCENT ST,Vehicle,HEAD ON BETWEEN TWO MOTOR VEHICLES,LEFT OF CENTER,Fatal,DAYLIGHT,CLOUDY,DRY,False,39.8198661804199,-86.1785049438477
903959337,2022,2022-01-14,Hancock,,400W  & 300N,Vehicle,RIGHT ANGLE,FAILURE TO YIELD RIGHT OF WAY,SSI,DAYLIGHT,CLEAR,DRY,False,39.8273315429687,-85.878303527832
904079021,2022,2022-07-20,Marion,Indianapolis,I-70,Vehicle,SAME DIRECTION SIDESWIPE,OTHER (ENVIRONMENTAL) - EXPLAIN IN NARR,SSI,DAYLIGHT,CLEAR,DRY,True,39.8022232055664,-86.0816879272461
904013272,2022,2022-04-05,Marion,Indianapolis,W EPLER AVE  & BLUFF VIEW BLVD,Vehicle,RIGHT ANGLE,FAILURE TO YIELD RIGHT OF WAY,SSI,DAYLIGHT,RAIN,WET,False,39.6860618591309,-86.1703414916992
904063615,2022,2022-06-24,Marion,Indianapolis,N SHADELAND AVE,Vehicle,OPPOSITE DIRECTION SIDESWIPE,LEFT OF CENTER,Fatal,DAYLIGHT,CLEAR,DRY,False,39.7757225036621,-86.0452346801758
903938093,2021,2021-12-11,Marion,Indianapolis,E WESTFIELD BLVD  & N PARK AVE,Pedestrian,NON-COLLISION,PEDESTRIAN ACTION,SSI,DARK (NOT LIGHTED),RAIN,WET,False,39.8684349060059,-86.1483688354492
903960976,2022,2022-01-14,Marion,Indianapolis,10TH ST & OLNEY ST,Vehicle,REAR END,IMPROPER LANE USAGE,SSI,DARK (LIGHTED),CLOUDY,DRY,False,39.781379699707,-86.1071243286133
904076005,2022,2022-07-21,Boone,Zionsville,I- 65,Pedestrian,OTHER - EXPLAIN IN NARRATIVE,PEDESTRIAN ACTION,Fatal,DARK (NOT LIGHTED),CLEAR,DRY,True,39.9399948120117,-86.3468780517578
904010871,2022,2022-04-06,Johnson,Greenwood,SR135S & MENARD DR,Vehicle,LEFT TURN,FAILURE TO YIELD RIGHT OF WAY,SSI,DAYLIGHT,CLOUDY,DRY,False,39.6104431152344,-86.1583786010742
904060282,2022,2022-06-25,Johnson,TRAFALGAR,CR 300 S  & CR 600 W,Vehicle,RAN OFF ROAD,OTHER (ENVIRONMENTAL) - EXPLAIN IN NARR,Fatal,DARK (NOT LIGHTED),CLEAR,DRY,False,39.4309539794922,-86.2111892700195
903980447,2021,2021-12-11,Marion,Indianapolis,WICKER RD & TIBBS AVE,Vehicle,RIGHT ANGLE,FAILURE TO YIELD RIGHT OF WAY,Fatal,DAYLIGHT,CLOUDY,DRY,False,39.6415252685547,-86.2139587402344
903962834,2022,2022-01-14,Marion,Indianapolis,42ND ST & POST RD,Vehicle,REAR END,FAILURE TO YIELD RIGHT OF WAY,Fatal,DARK (LIGHTED),CLOUDY,DRY,False,39.8333320617676,-86.0100479125977
904076212,2022,2022-07-21,Marion,Indianapolis,S SHORTRIDGE RD,Vehicle,NON-COLLISION,OTHER (VEHICLE) - EXPLAIN IN NARRATIVE,SSI,DARK (NOT LIGHTED),CLEAR,DRY,False,39.755500793457,-86.0417251586914
904011430,2022,2022-04-06,Boone,Lebanon,LEBANON ST,Vehicle,OTHER - EXPLAIN IN NARRATIVE,DRIVER ILLNESS,SSI,DAYLIGHT,RAIN,WET,False,40.0358734130859,-86.4705352783203
904060401,2022,2022-06-25,Boone,,W FALL RD,Vehicle,RAN OFF ROAD,OVERCORRECTING/OVERSTEERING,SSI,DAYLIGHT,CLOUDY,DRY,False,40.1441078186035,-86.6113891601563
903934610,2021,2021-12-12,Boone,Lebanon,W 250 N RD,Vehicle,RAN OFF ROAD,RAN OFF ROAD RIGHT,SSI,DARK (NOT LIGHTED),CLEAR,DRY,False,40.0761032104492,-86.4849243164063
903959638,2022,2022-01-15,Hendricks,Brownsburg,E MAIN ST  & SEUMIN ST,Vehicle,OTHER - EXPLAIN IN NARRATIVE,FAILURE TO MAINTAIN LANE,SSI,DARK (LIGHTED),SNOW,SNOW/SLUSH,False,39.8436317443848,-86.399299621582
904076403,2022,2022-07-21,Johnson,Whiteland,WOODRUFF ST  & US HWY 31,Vehicle,LEFT TURN,FAILURE TO YIELD RIGHT OF WAY,SSI,DAYLIGHT,CLEAR,DRY,False,39.5512657165527,-86.0876083374024
904014092,2022,2022-04-07,Marion,Indianapolis,I- 465,Vehicle,RAN OFF ROAD,OTHER (DRIVER) - EXPLAIN IN NARRATIVE,SSI,DAYLIGHT,CLEAR,DRY,True,39.6985168457031,-86.1482238769531
904061522,2022,2022-06-25,Hancock,McCordsville,W PENDLETON PIKE  & W 750 N,Vehicle,RIGHT ANGLE,DISREGARD SIGNAL/REG SIGN,SSI,DAYLIGHT,CLOUDY,DRY,False,39.8913612365723,-85.9292602539063
903936449,2021,2021-12-13,Morgan,MARTINSVILLE,STATE RD 67  & S BUFFALO HILL RD,Vehicle,REAR END,FOLLOWING TOO CLOSELY,SSI,DAYLIGHT,CLEAR,DRY,False,39.4075965881348,-86.5119094848633
903960571,2022,2022-01-15,Marion,Speedway,W 25TH ST  & N LYNHURST DR,Vehicle,OTHER - EXPLAIN IN NARRATIVE,DISREGARD SIGNAL/REG SIGN,SSI,DAYLIGHT,CLEAR,SNOW/SLUSH,False,39.8019256591797,-86.2509384155273
904076417,2022,2022-07-21,Johnson,,S 200 E,Vehicle,RAN OFF ROAD,OTHER (DRIVER) - EXPLAIN IN NARRATIVE,SSI,DAYLIGHT,CLEAR,DRY,False,39.4461708068848,-86.0688858032227
904011060,2022,2022-04-08,Johnson,Greenwood,I65S,Vehicle,RAN OFF ROAD,RAN OFF ROAD RIGHT,SSI,DARK (LIGHTED),CLEAR,DRY,False,39.6163291931152,-86.0739212036133
904062096,2022,2022-06-25,Marion,Indianapolis,E 56TH ST & EMERSON WAY,Vehicle,OTHER - EXPLAIN IN NARRATIVE,OTHER (VEHICLE) - EXPLAIN IN NARRATIVE,SSI,DAYLIGHT,CLEAR,DRY,False,39.8550910949707,-86.0867156982422
903961140,2022,2022-01-15,Marion,Indianapolis,46TH ST & HIGH SCHOOL RD,Pedestrian,OTHER - EXPLAIN IN NARRATIVE,PEDESTRIAN ACTION,SSI,DARK (LIGHTED),CLEAR,DRY,False,39.8381690979004,-86.2724609375
904012787,2022,2022-04-08,Marion,Lawrence,PENDLETON PIKE  & CHARNEY AVE,Vehicle,HEAD ON BETWEEN TWO MOTOR VEHICLES,LEFT OF CENTER,SSI,DARK (LIGHTED),RAIN,WET,False,39.8413047790527,-86.0168380737305
904060919,2022,2022-06-26,Johnson,NINEVEH,OLD HOSPITAL RD,Vehicle,RAN OFF ROAD,OTHER (DRIVER) - EXPLAIN IN NARRATIVE,SSI,DAYLIGHT,CLEAR,DRY,False,39.3594398498535,-86.0588989257813
904076711,2022,2022-07-21,Marion,Indianapolis,N COLLEGE AVE  & E 25TH ST,Vehicle,SAME DIRECTION SIDESWIPE,FAILURE TO MAINTAIN LANE,SSI,DARK (LIGHTED),CLEAR,DRY,False,39.8032417297363,-86.1448211669922
904014913,2022,2022-04-08,Hamilton,,STATE ROAD 37  & 246 STREET,Vehicle,HEAD ON BETWEEN TWO MOTOR VEHICLES,LEFT OF CENTER,Fatal,DAYLIGHT,CLOUDY,WET,False,40.1451759338379,-85.8821029663086
903961489,2022,2022-01-18,Johnson,Greenwood,SR135S & MENARD DR,Vehicle,RAN OFF ROAD,DRIVER ILLNESS,SSI,DAYLIGHT,CLEAR,DRY,False,39.6104431152344,-86.1583786010742
904062171,2022,2022-06-27,Marion,Lawrence,PENDLETON PIKE,Vehicle,REAR END,DRIVER ILLNESS,SSI,DAYLIGHT,CLEAR,DRY,False,39.8319091796875,-86.0367736816406
904077086,2022,2022-07-21,Shelby,MORRISTOWN,N MORRISTOWN RD  & HANOVER DR,Vehicle,OTHER - EXPLAIN IN NARRATIVE,OTHER (DRIVER) - EXPLAIN IN NARRATIVE,Fatal,DARK (NOT LIGHTED),CLEAR,DRY,False,39.6661911010742,-85.7005157470703
904012067,2022,2022-04-09,Marion,Indianapolis,BROOKVILLE RD,Vehicle,RAN OFF ROAD,ANIMAL/OBJECT IN ROADWAY,SSI,DAYLIGHT,CLEAR,DRY,False,39.7430992126465,-85.9960479736328
903961952,2022,2022-01-18,Marion,Indianapolis,I-70,Vehicle,REAR END,UNSAFE SPEED,Fatal,DAYLIGHT,CLEAR,DRY,True,39.8062210083008,-86.0635299682617
904062696,2022,2022-06-27,Marion,Indianapolis,FRONT ROYAL DR & SHELBY ST,Vehicle,RIGHT ANGLE,FAILURE TO YIELD RIGHT OF WAY,SSI,DAYLIGHT,CLEAR,DRY,False,39.6471519470215,-86.1393890380859
904080409,2022,2022-07-21,Marion,Indianapolis,I-465,Vehicle,REAR END,OTHER (DRIVER) - EXPLAIN IN NARRATIVE,SSI,DARK (NOT LIGHTED),CLEAR,DRY,True,39.693977355957,-86.1956405639648
903969550,2022,2022-01-18,Marion,Indianapolis,N EDMONDSON AVE,Vehicle,RIGHT ANGLE,OVERCORRECTING/OVERSTEERING,SSI,DAYLIGHT,CLEAR,DRY,False,39.8004608154297,-86.0501708984375
904064213,2022,2022-06-27,Marion,Indianapolis,E 45TH ST  & N SHADELAND AVE,Vehicle,LEFT TURN,FAILURE TO YIELD RIGHT OF WAY,SSI,DAYLIGHT,CLEAR,DRY,False,39.8378791809082,-86.0460586547852
904101304,2022,2022-07-21,Marion,Indianapolis,I- 465,Vehicle,SAME DIRECTION SIDESWIPE,OTHER (DRIVER) - EXPLAIN IN NARRATIVE,SSI,DAYLIGHT,CLEAR,DRY,True,39.8787879943848,-86.0475158691406
903962623,2022,2022-01-19,Marion,Indianapolis,W SOUTHPORT RD  & TASSEL MEADOW DR,Vehicle,RIGHT ANGLE,FAILURE TO YIELD RIGHT OF WAY,SSI,DAYLIGHT,CLEAR,DRY,False,39.6638717651367,-86.1843109130859
904062550,2022,2022-06-28,Shelby,SHELBYVILLE,STATE RD 44  & LEE BLVD,Vehicle,OTHER - EXPLAIN IN NARRATIVE,OTHER (DRIVER) - EXPLAIN IN NARRATIVE,SSI,DAYLIGHT,CLEAR,DRY,False,39.5250053405762,-85.7383651733398
904076849,2022,2022-07-22,Marion,Indianapolis,RAYMOND ST & HUNTER RD,Vehicle,RIGHT ANGLE,DISREGARD SIGNAL/REG SIGN,SSI,DAYLIGHT,CLEAR,DRY,False,39.7391357421875,-86.0492782592773
903962846,2022,2022-01-20,Hendricks,CLAYTON,SR39 & KOGER ST,Vehicle,RIGHT ANGLE,FAILURE TO YIELD RIGHT OF WAY,SSI,DARK (NOT LIGHTED),CLEAR,DRY,False,39.6236228942871,-86.4798278808594
904062807,2022,2022-06-28,Morgan,,E LAMBERT LN  & AYLESWORTH CT,Vehicle,SAME DIRECTION SIDESWIPE,FOLLOWING TOO CLOSELY,SSI,DAYLIGHT,CLEAR,DRY,False,39.6322631835937,-86.3207931518555
904076946,2022,2022-07-22,Morgan,,N OLD STATE RD 67  & STATE RD 67,Vehicle,RIGHT ANGLE,FAILURE TO YIELD RIGHT OF WAY,SSI,DAYLIGHT,CLEAR,DRY,False,39.5354080200195,-86.3866195678711
903963247,2022,2022-01-21,Hancock,McCordsville,US ROUTE 36  & STATE ROAD 234,Vehicle,RIGHT ANGLE,DISREGARD SIGNAL/REG SIGN,SSI,DARK (LIGHTED),CLEAR,DRY,False,39.8991546630859,-85.9142074584961
904063386,2022,2022-06-28,Marion,Indianapolis,29TH ST & CLIFTON ST,Vehicle,HEAD ON BETWEEN TWO MOTOR VEHICLES,FAILURE TO YIELD RIGHT OF WAY,SSI,DAYLIGHT,CLEAR,DRY,False,39.8080329895019,-86.180305480957
904076962,2022,2022-07-22,Marion,Indianapolis,NEW YORK ST & WHITE RIVER PKWY W DR,Vehicle,REAR END,FOLLOWING TOO CLOSELY,SSI,DAYLIGHT,CLEAR,DRY,False,39.7714729309082,-86.1871871948242
903963379,2022,2022-01-21,Marion,Indianapolis,POST RD & PLEASANT ST,Vehicle,HEAD ON BETWEEN TWO MOTOR VEHICLES,LEFT OF CENTER,SSI,DAYLIGHT,CLEAR,DRY,False,39.7559394836426,-86.0087966918945
904063405,2022,2022-06-29,Marion,Lawrence,30TH ST & GERMAN CHURCH RD,Vehicle,RAN OFF ROAD,UNSAFE LANE MOVEMENT,SSI,DAYLIGHT,CLEAR,DRY,False,39.861743927002,-85.9743804931641
903963630,2022,2022-01-21,Johnson,Greenwood,US31N,Pedestrian,RIGHT ANGLE,VIEW OBSTRUCTED,SSI,DAYLIGHT,CLEAR,DRY,False,39.6325035095215,-86.1246948242188
904078745,2022,2022-07-22,Shelby,SHELBYVILLE,S 275 W  & S SMITHLAND RD,Vehicle,NON-COLLISION,ROADWAY SURFACE CONDITION,SSI,DAYLIGHT,CLEAR,LOOSE MATERIAL ON ROAD,False,39.4736442565918,-85.8326263427734
904063486,2022,2022-06-29,Hamilton,SHERIDAN(HAMILTON),E 226TH ST  & WESTFIELD BLVD,Vehicle,RIGHT ANGLE,OTHER (VEHICLE) - EXPLAIN IN NARRATIVE,Fatal,DAYLIGHT,CLEAR,DRY,False,40.116081237793,-86.1281127929688
903964669,2022,2022-01-21,Marion,Indianapolis,35TH ST & DEQUINCY AVE,Vehicle,RIGHT ANGLE,DISREGARD SIGNAL/REG SIGN,SSI,DAYLIGHT,CLEAR,DRY,False,39.8199348449707,-86.0877914428711
904082305,2022,2022-07-22,Hendricks,,E CO RD 100 N  & KENSINGTON DR,Vehicle,REAR END,DRIVER ASLEEP OR FATIGUED,SSI,DAYLIGHT,CLEAR,DRY,False,39.776309967041,-86.4555969238281
904066837,2022,2022-06-29,Marion,Indianapolis,N SHADELAND AVE  & E 30TH ST,Vehicle,OTHER - EXPLAIN IN NARRATIVE,IMPROPER LANE USAGE,Fatal,DAYLIGHT,CLEAR,DRY,False,39.8093528747559,-86.045654296875
904084896,2022,2022-07-22,Marion,Indianapolis,S HARDING ST  & I- 465,Vehicle,SAME DIRECTION SIDESWIPE,UNSAFE LANE MOVEMENT,Fatal,DAYLIGHT,CLEAR,DRY,True,39.6951103210449,-86.1864547729492
904067495,2022,2022-06-29,Marion,Indianapolis,ZIONSVILLE RD  & QUAIL RD,Vehicle,HEAD ON BETWEEN TWO MOTOR VEHICLES,LEFT OF CENTER,SSI,DAYLIGHT,CLEAR,DRY,False,39.8721504211426,-86.2598571777344
904080432,2022,2022-07-23,Marion,Indianapolis,N SHADELAND AVE  & OLD HOUSE RD,Pedestrian,OTHER - EXPLAIN IN NARRATIVE,PEDESTRIAN ACTION,Fatal,DARK (LIGHTED),CLOUDY,DRY,False,39.8953170776367,-86.0461120605469
904079385,2022,2022-06-29,Marion,Indianapolis,N EDMONDSON AVE  & E 10TH ST,Vehicle,RIGHT ANGLE,DISREGARD SIGNAL/REG SIGN,SSI,DAYLIGHT,CLEAR,DRY,False,39.7817268371582,-86.0500793457031
904064120,2022,2022-06-30,Marion,Indianapolis,SOUTHEASTERN AVE & KITLEY AVE,Vehicle,SAME DIRECTION SIDESWIPE,UNSAFE SPEED,SSI,DAYLIGHT,CLEAR,DRY,False,39.7296142578125,-86.0539321899414
904064337,2022,2022-06-30,Hendricks,Avon,N CO RD 900 E  & ANGELINA WAY,Vehicle,RIGHT ANGLE,FAILURE TO YIELD RIGHT OF WAY,SSI,DAYLIGHT,CLEAR,DRY,False,39.7648887634277,-86.3618927001953
904216405,2023,2023-01-28,Marion,Indianapolis,E RAYMOND ST,Pedestrian,SAME DIRECTION SIDESWIPE,OTHER (DRIVER) - EXPLAIN IN NARRATIVE,SSI,DAWN/DUSK,CLOUDY,DRY,False,39.7373237609863,-86.1420135498047
904217519,2023,2023-01-28,Hancock,,CR 500 N  & CR 50 E,Vehicle,RAN OFF ROAD,UNSAFE SPEED,Fatal,DARK (NOT LIGHTED),RAIN,WET,False,39.8571166992187,-85.7913818359375
904220241,2023,2023-01-28,Marion,Indianapolis,I- 465 SB,Vehicle,SAME DIRECTION SIDESWIPE,UNSAFE LANE MOVEMENT,SSI,DAYLIGHT,CLEAR,DRY,True,39.7910079956055,-86.0349349975586
904216520,2023,2023-01-29,Marion,Indianapolis,86TH ST & CRICKET TREE LN,Vehicle,HEAD ON BETWEEN TWO MOTOR VEHICLES,FAILURE TO YIELD RIGHT OF WAY,SSI,DAYLIGHT,CLOUDY,WET,False,39.912353515625,-86.1786651611328
904216769,2023,2023-01-30,Marion,Indianapolis,ALLISONVILLE RD & 55TH ST,Vehicle,HEAD ON BETWEEN TWO MOTOR VEHICLES,SPEED TOO FAST FOR WEATHER CONDITIONS,SSI,DAYLIGHT,SNOW,ICE,False,39.851879119873,-86.1071853637695
904218443,2023,2023-01-30,Morgan,Mooresville,S INDIANA ST  & MOORE ST,Vehicle,OTHER - EXPLAIN IN NARRATIVE,FAILURE TO YIELD RIGHT OF WAY,SSI,DAYLIGHT,CLEAR,WET,False,39.6044654846191,-86.3749389648438
904220642,2023,2023-01-31,Marion,Indianapolis,THOMPSON RD & 9TH AVE,Vehicle,RAN OFF ROAD,RAN OFF ROAD RIGHT,Fatal,DAYLIGHT,CLEAR,DRY,False,39.6943511962891,-86.0915832519531
904218990,2023,2023-02-01,Marion,Indianapolis,SHADELAND AVE & PLEASANT RUN PWKWY S DR,Pedestrian,COLLISION WITH OBJECT IN ROAD,FAILURE TO YIELD RIGHT OF WAY,SSI,DARK (NOT LIGHTED),CLEAR,DRY,False,39.7935981750488,-86.0455780029297
904221591,2023,2023-02-01,Marion,Indianapolis,E WATERBURY RD  & S DELAWARE ST,Vehicle,HEAD ON BETWEEN TWO MOTOR VEHICLES,IMPROPER LANE USAGE,SSI,DARK (NOT LIGHTED),CLOUDY,DRY,False,39.660026550293,-86.1545944213867
904290988,2023,2023-06-05,Marion,Indianapolis,E SOUTHPORT RD  & US-31,Vehicle,RIGHT ANGLE,DISREGARD SIGNAL/REG SIGN,Fatal,DAYLIGHT,CLEAR,DRY,False,39.664436340332,-86.1473007202148
904273687,2023,2023-05-09,Hancock,,I 70,Vehicle,REAR END,FOLLOWING TOO CLOSELY,SSI,DAYLIGHT,CLEAR,DRY,True,39.8197937011719,-85.8573608398438
904220494,2023,2023-02-02,Marion,Indianapolis,DITCH RD & W 86TH ST,Pedestrian,LEFT TURN,OTHER (DRIVER) - EXPLAIN IN NARRATIVE,SSI,DAYLIGHT,CLEAR,DRY,False,39.9119834899902,-86.1839981079102
904220648,2023,2023-02-03,Hamilton,Carmel,96TH ST & DITCH RD,Vehicle,RAN OFF ROAD,RAN OFF ROAD RIGHT,SSI,DARK (LIGHTED),CLEAR,DRY,False,39.9265441894531,-86.1838912963867
904220711,2023,2023-02-03,Marion,Indianapolis,W 10TH ST  & MORELAND AVE,Pedestrian,COLLISION WITH ANIMAL OTHER,PEDESTRIAN ACTION,Fatal,DARK (NOT LIGHTED),CLEAR,DRY,False,39.7805709838867,-86.2147216796875
904219444,2023,2023-02-04,Marion,Indianapolis,S GIRLS SCHOOL RD  & SUN DR,Vehicle,OTHER - EXPLAIN IN NARRATIVE,OTHER (DRIVER) - EXPLAIN IN NARRATIVE,SSI,DARK (NOT LIGHTED),CLEAR,DRY,False,39.7589645385742,-86.2891006469727
904220838,2023,2023-02-05,Hendricks,,S RACEWAY RD.  & E 800 SOUTH,Vehicle,RAN OFF ROAD,OTHER (DRIVER) - EXPLAIN IN NARRATIVE,Fatal,DARK (NOT LIGHTED),CLEAR,DRY,False,39.646785736084,-86.3264236450195
904220951,2023,2023-02-05,Johnson,Greenwood,STATE RD 135  & FRY RD,Vehicle,REAR END,OTHER (ENVIRONMENTAL) - EXPLAIN IN NARR,SSI,DARK (NOT LIGHTED),CLOUDY,DRY,False,39.6250343322754,-86.1585159301758
904225881,2023,2023-02-06,Marion,Indianapolis,ILLINOIS ST & 29TH ST,Vehicle,RIGHT ANGLE,DISREGARD SIGNAL/REG SIGN,SSI,DAYLIGHT,CLEAR,DRY,False,39.8083992004395,-86.1592025756836
904221660,2023,2023-02-08,Hancock,WILKINSON,SR 234  & CR 900 E,Vehicle,RIGHT ANGLE,DISREGARD SIGNAL/REG SIGN,SSI,DARK (NOT LIGHTED),FOG/SMOKE/SMOG,DRY,False,39.901912689209,-85.6342163085938
904222832,2023,2023-02-08,Marion,Indianapolis,N RITTER AVE  & E 10TH ST,Vehicle,SAME DIRECTION SIDESWIPE,FAILURE TO YIELD RIGHT OF WAY,SSI,DAYLIGHT,CLEAR,DRY,False,39.7816352844238,-86.0737533569336
904224798,2023,2023-02-08,Marion,Indianapolis,N WHITE RIVER PKWY W DR  & N BELMONT AVE,Vehicle,HEAD ON BETWEEN TWO MOTOR VEHICLES,LEFT OF CENTER,Fatal,DAYLIGHT,CLEAR,DRY,False,39.7861289978027,-86.1968383789063
904222595,2023,2023-02-09,Shelby,SHELBYVILLE,TOM HESSION DRIVE,Vehicle,RAN OFF ROAD,OTHER (DRIVER) - EXPLAIN IN NARRATIVE,SSI,DARK (NOT LIGHTED),RAIN,WET,False,39.5782470703125,-85.824592590332