id,year,date,county,city,cross_street,crash_type,manner,primary_factor,ssi_fatal,light,weather,surface,interstate,lat,lon
904222786,2023,2023-02-09,Marion,Indianapolis,WASHINGTON ST & HIGHLAND AVE,Vehicle,RAN OFF ROAD,OVERCORRECTING/OVERSTEERING,SSI,DAYLIGHT,CLEAR,DRY,False,39.7667045593262,-86.1384811401367
904223298,2023,2023-02-11,Hamilton,Fishers,E 116TH ST  & CUMBERLAND RD,Vehicle,LEFT TURN,FAILURE TO YIELD RIGHT OF WAY,SSI,DAYLIGHT,CLEAR,DRY,False,39.9569892883301,-85.9948883056641
904223700,2023,2023-02-11,Morgan,Mooresville,SR 67  & S PARK DRIVE,Vehicle,REAR END,DRIVER ASLEEP OR FATIGUED,SSI,DARK (NOT LIGHTED),CLEAR,DRY,False,39.6045570373535,-86.3712768554688
904224181,2023,2023-02-11,Shelby,SHELBYVILLE,S. SMITHLAND RD.,Pedestrian,OTHER - EXPLAIN IN NARRATIVE,OTHER (DRIVER) - EXPLAIN IN NARRATIVE,Fatal,DARK (NOT LIGHTED),CLEAR,DRY,False,39.4452781677246,-85.8686752319336
904224206,2023,2023-02-11,Johnson,Greenwood,E WORTHSVILLE RD  & EASTWOOD ST,Vehicle,RIGHT ANGLE,UNSAFE SPEED,Fatal,DARK (NOT LIGHTED),CLEAR,DRY,False,39.5863914489746,-86.1068878173828
904228818,2023,2023-02-11,Johnson,Bargersville,I 69,Vehicle,REAR END,FAILURE TO MAINTAIN LANE,SSI,DAYLIGHT,CLEAR,DRY,True,39.5691871643066,-86.2452697753906
904224102,2023,2023-02-12,Marion,Indianapolis,W 16TH ST  & W 16TH ST,Vehicle,RAN OFF ROAD,UNSAFE SPEED,SSI,DARK (LIGHTED),CLEAR,DRY,False,39.7883110046387,-86.1684036254883
904225462,2023,2023-02-12,Marion,Indianapolis,RURAL STREET  & NEW YORK STREET,Vehicle,RAN OFF ROAD,IMPROPER LANE USAGE,SSI,DAYLIGHT,CLEAR,DRY,False,39.7700500488281,-86.1164932250977
904228018,2023,2023-02-12,Marion,Indianapolis,I-70,Vehicle,OPPOSITE DIRECTION SIDESWIPE,WRONG WAY ON ONE WAY,SSI,DARK (LIGHTED),CLEAR,DRY,True,39.7541847229004,-86.1741790771484
904224503,2023,2023-02-13,Hancock,WARRINGTON,SR 109  & SOUTH ST,Vehicle,RAN OFF ROAD,UNSAFE SPEED,SSI,DARK (LIGHTED),CLEAR,DRY,False,39.907039642334,-85.6337585449219
904224699,2023,2023-02-13,Marion,Indianapolis,STATE AVE & PLEASANT RUN PKWY,Vehicle,OTHER - EXPLAIN IN NARRATIVE,FAILURE TO YIELD RIGHT OF WAY,SSI,DARK (LIGHTED),CLEAR,DRY,False,39.7408676147461,-86.1422500610352
904224701,2023,2023-02-13,Marion,Indianapolis,KEYSTONE AVE & HOYT AVE,Vehicle,RAN OFF ROAD,RAN OFF ROAD RIGHT,SSI,DARK (LIGHTED),CLEAR,DRY,False,39.7572174072266,-86.1209259033203
904224863,2023,2023-02-13,Marion,Indianapolis,ROCKVILLE RD,Vehicle,COLLISION WITH OBJECT IN ROAD,OTHER (DRIVER) - EXPLAIN IN NARRATIVE,SSI,DAYLIGHT,CLEAR,DRY,False,39.764907836914,-86.2678985595703
904224900,2023,2023-02-13,Hendricks,Plainfield,QUARKER BLVD  & STAFFORD RD,Vehicle,REAR END,OTHER (DRIVER) - EXPLAIN IN NARRATIVE,SSI,DARK (LIGHTED),CLEAR,DRY,False,39.6971817016601,-86.3710021972656
904225961,2023,2023-02-13,Marion,Indianapolis,PIKE PLAZA RD  & MOLLER RD,Vehicle,RAN OFF ROAD,UNSAFE SPEED,SSI,DARK (NOT LIGHTED),CLEAR,DRY,False,39.8292121887207,-86.2546081542969
904225474,2023,2023-02-15,Marion,Indianapolis,I465,Vehicle,REAR END,FOLLOWING TOO CLOSELY,SSI,DAWN/DUSK,CLEAR,DRY,True,39.6923065185547,-86.2142028808594
904225916,2023,2023-02-15,Marion,Indianapolis,COLLEGE AVE & 27TH ST,Vehicle,REAR END,OTHER (DRIVER) - EXPLAIN IN NARRATIVE,SSI,DAYLIGHT,CLEAR,DRY,False,39.805248260498,-86.1448822021484
904226275,2023,2023-02-15,Boone,,STATE ROAD 47  & COUNTY ROAD 800 EAST,Vehicle,HEAD ON BETWEEN TWO MOTOR VEHICLES,IMPROPER PASSING,SSI,DAYLIGHT,CLEAR,DRY,False,40.1282424926758,-86.3151702880859
904226452,2023,2023-02-15,Johnson,Greenwood,STATE ROAD 135  & STONES CROSSING ROAD,Vehicle,RAN OFF ROAD,DRIVER ILLNESS,SSI,DAYLIGHT,CLEAR,DRY,False,39.5777931213379,-86.1589889526367
904226467,2023,2023-02-15,Marion,Indianapolis,EAGLE COVE DR & EAGLE CREEK PKWY,Pedestrian,OTHER - EXPLAIN IN NARRATIVE,PEDESTRIAN ACTION,SSI,DAYLIGHT,CLEAR,DRY,False,39.8289375305176,-86.2863540649414
904226346,2023,2023-02-16,Hamilton,Westfield,SHADY NOOK RD,Vehicle,RAN OFF ROAD,RAN OFF ROAD RIGHT,SSI,DARK (NOT LIGHTED),RAIN,WET,False,40.0429649353027,-86.0996856689453
904228470,2023,2023-02-16,Marion,Indianapolis,N SHADELAND AVE  & WESTERN SELECT DR,Vehicle,NON-COLLISION,OVERCORRECTING/OVERSTEERING,SSI,DARK (LIGHTED),CLOUDY,DRY,False,39.8002815246582,-86.0456771850586
904228473,2023,2023-02-16,Marion,Indianapolis,US HWY 31  & COUNTY LINE RD,Pedestrian,RIGHT ANGLE,FAILURE TO YIELD RIGHT OF WAY,SSI,DARK (NOT LIGHTED),RAIN,WET,False,39.6355743408203,-86.1264495849609
904228504,2023,2023-02-16,Marion,Indianapolis,N RITTER AVE  & E WASHINGTON ST,Pedestrian,COLLISION WITH ANIMAL OTHER,PEDESTRIAN ACTION,SSI,DAYLIGHT,CLEAR,DRY,False,39.7707138061523,-86.0736236572265
904229092,2023,2023-02-16,Marion,Indianapolis,I-465,Vehicle,REAR END,OTHER (VEHICLE) - EXPLAIN IN NARRATIVE,SSI,DARK (LIGHTED),CLEAR,DRY,True,39.7414817810059,-86.2644348144531
904226745,2023,2023-02-17,Johnson,,CENTERLINE  & 100S,Vehicle,RAN OFF ROAD,OTHER (DRIVER) - EXPLAIN IN NARRATIVE,SSI,DAYLIGHT,BLOWING SAND/SOIL/SNOW,DRY,False,39.4628562927246,-86.1030731201172
904228177,2023,2023-02-17,Morgan,MARTINSVILLE,STATE ROAD 42,Vehicle,RAN OFF ROAD,OTHER (DRIVER) - EXPLAIN IN NARRATIVE,SSI,DAYLIGHT,CLOUDY,DRY,False,39.5615539550781,-86.6415863037109
904228190,2023,2023-02-17,Hamilton,Fishers,E 116TH ST.   & N. HOOSIER RD,Vehicle,REAR END,FOLLOWING TOO CLOSELY,SSI,DARK (NOT LIGHTED),CLEAR,DRY,False,39.9572792053223,-85.9658966064453
904227769,2023,2023-02-18,Marion,Indianapolis,E 21ST ST,Pedestrian,OTHER - EXPLAIN IN NARRATIVE,OTHER (DRIVER) - EXPLAIN IN NARRATIVE,Fatal,DAYLIGHT,CLEAR,DRY,False,39.7970771789551,-86.0258636474609
904228325,2023,2023-02-18,Marion,Indianapolis,SHERMAN DR & EWING ST,Vehicle,RAN OFF ROAD,DRIVER DISTRACTED - EXPLAIN IN NARRATIVE,SSI,DARK (NOT LIGHTED),CLEAR,DRY,False,39.7087173461914,-86.1040344238281
904228913,2023,2023-02-18,Hamilton,Noblesville,SR37 & GREENFIELD AVE,Vehicle,REAR END,OTHER (DRIVER) - EXPLAIN IN NARRATIVE,SSI,DAYLIGHT,CLEAR,DRY,False,40.0227584838867,-85.9971313476562
904227426,2023,2023-02-19,Hamilton,Fishers,I 69,Vehicle,OTHER - EXPLAIN IN NARRATIVE,OTHER (DRIVER) - EXPLAIN IN NARRATIVE,SSI,DARK (NOT LIGHTED),CLEAR,DRY,True,39.9846611022949,-85.9413681030273
904228207,2023,2023-02-19,Marion,Indianapolis,I-70,Vehicle,RAN OFF ROAD,OTHER (DRIVER) - EXPLAIN IN NARRATIVE,SSI,DARK (NOT LIGHTED),CLEAR,DRY,True,39.8060760498047,-86.0564346313477
904228267,2023,2023-02-19,Marion,Indianapolis,I-465 WB,Vehicle,RAN OFF ROAD,UNSAFE LANE MOVEMENT,SSI,DARK (LIGHTED),CLEAR,DRY,True,39.9127235412598,-86.0830230712891
904227909,2023,2023-02-20,Hamilton,Westfield,SPRING MILL RD & E 169TH ST,Pedestrian,OTHER - EXPLAIN IN NARRATIVE,PEDESTRIAN ACTION,Fatal,DARK (NOT LIGHTED),CLEAR,DRY,False,40.0314102172851,-86.1647567749023
904228372,2023,2023-02-20,Marion,Indianapolis,I65,Vehicle,RAN OFF ROAD,OTHER (DRIVER) - EXPLAIN IN NARRATIVE,SSI,DARK (NOT LIGHTED),CLEAR,DRY,True,39.9226913452148,-86.1169891357422
904229231,2023,2023-02-21,Marion,Indianapolis,I-465,Vehicle,REAR END,FOLLOWING TOO CLOSELY,SSI,DAYLIGHT,CLEAR,DRY,True,39.8694305419922,-86.2687683105469
904229377,2023,2023-02-21,Marion,Lawrence,PENDLETON PIKE  & N POST RD,Vehicle,HEAD ON BETWEEN TWO MOTOR VEHICLES,DISREGARD SIGNAL/REG SIGN,SSI,DARK (LIGHTED),CLEAR,DRY,False,39.8444404602051,-86.0102691650391
904230426,2023,2023-02-21,Marion,Indianapolis,S TIBBS AVE  & DELMAR AVE,Vehicle,HEAD ON BETWEEN TWO MOTOR VEHICLES,LEFT OF CENTER,Fatal,DAWN/DUSK,CLEAR,DRY,False,39.7541198730469,-86.2161026000977
904229607,2023,2023-02-22,Johnson,,N 75 W  & WHITELAND RD,Vehicle,HEAD ON BETWEEN TWO MOTOR VEHICLES,FAILURE TO MAINTAIN LANE,SSI,DARK (NOT LIGHTED),RAIN,WET,False,39.5492897033691,-86.115852355957
904229754,2023,2023-02-22,Marion,Indianapolis,DITCH RD  & EMILY RD,Pedestrian,COLLISION WITH OBJECT IN ROAD,PEDESTRIAN ACTION,SSI,DAYLIGHT,CLOUDY,DRY,False,39.9220161437988,-86.1839981079102
904229871,2023,2023-02-22,Morgan,EMINENCE,HERBEMONT ROAD,Vehicle,RAN OFF ROAD,SPEED TOO FAST FOR WEATHER CONDITIONS,SSI,DARK (NOT LIGHTED),RAIN,WET,False,39.495849609375,-86.5669784545898
904232498,2023,2023-02-23,Marion,Indianapolis,E RAYMOND ST  & S SHERMAN DR,Vehicle,RIGHT ANGLE,FAILURE TO YIELD RIGHT OF WAY,SSI,DAYLIGHT,CLOUDY,DRY,False,39.7379417419434,-86.101692199707
904230747,2023,2023-02-24,Johnson,,S PETERMAN RD  & W SMITH VALLEY RD,Vehicle,RIGHT ANGLE,DISREGARD SIGNAL/REG SIGN,SSI,DARK (NOT LIGHTED),CLEAR,DRY,False,39.6055908203125,-86.1779327392578
904230760,2023,2023-02-24,Hamilton,,SR 37  & HOBBS RD,Vehicle,RAN OFF ROAD,LEFT OF CENTER,SSI,DARK (NOT LIGHTED),CLEAR,DRY,False,40.1331100463867,-85.9115524291992
904230870,2023,2023-02-24,Marion,Beech Grove,GROVEWOOD PL  & EMERSON AVE,Vehicle,LEFT TURN,FAILURE TO YIELD RIGHT OF WAY,SSI,DAYLIGHT,CLEAR,DRY,False,39.7076225280762,-86.0825805664063
904231630,2023,2023-02-24,Marion,Beech Grove,MAIN ST,Vehicle,RAN OFF ROAD,DRIVER ILLNESS,SSI,DAYLIGHT,CLEAR,DRY,False,39.7212448120117,-86.0835647583008
904231711,2023,2023-02-24,Marion,Indianapolis,HARDING ST & HUDNUT BLVD,Vehicle,REAR END,FOLLOWING TOO CLOSELY,SSI,DAYLIGHT,CLEAR,DRY,False,39.7297401428223,-86.1869125366211
904232061,2023,2023-02-24,Marion,Indianapolis,ROCKVILLE RD  & COUNTRY CLUB RD,Vehicle,RIGHT ANGLE,DISREGARD SIGNAL/REG SIGN,SSI,DARK (LIGHTED),CLEAR,DRY,False,39.7641105651855,-86.3079452514648
904232987,2023,2023-02-24,Marion,Indianapolis,THOMPSON RD  & BLUFF RD,Vehicle,RIGHT ANGLE,FAILURE TO YIELD RIGHT OF WAY,SSI,DAYLIGHT,CLEAR,DRY,False,39.6928749084473,-86.1734771728516
904231031,2023,2023-02-25,Marion,Indianapolis,E STOP 11 RD  & MCFARLAND RD,Vehicle,REAR END,OTHER (DRIVER) - EXPLAIN IN NARRATIVE,SSI,DARK (NOT LIGHTED),CLEAR,DRY,False,39.6503257751465,-86.1118240356445
904231039,2023,2023-02-25,Hamilton,Westfield,E 161ST ST & WESTFIELD BLVD,Vehicle,SAME DIRECTION SIDESWIPE,IMPROPER LANE USAGE,SSI,DARK (LIGHTED),CLEAR,DRY,False,40.0220336914062,-86.1274566650391
904231198,2023,2023-02-25,Hendricks,Brownsburg,I Γö¼ΓöÉ 74 WB,Vehicle,RAN OFF ROAD,OTHER (DRIVER) - EXPLAIN IN NARRATIVE,SSI,DAYLIGHT,CLEAR,DRY,False,39.8576698303223,-86.3841018676758
904231758,2023,2023-02-25,Hamilton,Noblesville,BODEN RD & GREENFIELD AVE,Vehicle,LEFT TURN,FAILURE TO YIELD RIGHT OF WAY,SSI,DARK (LIGHTED),CLEAR,DRY,False,40.0015678405762,-85.9379043579102
904241115,2023,2023-02-25,Johnson,Greenwood,EASTWOOD ST,Pedestrian,OTHER - EXPLAIN IN NARRATIVE,PEDESTRIAN ACTION,Fatal,DAYLIGHT,CLEAR,DRY,False,39.5927696228027,-86.10693359375
904233241,2023,2023-02-26,Morgan,MARTINSVILLE,HOSPITAL DR  & I-69,Vehicle,LEFT/RIGHT TURN,UNSAFE SPEED,SSI,DAYLIGHT,CLEAR,DRY,True,39.4250411987305,-86.4013977050781
904231418,2023,2023-02-27,Boone,Lebanon,ENTERPRISE DR,Vehicle,RAN OFF ROAD,ANIMAL/OBJECT IN ROADWAY,SSI,DARK (NOT LIGHTED),RAIN,WET,False,40.0408401489258,-86.5006866455078
904232310,2023,2023-02-27,Marion,Indianapolis,UNIVERSITY BOULEVARD  & W. WALNUT,Pedestrian,OTHER - EXPLAIN IN NARRATIVE,FAILURE TO YIELD RIGHT OF WAY,SSI,DAYLIGHT,CLOUDY,WET,False,39.7772789001465,-86.174919128418
904233122,2023,2023-03-01,Hendricks,Plainfield,BRADFORD RD  & S CO RD 900 E,Vehicle,HEAD ON BETWEEN TWO MOTOR VEHICLES,LEFT OF CENTER,SSI,DAYLIGHT,CLOUDY,DRY,False,39.7339782714844,-86.3602981567383
904233277,2023,2023-03-01,Hancock,Greenfield,W MAIN STREET  & PRAIRIE MEADOWS BLVD,Vehicle,REAR END,FOLLOWING TOO CLOSELY,SSI,DAYLIGHT,CLEAR,DRY,False,39.7828483581543,-85.8198852539063
904235958,2023,2023-03-01,Marion,Indianapolis,N COLLEGE AVE  & E 27TH STREET,Pedestrian,RIGHT ANGLE,DISREGARD SIGNAL/REG SIGN,SSI,DAWN/DUSK,CLOUDY,DRY,False,39.8054313659668,-86.1448211669922
904255749,2023,2023-04-10,Marion,Indianapolis,KEYSTONE AVE,Vehicle,RIGHT ANGLE,DISREGARD SIGNAL/REG SIGN,SSI,DAYLIGHT,CLEAR,DRY,False,39.9200325012207,-86.1112823486328
904236062,2023,2023-03-01,Marion,Indianapolis,E 10TH ST  & N TUXEDO ST,Pedestrian,NON-COLLISION,PEDESTRIAN ACTION,SSI,DARK (LIGHTED),CLEAR,DRY,False,39.781364440918,-86.1080627441406
904239483,2023,2023-03-02,Marion,Indianapolis,I 465,Vehicle,SAME DIRECTION SIDESWIPE,UNSAFE LANE MOVEMENT,SSI,DARK (LIGHTED),CLEAR,DRY,True,39.7517623901367,-86.264762878418
904234288,2023,2023-03-03,Hamilton,Noblesville,SR 32  & CHERRY TREE RD,Vehicle,HEAD ON BETWEEN TWO MOTOR VEHICLES,FAILURE TO MAINTAIN LANE,SSI,DAYLIGHT,RAIN,WET,False,40.0450134277344,-86.0350952148438
904235794,2023,2023-03-03,Marion,Indianapolis,38TH ST & MLK ST,Vehicle,REAR END,SPEED TOO FAST FOR WEATHER CONDITIONS,SSI,DAYLIGHT,RAIN,WET,False,39.8245887756348,-86.1807403564453
904235854,2023,2023-03-03,Marion,Indianapolis,56TH ST & GEORGETOWN RD,Vehicle,RIGHT ANGLE,HEADLIGHT DEFECTIVE OR NOT ON,SSI,DARK (LIGHTED),SLEET/HAIL/FREEZING RAIN,WET,False,39.8532218933105,-86.2404937744141
904236107,2023,2023-03-03,Marion,Indianapolis,E 10TH ST  & N RIDGEVIEW DR,Pedestrian,RIGHT ANGLE,LEFT OF CENTER,Fatal,DAYLIGHT,RAIN,WET,False,39.781681060791,-86.0569458007813
904241075,2023,2023-03-03,Johnson,,I-65,Vehicle,SAME DIRECTION SIDESWIPE,SPEED TOO FAST FOR WEATHER CONDITIONS,SSI,DAYLIGHT,RAIN,WET,True,39.5224876403809,-86.0251617431641
904243788,2023,2023-03-03,Morgan,MARTINSVILLE,E MAHALASVILLE RD  & SCHWAB DR,Pedestrian,OTHER - EXPLAIN IN NARRATIVE,FAILURE TO YIELD RIGHT OF WAY,SSI,DARK (NOT LIGHTED),RAIN,WET,False,39.4056549072266,-86.4163055419922
904234867,2023,2023-03-04,Marion,Lawrence,US36  & N. POST ROAD,Vehicle,LEFT TURN,IMPROPER TURNING,SSI,DARK (LIGHTED),CLEAR,DRY,False,39.8444938659668,-86.01025390625
904241131,2023,2023-03-04,Marion,Indianapolis,I-65 NORTHBOUND,Vehicle,OTHER - EXPLAIN IN NARRATIVE,SPEED TOO FAST FOR WEATHER CONDITIONS,SSI,DARK (LIGHTED),CLEAR,ICE,True,39.8251266479492,-86.2288818359375
904235095,2023,2023-03-05,Hamilton,Fishers,E 116TH ST  & EXIT 5 PKWY,Vehicle,REAR END,FAILURE TO YIELD RIGHT OF WAY,SSI,DAYLIGHT,CLEAR,DRY,False,39.9570121765137,-86.0023727416992
904235255,2023,2023-03-05,Hamilton,SHERIDAN(HAMILTON),SR 38  & SIX POINTS RD,Vehicle,RAN OFF ROAD,FAILURE TO MAINTAIN LANE,SSI,DARK (NOT LIGHTED),CLEAR,DRY,False,40.1136932373047,-86.1724472045898
904236025,2023,2023-03-05,Marion,Indianapolis,POST RD & TROY AVE,Vehicle,RAN OFF ROAD,RAN OFF ROAD RIGHT,SSI,DARK (NOT LIGHTED),CLEAR,DRY,False,39.7255363464355,-86.0083847045898
904236536,2023,2023-03-05,Marion,Indianapolis,W 79TH ST & SPRING MILL RD,Vehicle,RAN OFF ROAD,UNSAFE SPEED,SSI,DARK (LIGHTED),CLEAR,DRY,False,39.8974418640137,-86.1648788452148
904249027,2023,2023-03-05,Hendricks,Plainfield,SB RONALD REAGAN PARKWAY,Vehicle,NON-COLLISION,OTHER (DRIVER) - EXPLAIN IN NARRATIVE,SSI,DAYLIGHT,CLEAR,DRY,False,39.6872138977051,-86.3316497802734
904236565,2023,2023-03-06,Marion,Indianapolis,ALABAMA ST & MASSACHUSETTS AVE,Vehicle,LEFT TURN,IMPROPER TURNING,SSI,DARK (LIGHTED),CLEAR,DRY,False,39.7725715637207,-86.1524200439453
904237220,2023,2023-03-07,Marion,Indianapolis,96TH ST & HAGUE RD,Vehicle,RIGHT ANGLE,DISREGARD SIGNAL/REG SIGN,SSI,DAYLIGHT,CLEAR,DRY,False,39.9269752502441,-86.0257797241211
904237359,2023,2023-03-07,Marion,Indianapolis,N KEYSTONE AVE & ERIE AVE,Pedestrian,COLLISION WITH OBJECT IN ROAD,OTHER (DRIVER) - EXPLAIN IN NARRATIVE,SSI,DARK (LIGHTED),CLEAR,DRY,False,39.8436851501465,-86.1220397949219
904237387,2023,2023-03-07,Marion,Indianapolis,E STOP 10 RD  & GRIFFITH RD,Vehicle,HEAD ON BETWEEN TWO MOTOR VEHICLES,DRIVER ILLNESS,SSI,DARK (NOT LIGHTED),CLEAR,DRY,False,39.6575889587402,-86.1309051513672
904163573,2022,2022-11-15,Marion,Indianapolis,S SHERMAN DR  & ORANGE ST,Vehicle,HEAD ON BETWEEN TWO MOTOR VEHICLES,LEFT OF CENTER,SSI,DAYLIGHT,RAIN,WET,False,39.7515716552734,-86.101936340332
904183847,2022,2022-12-27,Hendricks,Danville,CR 100 N  & CR 300 E,Vehicle,HEAD ON BETWEEN TWO MOTOR VEHICLES,LEFT OF CENTER,SSI,DARK (NOT LIGHTED),CLEAR,ICE,False,39.7756309509277,-86.4744567871094
904305318,2023,2023-07-05,Boone,Zionsville,US 421  & CR 200 S,Vehicle,RIGHT ANGLE,FAILURE TO YIELD RIGHT OF WAY,SSI,DAYLIGHT,CLEAR,DRY,False,40.0128326416016,-86.2715682983398
904115753,2022,2022-09-17,Marion,Indianapolis,GUILFORD AVE  & E 30TH ST,Vehicle,RIGHT ANGLE,FAILURE TO YIELD RIGHT OF WAY,SSI,DAYLIGHT,CLEAR,DRY,False,39.8106002807617,-86.1410446166992
904137134,2022,2022-10-12,Marion,Indianapolis,MADISON AVE  & TERRACE AVE,Vehicle,REAR END,OTHER (DRIVER) - EXPLAIN IN NARRATIVE,Fatal,DAYLIGHT,CLEAR,DRY,False,39.7442016601562,-86.154426574707
904117739,2022,2022-09-17,Shelby,SHELBYVILLE,W MECHANIC ST  & N TOMPKINS ST,Vehicle,RIGHT ANGLE,OTHER (DRIVER) - EXPLAIN IN NARRATIVE,SSI,DAYLIGHT,CLEAR,DRY,False,39.5261077880859,-85.7791748046875
904274049,2023,2023-05-09,Hamilton,Fishers,LANTERN ROAD  & MUNICIPAL DRIVE,Vehicle,HEAD ON BETWEEN TWO MOTOR VEHICLES,FAILURE TO MAINTAIN LANE,SSI,DAYLIGHT,CLEAR,DRY,False,39.9608688354492,-86.0136413574219
904306025,2023,2023-07-05,Hamilton,Noblesville,LOGAN ST & 11TH ST,Vehicle,LEFT TURN,FAILURE TO YIELD RIGHT OF WAY,SSI,DAYLIGHT,CLOUDY,DRY,False,40.0465431213379,-86.0108337402344
904158082,2022,2022-11-16,Marion,Indianapolis,W WASHINGTON ST  & S LIVINGSTON AVE,Pedestrian,OTHER - EXPLAIN IN NARRATIVE,PEDESTRIAN ACTION,SSI,DAYLIGHT,SNOW,WET,False,39.7612533569336,-86.2229156494141
904120709,2022,2022-09-17,Marion,Indianapolis,I-465,Vehicle,HEAD ON BETWEEN TWO MOTOR VEHICLES,WRONG WAY ON ONE WAY,Fatal,DAYLIGHT,CLEAR,DRY,True,39.763427734375,-86.2674026489258
904237634,2023,2023-03-08,Johnson,,HOSPITAL RD  & S 50 E,Vehicle,RAN OFF ROAD,FAILURE TO MAINTAIN LANE,Fatal,DARK (NOT LIGHTED),CLEAR,DRY,False,39.4751014709473,-86.0947036743164
904190250,2022,2022-12-27,Marion,Indianapolis,E 21ST ST,Pedestrian,COLLISION WITH OBJECT IN ROAD,PEDESTRIAN ACTION,Fatal,DARK (LIGHTED),CLOUDY,WET,False,39.7963562011719,-86.0627822875977
904155982,2022,2022-10-12,Johnson,NINEVEH,S NINEVEH RD  & LAKEVIEW DR,Vehicle,OPPOSITE DIRECTION SIDESWIPE,LEFT OF CENTER,SSI,DAYLIGHT,CLOUDY,WET,False,39.3448295593262,-86.1015167236328
904160471,2022,2022-11-16,Shelby,SUGAR CREEK,N FRONTAGE RD,Vehicle,RIGHT ANGLE,FAILURE TO YIELD RIGHT OF WAY,SSI,DARK (NOT LIGHTED),CLEAR,DRY,False,39.6430053710937,-85.9104232788086
904290289,2023,2023-06-06,Hamilton,Noblesville,SR19 & FOREST PARK DR,Vehicle,HEAD ON BETWEEN TWO MOTOR VEHICLES,LEFT OF CENTER,Fatal,DAYLIGHT,CLOUDY,DRY,False,40.0480651855469,-86.0168380737305
904256156,2023,2023-04-10,Morgan,CENTERTON,STATE ROAD 67 NORTHBOUND  & CENTERTON ROAD,Vehicle,RAN OFF ROAD,OTHER (DRIVER) - EXPLAIN IN NARRATIVE,Fatal,DARK (NOT LIGHTED),CLEAR,DRY,False,39.5147361755371,-86.400032043457
904238784,2023,2023-03-08,Shelby,SHELBYVILLE,SR 44   & CR 250 W,Vehicle,RAN OFF ROAD,FAILURE TO MAINTAIN LANE,SSI,DAYLIGHT,CLOUDY,DRY,False,39.5041656494141,-85.8266372680664
904133404,2022,2022-10-13,Johnson,,US HWY 31  & E 400 S,Vehicle,REAR END,IMPROPER LANE USAGE,Fatal,DARK (NOT LIGHTED),RAIN,WET,False,39.4188690185547,-85.9997024536133
904133966,2022,2022-10-13,Johnson,Greenwood,E STOP 18 RD & INDUSTRIAL DR,Vehicle,REAR END,OTHER LIGHTS DEFECTIVE,SSI,DARK (NOT LIGHTED),CLEAR,DRY,False,39.5937767028809,-86.1013259887695
904134437,2022,2022-10-13,Johnson,Greenwood,I-65  & N,Vehicle,RAN OFF ROAD,UNSAFE LANE MOVEMENT,Fatal,DAYLIGHT,CLEAR,DRY,True,39.6304244995117,-86.0740814208984
904136022,2022,2022-10-13,Marion,Indianapolis,I-65,Vehicle,RIGHT ANGLE,UNSAFE LANE MOVEMENT,SSI,DAYLIGHT,CLEAR,DRY,True,39.8244285583496,-86.2272033691406
904140820,2022,2022-10-13,Marion,Indianapolis,I-465,Vehicle,REAR END,FOLLOWING TOO CLOSELY,SSI,DAYLIGHT,CLEAR,DRY,True,39.6982154846191,-86.2560424804688
904134795,2022,2022-10-15,Johnson,Greenwood,SHEEK RD & STOP 18 RD,Vehicle,LEFT TURN,DISREGARD SIGNAL/REG SIGN,SSI,DAYLIGHT,CLEAR,DRY,False,39.5948333740234,-86.0783157348633
904136373,2022,2022-10-15,Marion,Indianapolis,I-65  & N,Vehicle,RAN OFF ROAD,UNSAFE SPEED,SSI,DAYLIGHT,CLEAR,DRY,True,39.7208671569824,-86.1315841674805
904135529,2022,2022-10-16,Hancock,FORTVILLE,E BROADWAY ST  & LINDA DR,Vehicle,HEAD ON BETWEEN TWO MOTOR VEHICLES,LEFT OF CENTER,Fatal,DAYLIGHT,CLEAR,DRY,False,39.9379234313965,-85.8381729125977
904136573,2022,2022-10-16,Marion,Indianapolis,I-70,Vehicle,RAN OFF ROAD,UNSAFE LANE MOVEMENT,Fatal,DAYLIGHT,CLEAR,DRY,True,39.7957954406738,-86.1200637817383
904136822,2022,2022-10-18,Johnson,Franklin,E KING ST  & E KING ST,Vehicle,RIGHT ANGLE,FAILURE TO YIELD RIGHT OF WAY,SSI,DAYLIGHT,CLEAR,DRY,False,39.4831123352051,-86.0181503295898
904145564,2022,2022-10-18,Hancock,,400W  & I- 70,Vehicle,REAR END,OTHER (ENVIRONMENTAL) - EXPLAIN IN NARR,Fatal,DARK (NOT LIGHTED),RAIN,WET,True,39.8202056884766,-85.8782196044922
904137292,2022,2022-10-19,Boone,,E MAIN ST  & N PEARL ST,Vehicle,RAN OFF ROAD,UNSAFE SPEED,SSI,DAYLIGHT,CLEAR,WET,False,40.1294326782226,-86.6040344238281
904137374,2022,2022-10-19,Marion,Indianapolis,BELLEVIEW PL  & W 10TH ST,Pedestrian,RIGHT ANGLE,FAILURE TO YIELD RIGHT OF WAY,SSI,DARK (LIGHTED),CLEAR,DRY,False,39.7807006835937,-86.2028198242188
904138369,2022,2022-10-19,Hamilton,Fishers,11600 E 131ST ST.,Pedestrian,OTHER - EXPLAIN IN NARRATIVE,FAILURE TO YIELD RIGHT OF WAY,SSI,DARK (NOT LIGHTED),CLEAR,DRY,False,39.9793281555176,-85.9578170776367