id,year,date,county,city,cross_street,crash_type,manner,primary_factor,ssi_fatal,light,weather,surface,interstate,lat,lon
904140991,2022,2022-10-19,Hamilton,Noblesville,WORDSWORTH CT,Vehicle,NON-COLLISION,OTHER (DRIVER) - EXPLAIN IN NARRATIVE,SSI,DAYLIGHT,CLEAR,DRY,False,40.0254859924316,-86.0011749267578
904137664,2022,2022-10-20,Marion,Speedway,GEORGETOWN RD  & MCCRAY ST,Vehicle,OTHER - EXPLAIN IN NARRATIVE,FAILURE TO MAINTAIN LANE,SSI,DARK (NOT LIGHTED),CLEAR,DRY,False,39.7989768981934,-86.2397155761719
904138403,2022,2022-10-20,Hancock,,CR 300 NORTH  & CR 400 WEST,Pedestrian,OTHER - EXPLAIN IN NARRATIVE,PEDESTRIAN ACTION,Fatal,DARK (NOT LIGHTED),CLEAR,DRY,False,39.8272705078125,-85.886001586914
904142442,2022,2022-10-20,Marion,Indianapolis,I-70,Vehicle,REAR END,FOLLOWING TOO CLOSELY,SSI,DAYLIGHT,CLEAR,DRY,True,39.6992835998535,-86.2950210571289
904139319,2022,2022-10-22,Johnson,Bargersville,W STATE RD 135  & W CR 600N,Vehicle,RIGHT ANGLE,OTHER (DRIVER) - EXPLAIN IN NARRATIVE,SSI,DARK (NOT LIGHTED),CLEAR,DRY,False,39.5630607604981,-86.1587905883789
904139664,2022,2022-10-22,Marion,Indianapolis,BINFORD BLVD & KESSLER BLVD,Vehicle,HEAD ON BETWEEN TWO MOTOR VEHICLES,FAILURE TO YIELD RIGHT OF WAY,SSI,DAYLIGHT,CLEAR,DRY,False,39.8583793640137,-86.0937652587891
904139672,2022,2022-10-22,Marion,Indianapolis,21ST ST & COUNTRY CLUB RD,Vehicle,REAR END,FOLLOWING TOO CLOSELY,SSI,DAYLIGHT,CLEAR,DRY,False,39.7934417724609,-86.3076477050781
904139686,2022,2022-10-22,Marion,Indianapolis,STOP 11 RD & EMERSON AVE,Vehicle,LEFT TURN,IMPROPER PASSING,SSI,DAYLIGHT,CLEAR,DRY,False,39.6511650085449,-86.0826187133789
904141396,2022,2022-10-22,Hendricks,NORTH SALEM,STATE RD 234  & N CO RD 850 W,Vehicle,RIGHT ANGLE,FAILURE TO YIELD RIGHT OF WAY,SSI,DARK (NOT LIGHTED),CLEAR,DRY,False,39.9155578613281,-86.6857376098633
904141548,2022,2022-10-22,Marion,Beech Grove,CHURCHMAN AVE  & N 25TH AVE,Vehicle,RIGHT ANGLE,FAILURE TO YIELD RIGHT OF WAY,SSI,DARK (LIGHTED),CLEAR,DRY,False,39.7300567626953,-86.1112670898438
904141826,2022,2022-10-22,Marion,Indianapolis,I-65,Vehicle,REAR END,UNSAFE SPEED,SSI,DARK (LIGHTED),CLEAR,DRY,True,39.7828063964844,-86.1471862792969
904142061,2022,2022-10-22,Marion,Indianapolis,S MERIDIAN ST  & W HANNA AVE,Vehicle,LEFT TURN,FAILURE TO YIELD RIGHT OF WAY,Fatal,DAYLIGHT,CLEAR,DRY,False,39.7077674865723,-86.1584625244141
904142449,2022,2022-10-22,Marion,Indianapolis,I-465,Vehicle,SAME DIRECTION SIDESWIPE,UNSAFE LANE MOVEMENT,SSI,DARK (LIGHTED),CLEAR,DRY,True,39.8439559936524,-86.2760009765625
904274794,2023,2023-05-09,Hamilton,Noblesville,SR32 & JOHN ST,Vehicle,OTHER - EXPLAIN IN NARRATIVE,UNSAFE SPEED,SSI,DAYLIGHT,CLEAR,DRY,False,40.046932220459,-86.0219879150391
904305924,2023,2023-07-06,Marion,Indianapolis,WISMAR DR & GERMAN CHURCH RD,Vehicle,COLLISION WITH OBJECT IN ROAD,ANIMAL/OBJECT IN ROADWAY,SSI,DAYLIGHT,CLEAR,DRY,False,39.7902717590332,-85.971939086914
904115039,2022,2022-09-18,Boone,Zionsville,INDIANAPOLIS RD  & LAFAYETTE RD,Pedalcycle,REAR END,OTHER (DRIVER) - EXPLAIN IN NARRATIVE,Fatal,DAYLIGHT,CLEAR,DRY,False,39.9242973327637,-86.3320236206055
904184693,2022,2022-12-28,Hancock,,S 600 E  & E US 40,Vehicle,RIGHT ANGLE,FAILURE TO YIELD RIGHT OF WAY,SSI,DAYLIGHT,CLEAR,DRY,False,39.7886390686035,-85.6889953613281
904139729,2022,2022-10-23,Marion,Indianapolis,ARBUTUS DR,Vehicle,SAME DIRECTION SIDESWIPE,UNSAFE SPEED,SSI,DARK (LIGHTED),CLEAR,DRY,False,39.8135719299317,-86.2730407714844
904139769,2022,2022-10-23,Marion,Indianapolis,SAM JONES EXPY  & STOUT FIELD E DR,Vehicle,RIGHT ANGLE,DISREGARD SIGNAL/REG SIGN,SSI,DARK (LIGHTED),CLEAR,DRY,False,39.7324409484863,-86.234504699707
904142167,2022,2022-10-23,Hendricks,,STATE RD 267  & MAXWELTON DR,Vehicle,RAN OFF ROAD,OTHER (DRIVER) - EXPLAIN IN NARRATIVE,SSI,DAYLIGHT,BLOWING SAND/SOIL/SNOW,DRY,False,39.6389694213867,-86.3870544433594
904143483,2022,2022-10-23,Hamilton,Fishers,OLIO RD  & E 116TH ST,Vehicle,LEFT TURN,FAILURE TO YIELD RIGHT OF WAY,Fatal,DAYLIGHT,CLEAR,DRY,False,39.9577522277832,-85.9186630249023
904140882,2022,2022-10-24,Marion,Indianapolis,TOWNSHIP LINE RD  & SUMMER DR,Pedestrian,NON-COLLISION,PEDESTRIAN ACTION,SSI,DAWN/DUSK,CLEAR,DRY,False,39.9084358215332,-86.2030487060547
904143237,2022,2022-10-24,Hendricks,Avon,EAST U.S. HIGHWAY 36  & COMMERCIAL DRIVE,Vehicle,RAN OFF ROAD,OTHER (DRIVER) - EXPLAIN IN NARRATIVE,SSI,DAYLIGHT,CLEAR,DRY,False,39.7638130187988,-86.3353729248047
904168219,2022,2022-10-24,Marion,Indianapolis,E 16TH ST,Vehicle,RAN OFF ROAD,ANIMAL/OBJECT IN ROADWAY,SSI,DARK (LIGHTED),CLEAR,DRY,False,39.7895126342773,-85.9944458007813
904141939,2022,2022-10-25,Marion,Indianapolis,I-65,Vehicle,REAR END,FOLLOWING TOO CLOSELY,SSI,DARK (NOT LIGHTED),RAIN,WET,True,39.6602325439453,-86.0816421508789
904151145,2022,2022-10-26,Marion,Indianapolis,N SHADELAND AVE  & FALL CREEK RD N,Vehicle,REAR END,UNSAFE SPEED,Fatal,DARK (LIGHTED),CLOUDY,DRY,False,39.8695030212402,-86.0456008911133
904158492,2022,2022-10-26,Marion,Indianapolis,16TH ST & TIBBS AVE,Pedestrian,LEFT TURN,DRIVER DISTRACTED - EXPLAIN IN NARRATIVE,SSI,DAYLIGHT,CLEAR,DRY,False,39.7878303527832,-86.2158203125
904143422,2022,2022-10-27,Marion,Indianapolis,I- 74,Pedalcycle,SAME DIRECTION SIDESWIPE,UNSAFE SPEED,SSI,DAYLIGHT,CLEAR,DRY,True,39.6986999511719,-85.9924926757813
904146688,2022,2022-10-27,Marion,Indianapolis,I- 465,Vehicle,REAR END,FOLLOWING TOO CLOSELY,SSI,DAYLIGHT,CLEAR,DRY,True,39.9247169494629,-86.1238403320313
904146837,2022,2022-10-27,Marion,Indianapolis,I-74,Vehicle,RAN OFF ROAD,OTHER (DRIVER) - EXPLAIN IN NARRATIVE,SSI,DAYLIGHT,CLEAR,DRY,True,39.670166015625,-85.9542388916016
904144371,2022,2022-10-28,Hancock,,W US HWY 40,Vehicle,REAR END,UNSAFE LANE MOVEMENT,SSI,DAYLIGHT,CLEAR,DRY,False,39.7810974121094,-85.8585433959961
904144505,2022,2022-10-28,Marion,Indianapolis,86TH ST & BASH ST,Vehicle,REAR END,DRIVER ILLNESS,SSI,DARK (LIGHTED),CLEAR,DRY,False,39.9123764038086,-86.1578979492188
904145224,2022,2022-10-28,Marion,Indianapolis,N PENNSYLVANIA ST  & E 9TH ST,Vehicle,RAN OFF ROAD,OVERCORRECTING/OVERSTEERING,SSI,DARK (LIGHTED),CLEAR,DRY,False,39.7793006896973,-86.1558609008789
904144009,2022,2022-10-29,Johnson,,STATE RD 44  & HOSPITAL RD,Vehicle,RAN OFF ROAD,OTHER (DRIVER) - EXPLAIN IN NARRATIVE,SSI,DAYLIGHT,CLEAR,DRY,False,39.4736213684082,-86.1028671264648
904145436,2022,2022-10-29,Hamilton,Carmel,W 116TH ST & DITCH RD,Vehicle,RAN OFF ROAD,RAN OFF ROAD RIGHT,SSI,DARK (LIGHTED),CLEAR,DRY,False,39.9559211730957,-86.1840972900391
904148617,2022,2022-10-29,Hancock,Greenfield,E MAIN ST  & 400E,Vehicle,RAN OFF ROAD,OVERCORRECTING/OVERSTEERING,Fatal,DARK (NOT LIGHTED),CLEAR,DRY,False,39.7871284484863,-85.7273483276367
904144301,2022,2022-10-30,Hamilton,Westfield,GRASSY BRANCH RD & 196TH ST,Vehicle,RIGHT ANGLE,DISREGARD SIGNAL/REG SIGN,SSI,DAYLIGHT,CLOUDY,DRY,False,40.0722503662109,-86.1092758178711
904144346,2022,2022-10-30,Boone,,I-65,Vehicle,REAR END,FOLLOWING TOO CLOSELY,SSI,DAYLIGHT,CLOUDY,WET,True,40.1546859741211,-86.5390548706055
904144556,2022,2022-10-30,Marion,Indianapolis,QTA RD  & COLONEL H WEIR COOK MEMORIAL D,Vehicle,RAN OFF ROAD,ROADWAY SURFACE CONDITION,SSI,DAYLIGHT,RAIN,WET,False,39.7150688171387,-86.3010559082031
904147503,2022,2022-10-30,Marion,Indianapolis,I- 465,Vehicle,RAN OFF ROAD,OVERCORRECTING/OVERSTEERING,SSI,DARK (NOT LIGHTED),CLOUDY,DRY,True,39.6995887756348,-86.1529693603516
904155759,2022,2022-10-30,Marion,Indianapolis,W 16TH ST  & SHARON AVE,Pedestrian,OTHER - EXPLAIN IN NARRATIVE,PEDESTRIAN ACTION,Fatal,DARK (LIGHTED),RAIN,WET,False,39.7879180908203,-86.2084426879883
904145695,2022,2022-10-31,Marion,Indianapolis,KESSLER BLVD N DR & LAFAYETTE RD,Vehicle,RIGHT ANGLE,FAILURE TO YIELD RIGHT OF WAY,Fatal,DAYLIGHT,RAIN,WET,False,39.8002738952637,-86.2109375
904146019,2022,2022-10-31,Hamilton,SHERIDAN(HAMILTON),MULE BARN RD  & SHADETREE LN,Vehicle,RAN OFF ROAD,DRIVER ILLNESS,SSI,DAYLIGHT,RAIN,WET,False,40.1239013671875,-86.2230529785156
904146340,2022,2022-10-31,Marion,Indianapolis,S MERIDIAN ST,Vehicle,RAN OFF ROAD,FAILURE TO MAINTAIN LANE,SSI,DARK (LIGHTED),CLEAR,DRY,False,39.7469596862793,-86.159065246582
904147002,2022,2022-10-31,Marion,Indianapolis,I-465,Vehicle,OTHER - EXPLAIN IN NARRATIVE,SPEED TOO FAST FOR WEATHER CONDITIONS,Fatal,DAYLIGHT,RAIN,WET,True,39.865364074707,-86.2723999023438
904146417,2022,2022-11-01,Marion,Indianapolis,TROWBRIDGE ST & ENGLISH AVE,Vehicle,RIGHT ANGLE,FAILURE TO YIELD RIGHT OF WAY,SSI,DAYLIGHT,CLEAR,DRY,False,39.7597846984863,-86.1199645996094
904147039,2022,2022-11-01,Marion,Indianapolis,W WASHINGTON ST  & S FLEMING ST,Vehicle,SAME DIRECTION SIDESWIPE,FAILURE TO YIELD RIGHT OF WAY,SSI,DARK (LIGHTED),CLEAR,DRY,False,39.7569808959961,-86.2367858886719
904149945,2022,2022-11-01,Marion,Indianapolis,I- 465,Vehicle,REAR END,OTHER (DRIVER) - EXPLAIN IN NARRATIVE,SSI,DAWN/DUSK,CLEAR,DRY,True,39.9169731140137,-86.0973434448242
904147423,2022,2022-11-02,Boone,Lebanon,65,Vehicle,REAR END,OTHER (DRIVER) - EXPLAIN IN NARRATIVE,Fatal,DAWN/DUSK,CLEAR,DRY,False,40.0457382202148,-86.4878540039063
904148557,2022,2022-11-02,Marion,Indianapolis,MADISON AVE  & E MARKWOOD AVE,Pedestrian,NON-COLLISION,PEDESTRIAN ACTION,Fatal,DARK (NOT LIGHTED),CLEAR,DRY,False,39.7032852172851,-86.1402053833008
904148332,2022,2022-11-03,Marion,Indianapolis,KEYSTONE AVE & 75TH ST,Vehicle,RIGHT ANGLE,FAILURE TO YIELD RIGHT OF WAY,SSI,DAYLIGHT,CLEAR,DRY,False,39.7978401184082,-86.1165924072265
904148454,2022,2022-11-03,Marion,Indianapolis,E 12TH ST  & N RURAL ST,Vehicle,HEAD ON BETWEEN TWO MOTOR VEHICLES,LEFT OF CENTER,SSI,DAYLIGHT,CLEAR,DRY,False,39.7836761474609,-86.1167831420899
904148677,2022,2022-11-03,Hamilton,Carmel,W MAIN ST & GUILFORD RD,Vehicle,REAR END,FOLLOWING TOO CLOSELY,SSI,DAYLIGHT,CLEAR,DRY,False,39.9780006408691,-86.1412506103516
904155965,2022,2022-11-03,Johnson,Greenwood,SMITH VALLEY ROAD,Vehicle,RAN OFF ROAD,UNSAFE SPEED,SSI,DARK (NOT LIGHTED),CLEAR,DRY,False,39.6059455871582,-86.1539916992187
904148694,2022,2022-11-04,Johnson,Franklin,N MORTON ST  & MALLORY PKWY,Vehicle,RIGHT ANGLE,DISREGARD SIGNAL/REG SIGN,SSI,DAYLIGHT,CLEAR,DRY,False,39.487678527832,-86.0642013549805
904149902,2022,2022-11-04,Johnson,Greenwood,W STATE RD 135  & SOMERSET BLVD,Vehicle,OTHER - EXPLAIN IN NARRATIVE,OTHER (VEHICLE) - EXPLAIN IN NARRATIVE,SSI,DAYLIGHT,CLEAR,DRY,False,39.5548782348633,-86.1586837768555
904150043,2022,2022-11-04,Marion,Indianapolis,N POST RD & 16TH ST,Vehicle,OTHER - EXPLAIN IN NARRATIVE,OTHER (DRIVER) - EXPLAIN IN NARRATIVE,SSI,DARK (LIGHTED),CLEAR,DRY,False,39.7893447875977,-86.0092926025391
904157359,2022,2022-11-04,Marion,Indianapolis,E MICHIGAN ST  & N COLORADO AVE,Pedalcycle,NON-COLLISION,FAILURE TO YIELD RIGHT OF WAY,SSI,DARK (LIGHTED),CLEAR,DRY,False,39.7747611999512,-86.0950393676758
904160685,2022,2022-11-04,Marion,Indianapolis,S PERIMETER RD,Pedestrian,COLLISION WITH OBJECT IN ROAD,ANIMAL/OBJECT IN ROADWAY,SSI,DARK (LIGHTED),CLEAR,DRY,False,39.7133560180664,-86.2668991088867
904148923,2022,2022-11-05,Marion,Lawrence,I465,Pedestrian,SAME DIRECTION SIDESWIPE,PEDESTRIAN ACTION,SSI,DARK (LIGHTED),CLEAR,DRY,True,39.8349189758301,-86.0370178222656
904150108,2022,2022-11-05,Marion,Indianapolis,800 NORTH WHITE RIVER PKWY DR & 10TH ST,Vehicle,OTHER - EXPLAIN IN NARRATIVE,UNSAFE SPEED,SSI,DAYLIGHT,RAIN,WET,False,39.7802085876465,-86.1908798217774
904156086,2022,2022-11-05,Marion,Indianapolis,I-70,Pedestrian,OTHER - EXPLAIN IN NARRATIVE,PEDESTRIAN ACTION,SSI,DARK (NOT LIGHTED),CLEAR,DRY,True,39.7560386657715,-86.1963882446289
904149721,2022,2022-11-06,Hendricks,Plainfield,E MAIN ST  & W WASHINGTON ST,Vehicle,LEFT TURN,DISREGARD SIGNAL/REG SIGN,SSI,DAYLIGHT,CLEAR,DRY,False,39.7293281555176,-86.3279876708984
904151160,2022,2022-11-07,Hendricks,,E MAIN ST  & MARDALE DR,Vehicle,REAR END,FOLLOWING TOO CLOSELY,SSI,DAYLIGHT,CLEAR,DRY,False,39.8473815917969,-86.4093856811523
904154177,2022,2022-11-07,Hendricks,Plainfield,6 POINTS RD,Vehicle,LEFT/RIGHT TURN,UNSAFE LANE MOVEMENT,SSI,DAYLIGHT,CLEAR,DRY,False,39.7147178649902,-86.3347396850586
904157301,2022,2022-11-07,Marion,Indianapolis,I-465,Vehicle,REAR END,FOLLOWING TOO CLOSELY,SSI,DARK (NOT LIGHTED),CLEAR,DRY,True,39.7017402648926,-86.1635971069336
904152649,2022,2022-11-08,Hendricks,LIZTON,US HWY 136  & N CO RD 475 W,Vehicle,RAN OFF ROAD,OTHER (DRIVER) - EXPLAIN IN NARRATIVE,SSI,DARK (NOT LIGHTED),CLEAR,DRY,False,39.9192962646484,-86.6130065917969
904167029,2022,2022-11-08,Marion,Indianapolis,I-70,Vehicle,REAR END,FOLLOWING TOO CLOSELY,SSI,DARK (NOT LIGHTED),CLEAR,DRY,True,39.7450675964355,-86.2373275756836
904152163,2022,2022-11-09,Hendricks,Avon,W 10TH ST  & RONALD REAGAN PKWY,Vehicle,HEAD ON BETWEEN TWO MOTOR VEHICLES,FAILURE TO YIELD RIGHT OF WAY,SSI,DARK (LIGHTED),CLEAR,DRY,False,39.7783546447754,-86.343505859375
904152345,2022,2022-11-09,Shelby,WALDRON,E MICHIGAN RD  & E 425 S,Vehicle,RAN OFF ROAD,FAILURE TO MAINTAIN LANE,SSI,DAYLIGHT,CLEAR,DRY,False,39.4652938842773,-85.6565780639648
904155444,2022,2022-11-09,Marion,Indianapolis,I-70,Vehicle,RAN OFF ROAD,UNSAFE LANE MOVEMENT,SSI,DARK (NOT LIGHTED),CLEAR,DRY,True,39.7979736328125,-86.1086120605469
904155536,2022,2022-11-09,Marion,Indianapolis,I-70,Vehicle,REAR END,OTHER (DRIVER) - EXPLAIN IN NARRATIVE,Fatal,DARK (NOT LIGHTED),CLEAR,DRY,True,39.7979507446289,-86.1085433959961
904156041,2022,2022-11-09,Hancock,Greenfield,N STATE RD 9  & US 40,Pedestrian,LEFT TURN,DISREGARD SIGNAL/REG SIGN,SSI,DARK (LIGHTED),CLEAR,DRY,False,39.7852554321289,-85.7693557739258
904152879,2022,2022-11-10,Marion,Indianapolis,N DEVON AVE  & E 10TH ST,Pedestrian,SAME DIRECTION SIDESWIPE,IMPROPER PASSING,SSI,DAWN/DUSK,CLEAR,DRY,False,39.7818908691406,-86.021354675293
904156572,2022,2022-11-10,Morgan,Mooresville,STATE RD 42  & LOCKERBIE ST,Vehicle,OTHER - EXPLAIN IN NARRATIVE,UNSAFE SPEED,SSI,DAYLIGHT,CLEAR,DRY,False,39.6084861755371,-86.3821716308594
904158867,2022,2022-11-10,Hancock,FORTVILLE,E BROADWAY ST  & N OHIO ST,Pedestrian,OTHER - EXPLAIN IN NARRATIVE,PEDESTRIAN ACTION,SSI,DAYLIGHT,CLEAR,DRY,False,39.9366607666016,-85.8396148681641
904153776,2022,2022-11-12,Boone,,E SR 47,Vehicle,RAN OFF ROAD,SPEED TOO FAST FOR WEATHER CONDITIONS,SSI,DAYLIGHT,SNOW,SNOW/SLUSH,False,40.1283226013184,-86.3118209838867
904154884,2022,2022-11-12,Morgan,MARTINSVILLE,STATE RD 37,Vehicle,OTHER - EXPLAIN IN NARRATIVE,SPEED TOO FAST FOR WEATHER CONDITIONS,SSI,DAYLIGHT,SNOW,SNOW/SLUSH,False,39.3810691833496,-86.4716567993164
904155805,2022,2022-11-12,Marion,Indianapolis,N DEQUINCY ST  & E 10TH ST,Vehicle,HEAD ON BETWEEN TWO MOTOR VEHICLES,LEFT OF CENTER,SSI,DARK (LIGHTED),CLOUDY,DRY,False,39.7815017700195,-86.0874710083008
904157258,2022,2022-11-12,Marion,Indianapolis,I-465,Vehicle,RAN OFF ROAD,UNSAFE LANE MOVEMENT,SSI,DAWN/DUSK,CLOUDY,DRY,True,39.8630523681641,-86.0472793579101
904157308,2022,2022-11-13,Marion,Indianapolis,I-465,Vehicle,REAR END,UNSAFE SPEED,Fatal,DARK (NOT LIGHTED),CLEAR,DRY,True,39.7009506225586,-86.1671905517578
904157314,2022,2022-11-13,Hamilton,Carmel,I-465,Vehicle,NON-COLLISION,FAILURE TO MAINTAIN LANE,SSI,DARK (NOT LIGHTED),CLEAR,DRY,True,39.9300422668457,-86.1696624755859
904155456,2022,2022-11-14,Marion,Indianapolis,MASSACHUSETTS AVE & GALE ST,Vehicle,LEFT TURN,FAILURE TO YIELD RIGHT OF WAY,SSI,DARK (LIGHTED),CLEAR,DRY,False,39.7992477416992,-86.1059875488281
904155746,2022,2022-11-14,Marion,Indianapolis,NORTH SHADELAND AVE,Vehicle,REAR END,IMPROPER LANE USAGE,SSI,DAYLIGHT,CLEAR,DRY,False,39.7742614746094,-86.0470275878906
904161527,2022,2022-11-14,Marion,Indianapolis,N ACCESS RD  & QTA RD,Vehicle,LEFT TURN,FAILURE TO YIELD RIGHT OF WAY,SSI,DARK (LIGHTED),CLOUDY,WET,False,39.7138214111328,-86.3062210083008
904156459,2022,2022-11-15,Hamilton,Fishers,ALLISONVILLE RD  & 96TH ST.,Vehicle,OTHER - EXPLAIN IN NARRATIVE,DISREGARD SIGNAL/REG SIGN,SSI,DARK (LIGHTED),CLEAR,DRY,False,39.9269790649414,-86.0660400390625
904157206,2022,2022-11-15,Morgan,MARTINSVILLE,STATE RD 39  & MORTON AVE,Vehicle,HEAD ON BETWEEN TWO MOTOR VEHICLES,OTHER (DRIVER) - EXPLAIN IN NARRATIVE,SSI,DAWN/DUSK,RAIN,WET,False,39.4159355163574,-86.4333648681641
904157207,2022,2022-11-15,Hendricks,NORTH SALEM,N STATE RD 75  & W CO RD 900 N,Vehicle,RAN OFF ROAD,OTHER (DRIVER) - EXPLAIN IN NARRATIVE,SSI,DAYLIGHT,SLEET/HAIL/FREEZING RAIN,WET,False,39.8938217163086,-86.6346664428711
904239359,2023,2023-03-08,Morgan,PARAGON,SR 67   & OLD SR 67,Vehicle,HEAD ON BETWEEN TWO MOTOR VEHICLES,LEFT OF CENTER,SSI,DAWN/DUSK,CLEAR,DRY,False,39.3855133056641,-86.587272644043
904245018,2023,2023-03-08,Marion,Indianapolis,I 70,Vehicle,SAME DIRECTION SIDESWIPE,UNSAFE LANE MOVEMENT,SSI,DAYLIGHT,CLEAR,DRY,True,39.7911376953125,-86.1259765625
904307787,2023,2023-07-06,Marion,Indianapolis,KENTUCKY AVE  & W HANNA AVE,Vehicle,RAN OFF ROAD,OTHER (DRIVER) - EXPLAIN IN NARRATIVE,Fatal,DARK (LIGHTED),CLOUDY,DRY,False,39.706241607666,-86.2557830810547
904275248,2023,2023-05-09,Hancock,,9,Vehicle,RIGHT ANGLE,FAILURE TO YIELD RIGHT OF WAY,Fatal,DARK (NOT LIGHTED),CLEAR,DRY,False,39.8503379821777,-85.7699813842773
904237922,2023,2023-03-09,Marion,Indianapolis,FRANKLIN RD & BRAMBLEBERRY DR,Vehicle,HEAD ON BETWEEN TWO MOTOR VEHICLES,IMPROPER LANE USAGE,SSI,DAWN/DUSK,CLEAR,DRY,False,39.7059097290039,-86.018928527832
904308386,2023,2023-07-06,Morgan,MARTINSVILLE,SR 44  & CENTENNIAL RD,Vehicle,RIGHT ANGLE,FAILURE TO YIELD RIGHT OF WAY,SSI,DAYLIGHT,CLEAR,DRY,False,39.4391555786133,-86.3501129150391
904260342,2023,2023-04-10,Marion,Indianapolis,W RAYMOND ST  & OLD RAYMOND ST,Vehicle,SAME DIRECTION SIDESWIPE,UNSAFE LANE MOVEMENT,SSI,DAYLIGHT,CLEAR,DRY,False,39.7368392944336,-86.1645431518555
904293594,2023,2023-06-06,Marion,Indianapolis,I 465,Vehicle,REAR END,OTHER (DRIVER) - EXPLAIN IN NARRATIVE,SSI,DAYLIGHT,CLEAR,DRY,True,39.8966102600098,-86.2695465087891
904184981,2022,2022-12-28,Marion,Indianapolis,MASSACHUSETTS AVE  & E 33RD ST,Vehicle,RAN OFF ROAD,FAILURE TO MAINTAIN LANE,SSI,DARK (NOT LIGHTED),CLEAR,WET,False,39.8141746520996,-86.0767517089844
904256500,2023,2023-04-11,Hancock,McCordsville,WEST 650 NORTH  & NORTH 700 WEST,Vehicle,RIGHT ANGLE,DISREGARD SIGNAL/REG SIGN,SSI,DAYLIGHT,CLEAR,DRY,False,39.8770294189453,-85.938102722168
904289740,2023,2023-06-07,Hamilton,Fishers,126TH ST  & FORD DRIVE,Vehicle,RIGHT TURN,OTHER (DRIVER) - EXPLAIN IN NARRATIVE,SSI,DAYLIGHT,CLOUDY,DRY,False,39.9715919494629,-86.0059356689453
904115763,2022,2022-09-18,Marion,Indianapolis,EMERSON AVE  & EHLER DR,Vehicle,HEAD ON BETWEEN TWO MOTOR VEHICLES,LEFT OF CENTER,Fatal,DARK (LIGHTED),CLEAR,DRY,False,39.647029876709,-86.0826034545898
904256567,2023,2023-04-11,Morgan,MONROVIA,S CHESTNUT ST  & CHESTNUT ST,Vehicle,HEAD ON BETWEEN TWO MOTOR VEHICLES,FAILURE TO MAINTAIN LANE,SSI,DAYLIGHT,CLEAR,DRY,False,39.5718765258789,-86.4793243408203
904256931,2023,2023-04-11,Morgan,Mooresville,SR 144  & WENDY'S,Vehicle,RIGHT ANGLE,FAILURE TO YIELD RIGHT OF WAY,SSI,DAYLIGHT,CLEAR,DRY,False,39.6062812805176,-86.3637161254883
904257103,2023,2023-04-12,Boone,JAMESTOWN(BOONE),CR 750   & CR 500,Vehicle,RIGHT ANGLE,DISREGARD SIGNAL/REG SIGN,SSI,DAWN/DUSK,CLEAR,DRY,False,39.9299659729004,-86.5627059936523
904258090,2023,2023-04-12,Marion,Indianapolis,KESSLER BLVD & PARKER AVE,Vehicle,RIGHT ANGLE,OTHER (DRIVER) - EXPLAIN IN NARRATIVE,SSI,DAYLIGHT,CLEAR,DRY,False,39.8623352050781,-86.1141204833984
904258348,2023,2023-04-12,Marion,Indianapolis,46TH ST  & BROWN RD,Pedestrian,OTHER - EXPLAIN IN NARRATIVE,PEDESTRIAN ACTION,Fatal,DARK (NOT LIGHTED),CLEAR,DRY,False,39.8402557373047,-86.0932159423828
904260627,2023,2023-04-12,Marion,Indianapolis,I-465,Vehicle,REAR END,FOLLOWING TOO CLOSELY,SSI,DAYLIGHT,CLEAR,DRY,True,39.6991577148437,-86.1743621826172
904257206,2023,2023-04-13,Marion,Indianapolis,OAKLANDON ROAD  & FOX ROAD,Vehicle,RAN OFF ROAD,OTHER (DRIVER) - EXPLAIN IN NARRATIVE,SSI,DARK (LIGHTED),CLEAR,DRY,False,39.904842376709,-85.9572067260742
904257594,2023,2023-04-13,Marion,Indianapolis,MICHIGAN RD & DOUBLE TREE BLVD,Vehicle,HEAD ON BETWEEN TWO MOTOR VEHICLES,FAILURE TO YIELD RIGHT OF WAY,SSI,DAYLIGHT,CLEAR,DRY,False,39.9054412841797,-86.2196960449219
904260702,2023,2023-04-13,Marion,Indianapolis,I 70,Vehicle,OTHER - EXPLAIN IN NARRATIVE,TIRE FAILURE OR DEFECTIVE,SSI,DAYLIGHT,CLEAR,DRY,True,39.7990837097168,-86.0319213867188
904261120,2023,2023-04-13,Hendricks,,ROCKVILLE RD  & S CO RD 200 E,Vehicle,REAR END,DRIVER ASLEEP OR FATIGUED,SSI,DARK (NOT LIGHTED),CLEAR,DRY,False,39.7569770812988,-86.4863510131836
904258478,2023,2023-04-14,Johnson,TRAFALGAR,SR 135  & CR 500 WEST,Vehicle,HEAD ON BETWEEN TWO MOTOR VEHICLES,FAILURE TO YIELD RIGHT OF WAY,Fatal,DAYLIGHT,CLEAR,DRY,False,39.4000053405762,-86.195930480957
904258508,2023,2023-04-14,Marion,Indianapolis,E 46TH ST  & ARLINGTON RD,Vehicle,SAME DIRECTION SIDESWIPE,DISREGARD SIGNAL/REG SIGN,SSI,DAYLIGHT,CLEAR,DRY,False,39.8403434753418,-86.065071105957
904260288,2023,2023-04-14,Hamilton,Noblesville,SR37 & PLEASANT ST,Vehicle,OTHER - EXPLAIN IN NARRATIVE,OTHER (DRIVER) - EXPLAIN IN NARRATIVE,SSI,DAYLIGHT,CLEAR,DRY,False,40.0392303466797,-85.9955062866211