id,year,date,county,city,cross_street,crash_type,manner,primary_factor,ssi_fatal,light,weather,surface,interstate,lat,lon
904260353,2023,2023-04-14,Hamilton,Noblesville,SR19 & FIELD DR,Vehicle,SAME DIRECTION SIDESWIPE,IMPROPER PASSING,SSI,DAWN/DUSK,CLEAR,DRY,False,40.0589752197265,-86.0166244506836
904263619,2023,2023-04-14,Hamilton,Fishers,SOUTHEASTERN PARKWAY   & JACK WALKER LANE,Vehicle,RAN OFF ROAD,UNSAFE SPEED,Fatal,DARK (NOT LIGHTED),CLEAR,DRY,False,39.9869079589844,-85.9132843017578
904259399,2023,2023-04-15,Morgan,MARTINSVILLE,I-69 NB,Vehicle,RAN OFF ROAD,OTHER (VEHICLE) - EXPLAIN IN NARRATIVE,Fatal,DAYLIGHT,CLEAR,DRY,True,39.4496269226074,-86.3855667114258
904260395,2023,2023-04-15,Morgan,MARTINSVILLE,MAIN STREET  & DOUGLAS STREET,Vehicle,LEFT TURN,FAILURE TO YIELD RIGHT OF WAY,SSI,DAYLIGHT,CLEAR,DRY,False,39.4342079162598,-86.4287338256836
904260633,2023,2023-04-15,Marion,Indianapolis,N DELAWARE ST  & E 14TH ST,Pedestrian,NON-COLLISION,PEDESTRIAN ACTION,SSI,DARK (LIGHTED),CLEAR,DRY,False,39.7854537963867,-86.1539764404297
904260636,2023,2023-04-15,Marion,Indianapolis,38TH ST & GEORGETOWN RADL,Vehicle,REAR END,FOLLOWING TOO CLOSELY,SSI,DAYLIGHT,CLEAR,DRY,False,39.7639350891113,-86.1550064086914
904261925,2023,2023-04-15,Marion,Indianapolis,I 74,Vehicle,SAME DIRECTION SIDESWIPE,UNSAFE LANE MOVEMENT,SSI,DARK (LIGHTED),CLEAR,DRY,True,39.814697265625,-86.2948760986328
904267110,2023,2023-04-15,Boone,Lebanon,I 65,Vehicle,COLLISION WITH OBJECT IN ROAD,DRIVER ILLNESS,SSI,DAYLIGHT,CLEAR,DRY,True,40.0335083007813,-86.4706726074219
904259787,2023,2023-04-16,Marion,Indianapolis,CARSON AVE & BOYD AVE,Vehicle,RIGHT ANGLE,FAILURE TO YIELD RIGHT OF WAY,SSI,DAYLIGHT,CLEAR,WET,False,39.7203025817871,-86.1342849731445
904260362,2023,2023-04-16,Marion,Indianapolis,W WASHINGTON ST  & S LYNHURST DR,Vehicle,RAN OFF ROAD,FAILURE TO MAINTAIN LANE,SSI,DAWN/DUSK,CLEAR,DRY,False,39.7529487609863,-86.2499542236328
904261960,2023,2023-04-16,Marion,Indianapolis,N POST RD  & E 42ND ST,Vehicle,OTHER - EXPLAIN IN NARRATIVE,OTHER (DRIVER) - EXPLAIN IN NARRATIVE,Fatal,DARK (NOT LIGHTED),CLOUDY,WET,False,39.8326568603516,-86.0100402832031
904271768,2023,2023-04-16,Marion,Indianapolis,39TH PLACE  & N POST RD,Vehicle,LEFT TURN,FAILURE TO YIELD RIGHT OF WAY,SSI,DARK (NOT LIGHTED),CLEAR,DRY,False,39.8286590576172,-86.0099411010742
904184820,2022,2022-12-29,Hamilton,Westfield,US31N,Pedestrian,OTHER - EXPLAIN IN NARRATIVE,PEDESTRIAN ACTION,SSI,DARK (NOT LIGHTED),CLEAR,DRY,False,40.0941467285156,-86.1279144287109
904273594,2023,2023-05-10,Marion,Indianapolis,W 10TH ST  & WESTPORT LN,Vehicle,LEFT TURN,FAILURE TO YIELD RIGHT OF WAY,SSI,DAYLIGHT,CLEAR,DRY,False,39.778865814209,-86.3124160766602
904312106,2023,2023-07-06,Marion,Speedway,UNSER BLVD  & FOYT DR,Vehicle,OTHER - EXPLAIN IN NARRATIVE,OTHER (DRIVER) - EXPLAIN IN NARRATIVE,SSI,DAYLIGHT,CLEAR,DRY,False,39.7900505065918,-86.2685928344727
904238309,2023,2023-03-09,Marion,Indianapolis,OLNEY ST & 62ND ST,Pedestrian,OTHER - EXPLAIN IN NARRATIVE,DISREGARD SIGNAL/REG SIGN,SSI,DARK (LIGHTED),RAIN,WET,False,39.8686981201172,-86.1078872680664
904260206,2023,2023-04-17,Marion,Indianapolis,STOP 11 RD & MCFARLAND LN,Vehicle,LEFT TURN,FAILURE TO YIELD RIGHT OF WAY,Fatal,DAYLIGHT,CLOUDY,DRY,False,39.6511268615723,-86.0845413208008
904260394,2023,2023-04-17,Shelby,SHELBYVILLE,W. STATE ROAD 44  & ST. JOSEPH ST.,Vehicle,OPPOSITE DIRECTION SIDESWIPE,FAILURE TO MAINTAIN LANE,Fatal,DAYLIGHT,CLOUDY,DRY,False,39.5085296630859,-85.7972259521484
904263831,2023,2023-04-19,Hamilton,,SR 19  & 196 ST,Vehicle,RIGHT ANGLE,DRIVER ILLNESS,SSI,DAYLIGHT,CLEAR,DRY,False,40.0728187561035,-86.0146636962891
904264733,2023,2023-04-19,Marion,Indianapolis,I70,Vehicle,RAN OFF ROAD,OTHER (DRIVER) - EXPLAIN IN NARRATIVE,SSI,DAYLIGHT,CLEAR,DRY,True,39.7976150512695,-86.1165237426758
904261929,2023,2023-04-20,Marion,Indianapolis,96TH STREET  & HAGUE RD,Vehicle,RIGHT ANGLE,DISREGARD SIGNAL/REG SIGN,SSI,DAYLIGHT,CLEAR,DRY,False,39.9271430969238,-86.0329971313477
904262176,2023,2023-04-20,Johnson,Greenwood,97.2,Vehicle,RAN OFF ROAD,TIRE FAILURE OR DEFECTIVE,SSI,DAWN/DUSK,CLEAR,DRY,False,39.5854072570801,-86.0625152587891
904262272,2023,2023-04-20,Hancock,,FORTVILLE PIKE  & CR 600 NORTH,Vehicle,RIGHT ANGLE,DISREGARD SIGNAL/REG SIGN,SSI,DAYLIGHT,CLEAR,DRY,False,39.8713264465332,-85.8231430053711
904262869,2023,2023-04-20,Marion,Indianapolis,E THOMPSON RD  & FOX WAY,Vehicle,RIGHT ANGLE,DISREGARD SIGNAL/REG SIGN,SSI,DAYLIGHT,CLEAR,DRY,False,39.6947135925293,-86.0763778686523
904263479,2023,2023-04-20,Boone,,N US 52  & W 700 N,Vehicle,RAN OFF ROAD,DRIVER ASLEEP OR FATIGUED,SSI,DAYLIGHT,CLOUDY,DRY,False,40.1394157409668,-86.5754699707031
904263952,2023,2023-04-20,Hendricks,CLAYTON,CR 750 S  & CR 275 E,Vehicle,RAN OFF ROAD,OTHER (DRIVER) - EXPLAIN IN NARRATIVE,SSI,DAYLIGHT,CLEAR,DRY,False,39.6516265869141,-86.4695434570313
904262368,2023,2023-04-21,Marion,Indianapolis,LAFAYETTE RD & OFFICE PLAZA BLVD,Vehicle,LEFT TURN,FAILURE TO YIELD RIGHT OF WAY,SSI,DAYLIGHT,RAIN,WET,False,39.831413269043,-86.2424011230469
904262652,2023,2023-04-22,Boone,Zionsville,US 421  & WILLOW RD,Pedestrian,OTHER - EXPLAIN IN NARRATIVE,OTHER (ENVIRONMENTAL) - EXPLAIN IN NARR,Fatal,DARK (NOT LIGHTED),CLOUDY,WET,False,39.9751968383789,-86.2534255981445
904262674,2023,2023-04-22,Johnson,,E 400 S,Vehicle,OTHER - EXPLAIN IN NARRATIVE,OVERCORRECTING/OVERSTEERING,Fatal,DARK (NOT LIGHTED),CLOUDY,WET,False,39.4197731018066,-85.9794845581055
904263396,2023,2023-04-22,Morgan,Mooresville,STATE ROAD 67  & MERRIMAN ROAD,Vehicle,RIGHT ANGLE,FAILURE TO YIELD RIGHT OF WAY,SSI,DAYLIGHT,CLOUDY,DRY,False,39.5653266906738,-86.3782272338867
904263512,2023,2023-04-22,Marion,Speedway,4640 COSSELL RD,Vehicle,RAN OFF ROAD,UNSAFE SPEED,SSI,DARK (NOT LIGHTED),CLEAR,DRY,False,39.7780990600586,-86.2440567016602
904264728,2023,2023-04-22,Marion,Speedway,N LYNHURST DR,Pedestrian,REAR END,OTHER (DRIVER) - EXPLAIN IN NARRATIVE,SSI,DAYLIGHT,CLOUDY,DRY,False,39.7853202819824,-86.2507476806641
904263540,2023,2023-04-23,Marion,Indianapolis,82ND ST & CENTTER RUN RD,Vehicle,RAN OFF ROAD,RAN OFF ROAD RIGHT,SSI,DARK (LIGHTED),CLEAR,DRY,False,39.9052696228027,-86.0580062866211
904264218,2023,2023-04-24,Marion,Indianapolis,CLARENDON RD  & W 42ND ST,Vehicle,REAR END,DRIVER ASLEEP OR FATIGUED,SSI,DARK (NOT LIGHTED),CLEAR,DRY,False,39.8320083618164,-86.1712493896484
904269610,2023,2023-04-24,Marion,Indianapolis,I465 NORTH BOUND,Vehicle,REAR END,DRIVER DISTRACTED - EXPLAIN IN NARRATIVE,SSI,DAYLIGHT,CLOUDY,DRY,True,39.831657409668,-86.0356674194336
904265444,2023,2023-04-25,Marion,Beech Grove,2ND AVE AND ALBANY ST,Pedalcycle,OTHER - EXPLAIN IN NARRATIVE,FAILURE TO YIELD RIGHT OF WAY,SSI,DAYLIGHT,CLEAR,DRY,False,39.7236289978027,-86.0838088989258
904265581,2023,2023-04-25,Hamilton,Noblesville,10TH ST & CARBON ST,Vehicle,HEAD ON BETWEEN TWO MOTOR VEHICLES,LEFT OF CENTER,SSI,DAYLIGHT,CLEAR,DRY,False,40.0267028808594,-86.0119705200195
904265823,2023,2023-04-26,Marion,Indianapolis,ROCKVILLE RD & COUNTRY VILLAGE DR,Vehicle,REAR END,FOLLOWING TOO CLOSELY,SSI,DAYLIGHT,CLEAR,DRY,False,39.7641563415527,-86.3039169311523
904268547,2023,2023-04-26,Marion,Indianapolis,STATE ROAD 37 RD & BLUFF RD,Vehicle,SAME DIRECTION SIDESWIPE,FAILURE TO YIELD RIGHT OF WAY,SSI,DAYLIGHT,CLEAR,DRY,False,39.6416473388672,-86.2029876708984
904265475,2023,2023-04-27,Hancock,Greenfield,COUNTY ROAD 300 N  & FORTVILLE PIKE,Vehicle,HEAD ON BETWEEN TWO MOTOR VEHICLES,CELL PHONE USAGE,SSI,DAYLIGHT,CLEAR,DRY,False,39.8281555175781,-85.8025436401367
904265558,2023,2023-04-27,Johnson,Greenwood,I-65,Pedestrian,OTHER - EXPLAIN IN NARRATIVE,PEDESTRIAN ACTION,Fatal,DAYLIGHT,CLOUDY,DRY,True,39.5725440979004,-86.0561981201172
904265680,2023,2023-04-27,Boone,,SR 47,Vehicle,RAN OFF ROAD,FAILURE TO MAINTAIN LANE,Fatal,DARK (NOT LIGHTED),CLEAR,DRY,False,40.1274452209473,-86.5790634155273
904267909,2023,2023-04-27,Morgan,Mooresville,BRIDGE ST  & FIELDS ST,Vehicle,LEFT TURN,OTHER (VEHICLE) - EXPLAIN IN NARRATIVE,SSI,DAYLIGHT,CLEAR,DRY,False,39.6168518066406,-86.3564453125
904266026,2023,2023-04-28,Marion,Indianapolis,56TH ST & ROXBURY RD,Vehicle,REAR END,FOLLOWING TOO CLOSELY,SSI,DAYLIGHT,RAIN,WET,False,39.8550415039062,-86.0713882446289
904266597,2023,2023-04-29,Marion,Indianapolis,PENDLETON WAY  & PENDLETON PIKE,Vehicle,RIGHT ANGLE,FAILURE TO YIELD RIGHT OF WAY,SSI,DAYLIGHT,CLEAR,DRY,False,39.8310813903809,-86.0379943847656
904267654,2023,2023-04-29,Marion,Indianapolis,W. MICHIGAN STREET  & CABLE STREET,Vehicle,REAR TO REAR,FOLLOWING TOO CLOSELY,SSI,DAYLIGHT,CLOUDY,DRY,False,39.7747116088867,-86.1913146972656
904269788,2023,2023-04-29,Hamilton,,MOONTOWN RD  & SR 38,Vehicle,RIGHT ANGLE,FAILURE TO YIELD RIGHT OF WAY,SSI,DAYLIGHT,CLOUDY,DRY,False,40.0779571533203,-86.09033203125
904273145,2023,2023-04-29,Marion,Indianapolis,I465,Vehicle,OTHER - EXPLAIN IN NARRATIVE,UNSAFE LANE MOVEMENT,Fatal,DAWN/DUSK,CLEAR,DRY,True,39.8674468994141,-86.04736328125
904266557,2023,2023-04-30,Hamilton,Westfield,APOLLO PKWY,Pedestrian,COLLISION WITH OBJECT IN ROAD,PEDESTRIAN ACTION,Fatal,DAYLIGHT,CLEAR,DRY,False,40.0158729553223,-86.1469116210938
904267397,2023,2023-04-30,Marion,Indianapolis,BISCAYNE RD,Vehicle,RAN OFF ROAD,RAN OFF ROAD RIGHT,SSI,DARK (LIGHTED),CLEAR,DRY,False,39.8296318054199,-86.0132827758789
904267892,2023,2023-04-30,Johnson,Greenwood,RESTIN ROAD  & W SMITH VALLEY RD,Vehicle,RIGHT ANGLE,FAILURE TO YIELD RIGHT OF WAY,SSI,DAYLIGHT,RAIN,WET,False,39.6058197021484,-86.1631393432617
904268270,2023,2023-05-01,Marion,Indianapolis,SOUTHEASTERN AVE & EARHART ST,Vehicle,RIGHT ANGLE,FAILURE TO YIELD RIGHT OF WAY,SSI,DAYLIGHT,RAIN,WET,False,39.7563056945801,-86.1060180664063
904269195,2023,2023-05-01,Marion,Indianapolis,38TH ST & LAYMAN AVE,Vehicle,REAR END,FOLLOWING TOO CLOSELY,SSI,DARK (LIGHTED),RAIN,WET,False,39.8254280090332,-86.0736999511719
904269235,2023,2023-05-01,Marion,Indianapolis,HILLSIDE AVE  & E 20TH ST,Vehicle,RAN OFF ROAD,FAILURE TO MAINTAIN LANE,Fatal,DAWN/DUSK,RAIN,WET,False,39.7941627502441,-86.1292953491211
904268259,2023,2023-05-02,Marion,Indianapolis,SHERMAN DR & PLEASANT RUN PARKWAY NORTH DR,Vehicle,RAN OFF ROAD,DRIVER ILLNESS,SSI,DAYLIGHT,CLEAR,DRY,False,39.7628555297852,-86.1021118164062
904268262,2023,2023-05-02,Marion,Indianapolis,EMERSON AVE,Vehicle,HEAD ON BETWEEN TWO MOTOR VEHICLES,DISREGARD SIGNAL/REG SIGN,SSI,DAYLIGHT,CLOUDY,DRY,False,39.7044105529785,-86.0826873779297
904268908,2023,2023-05-02,Hendricks,Plainfield,SARATOGA PKWY  & SARATOGA PL,Vehicle,HEAD ON BETWEEN TWO MOTOR VEHICLES,IMPROPER PASSING,SSI,DAYLIGHT,CLEAR,DRY,False,39.7069854736328,-86.423469543457
904269493,2023,2023-05-02,Hendricks,Brownsburg,N RONALD REAGAN PARKWAY  & E CR 300 N,Vehicle,RIGHT ANGLE,FAILURE TO YIELD RIGHT OF WAY,SSI,DAYLIGHT,CLOUDY,DRY,False,39.8075828552246,-86.349983215332
904270013,2023,2023-05-02,Hamilton,,191 ST  & PILGRIM RD,Vehicle,HEAD ON BETWEEN TWO MOTOR VEHICLES,LEFT OF CENTER,Fatal,DARK (NOT LIGHTED),CLEAR,WET,False,40.066333770752,-85.9173736572266
904268735,2023,2023-05-03,Marion,Indianapolis,I 65,Vehicle,RAN OFF ROAD,OVERCORRECTING/OVERSTEERING,SSI,DARK (NOT LIGHTED),CLEAR,DRY,True,39.7196502685547,-86.1305923461914
904269421,2023,2023-05-03,Marion,Indianapolis,38TH ST & WASHINGTON BLVD,Vehicle,REAR END,FOLLOWING TOO CLOSELY,SSI,DAYLIGHT,CLEAR,DRY,False,39.8248481750488,-86.151969909668
904270024,2023,2023-05-03,Marion,Indianapolis,21ST ST  & N MEDFORD,Vehicle,RIGHT ANGLE,IMPROPER PASSING,SSI,DAYLIGHT,CLEAR,DRY,False,39.7951507568359,-86.2099914550781
904269442,2023,2023-05-04,Johnson,,S 500 W  & LOWE DR,Vehicle,RAN OFF ROAD,FAILURE TO MAINTAIN LANE,SSI,DAYLIGHT,CLOUDY,DRY,False,39.3560981750488,-86.1961517333984
904269824,2023,2023-05-04,Marion,Indianapolis,THOMPSON RD & STATE ROAD 135 RD,Vehicle,LEFT TURN,FAILURE TO YIELD RIGHT OF WAY,SSI,DAYLIGHT,CLEAR,DRY,False,39.6928901672363,-86.1579971313476
904270769,2023,2023-05-04,Marion,Indianapolis,KEYSTONE DR & 30TH ST,Pedalcycle,OTHER - EXPLAIN IN NARRATIVE,PEDESTRIAN ACTION,SSI,DAYLIGHT,CLEAR,DRY,False,39.8106727600098,-86.12158203125
904274765,2023,2023-05-04,Hamilton,Noblesville,GREENFIELD AVE & DRYCREEK RD,Vehicle,REAR END,FOLLOWING TOO CLOSELY,SSI,DAYLIGHT,CLEAR,DRY,False,40.0043144226074,-85.9436340332031
904270050,2023,2023-05-05,Hamilton,Fishers,I 69,Vehicle,RAN OFF ROAD,OTHER (VEHICLE) - EXPLAIN IN NARRATIVE,SSI,DAYLIGHT,CLEAR,DRY,True,39.9692344665527,-85.9773330688477
904271376,2023,2023-05-05,Marion,Indianapolis,BLUFF RD,Pedestrian,BACKING CRASH,PEDESTRIAN ACTION,SSI,DAYLIGHT,CLEAR,DRY,False,39.7399520874023,-86.1603622436523
904271404,2023,2023-05-05,Marion,Indianapolis,HICKORY RD & SOUTHPORT RD,Vehicle,RIGHT TURN,DISREGARD SIGNAL/REG SIGN,SSI,DAYLIGHT,CLEAR,DRY,False,39.6583518981934,-86.1432876586914
904271714,2023,2023-05-05,Marion,Indianapolis,CARROLLTON AVE  & E 58TH ST,Pedestrian,COLLISION WITH OBJECT IN ROAD,DISREGARD SIGNAL/REG SIGN,SSI,DAYLIGHT,CLEAR,DRY,False,39.8592948913574,-86.1444549560547
904272574,2023,2023-05-05,Hendricks,,E CR 875 S,Pedestrian,NON-COLLISION,OTHER (DRIVER) - EXPLAIN IN NARRATIVE,SSI,DAYLIGHT,CLEAR,DRY,False,39.6319389343262,-86.4201354980469
904273733,2023,2023-05-05,Marion,Indianapolis,EAST 25TH STREET  & N. KEYSTONE AVE,Vehicle,RIGHT ANGLE,DISREGARD SIGNAL/REG SIGN,SSI,DAYLIGHT,CLEAR,DRY,False,39.8033981323242,-86.1215286254883
904271092,2023,2023-05-06,Shelby,BOGGSTOWN,LONDON RD,Vehicle,RAN OFF ROAD,UNSAFE SPEED,Fatal,DAYLIGHT,CLEAR,DRY,False,39.5710220336914,-85.9189682006836
904271624,2023,2023-05-06,Marion,Indianapolis,46TH ST & MOLLER RD,Vehicle,SAME DIRECTION SIDESWIPE,LEFT OF CENTER,SSI,DAYLIGHT,CLEAR,DRY,False,39.8381843566894,-86.2549591064453
904275095,2023,2023-05-06,Marion,Indianapolis,COMMONS DR  & N HIGH SCHOOL RD,Pedestrian,RIGHT ANGLE,PEDESTRIAN ACTION,Fatal,DARK (NOT LIGHTED),RAIN,WET,False,39.8323135375976,-86.2705154418945
904275596,2023,2023-05-06,Marion,Indianapolis,S EAST STREET  & EAST HANNAH AVE,Vehicle,RIGHT ANGLE,FAILURE TO YIELD RIGHT OF WAY,Fatal,DARK (LIGHTED),RAIN,WET,False,39.7073135375977,-86.1489334106445
904275602,2023,2023-05-06,Hamilton,,266 ST  & LACY RD,Vehicle,RAN OFF ROAD,UNSAFE SPEED,SSI,DAWN/DUSK,CLOUDY,DRY,False,40.176326751709,-85.9603424072266
904271086,2023,2023-05-07,Shelby,WALDRON,MICHIGAN RD,Vehicle,RAN OFF ROAD,FAILURE TO MAINTAIN LANE,SSI,DAYLIGHT,CLEAR,DRY,False,39.4716987609863,-85.6654663085938
904271644,2023,2023-05-07,Hamilton,Carmel,10TH ST NW ST & 1ST AVE NW AVE,Vehicle,NON-COLLISION,UNSAFE SPEED,SSI,DAYLIGHT,CLEAR,DRY,False,39.9854736328125,-86.1259384155273
904271743,2023,2023-05-07,Marion,Indianapolis,STOP 11 RD & MADISON AVE,Vehicle,LEFT TURN,FAILURE TO YIELD RIGHT OF WAY,SSI,DAYLIGHT,CLEAR,DRY,False,39.6501426696777,-86.1194000244141
904272277,2023,2023-05-08,Marion,Indianapolis,KEYSTONE,Vehicle,REAR END,FOLLOWING TOO CLOSELY,SSI,DAYLIGHT,CLEAR,DRY,False,39.9232406616211,-86.1123809814453
904280552,2023,2023-05-08,Marion,Indianapolis,59TH ST & MOLLER RD,Vehicle,HEAD ON BETWEEN TWO MOTOR VEHICLES,IMPROPER PASSING,SSI,DAWN/DUSK,CLEAR,DRY,False,39.8602409362793,-86.2544937133789
904272496,2023,2023-05-09,Hancock,McCordsville,900N  & ELISE,Pedestrian,OTHER - EXPLAIN IN NARRATIVE,UNSAFE LANE MOVEMENT,SSI,DAYLIGHT,CLEAR,DRY,False,39.9133186340332,-85.9225997924805
904272769,2023,2023-05-09,Marion,Indianapolis,SOUTPORT RD & FRANKLIN RD,Vehicle,RAN OFF ROAD,RAN OFF ROAD RIGHT,SSI,DAYLIGHT,CLEAR,DRY,False,39.6668434143066,-86.0147552490234
904272810,2023,2023-05-09,Marion,Indianapolis,MINNESOTA ST & LEE ST,Vehicle,RAN OFF ROAD,UNSAFE SPEED,SSI,DAWN/DUSK,CLEAR,DRY,False,39.743537902832,-86.1920776367187
904272833,2023,2023-05-09,Marion,Indianapolis,E 10TH ST  & RURAL ST,Vehicle,RIGHT ANGLE,FAILURE TO MAINTAIN LANE,SSI,DAYLIGHT,CLEAR,DRY,False,39.7813110351563,-86.1163024902344
904272960,2023,2023-05-09,Hamilton,Carmel,SPRINGMILL RD & N ILLINOIS ST,Vehicle,HEAD ON BETWEEN TWO MOTOR VEHICLES,LEFT OF CENTER,SSI,DAYLIGHT,CLEAR,DRY,False,39.9321479797363,-86.1649322509766
904290153,2023,2023-06-07,Marion,Indianapolis,ROCKVILLE RD & BURKE AVE,Vehicle,LEFT TURN,FAILURE TO YIELD RIGHT OF WAY,SSI,DAYLIGHT,CLEAR,DRY,False,39.7612609863281,-86.2270278930664
904273799,2023,2023-05-10,Hendricks,,CR 200 N  & WOODCREEK DR,Vehicle,SAME DIRECTION SIDESWIPE,IMPROPER LANE USAGE,SSI,DAYLIGHT,CLEAR,DRY,False,39.792179107666,-86.3948135375977
904290567,2023,2023-06-07,Marion,Indianapolis,COLD SPRING RD  & 38TH ST,Vehicle,HEAD ON BETWEEN TWO MOTOR VEHICLES,LEFT OF CENTER,SSI,DAYLIGHT,CLEAR,DRY,False,39.8176345825195,-86.2006301879883
904116383,2022,2022-09-18,Marion,Indianapolis,LOCKBURN ST & MURRAY ST,Pedalcycle,OTHER - EXPLAIN IN NARRATIVE,OTHER (DRIVER) - EXPLAIN IN NARRATIVE,SSI,DAYLIGHT,CLEAR,DRY,False,39.7168273925781,-86.2273941040039
904188179,2022,2022-12-30,Marion,Indianapolis,56TH ST & GEORGETOWN RD,Vehicle,RIGHT ANGLE,FAILURE TO YIELD RIGHT OF WAY,SSI,DAYLIGHT,RAIN,WET,False,39.8531532287598,-86.2389831542969
904306634,2023,2023-07-07,Marion,Indianapolis,30TH ST & BAVARIAN W DR,Vehicle,REAR END,FOLLOWING TOO CLOSELY,SSI,DAYLIGHT,CLEAR,DRY,False,39.811595916748,-85.988166809082
904292504,2023,2023-06-07,Hendricks,NEW WINCHESTER,US 36  & SR 75,Vehicle,OPPOSITE DIRECTION SIDESWIPE,LEFT OF CENTER,Fatal,DAYLIGHT,CLEAR,DRY,False,39.7606735229492,-86.6506881713867
904238319,2023,2023-03-10,Marion,Indianapolis,AURORA ST & HANNA AVE,Vehicle,RAN OFF ROAD,UNSAFE SPEED,SSI,DARK (LIGHTED),RAIN,WET,False,39.7036590576172,-86.287841796875
904188203,2022,2022-12-30,Marion,Indianapolis,42ND ST & ARBORCREST DR,Vehicle,HEAD ON BETWEEN TWO MOTOR VEHICLES,LEFT OF CENTER,SSI,DARK (NOT LIGHTED),RAIN,WET,False,39.8332672119141,-86.0227966308594
904278364,2023,2023-05-10,Hamilton,SHERIDAN(HAMILTON),US31  & E 226TH,Vehicle,RIGHT ANGLE,FAILURE TO YIELD RIGHT OF WAY,SSI,DAYLIGHT,CLEAR,DRY,False,40.1162605285645,-86.1279067993164
904307127,2023,2023-07-07,Boone,Lebanon,530 FRIEND WAY,Vehicle,OTHER - EXPLAIN IN NARRATIVE,IMPROPER PASSING,SSI,DAYLIGHT,CLEAR,DRY,False,40.0486183166504,-86.4912033081055
904116167,2022,2022-09-19,Boone,THORNTOWN,US HWY 52  & US HWY 52,Vehicle,REAR END,OTHER (VEHICLE) - EXPLAIN IN NARRATIVE,SSI,DAWN/DUSK,CLEAR,DRY,False,40.1269378662109,-86.5615081787109
904241542,2023,2023-03-10,Hamilton,Noblesville,UNION CHAPEL RD & CHAPEL WOODS BLVD,Vehicle,OTHER - EXPLAIN IN NARRATIVE,DRIVER DISTRACTED - EXPLAIN IN NARRATIVE,SSI,DAYLIGHT,CLEAR,DRY,False,40.0182151794434,-85.9758605957031
904290903,2023,2023-06-08,Marion,Indianapolis,BLOYD AVE & RURAL ST,Vehicle,HEAD ON BETWEEN TWO MOTOR VEHICLES,FAILURE TO YIELD RIGHT OF WAY,SSI,DAYLIGHT,CLEAR,DRY,False,39.7950401306152,-86.1165466308594
904241544,2023,2023-03-10,Hamilton,Noblesville,211TH ST & LITTLE CHICAGO RD,Vehicle,RAN OFF ROAD,RAN OFF ROAD RIGHT,SSI,DARK (LIGHTED),CLEAR,DRY,False,40.0945281982422,-86.0719375610352
904188204,2022,2022-12-30,Marion,Indianapolis,GIRLS SCHOOL RD & HENRY ST,Pedestrian,OTHER - EXPLAIN IN NARRATIVE,OTHER (DRIVER) - EXPLAIN IN NARRATIVE,SSI,DARK (LIGHTED),RAIN,WET,False,39.7581672668457,-86.2890625
904280945,2023,2023-05-10,Marion,Indianapolis,I69,Vehicle,REAR END,UNSAFE SPEED,SSI,DARK (NOT LIGHTED),CLEAR,DRY,True,39.9121742248535,-86.0403900146484
904307517,2023,2023-07-07,Johnson,Greenwood,SMITH VALLEY  ROAD  & HACIENDA PLACE,Vehicle,RIGHT ANGLE,FAILURE TO YIELD RIGHT OF WAY,SSI,DAYLIGHT,CLEAR,DRY,False,39.6059608459473,-86.0884170532227
904116606,2022,2022-09-19,Marion,Indianapolis,LAFAYETTE RD  & COMMERCIAL DR,Pedestrian,OTHER - EXPLAIN IN NARRATIVE,PEDESTRIAN ACTION,Fatal,DARK (LIGHTED),RAIN,WET,False,39.8175964355469,-86.228645324707
904275372,2023,2023-05-11,Boone,Zionsville,W PINE ST  & S MAIN ST,Vehicle,OTHER - EXPLAIN IN NARRATIVE,OTHER (VEHICLE) - EXPLAIN IN NARRATIVE,SSI,DAYLIGHT,CLEAR,DRY,False,39.9498710632324,-86.2617645263672
904290996,2023,2023-06-08,Marion,Indianapolis,N SHADELAND AVE  & FALL CREEK RD N,Vehicle,RAN OFF ROAD,OVERCORRECTING/OVERSTEERING,SSI,DAYLIGHT,CLEAR,DRY,False,39.8706207275391,-86.0454940795898
904243191,2023,2023-03-10,Marion,Indianapolis,I-465 NORTHBOUND,Vehicle,SAME DIRECTION SIDESWIPE,UNSAFE LANE MOVEMENT,SSI,DAYLIGHT,CLOUDY,DRY,True,39.7788009643555,-86.2702026367188
904190420,2022,2022-12-30,Johnson,Greenwood,N GRAHAM RD  & MAIN STREET,Vehicle,RIGHT TURN,IMPROPER TURNING,SSI,DARK (NOT LIGHTED),RAIN,WET,False,39.6123962402344,-86.0636520385742
904116920,2022,2022-09-19,Boone,,STATE RD 32  & STATE RD 75,Vehicle,RIGHT ANGLE,FAILURE TO YIELD RIGHT OF WAY,SSI,DAYLIGHT,CLOUDY,DRY,False,40.054386138916,-86.6197814941406
904308971,2023,2023-07-07,Marion,Indianapolis,N KEYSTONE AVE  & E 32ND ST,Vehicle,HEAD ON BETWEEN TWO MOTOR VEHICLES,LEFT OF CENTER,Fatal,DARK (LIGHTED),CLEAR,DRY,False,39.8148994445801,-86.1216278076172
904277658,2023,2023-05-11,Marion,Indianapolis,I465,Vehicle,REAR END,FOLLOWING TOO CLOSELY,SSI,DAYLIGHT,CLEAR,DRY,True,39.9226455688477,-86.1168746948242
904293843,2023,2023-06-08,Marion,Indianapolis,E 34TH ST  & N HAWTHORNE LN,Vehicle,LEFT TURN,FAILURE TO YIELD RIGHT OF WAY,Fatal,DAYLIGHT,CLEAR,DRY,False,39.8183441162109,-86.0784683227539