id,year,date,county,city,cross_street,crash_type,manner,primary_factor,ssi_fatal,light,weather,surface,interstate,lat,lon
904238833,2023,2023-03-11,Hendricks,,SR267  & S CO RD 825 E,Vehicle,HEAD ON BETWEEN TWO MOTOR VEHICLES,FAILURE TO YIELD RIGHT OF WAY,SSI,DAYLIGHT,CLOUDY,DRY,False,39.652660369873,-86.3753509521485
904188068,2022,2022-12-31,Marion,Indianapolis,59TH ST & GEORGETOWN RD,Vehicle,RAN OFF ROAD,DRIVER ASLEEP OR FATIGUED,SSI,DARK (NOT LIGHTED),RAIN,WET,False,39.8604469299316,-86.2401962280273
904116445,2022,2022-09-20,Marion,Indianapolis,COUNTRY CLUB RD & SUNNINGDALE BLVD,Vehicle,RAN OFF ROAD,RAN OFF ROAD RIGHT,SSI,DARK (NOT LIGHTED),CLEAR,DRY,False,39.8009033203125,-86.3089599609375
904309352,2023,2023-07-07,Hendricks,,US 36  & CR 625 E,Vehicle,RIGHT ANGLE,FAILURE TO YIELD RIGHT OF WAY,SSI,DAYLIGHT,CLEAR,DRY,False,39.762321472168,-86.4142532348633
904275961,2023,2023-05-12,Hendricks,LIZTON,SR 39  & CR 625 N,Vehicle,RAN OFF ROAD,FAILURE TO MAINTAIN LANE,SSI,DAYLIGHT,CLEAR,WET,False,39.8514900207519,-86.5431518554688
904291160,2023,2023-06-09,Marion,Indianapolis,N RITTER AVE,Vehicle,BACKING CRASH,UNSAFE BACKING,SSI,DAYLIGHT,CLEAR,DRY,False,39.7872047424316,-86.0757141113281
904241146,2023,2023-03-11,Marion,Indianapolis,EAST ST & PROSPECT ST,Vehicle,RIGHT ANGLE,DISREGARD SIGNAL/REG SIGN,SSI,DARK (LIGHTED),CLEAR,DRY,False,39.7521438598633,-86.1500778198242
904161790,2022,2022-11-16,Marion,Indianapolis,I- 465,Vehicle,OTHER - EXPLAIN IN NARRATIVE,SPEED TOO FAST FOR WEATHER CONDITIONS,SSI,DARK (LIGHTED),SNOW,WET,True,39.8951263427734,-86.0547637939453
904190341,2022,2022-12-31,Marion,Indianapolis,N TIBBS AVE  & STEEPLES BLVD,Vehicle,NON-COLLISION,UNDER STEERING/UNDER CORRECTING,Fatal,DARK (LIGHTED),CLOUDY,WET,False,39.7675323486328,-86.2158966064453
904307022,2023,2023-07-08,Boone,Whitestown,WHITESTOWN PKWY  & ROYAL RUN BLVD,Vehicle,RIGHT ANGLE,DISREGARD SIGNAL/REG SIGN,SSI,DAYLIGHT,CLOUDY,DRY,False,39.9493064880371,-86.3450775146484
904158092,2022,2022-11-17,Marion,Indianapolis,21ST ST & RITTER AVE,Vehicle,LEFT TURN,FAILURE TO YIELD RIGHT OF WAY,SSI,DARK (LIGHTED),CLEAR,WET,False,39.8035354614258,-86.1778869628906
904160668,2022,2022-11-17,Morgan,,E LANDERSDALE RD  & N ROBERTSON ST,Vehicle,NON-COLLISION,PEDESTRIAN ACTION,SSI,DARK (NOT LIGHTED),CLEAR,DRY,False,39.618465423584,-86.2795639038086
904158660,2022,2022-11-18,Hamilton,Fishers,I-69,Vehicle,RAN OFF ROAD,FAILURE TO MAINTAIN LANE,SSI,DARK (LIGHTED),CLEAR,DRY,True,39.9618034362793,-86.0040893554688
904158889,2022,2022-11-18,Johnson,,ROCKLANE RD  & GRIFFITH RD,Vehicle,RAN OFF ROAD,OTHER (DRIVER) - EXPLAIN IN NARRATIVE,SSI,DAWN/DUSK,CLEAR,DRY,False,39.6152038574219,-86.0400161743164
904159068,2022,2022-11-18,Hendricks,,STATE RD 39  & CR 200 S,Vehicle,RAN OFF ROAD,OTHER (DRIVER) - EXPLAIN IN NARRATIVE,SSI,DARK (NOT LIGHTED),CLEAR,DRY,False,39.7460823059082,-86.5284729003906
904160737,2022,2022-11-18,Morgan,,N BECKS GROVE CT  & N BRICK CHAPEL DR,Vehicle,HEAD ON BETWEEN TWO MOTOR VEHICLES,LEFT OF CENTER,SSI,DARK (NOT LIGHTED),CLEAR,DRY,False,39.6237869262695,-86.3109817504883
904162527,2022,2022-11-18,Marion,Indianapolis,I- 465,Vehicle,SAME DIRECTION SIDESWIPE,UNSAFE LANE MOVEMENT,SSI,DAYLIGHT,CLOUDY,DRY,True,39.7853660583496,-86.0324630737305
904159605,2022,2022-11-19,Shelby,SHELBYVILLE,W 600 S  & S 300 W,Vehicle,RAN OFF ROAD,DRIVER ASLEEP OR FATIGUED,SSI,DARK (NOT LIGHTED),CLEAR,DRY,False,39.4383354187012,-85.8355255126953
904160244,2022,2022-11-19,Marion,Indianapolis,56TH ST & KNOLLTON RD,Vehicle,RAN OFF ROAD,RAN OFF ROAD RIGHT,SSI,DARK (LIGHTED),CLEAR,DRY,False,39.8537178039551,-86.1977157592773
904160270,2022,2022-11-20,Hamilton,,E 191ST ST,Vehicle,RAN OFF ROAD,FAILURE TO MAINTAIN LANE,SSI,DAYLIGHT,CLEAR,DRY,False,40.0671119689941,-85.8743667602539
904161384,2022,2022-11-20,Marion,Indianapolis,GERMAN CHURCH RD & 30TH ST,Vehicle,LEFT TURN,UNSAFE SPEED,SSI,DAYLIGHT,CLEAR,DRY,False,39.8118553161621,-85.9718017578125
904161889,2022,2022-11-20,Johnson,,I-65 NB,Vehicle,SAME DIRECTION SIDESWIPE,UNSAFE LANE MOVEMENT,SSI,DAYLIGHT,CLEAR,DRY,True,39.5344924926758,-86.0314178466797
904162774,2022,2022-11-20,Boone,,E 100 N  & N 500 E,Vehicle,RIGHT ANGLE,CELL PHONE USAGE,Fatal,DAYLIGHT,CLEAR,DRY,False,40.0540885925293,-86.3750228881836
904166338,2022,2022-11-20,Hamilton,Noblesville,SR37 & GREENFIELD AVE,Vehicle,RIGHT ANGLE,OTHER (DRIVER) - EXPLAIN IN NARRATIVE,SSI,DARK (LIGHTED),CLEAR,DRY,False,40.022705078125,-85.9971542358398
904161173,2022,2022-11-21,Hancock,,FORTVILLE PIKE  & CR 375 NORTH,Vehicle,RAN OFF ROAD,OTHER (DRIVER) - EXPLAIN IN NARRATIVE,SSI,DAYLIGHT,CLEAR,DRY,False,39.8363876342773,-85.8053359985352
904162327,2022,2022-11-22,Hamilton,Fishers,E 131ST ST  & CUMBERLAND RD,Vehicle,SAME DIRECTION SIDESWIPE,FAILURE TO YIELD RIGHT OF WAY,SSI,DAWN/DUSK,CLEAR,DRY,False,39.9789962768555,-85.9940414428711
904162876,2022,2022-11-22,Hancock,,N 100 W  & 300 NORTH,Vehicle,COLLISION WITH DEER,ANIMAL/OBJECT IN ROADWAY,SSI,DAYLIGHT,CLEAR,DRY,False,39.8308753967285,-85.8215560913086
904162951,2022,2022-11-22,Marion,Indianapolis,I-65 NB,Vehicle,REAR END,OTHER (DRIVER) - EXPLAIN IN NARRATIVE,SSI,DARK (LIGHTED),CLEAR,DRY,True,39.7085075378418,-86.1095352172852
904163816,2022,2022-11-22,Marion,Indianapolis,BROOKVILLE RD,Vehicle,RIGHT ANGLE,FAILURE TO YIELD RIGHT OF WAY,SSI,DAYLIGHT,CLEAR,DRY,False,39.7517890930176,-86.0354766845703
904165222,2022,2022-11-22,Marion,Indianapolis,34TH ST & LAFAYETTE RD,Vehicle,REAR END,FOLLOWING TOO CLOSELY,SSI,DAYLIGHT,CLEAR,DRY,False,39.8165435791016,-86.2275848388672
904163432,2022,2022-11-23,Hamilton,,E SR 32  & ATLANTIC RD.,Vehicle,HEAD ON BETWEEN TWO MOTOR VEHICLES,FAILURE TO YIELD RIGHT OF WAY,SSI,DARK (NOT LIGHTED),CLEAR,DRY,False,40.0691032409668,-85.8630599975586
904165488,2022,2022-11-23,Johnson,Greenwood,E WORTHSVILLE RD  & PINECREST DR,Vehicle,LEFT TURN,FAILURE TO YIELD RIGHT OF WAY,SSI,DAWN/DUSK,CLEAR,DRY,False,39.5865325927734,-86.1019821166992
904163399,2022,2022-11-24,Marion,Indianapolis,W 34TH ST & GEORGETOWN RD,Vehicle,RIGHT ANGLE,DISREGARD SIGNAL/REG SIGN,SSI,DAYLIGHT,CLEAR,DRY,False,39.8166732788086,-86.2399597167969
904163930,2022,2022-11-24,Marion,Indianapolis,I- 465,Vehicle,REAR END,ANIMAL/OBJECT IN ROADWAY,SSI,DARK (NOT LIGHTED),RAIN,WET,True,39.8884696960449,-86.0483322143555
904166712,2022,2022-11-24,Marion,Lawrence,PENDLETON PIKE  & E 56TH ST,Vehicle,REAR END,UNSAFE SPEED,SSI,DARK (LIGHTED),CLEAR,DRY,False,39.8562202453613,-85.9858932495117
904169908,2022,2022-11-24,Shelby,SHELBYVILLE,E BROADWAY ST  & S NOBLE ST,Vehicle,REAR END,DRIVER ILLNESS,SSI,DAYLIGHT,CLEAR,DRY,False,39.5229454040527,-85.7727966308594
904163482,2022,2022-11-25,Boone,Zionsville,I-865,Vehicle,NON-COLLISION,OTHER (DRIVER) - EXPLAIN IN NARRATIVE,SSI,DARK (LIGHTED),CLEAR,WET,True,39.9338874816895,-86.3411483764648
904117405,2022,2022-09-20,Hancock,,CR 600 N  & CR 250 E,Vehicle,RAN OFF ROAD,DRIVER ASLEEP OR FATIGUED,SSI,DAYLIGHT,CLEAR,DRY,False,39.8720436096191,-85.7591705322266
904244377,2023,2023-03-11,Johnson,,COUNTY LINE RD  & MORRIS RD,Vehicle,RAN OFF ROAD,OVERCORRECTING/OVERSTEERING,SSI,DARK (NOT LIGHTED),CLEAR,DRY,False,39.6343688964844,-86.2001342773437
904277387,2023,2023-05-12,Marion,Indianapolis,E 38TH ST  & E 38TH ST,Vehicle,RIGHT ANGLE,FAILURE TO YIELD RIGHT OF WAY,SSI,DAYLIGHT,CLOUDY,DRY,False,39.8249473571777,-86.1521224975586
904291250,2023,2023-06-09,Johnson,Bargersville,W STATE RD 135  & THREE NOTCH LN,Vehicle,REAR END,FOLLOWING TOO CLOSELY,SSI,DAYLIGHT,CLEAR,DRY,False,39.5237579345703,-86.1582641601563
904165245,2022,2022-11-25,Marion,Indianapolis,S MERIDIAN ST & HILL VALLEY DR,Vehicle,RAN OFF ROAD,RAN OFF ROAD RIGHT,SSI,DARK (NOT LIGHTED),CLEAR,DRY,False,39.6452484130859,-86.1583862304688
904164157,2022,2022-11-26,Johnson,Franklin,S MORTON ST  & NINEVEH RD,Vehicle,RIGHT ANGLE,DISREGARD SIGNAL/REG SIGN,SSI,DAYLIGHT,CLEAR,DRY,False,39.4708709716797,-86.0592193603516
904164183,2022,2022-11-26,Hamilton,Fishers,PENNINGTON RD  & E 126TH ST,Vehicle,RIGHT ANGLE,FAILURE TO YIELD RIGHT OF WAY,SSI,DARK (NOT LIGHTED),CLEAR,DRY,False,39.9724922180176,-85.9282379150391
904166003,2022,2022-11-28,Hamilton,Carmel,CAREY RD & JASON ST,Vehicle,RAN OFF ROAD,DRIVER ILLNESS,SSI,DARK (NOT LIGHTED),CLEAR,DRY,False,39.9976463317871,-86.1086883544922
904166758,2022,2022-11-28,Marion,Indianapolis,E WASHINGTON ST  & S KITLEY AVE,Pedestrian,RIGHT ANGLE,DISREGARD SIGNAL/REG SIGN,Fatal,DAYLIGHT,CLEAR,WET,False,39.7715682983398,-86.0546493530273
904166857,2022,2022-11-30,Marion,Indianapolis,I-74,Vehicle,RAN OFF ROAD,UNSAFE SPEED,Fatal,DARK (LIGHTED),CLEAR,DRY,True,39.7318840026855,-86.0479888916016
904167384,2022,2022-12-01,Hamilton,Westfield,E 161ST ST & VIKING LAIR RD,Vehicle,HEAD ON BETWEEN TWO MOTOR VEHICLES,LEFT OF CENTER,SSI,DAYLIGHT,CLEAR,DRY,False,40.0215950012207,-86.1397705078125
904167474,2022,2022-12-01,Hamilton,Fishers,96TH STREET  & ALLISONVILLE ROAD,Vehicle,REAR END,UNSAFE LANE MOVEMENT,SSI,DAYLIGHT,CLOUDY,DRY,False,39.9270362854004,-86.0651092529297
904167868,2022,2022-12-01,Marion,Indianapolis,ARLINGTON AVE & 20TH ST,Vehicle,RIGHT ANGLE,IMPROPER TURNING,SSI,DAYLIGHT,CLEAR,DRY,False,39.8010711669922,-86.0644989013672
904169227,2022,2022-12-01,Morgan,MARTINSVILLE,STATE RD 39,Vehicle,HEAD ON BETWEEN TWO MOTOR VEHICLES,LEFT OF CENTER,Fatal,DAWN/DUSK,CLEAR,DRY,False,39.4326362609863,-86.4476623535156
904168075,2022,2022-12-02,Marion,Indianapolis,ILLINOIS ST & 29TH ST,Vehicle,RIGHT ANGLE,DISREGARD SIGNAL/REG SIGN,SSI,DAYLIGHT,CLEAR,DRY,False,39.8080635070801,-86.1590042114258
904168429,2022,2022-12-03,Hamilton,Westfield,SR32E & SANIBEL CIR,Vehicle,REAR END,FAILURE TO YIELD RIGHT OF WAY,SSI,DAYLIGHT,CLEAR,DRY,False,40.0430068969727,-86.0945129394531
904171743,2022,2022-12-03,Marion,Lawrence,PENDLETON PIKE  & MCCOY ST,Pedalcycle,COLLISION WITH OBJECT IN ROAD,PEDESTRIAN ACTION,Fatal,DARK (LIGHTED),CLEAR,DRY,False,39.8369827270508,-86.0257873535156
904172013,2022,2022-12-03,Morgan,MONROVIA,N HALL RD  & W STATE RD 42,Pedestrian,COLLISION WITH ANIMAL OTHER,PEDESTRIAN ACTION,SSI,DAWN/DUSK,CLEAR,DRY,False,39.579216003418,-86.5406799316406
904190651,2022,2022-12-03,Morgan,PARAGON,HANCOCK RIDGE RD  & W HONEY LN,Vehicle,REAR END,IMPROPER TURNING,SSI,DAYLIGHT,CLEAR,DRY,False,39.4753799438477,-86.5480346679688
904174234,2022,2022-12-04,Hamilton,,US31 S  & E 226 ST,Vehicle,RIGHT ANGLE,FAILURE TO YIELD RIGHT OF WAY,Fatal,DARK (NOT LIGHTED),CLEAR,DRY,False,40.1160430908203,-86.1282119750977
904169556,2022,2022-12-05,Marion,Indianapolis,E RAYMOND ST  & CHURCHMAN AVE,Pedestrian,RIGHT ANGLE,PEDESTRIAN ACTION,Fatal,DARK (LIGHTED),CLEAR,DRY,False,39.7378120422363,-86.1188430786133
904170241,2022,2022-12-05,Marion,Indianapolis,HEATHER RIDGE DR  & W 34TH ST,Pedestrian,RIGHT ANGLE,PEDESTRIAN ACTION,Fatal,DARK (LIGHTED),CLEAR,DRY,False,39.8159255981445,-86.2854537963867
904170742,2022,2022-12-06,Johnson,Greenwood,US 31  & APRYL DR,Vehicle,HEAD ON BETWEEN TWO MOTOR VEHICLES,IMPROPER LANE USAGE,SSI,DARK (LIGHTED),RAIN,WET,False,39.5990295410156,-86.1047210693359
904173861,2022,2022-12-07,Marion,Indianapolis,E 34TH ST  & STATION ST,Vehicle,RAN OFF ROAD,UNSAFE SPEED,SSI,DARK (LIGHTED),CLEAR,DRY,False,39.8181457519531,-86.1046524047852
904171932,2022,2022-12-08,Marion,Indianapolis,75TH ST & BINFORD BLVD,Pedestrian,OTHER - EXPLAIN IN NARRATIVE,PEDESTRIAN ACTION,SSI,DARK (NOT LIGHTED),RAIN,WET,False,39.891056060791,-86.0583953857422
904204845,2022,2022-12-08,Hamilton,Carmel,146 ST  & COMMUNITY DR,Vehicle,REAR END,DRIVER ASLEEP OR FATIGUED,Fatal,DAYLIGHT,CLEAR,DRY,False,40.0001831054687,-86.044563293457
904172222,2022,2022-12-09,Marion,Indianapolis,10TH ST & BELMONT AVE,Vehicle,LEFT/RIGHT TURN,FAILURE TO YIELD RIGHT OF WAY,SSI,DAYLIGHT,CLEAR,DRY,False,39.780704498291,-86.1969909667969
904173655,2022,2022-12-09,Johnson,Greenwood,N MADISON AVE  & FRY RD,Vehicle,HEAD ON BETWEEN TWO MOTOR VEHICLES,DISREGARD SIGNAL/REG SIGN,SSI,DAYLIGHT,RAIN,WET,False,39.628303527832,-86.1146774291992
904173912,2022,2022-12-09,Marion,Indianapolis,ALLISON AVE  & W 79TH ST,Vehicle,RIGHT ANGLE,UNSAFE SPEED,SSI,DARK (LIGHTED),CLEAR,WET,False,39.8964424133301,-86.2501220703125
904174022,2022,2022-12-09,Hendricks,,N STATE RD 39  & CR 200 N,Vehicle,REAR END,DRIVER ASLEEP OR FATIGUED,SSI,DARK (NOT LIGHTED),FOG/SMOKE/SMOG,WET,False,39.7975845336914,-86.5430297851563
904176052,2022,2022-12-09,Hamilton,,SR38 & ANTHONY RD,Vehicle,HEAD ON BETWEEN TWO MOTOR VEHICLES,LEFT OF CENTER,SSI,DAYLIGHT,RAIN,WET,False,40.0882873535156,-86.1139297485352
904172884,2022,2022-12-10,Marion,Lawrence,E 63RD ST  & PRESBYTERIAN DR,Vehicle,OTHER - EXPLAIN IN NARRATIVE,UNSAFE SPEED,SSI,DARK (LIGHTED),CLEAR,DRY,False,39.8742179870605,-85.9698486328125
904176036,2022,2022-12-10,Hancock,,600W  & 300S,Vehicle,RIGHT ANGLE,DISREGARD SIGNAL/REG SIGN,SSI,DAYLIGHT,CLOUDY,DRY,False,39.7420616149902,-85.9139862060547
904173753,2022,2022-12-11,Marion,Indianapolis,34TH ST & SHERMAN DR,Vehicle,RIGHT ANGLE,DISREGARD SIGNAL/REG SIGN,SSI,DARK (LIGHTED),CLEAR,DRY,False,39.818000793457,-86.1026382446289
904175588,2022,2022-12-11,Hancock,FORTVILLE,W 1050N  & N 50 W,Vehicle,RAN OFF ROAD,UNSAFE LANE MOVEMENT,SSI,DARK (NOT LIGHTED),CLEAR,DRY,False,39.9370460510254,-85.8151550292969
904177394,2022,2022-12-11,Marion,Indianapolis,W MOORESVILLE RD  & W MOORESVILLE RD BYP,Vehicle,RIGHT ANGLE,DISREGARD SIGNAL/REG SIGN,SSI,DAYLIGHT,CLEAR,DRY,False,39.6977119445801,-86.2601089477539
904174209,2022,2022-12-12,Hamilton,Atlanta,E 276TH ST  & W 600 N,Vehicle,RIGHT ANGLE,FAILURE TO YIELD RIGHT OF WAY,SSI,DAYLIGHT,CLOUDY,DRY,False,40.1922607421875,-85.8630294799805
904174428,2022,2022-12-12,Johnson,Greenwood,S EMERSON AVE  & E WORTHSVILLE RD,Pedestrian,LEFT TURN,IMPROPER TURNING,SSI,DARK (NOT LIGHTED),CLEAR,DRY,False,39.5869827270508,-86.0829391479492
904174473,2022,2022-12-12,Marion,Indianapolis,ARLINGTON AVE & 40TH ST,Vehicle,BACKING CRASH,UNSAFE BACKING,SSI,DARK (NOT LIGHTED),CLEAR,DRY,False,39.8292465209961,-86.0647506713867
904174585,2022,2022-12-12,Marion,Indianapolis,10TH ST & VINEWOOD AVE,Vehicle,RIGHT ANGLE,FAILURE TO YIELD RIGHT OF WAY,SSI,DAYLIGHT,CLEAR,DRY,False,39.7795181274414,-86.2657928466797
904174606,2022,2022-12-12,Hamilton,Noblesville,CAMPUS PKWY & BROOKS SCHOOL RD,Vehicle,RIGHT ANGLE,FAILURE TO YIELD RIGHT OF WAY,SSI,DAYLIGHT,CLEAR,DRY,False,39.9965476989746,-85.9377365112305
904175153,2022,2022-12-13,Hamilton,Noblesville,9TH ST & PLUM ST,Vehicle,RIGHT ANGLE,DISREGARD SIGNAL/REG SIGN,SSI,DAYLIGHT,CLOUDY,DRY,False,40.0372924804687,-86.0134048461914
904176579,2022,2022-12-13,Morgan,Mooresville,OLD STATE RD 67  & STATE RD 67,Vehicle,RIGHT ANGLE,DISREGARD SIGNAL/REG SIGN,Fatal,DARK (LIGHTED),CLEAR,DRY,False,39.5759925842285,-86.3761367797852
904176428,2022,2022-12-14,Marion,Indianapolis,I- 465,Vehicle,RAN OFF ROAD,SPEED TOO FAST FOR WEATHER CONDITIONS,SSI,DARK (NOT LIGHTED),RAIN,WET,True,39.7079124450684,-86.1118316650391
904176515,2022,2022-12-15,Shelby,SHELBYVILLE,N MICHIGAN RD.,Vehicle,RAN OFF ROAD,DRIVER ASLEEP OR FATIGUED,SSI,DARK (NOT LIGHTED),RAIN,WET,False,39.5604820251465,-85.7942962646484
904178816,2022,2022-12-15,Marion,Indianapolis,I-65,Vehicle,REAR END,UNSAFE LANE MOVEMENT,SSI,DARK (NOT LIGHTED),RAIN,WET,True,39.6860427856445,-86.1030502319336
904182125,2022,2022-12-15,Marion,Indianapolis,S POST RD  & BROOKVILLE RD,Pedestrian,RIGHT ANGLE,PEDESTRIAN ACTION,SSI,DARK (NOT LIGHTED),CLOUDY,DRY,False,39.7461853027344,-86.0087203979492
904177324,2022,2022-12-17,Hendricks,Avon,E US 36  & OLD NAVY ACCESS RD,Vehicle,LEFT TURN,FAILURE TO YIELD RIGHT OF WAY,SSI,DAYLIGHT,CLOUDY,DRY,False,39.7637062072754,-86.3446426391602
904180557,2022,2022-12-17,Morgan,,E CENTENARY RD  & E WATSON RD,Vehicle,RAN OFF ROAD,FAILURE TO MAINTAIN LANE,SSI,DARK (NOT LIGHTED),CLEAR,DRY,False,39.563175201416,-86.2963256835938
904177686,2022,2022-12-18,Boone,Zionsville,E 400 S  & S 875 E,Vehicle,RIGHT TURN,FAILURE TO YIELD RIGHT OF WAY,SSI,DAYLIGHT,CLEAR,DRY,False,39.9833564758301,-86.3031387329102
904178696,2022,2022-12-18,Marion,Indianapolis,MERIDIAN ST & 62ND ST,Vehicle,RAN OFF ROAD,RAN OFF ROAD RIGHT,SSI,DARK (LIGHTED),SNOW,SNOW/SLUSH,False,39.867862701416,-86.1554336547852
904179003,2022,2022-12-18,Hancock,Greenfield,BROADWAY STREET  & GREEN MEADOWS DR,Vehicle,RAN OFF ROAD,DISREGARD SIGNAL/REG SIGN,SSI,DARK (LIGHTED),SNOW,DRY,False,39.804271697998,-85.7799530029297
904179912,2022,2022-12-18,Marion,Indianapolis,LAFAYETTE RD & N TIBBS AVE,Vehicle,HEAD ON BETWEEN TWO MOTOR VEHICLES,DISREGARD SIGNAL/REG SIGN,SSI,DARK (LIGHTED),CLEAR,DRY,False,39.7733612060547,-86.2161178588867
904182316,2022,2022-12-18,Marion,Indianapolis,I-465,Vehicle,RAN OFF ROAD,UNSAFE LANE MOVEMENT,SSI,DARK (NOT LIGHTED),CLEAR,DRY,True,39.9213371276855,-86.2689819335938
904178646,2022,2022-12-19,Hendricks,Plainfield,AIRTECH PKWY,Pedestrian,OTHER - EXPLAIN IN NARRATIVE,FAILURE TO YIELD RIGHT OF WAY,SSI,DARK (NOT LIGHTED),CLOUDY,DRY,False,39.7136306762695,-86.3396606445313
904179135,2022,2022-12-19,Marion,Indianapolis,E 71ST ST  & BINFORD BLVD,Vehicle,REAR END,DRIVER DISTRACTED - EXPLAIN IN NARRATIVE,SSI,DARK (NOT LIGHTED),CLEAR,DRY,False,39.8833236694336,-86.066764831543
904179445,2022,2022-12-19,Marion,Indianapolis,I-74 WB,Vehicle,SAME DIRECTION SIDESWIPE,OTHER (DRIVER) - EXPLAIN IN NARRATIVE,Fatal,DAYLIGHT,CLEAR,DRY,True,39.6733665466309,-85.9584350585938
904186268,2022,2022-12-19,Hamilton,Fishers,"12610 FORD DR, FISHERS, IN 460",Vehicle,REAR END,OTHER (DRIVER) - EXPLAIN IN NARRATIVE,SSI,DAYLIGHT,CLOUDY,DRY,False,39.9718589782715,-86.0049896240235
904179405,2022,2022-12-20,Hamilton,Fishers,WHISTLE DR,Pedestrian,OTHER - EXPLAIN IN NARRATIVE,FAILURE TO YIELD RIGHT OF WAY,SSI,DARK (NOT LIGHTED),CLEAR,DRY,False,39.9565658569336,-85.9989166259766
904180101,2022,2022-12-20,Marion,Indianapolis,MADISON AVE  & GREENTREE ST,Pedestrian,RIGHT ANGLE,PEDESTRIAN ACTION,Fatal,DARK (LIGHTED),CLOUDY,DRY,False,39.6516952514649,-86.1225051879883
904180417,2022,2022-12-20,Marion,Indianapolis,ROCKVILLE RD & BRIDGEPORT RD,Vehicle,RIGHT ANGLE,DISREGARD SIGNAL/REG SIGN,SSI,DAYLIGHT,CLEAR,DRY,False,39.7636947631836,-86.3173904418945
904180675,2022,2022-12-21,Johnson,Whiteland,WHITELAND RD,Pedestrian,COLLISION WITH OBJECT IN ROAD,PEDESTRIAN ACTION,Fatal,DARK (NOT LIGHTED),CLEAR,DRY,False,39.5505752563476,-86.0517425537109
904180184,2022,2022-12-22,Hamilton,,ATLANTIC RD  & SR 13,Vehicle,RAN OFF ROAD,UNSAFE LANE MOVEMENT,SSI,DARK (NOT LIGHTED),CLEAR,DRY,False,40.0719451904297,-85.8629989624023
904181043,2022,2022-12-22,Marion,Indianapolis,E 30TH ST  & E FALL CREEK PKWY N DR,Pedestrian,RIGHT ANGLE,DISREGARD SIGNAL/REG SIGN,Fatal,DAYLIGHT,RAIN,WET,False,39.8103446960449,-86.1436233520508
904181101,2022,2022-12-22,Marion,Indianapolis,NEW YORK ST & RILEY AVE,Vehicle,RIGHT ANGLE,DISREGARD SIGNAL/REG SIGN,SSI,DAYLIGHT,CLOUDY,WET,False,39.7721748352051,-86.085823059082
904181110,2022,2022-12-22,Marion,Indianapolis,EAST 30TH ST & NORTH ARLINGTON AVE,Vehicle,OPPOSITE DIRECTION SIDESWIPE,DISREGARD SIGNAL/REG SIGN,SSI,DAYLIGHT,RAIN,WET,False,39.8110275268555,-86.0645980834961
904181366,2022,2022-12-22,Hendricks,Plainfield,S RONALD REAGAN PKWY  & 6 POINTS RD,Vehicle,RIGHT ANGLE,OTHER (DRIVER) - EXPLAIN IN NARRATIVE,SSI,DAYLIGHT,RAIN,WET,False,39.7077484130859,-86.3359069824219
904182512,2022,2022-12-22,Marion,Indianapolis,N DELAWARE ST  & E NORTH ST,Pedestrian,OTHER - EXPLAIN IN NARRATIVE,PEDESTRIAN ACTION,SSI,DARK (LIGHTED),SLEET/HAIL/FREEZING RAIN,WET,False,39.7754325866699,-86.1541366577148
904181766,2022,2022-12-24,Marion,Indianapolis,E VANDERGRIFF RD & S DAVIS RD,Vehicle,RAN OFF ROAD,SPEED TOO FAST FOR WEATHER CONDITIONS,Fatal,DAYLIGHT,CLEAR,SNOW/SLUSH,False,39.7155838012695,-85.9895629882813
904181875,2022,2022-12-24,Boone,,I-65,Vehicle,RAN OFF ROAD,ROADWAY SURFACE CONDITION,SSI,DAYLIGHT,CLEAR,SNOW/SLUSH,True,40.1453247070312,-86.5306091308594
904182072,2022,2022-12-24,Marion,Indianapolis,LAKE TERRACE DR & 21ST ST,Vehicle,LEFT TURN,FAILURE TO YIELD RIGHT OF WAY,SSI,DARK (LIGHTED),CLEAR,SNOW/SLUSH,False,39.7972183227539,-85.9940414428711
904183381,2022,2022-12-24,Johnson,,STATE RD 44  & HOSPITAL RD,Vehicle,RAN OFF ROAD,OTHER (DRIVER) - EXPLAIN IN NARRATIVE,SSI,DARK (NOT LIGHTED),CLEAR,ICE,False,39.4728584289551,-86.1033172607422
904189325,2022,2022-12-26,Marion,Indianapolis,E WASHINGTON ST  & N EATON AVE,Vehicle,RIGHT ANGLE,UNSAFE SPEED,Fatal,DARK (LIGHTED),RAIN,WET,False,39.7733459472656,-86.0200500488281
904190344,2022,2022-12-31,Marion,Indianapolis,WESTFIELD RD  & E 82ND ST,Vehicle,NON-COLLISION,UNDER STEERING/UNDER CORRECTING,Fatal,DARK (NOT LIGHTED),CLOUDY,WET,False,39.9055519104004,-86.1363220214844
904239492,2023,2023-03-12,Marion,Lawrence,N SHADELAND AVE  & E 46TH ST,Vehicle,RAN OFF ROAD,UNSAFE LANE MOVEMENT,Fatal,DARK (NOT LIGHTED),CLEAR,WET,False,39.8406562805176,-86.0460815429688
904186926,2023,2023-01-01,Johnson,Whiteland,PAUL HAND RD,Vehicle,RAN OFF ROAD,UNSAFE SPEED,SSI,DAYLIGHT,CLEAR,DRY,False,39.5353622436523,-86.0721664428711