id,year,date,county,city,cross_street,crash_type,manner,primary_factor,ssi_fatal,light,weather,surface,interstate,lat,lon
904307633,2023,2023-07-08,Marion,Indianapolis,SOUTHPORT RD & MC FARLAND BLVD,Vehicle,OTHER - EXPLAIN IN NARRATIVE,FOLLOWING TOO CLOSELY,SSI,DARK (LIGHTED),CLEAR,DRY,False,39.6651916503906,-86.111083984375
904278788,2023,2023-05-12,Marion,Indianapolis,I465,Vehicle,REAR END,UNSAFE SPEED,SSI,DARK (NOT LIGHTED),CLEAR,DRY,True,39.7245368957519,-86.0476608276367
904117422,2022,2022-09-20,Marion,Indianapolis,16TH ST & BOLTON AVE,Vehicle,RIGHT ANGLE,FAILURE TO YIELD RIGHT OF WAY,SSI,DAYLIGHT,CLEAR,DRY,False,39.788932800293,-86.0678558349609
904241733,2023,2023-03-12,Morgan,MARTINSVILLE,RED DAY RD  & ROB HILL RD,Vehicle,RAN OFF ROAD,UNSAFE SPEED,Fatal,DAYLIGHT,CLEAR,DRY,False,39.5157775878906,-86.4210510253906
904188295,2023,2023-01-01,Marion,Indianapolis,HARDING ST & 22ND ST,Vehicle,RIGHT ANGLE,FAILURE TO YIELD RIGHT OF WAY,SSI,DAYLIGHT,CLOUDY,WET,False,39.7975349426269,-86.1875228881836
904307665,2023,2023-07-08,Marion,Indianapolis,WASHINGTON ST & RITTER AVE,Vehicle,LEFT TURN,FAILURE TO YIELD RIGHT OF WAY,SSI,DAYLIGHT,CLEAR,DRY,False,39.7704658508301,-86.0733795166016
904291528,2023,2023-06-09,Boone,Lebanon,I 65,Vehicle,OTHER - EXPLAIN IN NARRATIVE,OTHER (DRIVER) - EXPLAIN IN NARRATIVE,SSI,DAYLIGHT,CLEAR,DRY,True,40.0469284057617,-86.4894866943359
904287580,2023,2023-05-12,Morgan,MARTINSVILLE,E SR 252  & JONES PL,Vehicle,REAR END,FOLLOWING TOO CLOSELY,SSI,DAYLIGHT,CLEAR,DRY,False,39.4218254089355,-86.3912811279297
904307844,2023,2023-07-09,Marion,Indianapolis,W MARYLAND ST  & S WEST ST,Vehicle,LEFT TURN,FAILURE TO YIELD RIGHT OF WAY,SSI,DARK (LIGHTED),CLEAR,DRY,False,39.7658462524414,-86.1670684814453
904118464,2022,2022-09-20,Marion,Indianapolis,25TH ST & MITTHOEFER RD,Pedestrian,REAR END,FOLLOWING TOO CLOSELY,SSI,DARK (LIGHTED),CLEAR,DRY,False,39.8042411804199,-85.9906997680664
904292291,2023,2023-06-10,Marion,Indianapolis,RAYMOND ST & CHURCHMAN AVE,Vehicle,RAN OFF ROAD,IMPROPER PASSING,SSI,DAYLIGHT,CLEAR,DRY,False,39.7376823425293,-86.1204681396485
904121555,2022,2022-09-20,Marion,Indianapolis,STATE RD 37  & W EPLER AVE,Pedestrian,NON-COLLISION,PEDESTRIAN ACTION,Fatal,DARK (NOT LIGHTED),CLEAR,DRY,False,39.6867256164551,-86.1928939819336
904307851,2023,2023-07-09,Marion,Indianapolis,W 38TH STREET  & I-65 NORTH EXIT,Vehicle,RAN OFF ROAD,OTHER (DRIVER) - EXPLAIN IN NARRATIVE,Fatal,UNKNOWN,CLEAR,DRY,True,39.8233184814453,-86.2042617797852
904246678,2023,2023-03-12,Marion,Indianapolis,I 465,Vehicle,RAN OFF ROAD,UNSAFE SPEED,SSI,DAYLIGHT,CLOUDY,WET,True,39.8513565063477,-86.2752838134766
904275163,2023,2023-05-13,Hancock,,WEST US 40  & POTOMAC DR,Vehicle,HEAD ON BETWEEN TWO MOTOR VEHICLES,LEFT OF CENTER,Fatal,DAYLIGHT,CLEAR,DRY,False,39.7800102233887,-85.8835144042969
904292615,2023,2023-06-10,Marion,Indianapolis,N SHADELAND AVE  & E 75TH ST,Vehicle,RIGHT ANGLE,FAILURE TO YIELD RIGHT OF WAY,SSI,DAYLIGHT,CLEAR,DRY,False,39.8901062011719,-86.0460815429688
904307857,2023,2023-07-09,Marion,Indianapolis,E 16TH ST  & N EUCLID AVE,Vehicle,RIGHT ANGLE,DISREGARD SIGNAL/REG SIGN,Fatal,DAYLIGHT,CLEAR,DRY,False,39.7888031005859,-86.0945816040039
904117618,2022,2022-09-21,Marion,Lawrence,E 42ND ST  & N POST RD,Vehicle,REAR END,FOLLOWING TOO CLOSELY,SSI,DAYLIGHT,CLEAR,DRY,False,39.8333168029785,-86.0100021362305
904195642,2023,2023-01-01,Marion,Indianapolis,19TH ST & LAFAYETTE RD,Vehicle,OTHER - EXPLAIN IN NARRATIVE,FAILURE TO YIELD RIGHT OF WAY,SSI,DAYLIGHT,CLEAR,DRY,False,39.7923622131348,-86.2026138305664
904276299,2023,2023-05-13,Marion,Indianapolis,BOULEVARD PL  & W 38TH ST,Pedestrian,RIGHT ANGLE,PEDESTRIAN ACTION,Fatal,DAYLIGHT,CLEAR,DRY,False,39.8249473571777,-86.1639556884766
904292631,2023,2023-06-10,Marion,Indianapolis,E 34TH ST  & NFOREST MANOR AVE,Vehicle,LEFT TURN,DISREGARD SIGNAL/REG SIGN,SSI,DARK (LIGHTED),CLOUDY,DRY,False,39.818244934082,-86.097770690918
904117754,2022,2022-09-21,Morgan,MARTINSVILLE,E WALNUT ST  & S ST CLAIR ST,Vehicle,RIGHT ANGLE,DISREGARD SIGNAL/REG SIGN,SSI,DAYLIGHT,CLEAR,DRY,False,39.4240303039551,-86.4176788330078
904309958,2023,2023-07-09,Hendricks,Plainfield,E CO RD 100 S  & BRADLEY DR,Vehicle,RAN OFF ROAD,OVERCORRECTING/OVERSTEERING,SSI,DAYLIGHT,CLEAR,DRY,False,39.7490005493164,-86.3300170898438
904239502,2023,2023-03-13,Morgan,MONROVIA,SR 42  & ALLEN RD,Vehicle,OPPOSITE DIRECTION SIDESWIPE,FAILURE TO MAINTAIN LANE,SSI,DAWN/DUSK,CLEAR,DRY,False,39.5789833068848,-86.5096740722656
904196447,2023,2023-01-01,Marion,Indianapolis,I-465,Vehicle,COLLISION WITH OBJECT IN ROAD,ANIMAL/OBJECT IN ROADWAY,SSI,DARK (LIGHTED),FOG/SMOKE/SMOG,DRY,True,39.8400917053223,-86.2759323120117
904277447,2023,2023-05-13,Hendricks,NORTH SALEM,CR 800 N  & SR 75,Vehicle,RAN OFF ROAD,OVERCORRECTING/OVERSTEERING,SSI,DARK (NOT LIGHTED),CLEAR,DRY,False,39.879222869873,-86.6220474243164
904297695,2023,2023-06-10,Marion,Indianapolis,I 70,Vehicle,SAME DIRECTION SIDESWIPE,UNSAFE LANE MOVEMENT,SSI,DAYLIGHT,CLEAR,DRY,True,39.7511672973633,-86.2297592163086
904239733,2023,2023-03-13,Marion,Indianapolis,STOP 11 RD RD,Vehicle,OTHER - EXPLAIN IN NARRATIVE,DRIVER ILLNESS,SSI,DARK (NOT LIGHTED),RAIN,WET,False,39.6505813598633,-86.0853958129883
904201144,2023,2023-01-01,Marion,Indianapolis,I-465,Vehicle,REAR END,UNSAFE SPEED,Fatal,DARK (LIGHTED),FOG/SMOKE/SMOG,DRY,True,39.8401069641113,-86.2758483886719
904121710,2022,2022-09-21,Hendricks,COATESVILLE,CR 450 S  & CR 675 W,Pedestrian,BACKING CRASH,UNSAFE BACKING,Fatal,DAYLIGHT,CLEAR,DRY,False,39.6951599121094,-86.6440658569336
904310884,2023,2023-07-09,Hendricks,,HENDRICKS COUNTY LINE RD.  & CR 400 E,Vehicle,RAN OFF ROAD,UNSAFE BACKING,SSI,DAYLIGHT,CLEAR,DRY,False,39.9232025146484,-86.4616622924805
904291542,2023,2023-06-11,Johnson,,I 65,Vehicle,REAR END,UNSAFE LANE MOVEMENT,SSI,DAYLIGHT,RAIN,WET,True,39.563362121582,-86.0498275756836
904240897,2023,2023-03-13,Hendricks,COATESVILLE,SR 75  & CR 250 S,Vehicle,RAN OFF ROAD,OTHER (DRIVER) - EXPLAIN IN NARRATIVE,SSI,DARK (NOT LIGHTED),SNOW,ICE,False,39.7183494567871,-86.650993347168
904205851,2023,2023-01-01,Morgan,LITTLE POINT,I-70,Vehicle,RAN OFF ROAD,SPEED TOO FAST FOR WEATHER CONDITIONS,Fatal,DARK (NOT LIGHTED),CLEAR,WET,True,39.5704078674316,-86.6319046020508
904276376,2023,2023-05-14,Marion,Indianapolis,S DELAWARE ST  & BANKERS LIFE CT,Vehicle,RAN OFF ROAD,LEFT OF CENTER,SSI,DARK (LIGHTED),CLOUDY,DRY,False,39.7646369934082,-86.1545944213867
904307775,2023,2023-07-10,Marion,Indianapolis,ARLINGTON AVE & SHELBYVILLE RD,Vehicle,RAN OFF ROAD,RAN OFF ROAD RIGHT,Fatal,DARK (LIGHTED),CLEAR,DRY,False,39.6753425598145,-86.0634841918945
904118454,2022,2022-09-22,Marion,Indianapolis,34TH ST & FALCON DR,Vehicle,LEFT TURN,FAILURE TO YIELD RIGHT OF WAY,SSI,DAWN/DUSK,CLEAR,DRY,False,39.8165130615234,-86.2315139770508
904291722,2023,2023-06-11,Marion,Lawrence,SUNNYSIDE  & 75TH,Vehicle,HEAD ON BETWEEN TWO MOTOR VEHICLES,SPEED TOO FAST FOR WEATHER CONDITIONS,SSI,DAYLIGHT,RAIN,WET,False,39.8875617980957,-85.9761505126953
904245039,2023,2023-03-13,Marion,Indianapolis,I-465 EB,Vehicle,REAR END,FOLLOWING TOO CLOSELY,SSI,DAYLIGHT,CLEAR,DRY,True,39.9125595092773,-86.2695846557617
904355449,2023,2023-01-01,Johnson,Whiteland,PAUL HAND RD,Vehicle,RAN OFF ROAD,UNSAFE SPEED,SSI,DAYLIGHT,CLEAR,DRY,False,39.5353622436523,-86.0721664428711
904275770,2023,2023-05-15,Hendricks,Plainfield,E MAIN ST,Pedestrian,REAR END,UNSAFE LANE MOVEMENT,SSI,DAYLIGHT,CLOUDY,DRY,False,39.7191123962402,-86.3491821289063
904296443,2023,2023-06-11,Marion,Indianapolis,WEST 38TH ST & HIGH SCHOOL RD,Vehicle,RIGHT ANGLE,IMPROPER TURNING,SSI,DARK (LIGHTED),CLEAR,DRY,False,39.8234977722168,-86.2703018188477
904240447,2023,2023-03-14,Marion,Indianapolis,RAYMOND ST & HUNTER RD,Vehicle,OTHER - EXPLAIN IN NARRATIVE,ROADWAY SURFACE CONDITION,SSI,DARK (NOT LIGHTED),BLOWING SAND/SOIL/SNOW,WET,False,39.739330291748,-86.0495147705078
904119934,2022,2022-09-22,Morgan,MARTINSVILLE,W GARFIELD AVE  & W GARFIELD AVE,Vehicle,REAR END,FOLLOWING TOO CLOSELY,SSI,DARK (LIGHTED),CLEAR,DRY,False,39.4206504821777,-86.4352416992187
904308198,2023,2023-07-10,Marion,Indianapolis,FRANKLIN RD & 21ST ST,Vehicle,RIGHT TURN,FAILURE TO YIELD RIGHT OF WAY,SSI,DAYLIGHT,CLEAR,DRY,False,39.7965431213379,-86.0251846313477
904241462,2023,2023-03-15,Marion,Lawrence,SUNNYSIDE  & TOLLISTON,Vehicle,REAR END,FOLLOWING TOO CLOSELY,SSI,DAYLIGHT,CLEAR,DRY,False,39.8713302612305,-85.97314453125
904187914,2023,2023-01-02,Johnson,TRAFALGAR,W STATE RD 135,Pedestrian,SAME DIRECTION SIDESWIPE,PEDESTRIAN ACTION,SSI,DARK (NOT LIGHTED),CLEAR,DRY,False,39.4397277832031,-86.1578826904297
904276136,2023,2023-05-15,Marion,Cumberland,HUGO ST  & E WASHINGTON ST,Vehicle,LEFT TURN,DRIVER ILLNESS,SSI,DAYLIGHT,CLEAR,DRY,False,39.7760887145996,-85.9660491943359
904293108,2023,2023-06-12,Marion,Indianapolis,W 46TH ST  & MOLLER RD,Vehicle,REAR END,FOLLOWING TOO CLOSELY,Fatal,DARK (NOT LIGHTED),CLOUDY,DRY,False,39.8384284973145,-86.256103515625
904308538,2023,2023-07-10,Marion,Indianapolis,E BRUNSWICK AVE  & HARDEGAN ST,Vehicle,RIGHT ANGLE,OVERCORRECTING/OVERSTEERING,SSI,DAYLIGHT,CLEAR,DRY,False,39.6811790466309,-86.1253051757813
904118390,2022,2022-09-23,Hamilton,,STATE ROAD 38  & PRAIRIE BAPTIST ROAD,Vehicle,RIGHT ANGLE,FAILURE TO YIELD RIGHT OF WAY,Fatal,DARK (NOT LIGHTED),CLEAR,DRY,False,40.0299491882324,-85.9005508422852
904241634,2023,2023-03-15,Hancock,,N 400 WEST  & SR 67,Vehicle,HEAD ON BETWEEN TWO MOTOR VEHICLES,FAILURE TO MAINTAIN LANE,SSI,DAYLIGHT,CLEAR,DRY,False,39.9221229553223,-85.8811721801758
904196509,2023,2023-01-02,Marion,Indianapolis,MADISON AVE  & E STOP 11 RD,Pedestrian,NON-COLLISION,PEDESTRIAN ACTION,Fatal,DARK (LIGHTED),CLEAR,DRY,False,39.6507797241211,-86.1222152709961
904277237,2023,2023-05-15,Marion,Indianapolis,US 40,Pedestrian,SAME DIRECTION SIDESWIPE,PEDESTRIAN ACTION,SSI,DAYLIGHT,CLEAR,DRY,False,39.7753829956055,-85.9822540283203
904294262,2023,2023-06-12,Marion,Indianapolis,US 31  & SOUTHPORT RD,Vehicle,REAR END,UNSAFE SPEED,SSI,DARK (LIGHTED),CLEAR,DRY,False,39.6643981933594,-86.1471557617188
904308540,2023,2023-07-10,Marion,Indianapolis,E WASHINGTON ST  & N ORIENTAL ST,Pedestrian,OTHER - EXPLAIN IN NARRATIVE,PEDESTRIAN ACTION,Fatal,DARK (LIGHTED),CLEAR,DRY,False,39.7670211791992,-86.1353454589844
904119215,2022,2022-09-23,Shelby,FAIRLAND,W 950 N  & W 950 N,Vehicle,RAN OFF ROAD,UNSAFE SPEED,Fatal,DARK (NOT LIGHTED),RAIN,WET,False,39.6610412597656,-85.9200744628906
904241728,2023,2023-03-15,Morgan,Mooresville,STATE RD 67  & INDIANA STREET,Vehicle,LEFT/RIGHT TURN,DISREGARD SIGNAL/REG SIGN,SSI,DAYLIGHT,CLEAR,DRY,False,39.602237701416,-86.3742294311523
904190026,2023,2023-01-03,Hancock,,N 500W  & N 500W,Vehicle,HEAD ON BETWEEN TWO MOTOR VEHICLES,IMPROPER PASSING,SSI,DAYLIGHT,CLOUDY,WET,False,39.8702507019043,-85.8977508544922
904285145,2023,2023-05-16,Marion,Indianapolis,I 74,Vehicle,RAN OFF ROAD,SPEED TOO FAST FOR WEATHER CONDITIONS,SSI,DAYLIGHT,CLOUDY,WET,True,39.7322044372559,-86.0363311767578
904295499,2023,2023-06-12,Hamilton,Noblesville,BODEN RD,Vehicle,OTHER - EXPLAIN IN NARRATIVE,UNSAFE SPEED,SSI,DAYLIGHT,CLOUDY,DRY,False,40.0250625610352,-85.9381637573242
904241954,2023,2023-03-15,Marion,Indianapolis,KENTUCKY AVE,Vehicle,REAR END,FOLLOWING TOO CLOSELY,SSI,DARK (NOT LIGHTED),CLEAR,DRY,False,39.6659545898438,-86.3054504394531
904308554,2023,2023-07-10,Marion,Indianapolis,E NEW YORK ST  & N HIGHLAND AVE,Vehicle,NON-COLLISION,UNSAFE SPEED,SSI,DAYLIGHT,CLEAR,DRY,False,39.7713394165039,-86.1371994018555
904190165,2023,2023-01-03,Hendricks,Plainfield,I-70,Vehicle,RAN OFF ROAD,UNSAFE LANE MOVEMENT,SSI,DARK (LIGHTED),CLEAR,DRY,True,39.6724281311035,-86.3591690063477
904119515,2022,2022-09-23,Marion,Indianapolis,52ND ST & EVANSTON AVE,Vehicle,RIGHT ANGLE,FAILURE TO YIELD RIGHT OF WAY,SSI,DAYLIGHT,CLOUDY,DRY,False,39.8896293640137,-86.1256637573242
904298565,2023,2023-06-12,Marion,Indianapolis,KEYSTONE PARKWAY  & I-465 RAMP 33A,Vehicle,OTHER - EXPLAIN IN NARRATIVE,DISREGARD SIGNAL/REG SIGN,Fatal,DAYLIGHT,CLEAR,DRY,True,39.9226837158203,-86.1121520996094
904277429,2023,2023-05-17,Johnson,Edinburgh,E 650 S,Vehicle,RAN OFF ROAD,OVERCORRECTING/OVERSTEERING,Fatal,DAYLIGHT,CLEAR,DRY,False,39.3835525512695,-85.9533615112305
904119556,2022,2022-09-23,Marion,Indianapolis,EAST ST & WERGES AVE,Vehicle,LEFT TURN,FAILURE TO YIELD RIGHT OF WAY,SSI,DAWN/DUSK,CLEAR,DRY,False,39.7593421936035,-86.1497955322266
904310899,2023,2023-07-10,Marion,Indianapolis,I-65 NB 106.5 MM,Vehicle,RAN OFF ROAD,UNSAFE LANE MOVEMENT,SSI,DAYLIGHT,CLEAR,DRY,True,39.7098617553711,-86.110107421875
904190687,2023,2023-01-03,Marion,Indianapolis,W 62ND ST  & ZIONSVILLE RD,Vehicle,RAN OFF ROAD,UNSAFE SPEED,Fatal,DARK (LIGHTED),RAIN,WET,False,39.8671264648438,-86.2599029541016
904298566,2023,2023-06-12,Marion,Indianapolis,I 465    &   S,Vehicle,REAR END,FAILURE TO MAINTAIN LANE,SSI,DAYLIGHT,CLEAR,DRY,True,39.7839584350586,-86.0322494506836
904242722,2023,2023-03-16,Marion,Indianapolis,DANDY TRL  & W 46TH ST,Vehicle,HEAD ON BETWEEN TWO MOTOR VEHICLES,LEFT OF CENTER,SSI,DAYLIGHT,RAIN,WET,False,39.8311386108398,-86.2958831787109
904277466,2023,2023-05-17,Hamilton,Fishers,ALLISONVILE RD  & MARSH RD,Pedestrian,RIGHT TURN,FAILURE TO YIELD RIGHT OF WAY,SSI,DAYLIGHT,CLEAR,DRY,False,39.9586601257324,-86.039306640625
904122080,2022,2022-09-23,Marion,Indianapolis,LAFAYETTE RD  & 30TH ST,Vehicle,NON-COLLISION,OVERCORRECTING/OVERSTEERING,SSI,DARK (LIGHTED),CLOUDY,DRY,False,39.810619354248,-86.2216873168945
904314858,2023,2023-07-10,Marion,Indianapolis,34TH ST & ORCHARD AVE,Vehicle,RIGHT ANGLE,FAILURE TO YIELD RIGHT OF WAY,SSI,DAYLIGHT,CLEAR,DRY,False,39.81787109375,-86.1280288696289
904191157,2023,2023-01-03,Hamilton,,US 31  & E 236TH STREET,Vehicle,HEAD ON BETWEEN TWO MOTOR VEHICLES,OTHER (DRIVER) - EXPLAIN IN NARRATIVE,SSI,DARK (NOT LIGHTED),RAIN,WET,False,40.1229820251465,-86.1283111572265
904293858,2023,2023-06-13,Marion,Indianapolis,N GIRLS SCHOOL RD,Vehicle,REAR END,FOLLOWING TOO CLOSELY,SSI,DAYLIGHT,CLOUDY,WET,False,39.8023910522461,-86.2888946533203
904244455,2023,2023-03-16,Hendricks,,CR 100 S  & CR 625 E,Vehicle,RIGHT ANGLE,DISREGARD SIGNAL/REG SIGN,SSI,DAYLIGHT,CLOUDY,DRY,False,39.7479133605957,-86.4140548706055
904278265,2023,2023-05-18,Boone,JAMESTOWN(BOONE),I-74,Vehicle,RAN OFF ROAD,TIRE FAILURE OR DEFECTIVE,SSI,DAYLIGHT,CLEAR,DRY,True,39.9790267944336,-86.6764144897461
904123639,2022,2022-09-23,Marion,Indianapolis,ORANGE ST  & S KEALING AVE,Vehicle,RIGHT ANGLE,FAILURE TO YIELD RIGHT OF WAY,Fatal,DAWN/DUSK,CLOUDY,DRY,False,39.7508316040039,-86.1031494140625
904308843,2023,2023-07-11,Boone,Lebanon,STATE ROAD 39  & CROWN POINTE DRIVE,Vehicle,HEAD ON BETWEEN TWO MOTOR VEHICLES,OTHER (DRIVER) - EXPLAIN IN NARRATIVE,Fatal,DAYLIGHT,CLEAR,DRY,False,40.0790901184082,-86.475715637207
904191531,2023,2023-01-03,Hamilton,Carmel,RIVER RD & FIFE TRL,Vehicle,RAN OFF ROAD,DRIVER ASLEEP OR FATIGUED,SSI,DAYLIGHT,CLOUDY,WET,False,39.9809494018555,-86.0497741699219
904293894,2023,2023-06-13,Marion,Indianapolis,BERTHA ST,Vehicle,RAN OFF ROAD,FAILURE TO MAINTAIN LANE,SSI,DAYLIGHT,CLEAR,DRY,False,39.7607727050781,-86.2489624023438
904245512,2023,2023-03-16,Marion,Indianapolis,MASSACHUSETTS AVE  & E 33RD ST,Vehicle,REAR END,UNSAFE SPEED,SSI,DARK (LIGHTED),RAIN,WET,False,39.8140869140625,-86.0769500732422
904278475,2023,2023-05-18,Marion,Indianapolis,SOUTHPORT RD & PERRY COMMONS AVE,Vehicle,HEAD ON BETWEEN TWO MOTOR VEHICLES,LEFT OF CENTER,SSI,DARK (NOT LIGHTED),CLEAR,DRY,False,39.6626815795898,-86.1917419433594
904119171,2022,2022-09-24,Boone,Zionsville,W BASE LINE RD  & W BASE LINE RD,Vehicle,RIGHT ANGLE,FAILURE TO YIELD RIGHT OF WAY,SSI,DAYLIGHT,CLEAR,DRY,False,40.041561126709,-86.2414016723633
904310065,2023,2023-07-11,Hancock,,SR 9  & CR 500 SOUTH,Vehicle,REAR END,UNSAFE SPEED,SSI,DAWN/DUSK,CLEAR,DRY,False,39.7135238647461,-85.7723236083984
904293929,2023,2023-06-13,Morgan,,MANN ROAD,Vehicle,RAN OFF ROAD,SPEED TOO FAST FOR WEATHER CONDITIONS,Fatal,DARK (NOT LIGHTED),RAIN,WET,False,39.58642578125,-86.2884292602539
904210038,2023,2023-01-03,Marion,Indianapolis,465   &   S,Vehicle,REAR END,ANIMAL/OBJECT IN ROADWAY,SSI,DARK (NOT LIGHTED),CLEAR,WET,False,39.7732887268066,-86.2697982788086
904243887,2023,2023-03-17,Marion,Indianapolis,MOORE RD & 86TH ST,Vehicle,RAN OFF ROAD,DRIVER DISTRACTED - EXPLAIN IN NARRATIVE,SSI,DAYLIGHT,CLEAR,DRY,False,39.9100494384765,-86.2878875732422
904119247,2022,2022-09-24,Boone,Zionsville,E 300 S  & S 875 E,Vehicle,RAN OFF ROAD,FAILURE TO MAINTAIN LANE,SSI,DAWN/DUSK,CLEAR,DRY,False,39.9978485107422,-86.3050079345703
904278551,2023,2023-05-19,Johnson,,SR 135   & CR 100 N,Vehicle,HEAD ON BETWEEN TWO MOTOR VEHICLES,BRAKE FAILURE OR DEFECTIVE,SSI,DAYLIGHT,CLEAR,DRY,False,39.494701385498,-86.1579055786133
904314028,2023,2023-07-11,Morgan,MARTINSVILLE,CENTERTON RD  & SR67,Vehicle,LEFT TURN,FAILURE TO YIELD RIGHT OF WAY,SSI,DAYLIGHT,CLEAR,DRY,False,39.513988494873,-86.4011001586914
904214427,2023,2023-01-03,Marion,Indianapolis,BOULEVARD PL  & W 35TH ST,Pedestrian,RIGHT ANGLE,PEDESTRIAN ACTION,Fatal,DARK (NOT LIGHTED),CLOUDY,DRY,False,39.8193244934082,-86.163948059082
904243943,2023,2023-03-17,Marion,Indianapolis,82ND ST & STATESMAN DR,Vehicle,HEAD ON BETWEEN TWO MOTOR VEHICLES,UNSAFE SPEED,SSI,DARK (LIGHTED),CLEAR,DRY,False,39.9057502746582,-86.0889511108398
904280074,2023,2023-05-19,Hamilton,Noblesville,SR32 & HAZEL DELL RD,Vehicle,RIGHT ANGLE,FAILURE TO YIELD RIGHT OF WAY,SSI,DARK (NOT LIGHTED),RAIN,WET,False,40.043270111084,-86.0708618164062
904295747,2023,2023-06-13,Shelby,ST. PAUL(SHELBY),I 74,Vehicle,OTHER - EXPLAIN IN NARRATIVE,SPEED TOO FAST FOR WEATHER CONDITIONS,SSI,DAYLIGHT,RAIN,WATER (STANDING OR MOVING),True,39.4619102478027,-85.6465530395508
904309623,2023,2023-07-12,Hamilton,Fishers,E. 136TH ST    & PRAIRIE BAPTIST RD,Vehicle,NON-COLLISION,FAILURE TO YIELD RIGHT OF WAY,SSI,DAYLIGHT,CLEAR,DRY,False,39.9872093200684,-85.900016784668
904119590,2022,2022-09-24,Marion,Indianapolis,BROAD RIPPLE AVE  & ROSSLYN AVE,Vehicle,HEAD ON BETWEEN TWO MOTOR VEHICLES,UNSAFE SPEED,SSI,DARK (LIGHTED),CLEAR,DRY,False,39.8687629699707,-86.1346054077149
904193347,2023,2023-01-04,Marion,Indianapolis,N KEYSTONE AVE,Vehicle,HEAD ON BETWEEN TWO MOTOR VEHICLES,UNSAFE BACKING,SSI,DAYLIGHT,CLOUDY,DRY,False,39.9226722717285,-86.111442565918
904247690,2023,2023-03-17,Marion,Indianapolis,30TH ST & RADFORD DR,Vehicle,SAME DIRECTION SIDESWIPE,UNSAFE LANE MOVEMENT,SSI,DARK (LIGHTED),RAIN,WET,False,39.810962677002,-86.04296875
904280762,2023,2023-05-19,Hendricks,Plainfield,STAFFORD RD  & PERRY RD,Vehicle,RIGHT ANGLE,FAILURE TO YIELD RIGHT OF WAY,SSI,DARK (LIGHTED),RAIN,WET,False,39.6973533630371,-86.3556060791016
904293998,2023,2023-06-14,Marion,Indianapolis,E 82ND ST,Pedestrian,RAN OFF ROAD,DRIVER ILLNESS,SSI,DAYLIGHT,CLEAR,DRY,False,39.9056243896484,-86.0597763061523
904309878,2023,2023-07-12,Johnson,Greenwood,N COMBS RD  & OLD COMBS RD,Vehicle,RAN OFF ROAD,OVERCORRECTING/OVERSTEERING,SSI,DAYLIGHT,CLEAR,DRY,False,39.619197845459,-86.0564880371094
904123382,2022,2022-09-24,Shelby,SHELBYVILLE,I- 74,Vehicle,REAR END,FOLLOWING TOO CLOSELY,SSI,DAYLIGHT,CLEAR,DRY,True,39.5240097045898,-85.731948852539
904195472,2023,2023-01-04,Marion,Indianapolis,W 86TH ST  & DITCH RD,Vehicle,RIGHT ANGLE,FAILURE TO YIELD RIGHT OF WAY,Fatal,DARK (LIGHTED),CLOUDY,DRY,False,39.912223815918,-86.1839447021484
904245514,2023,2023-03-18,Marion,Indianapolis,CRAWFORDSVILLE RD  & WATERFRONT PKWY E DR,Vehicle,HEAD ON BETWEEN TWO MOTOR VEHICLES,IMPROPER LANE USAGE,Fatal,DARK (LIGHTED),CLOUDY,DRY,False,39.8031463623047,-86.2805328369141
904281683,2023,2023-05-19,Marion,Indianapolis,N MERIDIAN ST  & E 30TH ST,Vehicle,RIGHT ANGLE,DISREGARD SIGNAL/REG SIGN,Fatal,DARK (LIGHTED),RAIN,WET,False,39.8101501464844,-86.1567230224609
904295710,2023,2023-06-14,Hamilton,Noblesville,GREENFIELD AVE & 16TH ST,Vehicle,HEAD ON BETWEEN TWO MOTOR VEHICLES,LEFT OF CENTER,SSI,DAYLIGHT,CLEAR,DRY,False,40.0310440063477,-86.0048675537109
904310062,2023,2023-07-12,Hancock,,500 N  & 200 W,Vehicle,RIGHT ANGLE,FAILURE TO YIELD RIGHT OF WAY,SSI,DAYLIGHT,CLEAR,DRY,False,39.856819152832,-85.8409194946289
904119991,2022,2022-09-25,Morgan,,STATE RD 44  & HESS RD,Vehicle,RAN OFF ROAD,OTHER (DRIVER) - EXPLAIN IN NARRATIVE,SSI,DAYLIGHT,CLEAR,DRY,False,39.4356460571289,-86.3760833740234
904201480,2023,2023-01-04,Marion,Indianapolis,E 42ND ST  & N ARLINGTON AVE,Vehicle,RIGHT ANGLE,DISREGARD SIGNAL/REG SIGN,SSI,DARK (LIGHTED),CLOUDY,DRY,False,39.8330192565918,-86.0648345947266
904243684,2023,2023-03-20,Hendricks,Plainfield,US40  & VANDALIA BLVD,Vehicle,REAR END,FOLLOWING TOO CLOSELY,SSI,DARK (NOT LIGHTED),CLOUDY,DRY,False,39.6934776306152,-86.4305801391602
904278855,2023,2023-05-20,Hancock,,CR 100   & CR 300,Vehicle,RIGHT ANGLE,FAILURE TO YIELD RIGHT OF WAY,SSI,DAYLIGHT,CLEAR,DRY,False,39.7429542541504,-85.7829132080078
904294901,2023,2023-06-15,Johnson,,I 69  & FAIRVIEW RD,Vehicle,HEAD ON BETWEEN TWO MOTOR VEHICLES,WRONG WAY ON ONE WAY,SSI,DARK (NOT LIGHTED),CLEAR,DRY,True,39.6194343566894,-86.2123870849609