id,year,date,county,city,cross_street,crash_type,manner,primary_factor,ssi_fatal,light,weather,surface,interstate,lat,lon
904266767,2023,2023-01-04,Marion,Indianapolis,POST RD & 10TH ST,Vehicle,RIGHT ANGLE,FAILURE TO YIELD RIGHT OF WAY,SSI,DAYLIGHT,CLEAR,DRY,False,39.7827568054199,-86.0091018676758
904280466,2023,2023-05-20,Marion,Indianapolis,N POST RD  & E 25TH ST,Vehicle,LEFT TURN,FAILURE TO YIELD RIGHT OF WAY,Fatal,DARK (LIGHTED),RAIN,WET,False,39.8039703369141,-86.0096817016601
904245024,2023,2023-03-21,Boone,JAMESTOWN(BOONE),I74 WB 47 MM,Vehicle,OTHER - EXPLAIN IN NARRATIVE,TIRE FAILURE OR DEFECTIVE,SSI,DAYLIGHT,CLEAR,DRY,True,39.9802856445312,-86.6798324584961
904310281,2023,2023-07-12,Marion,Indianapolis,KEYSTONE AVE & TROY AVE,Vehicle,NON-COLLISION,UNSAFE SPEED,SSI,DAYLIGHT,CLEAR,DRY,False,39.7229919433594,-86.1205444335938
904120113,2022,2022-09-25,Marion,Indianapolis,FISHBACK RD & WILSON RD,Vehicle,RAN OFF ROAD,RAN OFF ROAD RIGHT,SSI,DAYLIGHT,CLOUDY,DRY,False,39.8859748840332,-86.3200378417969
904280473,2023,2023-05-20,Marion,Indianapolis,N STATE AVE  & MARLOWE AVE,Vehicle,SAME DIRECTION SIDESWIPE,IMPROPER LANE USAGE,SSI,DARK (LIGHTED),CLEAR,DRY,False,39.7699317932129,-86.130615234375
904296404,2023,2023-06-15,Hendricks,,CARTERSBURG RD  & LICKRIDGE LN,Vehicle,COLLISION WITH OBJECT IN ROAD,ANIMAL/OBJECT IN ROADWAY,SSI,DARK (NOT LIGHTED),CLEAR,DRY,False,39.7178153991699,-86.4926528930664
904245475,2023,2023-03-22,Marion,Indianapolis,NEW YORK ST & GALE ST,Vehicle,RAN OFF ROAD,RAN OFF ROAD RIGHT,SSI,DAYLIGHT,CLOUDY,WET,False,39.7718276977539,-86.1057891845703
904191534,2023,2023-01-05,Hamilton,Carmel,US31S & 96TH ST,Vehicle,RIGHT ANGLE,FAILURE TO YIELD RIGHT OF WAY,SSI,DAYLIGHT,CLOUDY,DRY,False,39.926830291748,-86.1579818725586
904120119,2022,2022-09-25,Marion,Indianapolis,25TH ST & KEYSTONE AVE,Vehicle,REAR END,FOLLOWING TOO CLOSELY,SSI,DAYLIGHT,CLEAR,DRY,False,39.8033828735351,-86.1215438842773
904310288,2023,2023-07-12,Marion,Indianapolis,86TH ST & GREENRIDGE DR,Vehicle,HEAD ON BETWEEN TWO MOTOR VEHICLES,FAILURE TO YIELD RIGHT OF WAY,SSI,DAYLIGHT,CLEAR,DRY,False,39.9102897644043,-86.2813110351563
904280832,2023,2023-05-20,Marion,Indianapolis,MADISON AVE & MORRIS ST,Vehicle,RAN OFF ROAD,RAN OFF ROAD RIGHT,SSI,DARK (LIGHTED),CLEAR,DRY,False,39.7517433166504,-86.15478515625
904295162,2023,2023-06-16,Hamilton,Westfield,AUSTRIAN PINE WAY,Pedestrian,OTHER - EXPLAIN IN NARRATIVE,OTHER (DRIVER) - EXPLAIN IN NARRATIVE,SSI,DAYLIGHT,CLEAR,DRY,False,40.0424499511719,-86.156005859375
904245808,2023,2023-03-22,Marion,Lawrence,36 & SELLERS ST,Vehicle,LEFT TURN,FAILURE TO YIELD RIGHT OF WAY,SSI,DAYLIGHT,RAIN,WET,False,39.8335647583008,-86.0330047607422
904194785,2023,2023-01-05,Marion,Indianapolis,DENWOOD DR  & N SHERMAN DR,Vehicle,HEAD ON BETWEEN TWO MOTOR VEHICLES,OTHER (DRIVER) - EXPLAIN IN NARRATIVE,SSI,DAWN/DUSK,RAIN,WET,False,39.8283233642578,-86.1027221679688
904120814,2022,2022-09-25,Marion,Indianapolis,FRANKLIN RD & RAWLES AVE,Vehicle,OTHER - EXPLAIN IN NARRATIVE,FAILURE TO YIELD RIGHT OF WAY,SSI,DARK (LIGHTED),CLEAR,DRY,False,39.7618598937988,-86.0261917114258
904310333,2023,2023-07-12,Morgan,MARTINSVILLE,BLUE BLUFF,Vehicle,RAN OFF ROAD,FAILURE TO MAINTAIN LANE,SSI,DAYLIGHT,CLEAR,DRY,False,39.4812316894531,-86.4184494018555
904281171,2023,2023-05-20,Marion,Indianapolis,N CLIFTON ST  & W 35TH ST,Vehicle,RIGHT ANGLE,DISREGARD SIGNAL/REG SIGN,Fatal,DAWN/DUSK,CLEAR,DRY,False,39.8163032531738,-86.1805191040039
904295225,2023,2023-06-16,Johnson,Greenwood,I 65,Vehicle,RAN OFF ROAD,UNSAFE LANE MOVEMENT,SSI,DAYLIGHT,CLOUDY,DRY,True,39.5798072814941,-86.060302734375
904245850,2023,2023-03-22,Hamilton,Arcadia,US 31,Vehicle,RAN OFF ROAD,OVERCORRECTING/OVERSTEERING,SSI,DAYLIGHT,RAIN,WET,False,40.1536140441895,-86.1281433105469
904205617,2023,2023-01-05,Marion,Indianapolis,E 56TH ST  & E 56TH ST,Vehicle,RIGHT ANGLE,FAILURE TO YIELD RIGHT OF WAY,SSI,DAYLIGHT,CLEAR,DRY,False,39.8550796508789,-86.083969116211
904122600,2022,2022-09-25,Marion,Indianapolis,W 38TH ST  & MICHIGAN RD,Vehicle,RAN OFF ROAD,UNSAFE SPEED,Fatal,DARK (LIGHTED),RAIN,WET,False,39.8247451782226,-86.1807632446289
904313187,2023,2023-07-12,Hendricks,Plainfield,RONALD REAGAN PKWY  & BRADFORD RD,Pedestrian,RIGHT ANGLE,FAILURE TO YIELD RIGHT OF WAY,SSI,DARK (NOT LIGHTED),CLEAR,DRY,False,39.7341995239258,-86.3387451171875
904294242,2023,2023-05-20,Marion,Indianapolis,I 465,Vehicle,SAME DIRECTION SIDESWIPE,UNSAFE LANE MOVEMENT,SSI,DARK (LIGHTED),CLEAR,DRY,True,39.698917388916,-86.1358108520508
904248052,2023,2023-03-22,Marion,Indianapolis,E THOMPSON RD  & SHAKAMAK DR,Vehicle,NON-COLLISION,UNSAFE SPEED,SSI,DARK (NOT LIGHTED),RAIN,WET,False,39.6966018676758,-85.9859008789063
904217603,2023,2023-01-05,Marion,Lawrence,E 52ND ST  & E 52ND ST,Vehicle,RAN OFF ROAD,UNSAFE SPEED,SSI,DARK (LIGHTED),RAIN,WET,False,39.8482704162598,-85.9913864135742
904296178,2023,2023-06-16,Hamilton,Noblesville,SR37 & FIELD DR,Vehicle,REAR END,IMPROPER PASSING,SSI,DAYLIGHT,CLOUDY,DRY,False,40.0583572387695,-85.9907836914063
904120636,2022,2022-09-26,Johnson,,E OLD PLANK RD,Vehicle,REAR END,IMPROPER PASSING,SSI,DARK (NOT LIGHTED),CLEAR,DRY,False,39.5122604370117,-86.1408996582031
904310028,2023,2023-07-13,Hamilton,Fishers,E. 141ST ST.   & MUNDY DR.,Vehicle,RIGHT ANGLE,FAILURE TO YIELD RIGHT OF WAY,SSI,DAYLIGHT,CLEAR,DRY,False,39.9935035705566,-86.0027465820313
904279072,2023,2023-05-21,Hancock,,CR 400   & US 40 N,Vehicle,RAN OFF ROAD,UNSAFE SPEED,SSI,DARK (NOT LIGHTED),CLEAR,DRY,False,39.7835845947265,-85.8778762817383
904310647,2023,2023-07-14,Hancock,,600N  & N 700 W,Vehicle,RIGHT ANGLE,DISREGARD SIGNAL/REG SIGN,Fatal,DARK (NOT LIGHTED),CLEAR,DRY,False,39.869873046875,-85.9349365234375
904120766,2022,2022-09-26,Marion,Speedway,CRAWFORDSVILLE RD  & N HIGH SCHOOL RD,Vehicle,LEFT TURN,OTHER (DRIVER) - EXPLAIN IN NARRATIVE,SSI,DAYLIGHT,CLEAR,DRY,False,39.8011817932129,-86.2698440551758
904296507,2023,2023-06-16,Marion,Indianapolis,WASHINGTON ST & TIBBS AVE,Pedestrian,RAN OFF ROAD,RAN OFF ROAD RIGHT,SSI,DAYLIGHT,CLEAR,DRY,False,39.7647476196289,-86.2118911743164
904248309,2023,2023-03-23,Marion,Indianapolis,BARNHILL DRIVE,Vehicle,COLLISION WITH OBJECT IN ROAD,UNSAFE SPEED,SSI,DARK (LIGHTED),CLEAR,DRY,False,39.7729034423828,-86.1778564453125
904196314,2023,2023-01-06,Hamilton,Carmel,MAIN ST & OLD MERIDIAN ST,Vehicle,OTHER - EXPLAIN IN NARRATIVE,RAN OFF ROAD RIGHT,Fatal,DARK (LIGHTED),CLEAR,DRY,False,39.9778556823731,-86.1478652954102
904279696,2023,2023-05-21,Morgan,MONROVIA,SR39  & KELLER HILL ROAD,Vehicle,RIGHT ANGLE,FAILURE TO YIELD RIGHT OF WAY,SSI,DAYLIGHT,CLEAR,DRY,False,39.6007614135742,-86.4796524047852
904311609,2023,2023-07-14,Marion,Indianapolis,MITTHOEFFER RD & RIDGEVIEW DR,Vehicle,LEFT TURN,UNSAFE SPEED,SSI,DAYLIGHT,CLEAR,DRY,False,39.7860717773438,-86.0575180053711
904120834,2022,2022-09-26,Marion,Indianapolis,BELLVILLE AVE & WASHINGTON ST,Vehicle,LEFT TURN,IMPROPER TURNING,SSI,DAYLIGHT,CLEAR,DRY,False,39.7678871154785,-86.1229019165039
904295438,2023,2023-06-17,Johnson,Bargersville,144 & 625 W,Vehicle,RAN OFF ROAD,UNSAFE SPEED,SSI,DAYLIGHT,CLEAR,DRY,False,39.5525398254395,-86.215217590332
904247740,2023,2023-03-24,Marion,Indianapolis,71ST ST & TUXEDO ST,Vehicle,RAN OFF ROAD,RAN OFF ROAD RIGHT,SSI,DARK (NOT LIGHTED),RAIN,WET,False,39.8831672668457,-86.1102905273438
904195523,2023,2023-01-07,Marion,Indianapolis,N EMERSON AVE  & E 33RD ST,Vehicle,RAN OFF ROAD,FAILURE TO MAINTAIN LANE,Fatal,DARK (LIGHTED),CLEAR,DRY,False,39.6504325866699,-86.083625793457
904279945,2023,2023-05-21,Johnson,Greenwood,COUNTY LINE RD  & EMERSON AVE,Vehicle,REAR END,FOLLOWING TOO CLOSELY,SSI,DAYLIGHT,CLEAR,DRY,False,39.6363143920898,-86.0850982666016
904312120,2023,2023-07-14,Marion,Indianapolis,S SHERMAN DR  & E RAYMOND ST,Vehicle,RIGHT ANGLE,OTHER (DRIVER) - EXPLAIN IN NARRATIVE,SSI,DAYLIGHT,CLOUDY,DRY,False,39.7379341125488,-86.1017990112305
904120847,2022,2022-09-26,Marion,Indianapolis,W 38TH ST  & CROWN HILL AVE,Vehicle,REAR END,FOLLOWING TOO CLOSELY,SSI,DAYLIGHT,CLEAR,DRY,False,39.824821472168,-86.1805267333984
904296292,2023,2023-06-17,Hamilton,Carmel,W 106TH ST & HUNTERSFIELD DR,Vehicle,RIGHT ANGLE,LEFT OF CENTER,SSI,DAYLIGHT,CLEAR,DRY,False,39.940990447998,-86.2202377319336
904248011,2023,2023-03-24,Marion,Indianapolis,N RURAL ST  & E WASHINGTON ST,Pedestrian,OTHER - EXPLAIN IN NARRATIVE,SPEED TOO FAST FOR WEATHER CONDITIONS,SSI,DAYLIGHT,CLOUDY,WET,False,39.7744560241699,-86.1168518066406
904195748,2023,2023-01-07,Marion,Indianapolis,EAGLE CREEK PKWY  & W 34TH ST,Vehicle,RIGHT ANGLE,DISREGARD SIGNAL/REG SIGN,SSI,DARK (LIGHTED),CLEAR,DRY,False,39.8160552978516,-86.2798614501953
904280035,2023,2023-05-21,Marion,Beech Grove,ALBANY ST  & N 2ND AVE,Vehicle,RIGHT ANGLE,FAILURE TO YIELD RIGHT OF WAY,SSI,DARK (LIGHTED),CLEAR,DRY,False,39.723575592041,-86.0837860107422
904310861,2023,2023-07-15,Boone,Whitestown,WHITESTOWN PARKWAY  & I 65 NB,Vehicle,OTHER - EXPLAIN IN NARRATIVE,OTHER (DRIVER) - EXPLAIN IN NARRATIVE,SSI,DAYLIGHT,CLEAR,DRY,True,39.9476470947266,-86.3530197143555
904121228,2022,2022-09-27,Hamilton,SHERIDAN(HAMILTON),STATE RD 38  & HORTON RD,Vehicle,REAR END,FOLLOWING TOO CLOSELY,SSI,DAYLIGHT,CLEAR,DRY,False,40.1086349487305,-86.1609878540039
904295758,2023,2023-06-18,Boone,Zionsville,I-865,Vehicle,RAN OFF ROAD,OVERCORRECTING/OVERSTEERING,SSI,DAYLIGHT,CLEAR,DRY,True,39.9316444396973,-86.3308486938477
904196492,2023,2023-01-07,Marion,Indianapolis,W 71ST ST  & LORING CT,Vehicle,HEAD ON BETWEEN TWO MOTOR VEHICLES,DRIVER ILLNESS,SSI,DAYLIGHT,CLOUDY,DRY,False,39.8811378479004,-86.2465744018555
904248099,2023,2023-03-24,Hamilton,Carmel,CARMEL DR & 3RD SW AVE,Vehicle,HEAD ON BETWEEN TWO MOTOR VEHICLES,DRIVER ILLNESS,SSI,DAYLIGHT,CLEAR,WET,False,39.9626197814941,-86.1317367553711
904280124,2023,2023-05-21,Hancock,,SR 234  & CR 475W,Vehicle,RAN OFF ROAD,DRIVER ILLNESS,Fatal,DAYLIGHT,CLEAR,DRY,False,39.8995208740234,-85.8892669677734
904295883,2023,2023-06-18,Hamilton,SHERIDAN(HAMILTON),SR 47  & HAMILTON BOONE COUNTY LINE RD.,Vehicle,RIGHT ANGLE,IMPROPER PASSING,SSI,DAYLIGHT,CLEAR,DRY,False,40.1296043395996,-86.2418975830078
904311905,2023,2023-07-15,Marion,Indianapolis,N EMERSON AVE & NOWLAND AVE,Vehicle,HEAD ON BETWEEN TWO MOTOR VEHICLES,FAILURE TO YIELD RIGHT OF WAY,SSI,DAYLIGHT,CLEAR,DRY,False,39.786449432373,-86.0832443237305
904121300,2022,2022-09-27,Boone,,US HWY 52  & US HWY 52,Vehicle,RIGHT ANGLE,FAILURE TO YIELD RIGHT OF WAY,SSI,DAYLIGHT,CLEAR,DRY,False,40.1340942382812,-86.5696105957031
904281099,2023,2023-05-22,Johnson,New Whiteland,US 31  & TRACY,Vehicle,OTHER - EXPLAIN IN NARRATIVE,DISREGARD SIGNAL/REG SIGN,SSI,DAYLIGHT,CLEAR,DRY,False,39.5645370483398,-86.0924377441406
904296190,2023,2023-06-18,Hamilton,Noblesville,SR32 & MOONTOWN RD,Vehicle,RIGHT ANGLE,DISREGARD SIGNAL/REG SIGN,SSI,DARK (LIGHTED),CLOUDY,DRY,False,40.043083190918,-86.0900192260742
904203162,2023,2023-01-07,Hendricks,CLAYTON,SR 39  & US 40,Vehicle,RIGHT ANGLE,DISREGARD SIGNAL/REG SIGN,SSI,DAYLIGHT,CLEAR,DRY,False,39.6772689819336,-86.4886245727539
904246902,2023,2023-03-25,Marion,Lawrence,OAKLANDON ROAD  & 79TH STREET,Vehicle,RAN OFF ROAD,DRIVER ILLNESS,Fatal,DARK (NOT LIGHTED),RAIN,WET,False,39.9008903503418,-85.9571380615234
904121437,2022,2022-09-27,Marion,Speedway,W 10TH ST  & N LYNHURST DR,Vehicle,HEAD ON BETWEEN TWO MOTOR VEHICLES,FAILURE TO YIELD RIGHT OF WAY,SSI,DAYLIGHT,CLEAR,DRY,False,39.7799644470215,-86.2505187988281
904311957,2023,2023-07-15,Marion,Indianapolis,RUSKIN PL & W PENWAY ST,Vehicle,RIGHT ANGLE,FAILURE TO YIELD RIGHT OF WAY,SSI,DAYLIGHT,CLEAR,DRY,False,39.8206672668457,-86.2398223876953
904281521,2023,2023-05-22,Marion,Indianapolis,30TH ST & NEW JERSEY ST,Vehicle,RIGHT ANGLE,RAN OFF ROAD RIGHT,SSI,DAYLIGHT,CLEAR,DRY,False,39.8101425170898,-86.1506423950195
904296910,2023,2023-06-19,Johnson,Greenwood,S HONEY CREEK RD  & CHERRY TREE LN,Vehicle,RIGHT ANGLE,DISREGARD SIGNAL/REG SIGN,Fatal,DAYLIGHT,CLOUDY,WET,False,39.5851020812988,-86.139778137207
904196109,2023,2023-01-08,Morgan,MARTINSVILLE,PUMPKINVINE HILL RD  & W APPLE BLOSSOM LN,Vehicle,HEAD ON BETWEEN TWO MOTOR VEHICLES,FAILURE TO MAINTAIN LANE,SSI,DAYLIGHT,CLEAR,DRY,False,39.4430732727051,-86.46044921875
904247876,2023,2023-03-25,Marion,Indianapolis,ACTON RD & MAZE RD,Vehicle,RIGHT ANGLE,FAILURE TO YIELD RIGHT OF WAY,SSI,DAYLIGHT,CLOUDY,WET,False,39.6453437805176,-85.9713745117188
904121442,2022,2022-09-27,Marion,Speedway,CRAWFORDSVILLE RD  & N HIGH SCHOOL RD,Vehicle,RIGHT ANGLE,DISREGARD SIGNAL/REG SIGN,SSI,DARK (LIGHTED),CLEAR,DRY,False,39.8011894226074,-86.2699508666992
904312577,2023,2023-07-15,Morgan,Mooresville,SR 267  & WAGON TRAIL,Vehicle,HEAD ON BETWEEN TWO MOTOR VEHICLES,LEFT OF CENTER,Fatal,DAYLIGHT,RAIN,WET,False,39.628158569336,-86.3847274780273
904283216,2023,2023-05-22,Marion,Indianapolis,E NORTH ST  & N MERIDIAN ST,Vehicle,RIGHT ANGLE,UNSAFE SPEED,SSI,DAYLIGHT,CLEAR,DRY,False,39.7755088806152,-86.15771484375
904297110,2023,2023-06-19,Marion,Indianapolis,KENTUCKY AVE & HIGH SCHOOL RD,Vehicle,RIGHT ANGLE,DISREGARD SIGNAL/REG SIGN,SSI,DAYLIGHT,CLOUDY,DRY,False,39.6941604614258,-86.2694549560547
904196614,2023,2023-01-09,Johnson,,US31S,Vehicle,HEAD ON BETWEEN TWO MOTOR VEHICLES,WRONG WAY ON ONE WAY,Fatal,DARK (NOT LIGHTED),CLEAR,DRY,False,39.4128265380859,-85.9966735839844
904249915,2023,2023-03-25,Marion,Indianapolis,N EMERSON AVE  & E 20TH ST,Vehicle,RAN OFF ROAD,OTHER (DRIVER) - EXPLAIN IN NARRATIVE,Fatal,DARK (LIGHTED),RAIN,WET,False,39.7951774597168,-86.0834121704101
904121486,2022,2022-09-27,Marion,Indianapolis,HARDING ST & TERMINAL RD,Vehicle,RIGHT ANGLE,OTHER (DRIVER) - EXPLAIN IN NARRATIVE,SSI,DAYLIGHT,CLEAR,DRY,False,39.7019691467285,-86.1868133544922
904316748,2023,2023-07-15,Marion,Indianapolis,34TH STREET  & LELAND AVENUE,Pedalcycle,REAR END,FOLLOWING TOO CLOSELY,Fatal,DARK (LIGHTED),CLEAR,DRY,False,39.8183784484863,-86.0819778442383
904280993,2023,2023-05-23,Morgan,,N PENNINGTON RD  & E WATSON RD,Vehicle,RIGHT ANGLE,VIEW OBSTRUCTED,SSI,DAYLIGHT,CLEAR,DRY,False,39.5592727661133,-86.3310699462891
904201175,2023,2023-01-09,Marion,Indianapolis,I-70,Vehicle,NON-COLLISION,FAILURE TO MAINTAIN LANE,SSI,DARK (LIGHTED),CLEAR,DRY,True,39.714542388916,-86.2605667114258
904297388,2023,2023-06-19,Marion,Indianapolis,I-65,Vehicle,RAN OFF ROAD,DRIVER ILLNESS,SSI,DARK (LIGHTED),CLEAR,DRY,True,39.6602096557617,-86.081657409668
904247197,2023,2023-03-26,Hamilton,Fishers,E. 106TH STREET  & PINE BLUFF DRIVE,Vehicle,HEAD ON BETWEEN TWO MOTOR VEHICLES,FAILURE TO MAINTAIN LANE,SSI,DAWN/DUSK,CLEAR,DRY,False,39.941593170166,-85.9985733032227
904281723,2023,2023-05-23,Marion,Indianapolis,SOUTHEASTERN AVE  & S RICHARDT AVE,Vehicle,HEAD ON BETWEEN TWO MOTOR VEHICLES,LEFT OF CENTER,Fatal,DAYLIGHT,CLEAR,DRY,False,39.7201805114746,-86.0370407104492
904122948,2022,2022-09-27,Hamilton,,19 & 196 ST,Vehicle,HEAD ON BETWEEN TWO MOTOR VEHICLES,LEFT OF CENTER,SSI,DAYLIGHT,CLEAR,DRY,False,40.0684814453125,-86.0149765014648
904311243,2023,2023-07-16,Hendricks,,US 36  & CR 550 E,Vehicle,RIGHT ANGLE,OTHER (DRIVER) - EXPLAIN IN NARRATIVE,SSI,DARK (NOT LIGHTED),CLEAR,DRY,False,39.7605514526367,-86.4289474487305
904248085,2023,2023-03-26,Marion,Indianapolis,SCARLET DR,Pedestrian,BACKING CRASH,UNSAFE BACKING,SSI,DAYLIGHT,CLEAR,DRY,False,39.8174858093262,-86.2580642700195
904281762,2023,2023-05-23,Marion,Indianapolis,10TH ST & GRAY ST,Pedestrian,OTHER - EXPLAIN IN NARRATIVE,PEDESTRIAN ACTION,SSI,DAYLIGHT,CLEAR,DRY,False,39.7813606262207,-86.1118774414063
904201328,2023,2023-01-09,Marion,Indianapolis,38TH ST & COMMERCIAL DR,Vehicle,RIGHT ANGLE,FAILURE TO YIELD RIGHT OF WAY,SSI,DAYLIGHT,CLEAR,DRY,False,39.8181304931641,-86.228385925293
904300467,2023,2023-06-19,Marion,Indianapolis,I 70,Vehicle,RAN OFF ROAD,FAILURE TO MAINTAIN LANE,SSI,DAYLIGHT,CLOUDY,DRY,True,39.7155265808105,-86.2595901489258
904312508,2023,2023-07-16,Marion,Indianapolis,N HIGH SCHOOL RD  & WIXSHIRE DR,Vehicle,RAN OFF ROAD,DRIVER ILLNESS,Fatal,DAYLIGHT,RAIN,WET,False,39.8351936340332,-86.2705612182617
904121653,2022,2022-09-28,Hendricks,,N CO RD 500 E  & HILL VALLEY DR,Vehicle,RAN OFF ROAD,UNDER STEERING/UNDER CORRECTING,SSI,DAYLIGHT,CLEAR,DRY,False,39.8742027282715,-86.4396591186523
904256537,2023,2023-03-26,Marion,Indianapolis,70,Vehicle,REAR END,UNSAFE SPEED,Fatal,DAWN/DUSK,CLEAR,DRY,False,39.6992111206055,-86.2950057983398
904282347,2023,2023-05-23,Hendricks,Danville,E MAIN ST  & S CO RD 400 E,Vehicle,RIGHT ANGLE,IMPROPER PASSING,SSI,DAYLIGHT,CLEAR,DRY,False,39.7619514465332,-86.4572601318359
904201547,2023,2023-01-10,Marion,Indianapolis,THOMPSON RD & MADISON AVE,Vehicle,LEFT TURN,FAILURE TO YIELD RIGHT OF WAY,SSI,DARK (NOT LIGHTED),CLEAR,DRY,False,39.693359375,-86.1364974975586
904301713,2023,2023-06-19,Hendricks,,E US 36  & S CO RD 300 E,Vehicle,RIGHT ANGLE,DISREGARD SIGNAL/REG SIGN,SSI,DAWN/DUSK,CLEAR,DRY,False,39.7571678161621,-86.4671478271484
904312579,2023,2023-07-16,Boone,Lebanon,MT. ZION RD,Vehicle,LEFT TURN,UNSAFE SPEED,SSI,DARK (LIGHTED),RAIN,WET,False,40.0430374145508,-86.4864120483399
904122201,2022,2022-09-28,Hamilton,Carmel,LOWES WAY & 146TH ST,Pedestrian,OTHER - EXPLAIN IN NARRATIVE,FAILURE TO YIELD RIGHT OF WAY,SSI,DAYLIGHT,CLEAR,DRY,False,40.0000953674316,-86.1226806640625
904260178,2023,2023-03-26,Marion,Indianapolis,W 59TH ST,Vehicle,RAN OFF ROAD,UNSAFE SPEED,SSI,DARK (NOT LIGHTED),RAIN,WET,False,39.8603363037109,-86.25
904290364,2023,2023-05-23,Marion,Indianapolis,E WASHINGTON ST  & N RANDOLPH ST,Vehicle,LEFT TURN,FAILURE TO YIELD RIGHT OF WAY,SSI,DARK (LIGHTED),CLEAR,DRY,False,39.7674980163574,-86.1282958984375
904202794,2023,2023-01-11,Shelby,SHELBYVILLE,S HARRISON ST,Vehicle,RAN OFF ROAD,OTHER (DRIVER) - EXPLAIN IN NARRATIVE,SSI,DAYLIGHT,CLOUDY,DRY,False,39.5183982849121,-85.776741027832
904297236,2023,2023-06-20,Hamilton,,US 31  & 226 ST,Vehicle,RIGHT ANGLE,FAILURE TO YIELD RIGHT OF WAY,SSI,DAYLIGHT,CLEAR,DRY,False,40.1113929748535,-86.1279296875
904312396,2023,2023-07-17,Marion,Indianapolis,16TH ST & ILLINOIS ST,Vehicle,REAR END,DRIVER ILLNESS,SSI,DAYLIGHT,CLEAR,DRY,False,39.7881126403809,-86.16015625
904125654,2022,2022-09-28,Marion,Indianapolis,I-465,Vehicle,REAR END,FOLLOWING TOO CLOSELY,SSI,DAYLIGHT,CLEAR,DRY,True,39.903881072998,-86.269660949707
904248031,2023,2023-03-27,Marion,Indianapolis,GEORGETOWN RD & LAFAYETTE RD,Vehicle,LEFT TURN,IMPROPER TURNING,SSI,DARK (LIGHTED),RAIN,WET,False,39.8343276977539,-86.2449569702148
904281275,2023,2023-05-24,Boone,Zionsville,SR 267  & WHITESTOWN PARKWAY,Vehicle,RIGHT ANGLE,FAILURE TO YIELD RIGHT OF WAY,SSI,DAYLIGHT,CLEAR,DRY,False,39.9456672668457,-86.3979797363281
904203682,2023,2023-01-11,Marion,Indianapolis,I-465 NB 11.5 MM,Vehicle,OTHER - EXPLAIN IN NARRATIVE,UNSAFE LANE MOVEMENT,SSI,DAYLIGHT,RAIN,WET,True,39.7442283630371,-86.2644805908203
904252048,2023,2023-03-27,Marion,Indianapolis,US 40  & MITTHOEFER RD,Pedestrian,RIGHT ANGLE,PEDESTRIAN ACTION,Fatal,DAYLIGHT,CLEAR,DRY,False,39.7750473022461,-85.9853591918945
904297531,2023,2023-06-20,Shelby,SHELBYVILLE,STATE ROAD 44,Vehicle,OTHER - EXPLAIN IN NARRATIVE,UNSAFE LANE MOVEMENT,SSI,DAYLIGHT,CLEAR,DRY,False,39.5275764465332,-85.7331466674805
904281536,2023,2023-05-24,Marion,Indianapolis,SHELBY ST & RAYMOND ST,Vehicle,LEFT TURN,FAILURE TO YIELD RIGHT OF WAY,SSI,DAWN/DUSK,CLEAR,DRY,False,39.7374572753906,-86.1396179199219
904201601,2023,2023-01-12,Marion,Indianapolis,US-36   & BUISDALE DR,Pedestrian,RIGHT ANGLE,PEDESTRIAN ACTION,SSI,DARK (NOT LIGHTED),RAIN,WET,False,39.7643661499023,-86.2863235473633
904312649,2023,2023-07-17,Marion,Indianapolis,BACON ST  & CARSON AVE,Vehicle,RIGHT ANGLE,FAILURE TO YIELD RIGHT OF WAY,Fatal,DAYLIGHT,RAIN,WET,False,39.7213363647461,-86.135498046875
904122038,2022,2022-09-29,Marion,Indianapolis,DELAWARE ST & 24TH ST,Vehicle,RIGHT ANGLE,DISREGARD SIGNAL/REG SIGN,Fatal,DARK (LIGHTED),CLEAR,DRY,False,39.8011627197266,-86.1531600952148
904297791,2023,2023-06-21,Marion,Indianapolis,E FALL CREEK PKWY N DR  & E 32ND ST,Vehicle,RAN OFF ROAD,UNSAFE SPEED,SSI,DARK (LIGHTED),CLOUDY,DRY,False,39.8143768310547,-86.1436233520508
904281669,2023,2023-05-24,Johnson,Greenwood,31 & W MAIN ST,Vehicle,OTHER - EXPLAIN IN NARRATIVE,OTHER (DRIVER) - EXPLAIN IN NARRATIVE,SSI,DAYLIGHT,CLEAR,DRY,False,39.6136131286621,-86.1158905029297
904203225,2023,2023-01-12,Hendricks,Brownsburg,AIRPORT ROAD,Pedestrian,COLLISION WITH OBJECT IN ROAD,DRIVER DISTRACTED - EXPLAIN IN NARRATIVE,Fatal,DARK (NOT LIGHTED),RAIN,WET,False,39.8242034912109,-86.3894500732422
904257795,2023,2023-03-27,Marion,Indianapolis,LAFAYETTE RD & TIBBS AVE,Vehicle,RIGHT ANGLE,DISREGARD SIGNAL/REG SIGN,SSI,DAYLIGHT,CLOUDY,DRY,False,39.8052062988281,-86.2160263061523
904122326,2022,2022-09-29,Marion,Lawrence,E 79TH ST  & INDIAN POINTE DR,Vehicle,OTHER - EXPLAIN IN NARRATIVE,UNSAFE SPEED,SSI,DAYLIGHT,CLEAR,DRY,False,39.8982582092285,-85.9809875488281