id,year,date,county,city,cross_street,crash_type,manner,primary_factor,ssi_fatal,light,weather,surface,interstate,lat,lon
904313024,2023,2023-07-17,Marion,Indianapolis,RILEY PL & SOUTHERASTERN AVE,Vehicle,HEAD ON BETWEEN TWO MOTOR VEHICLES,IMPROPER LANE USAGE,SSI,DARK (NOT LIGHTED),CLEAR,DRY,False,39.7462959289551,-86.0858535766602
904298989,2023,2023-06-21,Johnson,Greenwood,BOUGH STREET,Vehicle,RAN OFF ROAD,DRIVER ILLNESS,SSI,DAYLIGHT,CLOUDY,DRY,False,39.5716857910156,-86.1222686767578
904281709,2023,2023-05-24,Marion,Indianapolis,E WASHINGTON ST  & N PINE ST,Vehicle,LEFT TURN,DISREGARD SIGNAL/REG SIGN,Fatal,DARK (LIGHTED),CLOUDY,DRY,False,39.7668952941894,-86.1424560546875
904209061,2023,2023-01-12,Marion,Indianapolis,7900 ALLISONVILLE,Vehicle,RAN OFF ROAD,DRIVER ILLNESS,Fatal,DAYLIGHT,CLEAR,DRY,False,39.8977890014648,-86.08251953125
904248798,2023,2023-03-28,Marion,Indianapolis,7200 WESTLANE RD,Vehicle,RIGHT ANGLE,DRIVER DISTRACTED - EXPLAIN IN NARRATIVE,SSI,DAYLIGHT,CLEAR,DRY,False,39.8851776123047,-86.1886749267578
904122722,2022,2022-09-29,Marion,Indianapolis,SOUTH HIGH SCHOOL RD,Pedestrian,RAN OFF ROAD,RAN OFF ROAD RIGHT,SSI,DAYLIGHT,CLEAR,DRY,False,39.7627220153808,-86.2698822021484
904314292,2023,2023-07-17,Hamilton,Westfield,S UNION STREEET ST &  DR,Pedestrian,OTHER - EXPLAIN IN NARRATIVE,OTHER (DRIVER) - EXPLAIN IN NARRATIVE,SSI,DAYLIGHT,CLOUDY,DRY,False,40.0301551818848,-86.1307678222656
904301696,2023,2023-06-21,Marion,Indianapolis,SOUTHEASTERN AVE  & E PLEASANT RUN PKWY N DR,Pedalcycle,NON-COLLISION,DISREGARD SIGNAL/REG SIGN,SSI,DAYLIGHT,CLEAR,DRY,False,39.7590751647949,-86.1122360229492
904282030,2023,2023-05-24,Hamilton,,E SR 32  & DURBIN RD,Vehicle,RIGHT TURN,UNSAFE SPEED,SSI,DAYLIGHT,CLEAR,DRY,False,40.0565147399902,-85.9104461669922
904206173,2023,2023-01-14,Marion,Indianapolis,GEORGETOWN RD  & 47TH ST,Vehicle,REAR END,ENGINE FAILURE OR DEFECTIVE,SSI,DARK (NOT LIGHTED),CLOUDY,DRY,False,39.8394012451172,-86.2423553466797
904250467,2023,2023-03-28,Hendricks,STILESVILLE,CR 350 W  & CR 900 S,Vehicle,RIGHT ANGLE,FAILURE TO YIELD RIGHT OF WAY,SSI,DAYLIGHT,CLEAR,DRY,False,39.6331100463867,-86.5869064331055
904122744,2022,2022-09-29,Marion,Indianapolis,HARDING ST & MORRIS ST,Pedalcycle,OTHER - EXPLAIN IN NARRATIVE,OTHER (DRIVER) - EXPLAIN IN NARRATIVE,SSI,DAYLIGHT,CLEAR,DRY,False,39.7502517700195,-86.2624206542969
904315681,2023,2023-07-17,Marion,Indianapolis,I-65,Vehicle,OTHER - EXPLAIN IN NARRATIVE,FOLLOWING TOO CLOSELY,SSI,DAYLIGHT,CLOUDY,DRY,True,39.762996673584,-86.1429824829102
904298519,2023,2023-06-22,Hendricks,Danville,E MAIN ST  & US HWY 36,Vehicle,OTHER - EXPLAIN IN NARRATIVE,FAILURE TO MAINTAIN LANE,SSI,DAYLIGHT,CLEAR,DRY,False,39.7577323913574,-86.5072174072266
904282807,2023,2023-05-24,Marion,Indianapolis,THOMPSON RD & BLUFF RD,Vehicle,HEAD ON BETWEEN TWO MOTOR VEHICLES,FAILURE TO YIELD RIGHT OF WAY,SSI,DAYLIGHT,CLEAR,DRY,False,39.6927528381348,-86.1732788085938
904250548,2023,2023-03-28,Hamilton,Arcadia,CAL CARSON RD  & 246 ST,Vehicle,RIGHT ANGLE,FAILURE TO YIELD RIGHT OF WAY,Fatal,DAYLIGHT,CLEAR,DRY,False,40.1467971801758,-86.088737487793
904125650,2022,2022-09-29,Marion,Indianapolis,I-465,Vehicle,SAME DIRECTION SIDESWIPE,UNSAFE LANE MOVEMENT,SSI,DARK (NOT LIGHTED),CLEAR,DRY,True,39.6922569274902,-86.2346343994141
904283249,2023,2023-05-24,Marion,Indianapolis,E TROY AVE  & S SHORTRIDGE RD,Vehicle,LEFT TURN,FAILURE TO YIELD RIGHT OF WAY,SSI,DAYLIGHT,CLEAR,DRY,False,39.7248153686523,-86.0398941040039
904315533,2023,2023-07-18,Hendricks,,CR 1000 N  & CR 275 E,Vehicle,RIGHT ANGLE,LEFT OF CENTER,SSI,DAYLIGHT,CLEAR,DRY,False,39.9099769592285,-86.4684066772461
904204125,2023,2023-01-15,Boone,,E 100 S  & LYN-LEA LN,Vehicle,RAN OFF ROAD,ANIMAL/OBJECT IN ROADWAY,SSI,DARK (NOT LIGHTED),CLEAR,DRY,False,40.026065826416,-86.3670501708984
904289206,2023,2023-05-24,Marion,Indianapolis,I-465,Vehicle,REAR END,UNSAFE SPEED,SSI,DAYLIGHT,CLEAR,DRY,True,39.8815956115723,-86.0475463867188
904250817,2023,2023-03-28,Hamilton,Carmel,465,Vehicle,OTHER - EXPLAIN IN NARRATIVE,PEDESTRIAN ACTION,SSI,DAYLIGHT,CLEAR,DRY,False,39.9301948547363,-86.1579742431641
904129773,2022,2022-09-29,Hamilton,Noblesville,SR32 & LITTLE CHICAGO RD,Vehicle,REAR END,FOLLOWING TOO CLOSELY,SSI,DARK (NOT LIGHTED),CLEAR,DRY,False,40.0432472229004,-86.0696411132812
904300550,2023,2023-06-22,Marion,Indianapolis,GEORGETOWN RD  & OAKWOOD TRAIL,Pedestrian,RIGHT ANGLE,FAILURE TO YIELD RIGHT OF WAY,SSI,DAYLIGHT,CLEAR,DRY,False,39.8789405822754,-86.2443695068359
904249329,2023,2023-03-29,Hendricks,Brownsburg,I-74,Vehicle,RAN OFF ROAD,OTHER (DRIVER) - EXPLAIN IN NARRATIVE,Fatal,UNKNOWN,CLEAR,DRY,True,39.8490142822266,-86.3702774047852
904313078,2023,2023-07-19,Hamilton,Westfield,186TH ST & CASEY RD,Vehicle,RAN OFF ROAD,RAN OFF ROAD RIGHT,SSI,DARK (NOT LIGHTED),CLEAR,DRY,False,40.0567283630371,-86.180419921875
904123133,2022,2022-09-30,Boone,Zionsville,I-65,Vehicle,REAR END,UNSAFE LANE MOVEMENT,SSI,DAYLIGHT,CLEAR,DRY,True,39.933952331543,-86.3415222167969
904204586,2023,2023-01-15,Marion,Lawrence,E 56TH ST  & I-465 040 RAMP Q,Pedestrian,OTHER - EXPLAIN IN NARRATIVE,PEDESTRIAN ACTION,Fatal,DARK (NOT LIGHTED),CLEAR,DRY,True,39.8549613952637,-86.0466537475586
904282624,2023,2023-05-25,Marion,Indianapolis,I 70,Vehicle,REAR END,FAILURE TO MAINTAIN LANE,SSI,DARK (LIGHTED),CLEAR,DRY,True,39.7985610961914,-86.0429916381836
904299057,2023,2023-06-23,Marion,Indianapolis,US 31 SOUTH  & BANTA,Vehicle,RIGHT ANGLE,UNSAFE SPEED,SSI,DAYLIGHT,CLOUDY,DRY,False,39.6716690063477,-86.1493988037109
904250477,2023,2023-03-29,Hendricks,BELLEVILLE,US 40  & SR 39,Vehicle,RIGHT ANGLE,DISREGARD SIGNAL/REG SIGN,SSI,DAYLIGHT,CLEAR,DRY,False,39.6772575378418,-86.4885406494141
904313223,2023,2023-07-19,Marion,Indianapolis,46TH ST & ARLINGTON AVE,Vehicle,LEFT TURN,IMPROPER TURNING,SSI,DAYLIGHT,CLOUDY,DRY,False,39.8403358459473,-86.0648498535156
904123759,2022,2022-09-30,Marion,Indianapolis,11TH ST & SHANNON AVE,Vehicle,RIGHT ANGLE,DISREGARD SIGNAL/REG SIGN,SSI,DAYLIGHT,CLEAR,DRY,False,39.7824592590332,-86.0936965942383
904205679,2023,2023-01-15,Marion,Indianapolis,GEORGETWON RD,Pedestrian,OTHER - EXPLAIN IN NARRATIVE,FAILURE TO YIELD RIGHT OF WAY,SSI,DAYLIGHT,CLEAR,DRY,False,39.8522529602051,-86.2430801391602
904283241,2023,2023-05-25,Marion,Indianapolis,E 29TH ST  & N TALBOTT ST,Vehicle,RIGHT ANGLE,DISREGARD SIGNAL/REG SIGN,SSI,DAWN/DUSK,CLOUDY,DRY,False,39.8082771301269,-86.1543731689453
904301583,2023,2023-06-23,Hancock,Greenfield,SR9,Vehicle,OTHER - EXPLAIN IN NARRATIVE,OTHER (DRIVER) - EXPLAIN IN NARRATIVE,SSI,DAYLIGHT,CLEAR,DRY,False,39.7851486206055,-85.7693023681641
904250051,2023,2023-03-30,Marion,Indianapolis,MISSOURI ST & MERRILL ST,Vehicle,LEFT TURN,IMPROPER TURNING,SSI,DAYLIGHT,CLEAR,DRY,False,39.7587852478027,-86.1659851074219
904313452,2023,2023-07-19,Shelby,SHELBYVILLE,BERWICK DR.   & SYCAMORE DR.,Vehicle,OTHER - EXPLAIN IN NARRATIVE,OTHER (DRIVER) - EXPLAIN IN NARRATIVE,SSI,DARK (LIGHTED),CLEAR,DRY,False,39.5037879943848,-85.7975311279297
904123783,2022,2022-09-30,Marion,Indianapolis,38TH ST & EMERSON AVE,Pedestrian,OTHER - EXPLAIN IN NARRATIVE,PEDESTRIAN ACTION,SSI,DARK (LIGHTED),CLEAR,DRY,False,39.8255081176758,-86.0837326049805
904205784,2023,2023-01-15,Marion,Indianapolis,25TH ST & SHEFFIELD ST,Vehicle,RAN OFF ROAD,RAN OFF ROAD RIGHT,SSI,DAYLIGHT,CLEAR,WET,False,39.8044624328613,-85.9818878173828
904284020,2023,2023-05-25,Morgan,,COTTAGE GROVE CT  & S HEARTLAND BLVD,Vehicle,HEAD ON BETWEEN TWO MOTOR VEHICLES,OTHER (DRIVER) - EXPLAIN IN NARRATIVE,SSI,DAYLIGHT,CLEAR,DRY,False,39.6298294067383,-86.307258605957
904250125,2023,2023-03-30,Shelby,Edinburgh,SR 252  & LIND DRIVE,Vehicle,LEFT TURN,IMPROPER TURNING,SSI,DAYLIGHT,CLEAR,DRY,False,39.3618850708008,-85.9526977539063
904299342,2023,2023-06-24,Johnson,,S MAUXFERRY RD  & STATE RD 252,Vehicle,RIGHT ANGLE,FAILURE TO YIELD RIGHT OF WAY,SSI,DAYLIGHT,CLEAR,DRY,False,39.411563873291,-86.030876159668
904250439,2023,2023-03-30,Marion,Indianapolis,N KEYSTONE AVE  & E 10TH ST,Vehicle,RIGHT TURN,FAILURE TO YIELD RIGHT OF WAY,SSI,DAYLIGHT,CLEAR,DRY,False,39.7813377380371,-86.1213226318359
904313529,2023,2023-07-19,Marion,Indianapolis,30TH ST & DR MARTIN LUTHER KING JR ST,Vehicle,RAN OFF ROAD,IMPROPER LANE USAGE,SSI,DAYLIGHT,CLEAR,DRY,False,39.8099021911621,-86.1735534667969
904285813,2023,2023-05-25,Hendricks,,CR 600 N  & RACEWAY RD,Vehicle,RAN OFF ROAD,FAILURE TO MAINTAIN LANE,SSI,DAWN/DUSK,CLEAR,DRY,False,39.851936340332,-86.3283996582031
904123659,2022,2022-10-01,Marion,Indianapolis,W 16TH ST  & SHARON AVE,Pedestrian,RIGHT ANGLE,PEDESTRIAN ACTION,SSI,DARK (LIGHTED),CLEAR,DRY,False,39.7879066467285,-86.2085800170898
904209045,2023,2023-01-15,Marion,Indianapolis,I-65,Vehicle,REAR END,OTHER (DRIVER) - EXPLAIN IN NARRATIVE,SSI,DARK (LIGHTED),CLEAR,DRY,True,39.7826766967773,-86.1509704589844
904289357,2023,2023-05-25,Hamilton,Fishers,I 69 SB,Vehicle,REAR END,FOLLOWING TOO CLOSELY,SSI,DAYLIGHT,CLEAR,DRY,True,39.9298591613769,-86.0275115966797
904251528,2023,2023-03-30,Marion,Indianapolis,MITTHOEFER RD & 21ST ST,Vehicle,HEAD ON BETWEEN TWO MOTOR VEHICLES,DISREGARD SIGNAL/REG SIGN,SSI,DAYLIGHT,CLEAR,DRY,False,39.7969512939453,-85.9905090332031
904123827,2022,2022-10-01,Marion,Indianapolis,SHADELAND AVE & 45TH ST,Vehicle,HEAD ON BETWEEN TWO MOTOR VEHICLES,IMPROPER LANE USAGE,SSI,DAYLIGHT,CLEAR,DRY,False,39.8378944396973,-86.0460205078125
904313531,2023,2023-07-19,Marion,Indianapolis,MERIDIAN ST & 96TH ST,Vehicle,LEFT TURN,DISREGARD SIGNAL/REG SIGN,SSI,DARK (LIGHTED),CLEAR,DRY,False,39.9271354675293,-86.158073425293
904300063,2023,2023-06-24,Marion,Indianapolis,LINDBERGH CT & LINDBERGH DR,Vehicle,RAN OFF ROAD,OTHER (VEHICLE) - EXPLAIN IN NARRATIVE,SSI,DAYLIGHT,CLEAR,DRY,False,39.6998100280762,-86.101432800293
904209110,2023,2023-01-15,Hamilton,Noblesville,PASADENA RD  & SR 38,Pedestrian,BACKING CRASH,PEDESTRIAN ACTION,Fatal,DARK (NOT LIGHTED),CLOUDY,WET,False,40.0627822875977,-86.054573059082
904282516,2023,2023-05-26,Johnson,,W FAIRVIEW RD  & W FAIRVIEW RD,Vehicle,OPPOSITE DIRECTION SIDESWIPE,DISREGARD SIGNAL/REG SIGN,SSI,DAYLIGHT,CLEAR,DRY,False,39.6195259094238,-86.2123794555664
904252246,2023,2023-03-31,Marion,Indianapolis,SOUTHEASTERN AVE & RAYMOND ST,Vehicle,HEAD ON BETWEEN TWO MOTOR VEHICLES,FAILURE TO YIELD RIGHT OF WAY,SSI,DARK (LIGHTED),CLEAR,DRY,False,39.7386779785156,-86.0708312988281
904127162,2022,2022-10-01,Marion,Indianapolis,S WEST ST & MARYLAND ST,Pedestrian,COLLISION WITH OBJECT IN ROAD,FAILURE TO YIELD RIGHT OF WAY,SSI,DAYLIGHT,CLEAR,DRY,False,39.7658348083496,-86.1671447753906
904313539,2023,2023-07-19,Marion,Indianapolis,N TUXEDO ST  & E NORTH ST,Vehicle,RAN OFF ROAD,OVERCORRECTING/OVERSTEERING,SSI,DAWN/DUSK,CLOUDY,DRY,False,39.7761650085449,-86.1082305908203
904300067,2023,2023-06-24,Marion,Indianapolis,86TH ST & DITCH RD,Vehicle,LEFT TURN,IMPROPER TURNING,SSI,DARK (LIGHTED),CLEAR,DRY,False,39.912166595459,-86.1840591430664
904206339,2023,2023-01-16,Marion,Indianapolis,W 16TH ST  & MEDFORD AVE,Pedestrian,COLLISION WITH OBJECT IN ROAD,PEDESTRIAN ACTION,Fatal,DARK (LIGHTED),RAIN,WET,False,39.7879104614258,-86.2092819213867
904283638,2023,2023-05-26,Marion,Indianapolis,FOLTZ ST & TROY AVE,Vehicle,RIGHT ANGLE,FAILURE TO YIELD RIGHT OF WAY,SSI,DAYLIGHT,CLEAR,DRY,False,39.7203216552734,-86.2296447753906
904251066,2023,2023-04-01,Hendricks,Brownsburg,RONALD REAGAN PKWY,Vehicle,RIGHT ANGLE,DISREGARD SIGNAL/REG SIGN,SSI,DAYLIGHT,SEVERE CROSS WIND,DRY,False,39.8391342163086,-86.3556365966797
904128912,2022,2022-10-01,Marion,Indianapolis,MICHIGAN RD  & 71ST ST,Vehicle,REAR END,UNSAFE SPEED,Fatal,DARK (LIGHTED),CLEAR,DRY,False,39.8846931457519,-86.2096939086914
904313542,2023,2023-07-19,Marion,Indianapolis,GEORGETOWN RD  & KINNEBRIDGE LN,Vehicle,HEAD ON BETWEEN TWO MOTOR VEHICLES,WRONG WAY ON ONE WAY,SSI,DAYLIGHT,CLEAR,DRY,False,39.8517303466797,-86.2403106689453
904300409,2023,2023-06-24,Marion,Indianapolis,N SHADELAND AVE  & N SHADELAND AVE,Vehicle,RIGHT ANGLE,DISREGARD SIGNAL/REG SIGN,Fatal,DAYLIGHT,CLEAR,DRY,False,39.8110733032226,-86.0457077026367
904289554,2023,2023-05-26,Marion,Indianapolis,INTERSTATE 65,Vehicle,OTHER - EXPLAIN IN NARRATIVE,TIRE FAILURE OR DEFECTIVE,SSI,DAYLIGHT,CLEAR,DRY,True,39.8110275268555,-86.168083190918
904300993,2023,2023-06-24,Marion,Indianapolis,E ST CLAIR ST  & DORMAN ST,Vehicle,RAN OFF ROAD,UNSAFE SPEED,SSI,DAYLIGHT,CLEAR,DRY,False,39.777660369873,-86.1402053833008
904208414,2023,2023-01-16,Marion,Indianapolis,KNOLLTON RD  & W 44TH ST,Vehicle,RAN OFF ROAD,OVERCORRECTING/OVERSTEERING,Fatal,DARK (NOT LIGHTED),RAIN,WET,False,39.8347663879395,-86.1974716186523
904129699,2022,2022-10-01,Marion,Indianapolis,MICHIGAN RD  & W 51ST ST,Vehicle,OPPOSITE DIRECTION SIDESWIPE,IMPROPER LANE USAGE,Fatal,DARK (LIGHTED),CLEAR,DRY,False,39.8444175720215,-86.1903228759765
904251602,2023,2023-04-01,Marion,Indianapolis,LYNHURST DR & TROY AVE,Vehicle,RAN OFF ROAD,OVERCORRECTING/OVERSTEERING,SSI,DAWN/DUSK,CLOUDY,DRY,False,39.7278175354004,-86.2503280639648
904313777,2023,2023-07-20,Hamilton,Westfield,SR 38  & US 31 HWY,Vehicle,HEAD ON BETWEEN TWO MOTOR VEHICLES,FAILURE TO YIELD RIGHT OF WAY,SSI,DAYLIGHT,CLEAR,DRY,False,40.0950584411621,-86.1294784545898
904209039,2023,2023-01-16,Marion,Indianapolis,I-69 NB 202.3 MM,Vehicle,HEAD ON BETWEEN TWO MOTOR VEHICLES,WRONG WAY ON ONE WAY,SSI,DARK (LIGHTED),CLEAR,DRY,True,39.9235725402832,-86.0321350097656
904251603,2023,2023-04-01,Marion,Indianapolis,KEYSTONE AVE & 62ND ST,Vehicle,RIGHT ANGLE,DISREGARD SIGNAL/REG SIGN,SSI,DAYLIGHT,CLOUDY,DRY,False,39.8685111999512,-86.1219863891602
904301156,2023,2023-06-24,Marion,Indianapolis,65,Vehicle,REAR END,UNSAFE LANE MOVEMENT,Fatal,DARK (LIGHTED),CLEAR,DRY,False,39.7853088378906,-86.1664123535156
904283440,2023,2023-05-27,Marion,Lawrence,N SHADELAND AVE  & FARIS ST,Vehicle,RIGHT ANGLE,UNSAFE SPEED,SSI,DAWN/DUSK,CLEAR,DRY,False,39.8361701965332,-86.0459976196289
904314130,2023,2023-07-20,Marion,Indianapolis,30TH ST & MERIDIAN ST,Vehicle,RIGHT ANGLE,FAILURE TO YIELD RIGHT OF WAY,SSI,DAYLIGHT,CLEAR,DRY,False,39.8099365234375,-86.1565246582031
904129800,2022,2022-10-01,Hamilton,Noblesville,LITTLE CHICAGO RD,Vehicle,RIGHT ANGLE,FAILURE TO YIELD RIGHT OF WAY,SSI,DAYLIGHT,CLEAR,DRY,False,40.043212890625,-86.0708541870117
904205075,2023,2023-01-17,Marion,Indianapolis,I-465,Vehicle,REAR END,FOLLOWING TOO CLOSELY,SSI,DAYLIGHT,CLEAR,DRY,True,39.8290290832519,-86.0340957641602
904252247,2023,2023-04-01,Marion,Indianapolis,WASHINGTON ST & GERMAN CHURCH RD,Pedestrian,OTHER - EXPLAIN IN NARRATIVE,PEDESTRIAN ACTION,SSI,DAYLIGHT,CLEAR,DRY,False,39.7757453918457,-85.9710845947266
904299437,2023,2023-06-25,Johnson,TRAFALGAR,S 500 W,Vehicle,OTHER - EXPLAIN IN NARRATIVE,PEDESTRIAN ACTION,SSI,DARK (NOT LIGHTED),CLEAR,DRY,False,39.3915023803711,-86.1959838867188
904285889,2023,2023-05-27,Marion,Indianapolis,N MERIDIAN ST  & 30TH ST,Vehicle,OPPOSITE DIRECTION SIDESWIPE,LEFT OF CENTER,SSI,DARK (LIGHTED),CLEAR,DRY,False,39.8101501464844,-86.1567687988281
904313893,2023,2023-07-21,Hamilton,Fishers,I 69,Vehicle,RAN OFF ROAD,OVERCORRECTING/OVERSTEERING,SSI,DARK (LIGHTED),CLOUDY,DRY,True,39.9436912536621,-86.0173187255859
904132099,2022,2022-10-01,Marion,Indianapolis,MICHIGAN RD,Pedestrian,BACKING CRASH,OTHER (DRIVER) - EXPLAIN IN NARRATIVE,SSI,DARK (LIGHTED),CLEAR,DRY,False,39.8675384521484,-86.201789855957
904206244,2023,2023-01-17,Marion,Indianapolis,FRANKLIN WAY & WYSONG DR,Vehicle,RIGHT ANGLE,FAILURE TO YIELD RIGHT OF WAY,SSI,DARK (LIGHTED),CLEAR,WET,False,39.8024787902832,-86.0264511108398
904251421,2023,2023-04-02,Morgan,MARTINSVILLE,MORTON AVE  & MORTON AVE,Vehicle,RIGHT ANGLE,FAILURE TO YIELD RIGHT OF WAY,SSI,DAYLIGHT,CLEAR,DRY,False,39.4118041992188,-86.4374084472656
904300314,2023,2023-06-25,Marion,Indianapolis,WASHINGTON ST & RURAL ST,Pedalcycle,RIGHT ANGLE,FAILURE TO YIELD RIGHT OF WAY,Fatal,DARK (LIGHTED),CLEAR,DRY,False,39.7682304382324,-86.1164093017578
904285892,2023,2023-05-27,Marion,Indianapolis,W 30TH ST  & FALCON DR,Vehicle,LEFT TURN,OTHER (DRIVER) - EXPLAIN IN NARRATIVE,SSI,DARK (LIGHTED),CLOUDY,DRY,False,39.8095016479492,-86.2316055297852
904314242,2023,2023-07-21,Johnson,Franklin,N MAIN ST  & N MAIN ST,Vehicle,OPPOSITE DIRECTION SIDESWIPE,WRONG WAY ON ONE WAY,SSI,DAYLIGHT,CLEAR,DRY,False,39.4947395324707,-86.0649566650391
904124837,2022,2022-10-02,Marion,Indianapolis,N COLLEGE AVE  & E 33RD ST,Vehicle,RAN OFF ROAD,LEFT OF CENTER,SSI,DARK (LIGHTED),CLEAR,DRY,False,39.8165130615234,-86.1449508666992
904206247,2023,2023-01-17,Marion,Indianapolis,HEATHER HILLS RD & MITTHOEFER RD,Vehicle,RIGHT ANGLE,FAILURE TO YIELD RIGHT OF WAY,SSI,DARK (LIGHTED),RAIN,WET,False,39.7937698364258,-85.9904098510742
904251591,2023,2023-04-02,Shelby,SHELBYVILLE,US 52   & CR 100 W,Vehicle,RAN OFF ROAD,FAILURE TO MAINTAIN LANE,SSI,DAYLIGHT,CLEAR,DRY,False,39.6912994384766,-85.768180847168
904291384,2023,2023-05-27,Hendricks,,I-70 EASTBOUND,Vehicle,REAR END,FOLLOWING TOO CLOSELY,Fatal,DAYLIGHT,CLEAR,DRY,True,39.6547431945801,-86.3954696655273
904314444,2023,2023-07-21,Hamilton,Westfield,146TH ST & GREYHOUND PASS,Vehicle,SAME DIRECTION SIDESWIPE,IMPROPER LANE USAGE,SSI,DAYLIGHT,CLEAR,DRY,False,40.0000495910645,-86.1281433105469
904127052,2022,2022-10-02,Marion,Indianapolis,I-65,Vehicle,RAN OFF ROAD,OTHER (DRIVER) - EXPLAIN IN NARRATIVE,SSI,DARK (LIGHTED),CLEAR,DRY,True,39.7840843200684,-86.1651916503906
904300334,2023,2023-06-25,Marion,Indianapolis,S MOORESVILLE RD,Vehicle,RAN OFF ROAD,DRIVER DISTRACTED - EXPLAIN IN NARRATIVE,SSI,DARK (NOT LIGHTED),CLEAR,DRY,False,39.6568145751953,-86.2767105102539
904314529,2023,2023-07-21,Hancock,WESTLAND,US 40   & CR 600,Vehicle,RIGHT ANGLE,FAILURE TO YIELD RIGHT OF WAY,SSI,DAYLIGHT,CLEAR,DRY,False,39.7888298034668,-85.6889953613281
904294240,2023,2023-05-27,Marion,Indianapolis,I-65,Vehicle,RAN OFF ROAD,UNSAFE SPEED,Fatal,DARK (NOT LIGHTED),CLEAR,DRY,True,39.7540397644043,-86.1455154418945
904206634,2023,2023-01-17,Hamilton,Fishers,E 116TH ST  & OLIO RD,Vehicle,RIGHT ANGLE,FAILURE TO YIELD RIGHT OF WAY,Fatal,DARK (LIGHTED),CLOUDY,DRY,False,39.9577598571777,-85.9186706542969
904251762,2023,2023-04-02,Marion,Indianapolis,E 10TH ST  & N ARLINGTON AVE,Vehicle,RIGHT ANGLE,DISREGARD SIGNAL/REG SIGN,Fatal,DARK (LIGHTED),CLEAR,DRY,False,39.7816276550293,-86.0642395019531
904304196,2023,2023-06-25,Marion,Indianapolis,38TH STREET  & ILLINOIS STREET,Pedestrian,NON-COLLISION,PEDESTRIAN ACTION,SSI,DARK (LIGHTED),CLEAR,DRY,False,39.8248291015625,-86.1591644287109
904283463,2023,2023-05-28,Hancock,,97 MM,Vehicle,RAN OFF ROAD,FAILURE TO MAINTAIN LANE,Fatal,DARK (NOT LIGHTED),CLEAR,DRY,False,39.8196563720703,-85.8942947387695
904208443,2023,2023-01-17,Marion,Indianapolis,W MOORESVILLE RD  & MAYFLOWER DR,Vehicle,LEFT TURN,FAILURE TO YIELD RIGHT OF WAY,SSI,DAWN/DUSK,CLEAR,DRY,False,39.7128944396973,-86.2350311279297
904314582,2023,2023-07-21,Hamilton,Fishers,E. 126TH STREET  & OLIO ROAD,Vehicle,RIGHT ANGLE,FAILURE TO YIELD RIGHT OF WAY,SSI,DAYLIGHT,CLEAR,DRY,False,39.9724235534668,-85.9186325073242
904128003,2022,2022-10-02,Boone,,STRAWTOWN RD  & N 900 E,Pedestrian,OTHER - EXPLAIN IN NARRATIVE,OTHER (ENVIRONMENTAL) - EXPLAIN IN NARR,Fatal,DARK (NOT LIGHTED),CLEAR,DRY,False,40.1286010742187,-86.2971038818359
904251767,2023,2023-04-02,Marion,Indianapolis,E 34TH ST  & BALTIMORE AVE,Pedestrian,OTHER - EXPLAIN IN NARRATIVE,OTHER (DRIVER) - EXPLAIN IN NARRATIVE,Fatal,DARK (LIGHTED),CLEAR,DRY,False,39.8180809020996,-86.1241226196289
904304499,2023,2023-06-25,Hancock,Greenfield,US HIGHWAY 40  & PRAIRIE MEADOWS BLVD,Vehicle,REAR END,DRIVER DISTRACTED - EXPLAIN IN NARRATIVE,SSI,DAYLIGHT,CLEAR,DRY,False,39.782829284668,-85.8199005126953
904285896,2023,2023-05-28,Marion,Indianapolis,KEYSTONE  & 46TH ST,Vehicle,RAN OFF ROAD,UNSAFE LANE MOVEMENT,SSI,DAYLIGHT,CLEAR,DRY,False,39.8403434753418,-86.1218185424805
904208929,2023,2023-01-18,Marion,Indianapolis,82ND ST & DEAN RD,Vehicle,REAR END,FAILURE TO YIELD RIGHT OF WAY,SSI,DAYLIGHT,CLOUDY,DRY,False,39.9079780578613,-86.0985565185547
904315116,2023,2023-07-21,Morgan,,SR 42  & BETHEL RD,Vehicle,HEAD ON BETWEEN TWO MOTOR VEHICLES,FAILURE TO YIELD RIGHT OF WAY,SSI,DAYLIGHT,CLEAR,DRY,False,39.600944519043,-86.3895568847656
904133713,2022,2022-10-02,Marion,Indianapolis,I-70,Vehicle,REAR END,FOLLOWING TOO CLOSELY,SSI,DAYLIGHT,CLEAR,DRY,True,39.753604888916,-86.161247253418
904252851,2023,2023-04-02,Marion,Indianapolis,DUBARRY CT & DUBARRY RD,Vehicle,HEAD ON BETWEEN TWO MOTOR VEHICLES,FAILURE TO YIELD RIGHT OF WAY,SSI,DAWN/DUSK,CLEAR,DRY,False,39.8209457397461,-86.0105743408203
904300649,2023,2023-06-26,Hendricks,Plainfield,MISTY GROVE RD,Vehicle,REAR TO REAR,UNSAFE BACKING,SSI,DAYLIGHT,CLEAR,DRY,False,39.7092132568359,-86.3508758544922
904293834,2023,2023-05-28,Marion,Lawrence,E 79TH ST  & INDIAN POINTE DR,Vehicle,RAN OFF ROAD,UNSAFE SPEED,SSI,DARK (LIGHTED),CLEAR,DRY,False,39.898208618164,-85.9840927124023
904208958,2023,2023-01-18,Marion,Indianapolis,MICHIGAN ST & WEST ST,Pedestrian,LEFT TURN,FAILURE TO YIELD RIGHT OF WAY,SSI,DARK (LIGHTED),RAIN,WET,False,39.7742652893066,-86.1667633056641