id,year,date,county,city,cross_street,crash_type,manner,primary_factor,ssi_fatal,light,weather,surface,interstate,lat,lon
904315260,2023,2023-07-21,Marion,Indianapolis,LOCKWOOD LN & BEACHVIEW LN,Pedalcycle,OTHER - EXPLAIN IN NARRATIVE,PEDESTRIAN ACTION,SSI,DAYLIGHT,CLEAR,DRY,False,39.6440162658691,-86.1633987426758
904124792,2022,2022-10-03,Boone,Lebanon,W NOBLE ST  & W NOBLE ST,Vehicle,RIGHT ANGLE,OTHER (DRIVER) - EXPLAIN IN NARRATIVE,SSI,DAYLIGHT,CLEAR,DRY,False,40.0392456054687,-86.4700698852539
904301614,2023,2023-06-26,Marion,Indianapolis,S EAST ST  & E ELBERT ST,Vehicle,LEFT TURN,OVERCORRECTING/OVERSTEERING,SSI,DAYLIGHT,CLOUDY,DRY,False,39.6948051452637,-86.1488723754883
904252852,2023,2023-04-02,Marion,Indianapolis,E 56TH ST,Vehicle,RAN OFF ROAD,RAN OFF ROAD RIGHT,Fatal,DAYLIGHT,CLEAR,DRY,False,39.8551979064941,-86.0592269897461
904302914,2023,2023-06-26,Johnson,,W SMITH VALLEY RD  & SHEPHERDS WAY,Vehicle,REAR END,DRIVER ILLNESS,SSI,DAYLIGHT,CLOUDY,DRY,False,39.6057357788086,-86.1675186157227
904283566,2023,2023-05-29,Hamilton,Fishers,116TH ST.  & ALLISONVILLE RD.,Pedalcycle,RIGHT TURN,FAILURE TO YIELD RIGHT OF WAY,SSI,DAYLIGHT,CLEAR,DRY,False,39.9566650390625,-86.0399856567383
904208992,2023,2023-01-18,Marion,Indianapolis,CROWN HILL AVE  & GOLDEN HILL DR,Vehicle,HEAD ON BETWEEN TWO MOTOR VEHICLES,LEFT OF CENTER,SSI,DAYLIGHT,RAIN,WET,False,39.8216133117676,-86.1793823242188
904314580,2023,2023-07-22,Johnson,TRAFALGAR,STATE RD 252  & W 550 S,Vehicle,OTHER - EXPLAIN IN NARRATIVE,OTHER (VEHICLE) - EXPLAIN IN NARRATIVE,SSI,DAYLIGHT,CLEAR,DRY,False,39.3938331604004,-86.2103652954102
904253350,2023,2023-04-03,Morgan,MARTINSVILLE,OHIO ST  & POSTON RD,Vehicle,RAN OFF ROAD,DRIVER ILLNESS,SSI,DAYLIGHT,CLEAR,DRY,False,39.414363861084,-86.4231796264648
904303097,2023,2023-06-26,Hamilton,Fishers,SOUTHEASTERN PARKWAY  & WEST OF 136TH STREET,Vehicle,OPPOSITE DIRECTION SIDESWIPE,SPEED TOO FAST FOR WEATHER CONDITIONS,SSI,DAYLIGHT,RAIN,WET,False,39.988899230957,-85.9215545654297
904285282,2023,2023-05-29,Marion,Indianapolis,SHERMAN DR & 10TH ST,Pedestrian,RIGHT TURN,OVERCORRECTING/OVERSTEERING,SSI,DAYLIGHT,CLEAR,DRY,False,39.7813110351563,-86.1021728515625
904125681,2022,2022-10-03,Marion,Indianapolis,NATIONAL AVE & WALCOTT ST,Vehicle,RIGHT ANGLE,FAILURE TO YIELD RIGHT OF WAY,SSI,DAYLIGHT,CLEAR,DRY,False,39.7120323181152,-86.1280059814453
904253627,2023,2023-04-03,Marion,Indianapolis,S MERIDIAN ST  & E YOKE ST,Pedestrian,RIGHT ANGLE,PEDESTRIAN ACTION,Fatal,DARK (LIGHTED),CLEAR,DRY,False,39.7263565063476,-86.158821105957
904301401,2023,2023-06-27,Marion,Indianapolis,I 465,Vehicle,COLLISION WITH OBJECT IN ROAD,ANIMAL/OBJECT IN ROADWAY,SSI,DAYLIGHT,CLOUDY,DRY,True,39.8616409301758,-86.047248840332
904290080,2023,2023-05-29,Marion,Indianapolis,I465,Vehicle,RAN OFF ROAD,DRIVER ILLNESS,SSI,DAYLIGHT,CLEAR,DRY,True,39.9235916137695,-86.2332458496094
904209342,2023,2023-01-19,Hendricks,Avon,ROCKVILLE RD  & RONALD REAGAN PKWY,Vehicle,HEAD ON BETWEEN TWO MOTOR VEHICLES,FAILURE TO MAINTAIN LANE,SSI,DARK (LIGHTED),CLEAR,DRY,False,39.7637138366699,-86.3369445800781
904127035,2022,2022-10-03,Marion,Indianapolis,21ST ST & COLLEGE AVE,Vehicle,LEFT TURN,FAILURE TO YIELD RIGHT OF WAY,SSI,DAYLIGHT,CLEAR,DRY,False,39.7958717346191,-86.1447372436524
904314903,2023,2023-07-22,Marion,Indianapolis,46TH ST  & KAREN DR,Vehicle,LEFT TURN,FAILURE TO YIELD RIGHT OF WAY,SSI,DAYLIGHT,CLEAR,DRY,False,39.8403511047363,-86.0512390136719
904255361,2023,2023-04-03,Marion,Indianapolis,DR MARTIN LUTHER KING JR ST & RANSOM ST,Vehicle,RAN OFF ROAD,OTHER (DRIVER) - EXPLAIN IN NARRATIVE,Fatal,DAYLIGHT,CLEAR,DRY,False,39.7858390808105,-86.1685104370117
904301742,2023,2023-06-27,Johnson,Bargersville,SR 135  & CLARY BLVD SOUTH DR.,Vehicle,REAR END,FOLLOWING TOO CLOSELY,SSI,DAYLIGHT,CLOUDY,DRY,False,39.570915222168,-86.1589202880859
904290490,2023,2023-05-29,Johnson,Greenwood,I 65; MM99,Vehicle,OTHER - EXPLAIN IN NARRATIVE,UNSAFE SPEED,SSI,DAYLIGHT,CLEAR,DRY,True,39.614616394043,-86.0723495483398
904209564,2023,2023-01-19,Marion,Indianapolis,PASADENA ST & 16TH ST,Vehicle,RAN OFF ROAD,RAN OFF ROAD RIGHT,SSI,DAYLIGHT,CLOUDY,DRY,False,39.7888946533203,-86.0541763305664
904133014,2022,2022-10-03,Marion,Indianapolis,E 62ND ST  & KNYGHTON RD,Vehicle,RAN OFF ROAD,DISREGARD SIGNAL/REG SIGN,Fatal,DARK (NOT LIGHTED),CLEAR,DRY,False,39.8687705993652,-86.0742111206055
904314953,2023,2023-07-22,Hamilton,Fishers,E 116TH ST.  & THE LEGENDS BLVD,Vehicle,OTHER - EXPLAIN IN NARRATIVE,OTHER (DRIVER) - EXPLAIN IN NARRATIVE,SSI,DARK (LIGHTED),CLEAR,DRY,False,39.9573249816895,-85.973876953125
904256913,2023,2023-04-03,Johnson,Greenwood,I-65 SB,Vehicle,REAR END,FOLLOWING TOO CLOSELY,SSI,DARK (LIGHTED),CLEAR,DRY,True,39.591007232666,-86.0647430419922
904302057,2023,2023-06-28,Morgan,MARTINSVILLE,GARFIELD AVE  & MAIN ST,Vehicle,OTHER - EXPLAIN IN NARRATIVE,DISREGARD SIGNAL/REG SIGN,SSI,DAYLIGHT,FOG/SMOKE/SMOG,DRY,False,39.4206504821777,-86.4284286499023
904284630,2023,2023-05-30,Morgan,,SR144  & CIVIC CIRCLE,Vehicle,RAN OFF ROAD,FAILURE TO MAINTAIN LANE,SSI,DARK (NOT LIGHTED),CLEAR,DRY,False,39.5963287353516,-86.3447875976563
904132778,2022,2022-10-04,Marion,Indianapolis,W WASHINGTON ST  & W HAMBLEN DR,Pedestrian,OTHER - EXPLAIN IN NARRATIVE,PEDESTRIAN ACTION,Fatal,DAYLIGHT,CLEAR,DRY,False,39.7367477416992,-86.3024826049805
904252306,2023,2023-04-04,Hendricks,Plainfield,SR267  & STAFFORD RD,Vehicle,HEAD ON BETWEEN TWO MOTOR VEHICLES,FAILURE TO YIELD RIGHT OF WAY,SSI,DARK (LIGHTED),RAIN,WET,False,39.6971855163574,-86.3709030151367
904315314,2023,2023-07-22,Marion,Indianapolis,52ND ST & MOLLER RD,Vehicle,LEFT TURN,FAILURE TO YIELD RIGHT OF WAY,SSI,DAYLIGHT,CLEAR,DRY,False,39.8456001281738,-86.2549896240234
904211693,2023,2023-01-20,Johnson,Greenwood,S EMERSON AVE  & E MAIN ST,Vehicle,HEAD ON BETWEEN TWO MOTOR VEHICLES,FAILURE TO YIELD RIGHT OF WAY,SSI,DAYLIGHT,CLEAR,DRY,False,39.6142539978027,-86.0826797485352
904128937,2022,2022-10-05,Hancock,Greenfield,N STATE ST  & E GREEN MEADOWS DR,Vehicle,LEFT TURN,FAILURE TO YIELD RIGHT OF WAY,SSI,DAYLIGHT,CLEAR,DRY,False,39.804443359375,-85.7696380615234
904286008,2023,2023-05-31,Hancock,Greenfield,MONROE ST  & US 40,Vehicle,LEFT/RIGHT TURN,FAILURE TO YIELD RIGHT OF WAY,SSI,DAYLIGHT,RAIN,WET,False,39.7844619750977,-85.7863998413086
904302143,2023,2023-06-28,Marion,Indianapolis,COLLEGE AVE,Vehicle,RAN OFF ROAD,OTHER (DRIVER) - EXPLAIN IN NARRATIVE,SSI,DAYLIGHT,CLOUDY,DRY,False,39.8677635192871,-86.1457290649414
904315606,2023,2023-07-22,Hamilton,Carmel,DITCH RD & W 96TH ST,Vehicle,REAR END,FOLLOWING TOO CLOSELY,SSI,DAYLIGHT,CLEAR,DRY,False,39.9265441894531,-86.1838912963867
904129186,2022,2022-10-06,Marion,Indianapolis,WASHINGTON ST & COLORADO AVE,Pedestrian,OTHER - EXPLAIN IN NARRATIVE,PEDESTRIAN ACTION,Fatal,DARK (LIGHTED),CLEAR,DRY,False,39.7695579528809,-86.0949783325195
904286501,2023,2023-06-02,Boone,,SR 47  & I 65,Vehicle,HEAD ON BETWEEN TWO MOTOR VEHICLES,FAILURE TO YIELD RIGHT OF WAY,SSI,DAYLIGHT,CLEAR,DRY,True,40.126522064209,-86.5177917480469
904211616,2023,2023-01-21,Marion,Indianapolis,E FALL CREEK PKWY N DR  & E 30TH ST,Vehicle,HEAD ON BETWEEN TWO MOTOR VEHICLES,LEFT OF CENTER,SSI,DARK (NOT LIGHTED),CLOUDY,DRY,False,39.8117980957031,-86.1436920166015
904252814,2023,2023-04-04,Johnson,Greenwood,3265 S STATE ROAD 135,Vehicle,REAR END,OTHER (VEHICLE) - EXPLAIN IN NARRATIVE,SSI,DAYLIGHT,CLEAR,DRY,False,39.5682792663574,-86.1588516235352
904302449,2023,2023-06-28,Boone,Lebanon,INDIANAPOLIS AVE   & GRANT ST.,Vehicle,LEFT TURN,FAILURE TO YIELD RIGHT OF WAY,SSI,DAYLIGHT,FOG/SMOKE/SMOG,DRY,False,40.0427436828613,-86.4605712890625
904315770,2023,2023-07-22,Hamilton,Fishers,E 116TH STREET  & SPYGLASS RIDGE DRIVE,Vehicle,RIGHT ANGLE,OTHER (DRIVER) - EXPLAIN IN NARRATIVE,Fatal,DAYLIGHT,CLOUDY,DRY,False,39.9570808410645,-85.9841995239258
904129463,2022,2022-10-06,Hamilton,Carmel,141ST ST & SHELBORNE RD,Vehicle,RIGHT ANGLE,DISREGARD SIGNAL/REG SIGN,SSI,DAYLIGHT,CLEAR,DRY,False,39.9916496276855,-86.2218399047852
904287146,2023,2023-06-02,Marion,Indianapolis,E 21ST ST  & N LINWOOD AVE,Vehicle,RIGHT ANGLE,FAILURE TO YIELD RIGHT OF WAY,SSI,DAYLIGHT,CLEAR,DRY,False,39.796199798584,-86.0934829711914
904210371,2023,2023-01-22,Boone,Zionsville,I-865,Vehicle,RAN OFF ROAD,OTHER (DRIVER) - EXPLAIN IN NARRATIVE,Fatal,DARK (NOT LIGHTED),CLEAR,DRY,True,39.931510925293,-86.3362579345703
904252879,2023,2023-04-04,Marion,Indianapolis,PAYTON AVE & 37TH PL,Vehicle,REAR END,OTHER (VEHICLE) - EXPLAIN IN NARRATIVE,SSI,DAYLIGHT,CLEAR,DRY,False,39.8249664306641,-86.0327835083008
904303445,2023,2023-06-28,Marion,Lawrence,N KITLEY AVE  & E 46TH ST,Vehicle,LEFT TURN,FAILURE TO YIELD RIGHT OF WAY,SSI,DARK (LIGHTED),CLEAR,DRY,False,39.8403358459473,-86.0550537109375
904316233,2023,2023-07-22,Hendricks,Plainfield,US 40  & HALLIBURTON DR,Vehicle,SAME DIRECTION SIDESWIPE,FAILURE TO YIELD RIGHT OF WAY,SSI,DARK (LIGHTED),CLEAR,DRY,False,39.7268714904785,-86.3385848999023
904130033,2022,2022-10-06,Morgan,,N MANN RD,Vehicle,HEAD ON BETWEEN TWO MOTOR VEHICLES,UNSAFE SPEED,Fatal,DARK (NOT LIGHTED),CLEAR,DRY,False,39.5999908447266,-86.2738037109375
904287710,2023,2023-06-02,Marion,Indianapolis,MADISON AVE & EDGEWOOD AVE,Vehicle,LEFT TURN,FAILURE TO YIELD RIGHT OF WAY,SSI,DAYLIGHT,CLEAR,DRY,False,39.6794395446777,-86.1319732666015
904211159,2023,2023-01-22,Marion,Speedway,N LYNHURST DR  & W 25TH ST,Vehicle,LEFT TURN,FAILURE TO YIELD RIGHT OF WAY,SSI,DARK (LIGHTED),RAIN,WET,False,39.8019294738769,-86.2509689331055
904253529,2023,2023-04-04,Hancock,,CR 300   & CR 100,Vehicle,COLLISION WITH DEER,ANIMAL/OBJECT IN ROADWAY,SSI,DAYLIGHT,CLEAR,DRY,False,39.7717475891113,-85.8596420288086
904313173,2023,2023-06-28,Hendricks,Plainfield,US 40 EASTBOUND  & EARLHAM LN,Vehicle,HEAD ON BETWEEN TWO MOTOR VEHICLES,UNSAFE LANE MOVEMENT,SSI,DAYLIGHT,CLOUDY,DRY,False,39.7278137207031,-86.3327484130859
904287729,2023,2023-06-02,Marion,Indianapolis,73RD ST & MERIDIAN HILLS CT,Vehicle,RAN OFF ROAD,OTHER (DRIVER) - EXPLAIN IN NARRATIVE,SSI,DAYLIGHT,CLEAR,DRY,False,39.8866271972656,-86.171012878418
904211436,2023,2023-01-22,Marion,Indianapolis,S MERIDIAN ST  & W SOUTHPORT RD,Vehicle,RIGHT ANGLE,FAILURE TO YIELD RIGHT OF WAY,Fatal,DARK (LIGHTED),CLOUDY,WET,False,39.6643028259277,-86.158447265625
904302452,2023,2023-06-29,Marion,Lawrence,BENT OAK DRIVE  & GEIST COVE DRIVE,Vehicle,SAME DIRECTION SIDESWIPE,DRIVER DISTRACTED - EXPLAIN IN NARRATIVE,SSI,DAYLIGHT,CLEAR,DRY,False,39.9095993041992,-85.9461288452149
904315462,2023,2023-07-23,Marion,Indianapolis,52ND ST & GEORGETOWN RD,Vehicle,HEAD ON BETWEEN TWO MOTOR VEHICLES,IMPROPER TURNING,SSI,DARK (NOT LIGHTED),CLEAR,DRY,False,39.8459281921387,-86.2418518066406
904288079,2023,2023-06-02,Marion,Beech Grove,17TH ST & SHERMAN DR,Vehicle,OTHER - EXPLAIN IN NARRATIVE,UNSAFE SPEED,SSI,DAYLIGHT,CLEAR,DRY,False,39.7305450439453,-86.1015853881836
904130496,2022,2022-10-07,Johnson,Franklin,HOSPTIAL RD  & LOS RANCHOS DR,Vehicle,SAME DIRECTION SIDESWIPE,FAILURE TO YIELD RIGHT OF WAY,SSI,DAYLIGHT,CLEAR,DRY,False,39.4781608581543,-86.066276550293
904254612,2023,2023-04-04,Hancock,Greenfield,W MCKENZIE  & SPRINGHURST,Vehicle,REAR END,FOLLOWING TOO CLOSELY,SSI,DAYLIGHT,CLEAR,DRY,False,39.7991104125976,-85.7911834716797
904288086,2023,2023-06-02,Marion,Indianapolis,65TH ST & ALLISONVILLE RD,Vehicle,RIGHT ANGLE,FAILURE TO YIELD RIGHT OF WAY,SSI,DARK (LIGHTED),CLEAR,DRY,False,39.8758392333984,-86.09326171875
904130527,2022,2022-10-07,Marion,Indianapolis,I-65,Vehicle,REAR END,UNSAFE SPEED,SSI,DAYLIGHT,CLEAR,DRY,True,39.6972122192383,-86.1064300537109
904315483,2023,2023-07-23,Marion,Indianapolis,MOORESVILLE RD & PADDOCK RD,Vehicle,RAN OFF ROAD,RAN OFF ROAD RIGHT,Fatal,DAYLIGHT,CLEAR,DRY,False,39.6489105224609,-86.2859115600586
904211615,2023,2023-01-22,Marion,Indianapolis,S STATE AVE,Vehicle,RAN OFF ROAD,LEFT OF CENTER,SSI,DARK (LIGHTED),RAIN,WET,False,39.7305564880371,-86.1303100585938
904330828,2023,2023-06-29,Marion,Indianapolis,I 70,Vehicle,RAN OFF ROAD,OVERCORRECTING/OVERSTEERING,SSI,DAYLIGHT,FOG/SMOKE/SMOG,WET,True,39.7861442565918,-86.1362609863281
904252885,2023,2023-04-05,Marion,Indianapolis,LASALLE ST & GLENN DR,Vehicle,HEAD ON BETWEEN TWO MOTOR VEHICLES,BRAKE FAILURE OR DEFECTIVE,SSI,DARK (NOT LIGHTED),CLEAR,DRY,False,39.8082427978516,-86.1105804443359
904289561,2023,2023-06-02,Marion,Indianapolis,N EAST ST  & E MIAMI ST,Vehicle,RIGHT ANGLE,FAILURE TO YIELD RIGHT OF WAY,SSI,DARK (LIGHTED),CLEAR,DRY,False,39.7704048156738,-86.1488876342773
904130528,2022,2022-10-07,Marion,Indianapolis,I-465,Vehicle,RAN OFF ROAD,UNSAFE SPEED,SSI,DAYLIGHT,CLEAR,DRY,True,39.8235244750977,-86.0313720703125
904315498,2023,2023-07-23,Marion,Indianapolis,MADISON AVE & EAST ST,Vehicle,NON-COLLISION,UNSAFE LANE MOVEMENT,SSI,DARK (LIGHTED),CLEAR,DRY,False,39.7398338317871,-86.1541290283203
904211895,2023,2023-01-22,Shelby,SHELBYVILLE,N MORRISTOWN RD  & KNIGHTHOOD GROVE RD,Vehicle,COLLISION WITH DEER,ANIMAL/OBJECT IN ROADWAY,SSI,DARK (NOT LIGHTED),CLEAR,DRY,False,39.5635261535644,-85.7664031982422
904302909,2023,2023-06-30,Marion,Indianapolis,21TH ST & GERMAN CHURCH RD,Vehicle,REAR END,OTHER (ENVIRONMENTAL) - EXPLAIN IN NARR,SSI,DAYLIGHT,CLEAR,DRY,False,39.7992095947266,-85.9713287353516
904252950,2023,2023-04-05,Marion,Indianapolis,US136E & EAGLE VALLEY PASS,Vehicle,HEAD ON BETWEEN TWO MOTOR VEHICLES,FOLLOWING TOO CLOSELY,SSI,DARK (NOT LIGHTED),RAIN,WET,False,39.8055992126465,-86.2943344116211
904290865,2023,2023-06-02,Marion,Indianapolis,MERIDIAN ST & ST CLAIR ST,Pedestrian,BACKING CRASH,UNSAFE BACKING,SSI,DAYLIGHT,CLEAR,DRY,False,39.7779655456543,-86.1576538085937
904132048,2022,2022-10-08,Marion,Indianapolis,SR135S & THOMPSON RD,Vehicle,RIGHT ANGLE,FAILURE TO YIELD RIGHT OF WAY,SSI,DARK (LIGHTED),CLEAR,DRY,False,39.6924476623535,-86.1584777832031
904316447,2023,2023-07-23,Hamilton,Noblesville,SR19 & FIELD DR,Vehicle,HEAD ON BETWEEN TWO MOTOR VEHICLES,FAILURE TO YIELD RIGHT OF WAY,SSI,DAYLIGHT,CLEAR,WET,False,40.0589561462402,-86.0166015625
904212124,2023,2023-01-22,Marion,Indianapolis,COUNTRY CLUB RD & SUNNINGDALE BLVD,Vehicle,RAN OFF ROAD,SPEED TOO FAST FOR WEATHER CONDITIONS,SSI,DAYLIGHT,CLOUDY,WET,False,39.8013343811035,-86.3085174560547
904304214,2023,2023-06-30,Marion,Indianapolis,E HANNA AVE  & S KEYSTONE AVE,Vehicle,RIGHT ANGLE,FAILURE TO YIELD RIGHT OF WAY,SSI,DAYLIGHT,CLEAR,DRY,False,39.7084922790527,-86.1202239990234
904253022,2023,2023-04-05,Marion,Indianapolis,MICHIGAN RD  & 71ST ST,Vehicle,RIGHT ANGLE,DRIVER ILLNESS,SSI,DAYLIGHT,RAIN,WET,False,39.8847808837891,-86.2097930908203
904214221,2023,2023-01-22,Hancock,New Palestine,E LARRABEE ST,Vehicle,OTHER - EXPLAIN IN NARRATIVE,OTHER (DRIVER) - EXPLAIN IN NARRATIVE,SSI,DAYLIGHT,SNOW,WET,False,39.7204322814941,-85.8890380859375
904132296,2022,2022-10-08,Marion,Indianapolis,E ST CLAIR ST  & N ALABAMA ST,Pedalcycle,RIGHT ANGLE,FAILURE TO YIELD RIGHT OF WAY,SSI,DARK (LIGHTED),CLEAR,DRY,False,39.7778472900391,-86.1521911621094
904316272,2023,2023-07-24,Marion,Indianapolis,E 71ST ST  & BINFORD BLVD,Pedalcycle,RIGHT ANGLE,FAILURE TO YIELD RIGHT OF WAY,SSI,DARK (LIGHTED),CLOUDY,DRY,False,39.8833961486816,-86.0666351318359
904287082,2023,2023-06-03,Hamilton,Arcadia,256 ST  & US 31,Vehicle,RAN OFF ROAD,UNSAFE SPEED,SSI,DAWN/DUSK,CLOUDY,DRY,False,40.1610107421875,-86.1156539916992
904216033,2023,2023-01-22,Marion,Indianapolis,EMERSON AVE,Vehicle,NON-COLLISION,UNSAFE SPEED,SSI,DARK (LIGHTED),CLEAR,DRY,False,39.704402923584,-86.0824279785156
904132352,2022,2022-10-08,Marion,Indianapolis,W WASHINGTON ST  & W WASHINGTON ST,Vehicle,RIGHT ANGLE,FAILURE TO YIELD RIGHT OF WAY,Fatal,DAYLIGHT,CLEAR,DRY,False,39.7456665039063,-86.2736511230469
904253052,2023,2023-04-05,Johnson,Whiteland,US HWY 31  & TRACY RD,Vehicle,REAR END,DRIVER ILLNESS,SSI,DAYLIGHT,RAIN,WET,False,39.5644989013672,-86.0924530029297
904304920,2023,2023-06-30,Marion,Indianapolis,N MICHIGAN ROAD  & W 76TH STREET,Pedestrian,RAN OFF ROAD,FAILURE TO MAINTAIN LANE,Fatal,DAYLIGHT,CLEAR,DRY,False,39.889591217041,-86.2120971679688
904287205,2023,2023-06-03,Marion,Lawrence,PENDLETON PIKE,Vehicle,LEFT TURN,FAILURE TO YIELD RIGHT OF WAY,SSI,DAYLIGHT,CLEAR,DRY,False,39.8601684570312,-85.9773941040039
904132682,2022,2022-10-08,Shelby,SHELBYVILLE,N 825 W  & W 275 N,Vehicle,RAN OFF ROAD,FAILURE TO MAINTAIN LANE,SSI,DARK (NOT LIGHTED),CLEAR,DRY,False,39.5641174316406,-85.9384689331055
904211591,2023,2023-01-23,Hamilton,Fishers,I-69,Vehicle,REAR END,ENGINE FAILURE OR DEFECTIVE,SSI,DAYLIGHT,CLOUDY,DRY,True,39.9551887512207,-86.0089416503906
904316500,2023,2023-07-25,Marion,Indianapolis,COUNTY LINE RD & SHELBY ST,Vehicle,RIGHT ANGLE,FAILURE TO YIELD RIGHT OF WAY,SSI,DAYLIGHT,CLOUDY,DRY,False,39.6352462768555,-86.1393890380859
904253616,2023,2023-04-05,Hamilton,Fishers,6700 E. 96TH ST.,Vehicle,HEAD ON BETWEEN TWO MOTOR VEHICLES,LEFT OF CENTER,SSI,DAYLIGHT,CLOUDY,WET,False,39.9270553588867,-86.0523452758789
904304978,2023,2023-06-30,Marion,Indianapolis,N KESSLER BOULEVARD DRIVE  & W 18TH ST,Vehicle,RIGHT ANGLE,FAILURE TO YIELD RIGHT OF WAY,SSI,DARK (NOT LIGHTED),CLEAR,DRY,False,39.7902183532715,-86.2110900878906
904290269,2023,2023-06-03,Hamilton,Noblesville,146TH ST,Vehicle,SAME DIRECTION SIDESWIPE,FAILURE TO YIELD RIGHT OF WAY,SSI,DAYLIGHT,CLEAR,DRY,False,40.000732421875,-86.0033340454102
904132809,2022,2022-10-08,Morgan,Mooresville,W SOUTHST,Vehicle,RIGHT TURN,FAILURE TO YIELD RIGHT OF WAY,SSI,DAYLIGHT,CLEAR,DRY,False,39.6082572937012,-86.3749542236328
904212251,2023,2023-01-23,Hamilton,Carmel,GRAY RD & HARRISON DR,Pedestrian,LEFT TURN,VIEW OBSTRUCTED,SSI,DAYLIGHT,CLOUDY,DRY,False,39.9821281433105,-86.0895385742188
904316726,2023,2023-07-25,Marion,Indianapolis,EDGEWOOD AVE & FIVE POINTS RD,Vehicle,HEAD ON BETWEEN TWO MOTOR VEHICLES,IMPROPER LANE USAGE,SSI,DAYLIGHT,CLEAR,DRY,False,39.7159538269043,-86.0433578491211
904254081,2023,2023-04-05,Marion,Beech Grove,E HANNA AVE,Vehicle,BACKING CRASH,OTHER (DRIVER) - EXPLAIN IN NARRATIVE,Fatal,DARK (LIGHTED),CLEAR,DRY,False,39.7102813720703,-86.0635070800781
904305206,2023,2023-06-30,Marion,Indianapolis,42ND ST & DAVID ST,Vehicle,REAR END,IMPROPER LANE USAGE,SSI,DAYLIGHT,CLEAR,DRY,False,39.8332633972168,-86.0504608154297
904291277,2023,2023-06-03,Marion,Indianapolis,LAFAYETTE ROAD  & SHANGHAI RD,Vehicle,RIGHT ANGLE,FAILURE TO YIELD RIGHT OF WAY,SSI,DAYLIGHT,CLEAR,DRY,False,39.8687629699707,-86.2789459228516
904141792,2022,2022-10-08,Marion,Indianapolis,MICHIGAN RD & COIL ST,Vehicle,HEAD ON BETWEEN TWO MOTOR VEHICLES,FAILURE TO YIELD RIGHT OF WAY,SSI,DAYLIGHT,CLEAR,DRY,False,39.8739013671875,-86.2045364379883
904212874,2023,2023-01-23,Marion,Indianapolis,GEORGETOWN RD & 59TH ST,Vehicle,RIGHT ANGLE,DRIVER ASLEEP OR FATIGUED,SSI,DARK (NOT LIGHTED),CLEAR,WET,False,39.8605575561523,-86.2413558959961
904316939,2023,2023-07-25,Marion,Indianapolis,"W RAYMOND ST, INDIANAPOLIS, IN",Vehicle,RAN OFF ROAD,OTHER (DRIVER) - EXPLAIN IN NARRATIVE,SSI,DAWN/DUSK,CLEAR,DRY,False,39.735164642334,-86.1952972412109
904255308,2023,2023-04-05,Marion,Indianapolis,I-70,Vehicle,RAN OFF ROAD,UNSAFE SPEED,SSI,DARK (LIGHTED),CLEAR,DRY,True,39.7852897644043,-86.1382904052734
904305990,2023,2023-06-30,Hamilton,Fishers,BRITTON PARK RD  & E 131ST ST,Vehicle,LEFT TURN,IMPROPER TURNING,SSI,DAYLIGHT,CLEAR,DRY,False,39.9789619445801,-86.0062103271485
904213847,2023,2023-01-23,Marion,Indianapolis,SR 37 2000 FT S OF   & SOUTHPORT,Pedestrian,RIGHT ANGLE,PEDESTRIAN ACTION,Fatal,DARK (NOT LIGHTED),CLOUDY,DRY,False,39.6602020263672,-86.1962203979492
904157668,2022,2022-10-08,Marion,Lawrence,E 42ND ST  & ARBORCREST DR,Vehicle,REAR END,OTHER (DRIVER) - EXPLAIN IN NARRATIVE,SSI,DARK (NOT LIGHTED),CLEAR,DRY,False,39.8332748413086,-86.0227966308594
904316967,2023,2023-07-25,Marion,Indianapolis,GEORGETOWN ROAD  & W 38TH STREET,Vehicle,RIGHT ANGLE,DISREGARD SIGNAL/REG SIGN,SSI,DAWN/DUSK,CLEAR,DRY,False,39.8232612609863,-86.2418975830078
904261710,2023,2023-04-05,Hendricks,Danville,36 & PARKRIDGE DR,Vehicle,OTHER - EXPLAIN IN NARRATIVE,UNSAFE SPEED,Fatal,DAYLIGHT,RAIN,WET,False,39.7600250244141,-86.5128326416016
904212150,2023,2023-01-24,Marion,Indianapolis,ENGLISH AVE  & TEMPERANCE AVE,Vehicle,HEAD ON BETWEEN TWO MOTOR VEHICLES,LEFT OF CENTER,SSI,DARK (LIGHTED),CLEAR,DRY,False,39.7602043151855,-86.09326171875
904317376,2023,2023-07-25,Marion,Indianapolis,W 38TH ST  & WOODSTOCK DR,Vehicle,LEFT TURN,IMPROPER TURNING,Fatal,DARK (LIGHTED),CLOUDY,DRY,False,39.8245849609375,-86.1849822998047
904287408,2023,2023-06-04,Johnson,New Whiteland,S. US 31,Vehicle,REAR END,FOLLOWING TOO CLOSELY,SSI,DARK (NOT LIGHTED),CLEAR,DRY,False,39.5536422729492,-86.0884475708008
904170237,2022,2022-10-08,Morgan,MARTINSVILLE,WILBUR RD  & E SHORE DR,Vehicle,RIGHT TURN,IMPROPER TURNING,Fatal,DARK (NOT LIGHTED),CLEAR,DRY,False,39.4584121704101,-86.4472045898438