id,year,date,county,city,cross_street,crash_type,manner,primary_factor,ssi_fatal,light,weather,surface,interstate,lat,lon
904303690,2023,2023-07-01,Hamilton,Fishers,126TH ST  & WINDING CREEK LN,Vehicle,LEFT TURN,IMPROPER LANE USAGE,Fatal,DARK (NOT LIGHTED),CLOUDY,WET,False,39.9713363647461,-86.0248413085938
904130766,2022,2022-10-09,Boone,Lebanon,PERRY WORTH RD,Vehicle,REAR END,OTHER (DRIVER) - EXPLAIN IN NARRATIVE,SSI,DAYLIGHT,CLEAR,DRY,False,39.9988021850586,-86.4166717529297
904327895,2023,2023-07-25,Shelby,SHELBYVILLE,SR44  & S CR750 W,Vehicle,OPPOSITE DIRECTION SIDESWIPE,DRIVER ASLEEP OR FATIGUED,SSI,DAYLIGHT,FOG/SMOKE/SMOG,DRY,False,39.4953727722168,-85.9222946166992
904288889,2023,2023-06-04,Marion,Indianapolis,TOWNSHIP LINE ROAD  & SUMMER DRIVE,Vehicle,RIGHT ANGLE,UNSAFE SPEED,SSI,DARK (NOT LIGHTED),CLEAR,DRY,False,39.9084091186523,-86.2030181884766
904255554,2023,2023-04-06,Marion,Indianapolis,NATIONAL AVE  & S STATE AVE,Pedestrian,SAME DIRECTION SIDESWIPE,FAILURE TO YIELD RIGHT OF WAY,SSI,DARK (LIGHTED),CLEAR,DRY,False,39.711986541748,-86.1359405517578
904212586,2023,2023-01-24,Hendricks,Avon,ROCKVILLE RD,Vehicle,REAR END,OTHER (DRIVER) - EXPLAIN IN NARRATIVE,SSI,DAYLIGHT,CLEAR,DRY,False,39.7633590698242,-86.3314208984375
904305387,2023,2023-07-01,Marion,Indianapolis,N KEYSTONE AVE,Vehicle,RAN OFF ROAD,RAN OFF ROAD RIGHT,SSI,DARK (LIGHTED),RAIN,WATER (STANDING OR MOVING),False,39.8058624267578,-86.12158203125
904130950,2022,2022-10-09,Marion,Indianapolis,E 10TH ST  & N SHERIDAN AVE,Pedestrian,NON-COLLISION,PEDESTRIAN ACTION,Fatal,DARK (LIGHTED),CLEAR,DRY,False,39.7816543579102,-86.0596313476563
904316947,2023,2023-07-26,Johnson,,SR 252   & CR 100 W,Vehicle,REAR END,DRIVER DISTRACTED - EXPLAIN IN NARRATIVE,SSI,DAYLIGHT,CLOUDY,DRY,False,39.4093132019043,-86.1032333374023
904289475,2023,2023-06-04,Marion,Indianapolis,HOLT RD  & W MICHIGAN ST,Vehicle,REAR END,DISREGARD SIGNAL/REG SIGN,Fatal,DARK (LIGHTED),CLEAR,DRY,False,39.7737579345703,-86.2281265258789
904254371,2023,2023-04-07,Hamilton,,SR 38  & BODEN RD,Vehicle,RIGHT TURN,FAILURE TO YIELD RIGHT OF WAY,SSI,DAYLIGHT,CLEAR,DRY,False,40.0362777709961,-85.9376525878906
904212890,2023,2023-01-24,Marion,Indianapolis,SHELBY ST & SUMNER AVE,Vehicle,REAR END,FOLLOWING TOO CLOSELY,SSI,DAYLIGHT,CLEAR,DRY,False,39.7154083251953,-86.1394653320313
904306162,2023,2023-07-01,Marion,Indianapolis,S WEST ST & I70 079 RAMP,Vehicle,RIGHT ANGLE,DISREGARD SIGNAL/REG SIGN,SSI,DARK (LIGHTED),RAIN,WET,True,39.7543067932129,-86.1748962402344
904132057,2022,2022-10-09,Marion,Indianapolis,I465S,Vehicle,REAR END,DRIVER ASLEEP OR FATIGUED,SSI,DARK (NOT LIGHTED),CLEAR,DRY,False,39.8264007568359,-86.2759780883789
904317392,2023,2023-07-26,Marion,Indianapolis,W REYNOLDS RD & S PADDOCK RD,Vehicle,OTHER - EXPLAIN IN NARRATIVE,UNSAFE BACKING,SSI,DAYLIGHT,CLEAR,DRY,False,39.6617050170898,-86.2997741699219
904290270,2023,2023-06-04,Hamilton,Noblesville,BODEN RD & GREENFIELD AVE,Vehicle,HEAD ON BETWEEN TWO MOTOR VEHICLES,FAILURE TO YIELD RIGHT OF WAY,SSI,DAYLIGHT,CLEAR,DRY,False,40.0015678405762,-85.9379043579102
904258342,2023,2023-04-07,Marion,Indianapolis,KEYSTONE AVE  & 55TH PL,Vehicle,LEFT TURN,FAILURE TO YIELD RIGHT OF WAY,SSI,DAYLIGHT,CLEAR,DRY,False,39.8538398742676,-86.1220321655274
904213641,2023,2023-01-24,Marion,Indianapolis,86TH ST & HAVERSTICK RD,Vehicle,REAR END,FOLLOWING TOO CLOSELY,SSI,DAYLIGHT,CLEAR,DRY,False,39.9124069213867,-86.1168746948242
904132102,2022,2022-10-09,Marion,Indianapolis,SHERMAN DR & PLEASENT RUN PKWY,Vehicle,RAN OFF ROAD,LEFT OF CENTER,SSI,DAYLIGHT,CLEAR,DRY,False,39.7621421813965,-86.1020278930664
904290993,2023,2023-06-04,Marion,Indianapolis,E MINNESOTA ST  & TEMPERANCE AVE,Vehicle,BACKING CRASH,FAILURE TO YIELD RIGHT OF WAY,Fatal,DAYLIGHT,CLEAR,DRY,False,39.7455253601074,-86.0921630859375
904317480,2023,2023-07-26,Hamilton,Fishers,NORTHBOUND INTERSTATE 69,Vehicle,REAR TO REAR,FOLLOWING TOO CLOSELY,SSI,DAYLIGHT,CLEAR,DRY,True,39.9426002502441,-86.0181655883789
904306740,2023,2023-07-01,Boone,Zionsville,I465,Vehicle,RAN OFF ROAD,FAILURE TO MAINTAIN LANE,SSI,DARK (LIGHTED),RAIN,WET,True,39.927188873291,-86.2667388916016
904145116,2022,2022-10-09,Marion,Indianapolis,ORCHARD AVE & 34TH ST,Vehicle,RAN OFF ROAD,DRIVER DISTRACTED - EXPLAIN IN NARRATIVE,SSI,DARK (LIGHTED),CLEAR,DRY,False,39.81787109375,-86.1280288696289
904255340,2023,2023-04-08,Morgan,,N MANN RD  & N MANN RD,Vehicle,RAN OFF ROAD,OTHER (DRIVER) - EXPLAIN IN NARRATIVE,SSI,DAYLIGHT,CLEAR,DRY,False,39.620189666748,-86.2629699707031
904214565,2023,2023-01-24,Johnson,Whiteland,TRACY RD  & 200 E,Vehicle,RAN OFF ROAD,OTHER (DRIVER) - EXPLAIN IN NARRATIVE,SSI,DAYLIGHT,CLEAR,DRY,False,39.5653953552246,-86.0597457885742
904147034,2022,2022-10-09,Marion,Indianapolis,N ILLINOIS ST  & W FALL CREEK PKWY N DR,Vehicle,RIGHT ANGLE,DISREGARD SIGNAL/REG SIGN,SSI,DARK (LIGHTED),CLEAR,DRY,False,39.8031959533691,-86.1589813232422
904305151,2023,2023-07-02,Hamilton,Carmel,US 31  & 161ST STREET,Vehicle,REAR END,UNSAFE SPEED,Fatal,DAWN/DUSK,CLOUDY,DRY,False,39.9951591491699,-86.1264572143555
904317963,2023,2023-07-26,Marion,Indianapolis,S KEYSTONE AVE  & REAVEST DR N,Vehicle,LEFT TURN,FAILURE TO YIELD RIGHT OF WAY,SSI,DARK (LIGHTED),CLOUDY,DRY,False,39.7499237060547,-86.1210784912109
904255365,2023,2023-04-08,Marion,Indianapolis,BUTTERCUP LN,Pedestrian,OTHER - EXPLAIN IN NARRATIVE,PEDESTRIAN ACTION,SSI,DAYLIGHT,CLEAR,DRY,False,39.8101234436035,-86.2538146972656
904288712,2023,2023-06-05,Marion,Indianapolis,16TH ST & EMERSON AVE,Vehicle,RIGHT ANGLE,DISREGARD SIGNAL/REG SIGN,SSI,DAYLIGHT,CLEAR,DRY,False,39.7887344360352,-86.0832672119141
904216808,2023,2023-01-24,Shelby,SHELBYVILLE,I-74  & 108.5MM,Vehicle,OTHER - EXPLAIN IN NARRATIVE,OTHER (VEHICLE) - EXPLAIN IN NARRATIVE,SSI,DARK (NOT LIGHTED),CLEAR,DRY,True,39.5928688049316,-85.835319519043
904131271,2022,2022-10-10,Hancock,,300N  & 300N,Pedestrian,COLLISION WITH OBJECT IN ROAD,FAILURE TO YIELD RIGHT OF WAY,SSI,DARK (NOT LIGHTED),CLEAR,DRY,False,39.8271636962891,-85.9034652709961
904309412,2023,2023-07-02,Marion,Indianapolis,I 70   &   W,Vehicle,SAME DIRECTION SIDESWIPE,UNSAFE LANE MOVEMENT,SSI,DAYLIGHT,CLEAR,DRY,True,39.7853088378906,-86.1382522583008
904318021,2023,2023-07-27,Hamilton,Noblesville,I69S,Vehicle,RAN OFF ROAD,TIRE FAILURE OR DEFECTIVE,SSI,DAYLIGHT,CLOUDY,DRY,False,39.9908294677734,-85.9081497192383
904256346,2023,2023-04-08,Marion,Indianapolis,KEVIN WAY  & 38TH STREET,Pedalcycle,SAME DIRECTION SIDESWIPE,FAILURE TO YIELD RIGHT OF WAY,Fatal,DAYLIGHT,CLEAR,DRY,False,39.8244171142578,-86.249626159668
904288720,2023,2023-06-05,Marion,Indianapolis,46TH ST & GUILFORD AVE,Vehicle,RIGHT ANGLE,FAILURE TO YIELD RIGHT OF WAY,SSI,DARK (LIGHTED),CLEAR,DRY,False,39.8396987915039,-86.1424713134765
904217186,2023,2023-01-24,Marion,Indianapolis,W MICHIGAN ST  & INDIANA AVE,Pedalcycle,NON-COLLISION,FAILURE TO YIELD RIGHT OF WAY,SSI,DARK (LIGHTED),CLOUDY,DRY,False,39.7742614746094,-86.1650695800781
904131901,2022,2022-10-10,Morgan,,E WATSON RD  & E CENTENARY RD,Vehicle,COLLISION WITH DEER,ANIMAL/OBJECT IN ROADWAY,SSI,DARK (NOT LIGHTED),CLEAR,DRY,False,39.5635261535644,-86.3021469116211
904355061,2023,2023-07-02,Hendricks,Avon,RONALD REAGAN PARKWAY  & ACCESS ROAD TO COUNTY ROAD 105,Pedestrian,OTHER - EXPLAIN IN NARRATIVE,PEDESTRIAN ACTION,Fatal,DARK (NOT LIGHTED),CLEAR,DRY,False,39.766975402832,-86.3368072509766
904319095,2023,2023-07-27,Morgan,,ROBB HILL,Vehicle,RAN OFF ROAD,OTHER (DRIVER) - EXPLAIN IN NARRATIVE,SSI,DARK (NOT LIGHTED),CLEAR,DRY,False,39.5144500732422,-86.4281539916992
904258343,2023,2023-04-08,Marion,Indianapolis,MERIDIAN HILLS BLVD,Vehicle,RAN OFF ROAD,OVERCORRECTING/OVERSTEERING,SSI,DARK (NOT LIGHTED),CLEAR,DRY,False,39.8860626220703,-86.1614379882813
904288730,2023,2023-06-05,Marion,Indianapolis,HOLMES AVE & VERMONT ST,Vehicle,OTHER - EXPLAIN IN NARRATIVE,BRAKE FAILURE OR DEFECTIVE,SSI,DAYLIGHT,CLEAR,DRY,False,39.7722396850586,-86.2048797607422
904213215,2023,2023-01-25,Hancock,FORTVILLE,US 36 / SR 67  & CR 300 WEST,Vehicle,RIGHT ANGLE,LEFT OF CENTER,SSI,DAYLIGHT,SNOW,SNOW/SLUSH,False,39.9222183227539,-85.8701934814453
904319216,2023,2023-07-27,Marion,Indianapolis,I-465,Pedestrian,OTHER - EXPLAIN IN NARRATIVE,OTHER (VEHICLE) - EXPLAIN IN NARRATIVE,Fatal,DARK (NOT LIGHTED),CLEAR,DRY,True,39.7003364562988,-86.1688766479492
904133024,2022,2022-10-11,Marion,Indianapolis,S WEST ST  & BLUFF RD,Vehicle,HEAD ON BETWEEN TWO MOTOR VEHICLES,FAILURE TO YIELD RIGHT OF WAY,SSI,DAYLIGHT,CLEAR,DRY,False,39.7311286926269,-86.1683044433594
904319220,2023,2023-07-27,Marion,Indianapolis,I-465,Vehicle,SAME DIRECTION SIDESWIPE,IMPROPER PASSING,SSI,DARK (LIGHTED),CLEAR,DRY,True,39.790771484375,-86.0346984863281
904304469,2023,2023-07-03,Johnson,Edinburgh,FRANKLIN ST  & KING ST,Vehicle,REAR END,OTHER (DRIVER) - EXPLAIN IN NARRATIVE,SSI,DAWN/DUSK,CLEAR,DRY,False,39.3568458557129,-85.9580841064453
904264885,2023,2023-04-08,Hendricks,Plainfield,267 & STAFFORD RD,Vehicle,RIGHT ANGLE,DISREGARD SIGNAL/REG SIGN,Fatal,DAWN/DUSK,CLOUDY,DRY,False,39.6972007751465,-86.3709869384766
904290272,2023,2023-06-05,Hamilton,Noblesville,CAMPUS PKWY & BROOKS SCHOOL RD,Vehicle,RIGHT ANGLE,FAILURE TO YIELD RIGHT OF WAY,SSI,DAYLIGHT,CLEAR,DRY,False,39.9965476989746,-85.9377365112305
904214754,2023,2023-01-26,Johnson,Greenwood,E MAIN ST  & S WATER ST,Vehicle,RIGHT ANGLE,FAILURE TO YIELD RIGHT OF WAY,SSI,DAYLIGHT,CLOUDY,WET,False,39.6138534545898,-86.0998153686523
904255423,2023,2023-04-09,Marion,Lawrence,SHADELAND AVE & WADSWORTH WAY,Vehicle,RIGHT ANGLE,FAILURE TO YIELD RIGHT OF WAY,SSI,DAYLIGHT,CLEAR,DRY,False,39.8493614196777,-86.0442810058594
904321117,2023,2023-07-27,Hendricks,CLAYTON,US 40  & WASHINGTON ST,Vehicle,RIGHT ANGLE,IMPROPER TURNING,SSI,DAYLIGHT,CLEAR,DRY,False,39.6764106750488,-86.4916381835938
904305069,2023,2023-07-03,Hamilton,Noblesville,SR32 & CUMBERLAND RD,Vehicle,RIGHT ANGLE,FAILURE TO YIELD RIGHT OF WAY,SSI,DAYLIGHT,CLEAR,DRY,False,40.0456237792969,-85.9957427978515
904142010,2022,2022-10-11,Hamilton,Noblesville,SR38 & LITTLE CHICAGO RD,Vehicle,RAN OFF ROAD,DRIVER ASLEEP OR FATIGUED,SSI,DAYLIGHT,CLEAR,DRY,False,40.0698585510254,-86.0713500976563
904217187,2023,2023-01-26,Marion,Indianapolis,SHELBY ST  & SOUTHVIEW DR,Vehicle,RAN OFF ROAD,OTHER (DRIVER) - EXPLAIN IN NARRATIVE,SSI,DARK (LIGHTED),CLEAR,DRY,False,39.6694602966309,-86.1394500732422
904256618,2023,2023-04-09,Marion,Indianapolis,I465 WB 3 MM,Vehicle,OTHER - EXPLAIN IN NARRATIVE,FOLLOWING TOO CLOSELY,Fatal,DAYLIGHT,CLEAR,DRY,True,39.7017364501953,-86.1636734008789
904321414,2023,2023-07-27,Marion,Indianapolis,S EAST ST  & E MINNESOTA ST,Vehicle,REAR END,FAILURE TO MAINTAIN LANE,SSI,DARK (LIGHTED),CLEAR,DRY,False,39.7444648742676,-86.1495056152344
904305427,2023,2023-07-03,Marion,Indianapolis,SR37S & SOUTHPORT RD,Vehicle,REAR END,FOLLOWING TOO CLOSELY,SSI,DAYLIGHT,CLEAR,DRY,False,39.6647682189941,-86.1961669921875
904152848,2022,2022-10-11,Marion,Indianapolis,GRAHAM RD  & BINFORD BLVD,Vehicle,RIGHT ANGLE,DISREGARD SIGNAL/REG SIGN,SSI,DARK (LIGHTED),CLOUDY,DRY,False,39.8809509277344,-86.0697326660156
904214331,2023,2023-01-27,Marion,Indianapolis,11TH ST & COLLEGE AVE,Vehicle,RAN OFF ROAD,DRIVER ASLEEP OR FATIGUED,SSI,DARK (LIGHTED),SNOW,WET,False,39.7815208435059,-86.1449279785156
904321935,2023,2023-07-27,Marion,Indianapolis,I I-465,Vehicle,SAME DIRECTION SIDESWIPE,FAILURE TO MAINTAIN LANE,SSI,DAYLIGHT,CLEAR,DRY,True,39.9009666442871,-86.2696380615234
904306144,2023,2023-07-04,Hancock,Greenfield,US 40  & SWITCH GRASS DRIVE,Vehicle,RIGHT ANGLE,UNSAFE SPEED,SSI,DAYLIGHT,CLEAR,DRY,False,39.7828369140625,-85.8198928833008
904133092,2022,2022-10-12,Hancock,,CR 400 WEST  & SR 67,Vehicle,RIGHT ANGLE,OTHER (DRIVER) - EXPLAIN IN NARRATIVE,SSI,DARK (NOT LIGHTED),CLOUDY,DRY,False,39.9167213439941,-85.8811798095703
904214336,2023,2023-01-27,Marion,Indianapolis,38TH ST & KIEL AVE,Vehicle,OTHER - EXPLAIN IN NARRATIVE,FAILURE TO YIELD RIGHT OF WAY,SSI,DAYLIGHT,CLEAR,DRY,False,39.8235816955566,-86.2629470825195
904318189,2023,2023-07-28,Marion,Indianapolis,I 465,Vehicle,OTHER - EXPLAIN IN NARRATIVE,UNSAFE LANE MOVEMENT,SSI,DAYLIGHT,CLEAR,DRY,True,39.8821144104004,-86.2689666748047
904133136,2022,2022-10-12,Johnson,NINEVEH,S MAUXFERRY RD,Vehicle,RAN OFF ROAD,OVERCORRECTING/OVERSTEERING,Fatal,DAYLIGHT,CLEAR,DRY,False,39.4319076538086,-86.0387496948242
904306440,2023,2023-07-04,Marion,Indianapolis,KENTUCKY AVE AVE,Vehicle,RAN OFF ROAD,RAN OFF ROAD RIGHT,SSI,DAYLIGHT,CLEAR,DRY,False,39.7156829833984,-86.2347793579102
904216314,2023,2023-01-27,Marion,Indianapolis,OLIVER AVE & MICKLEY AVE,Pedestrian,RAN OFF ROAD,RAN OFF ROAD RIGHT,SSI,DAYLIGHT,CLEAR,DRY,False,39.7576065063477,-86.260025024414
904307801,2023,2023-07-04,Marion,Indianapolis,S MOORESVILLE RD  & S MCCLURE ST,Vehicle,RAN OFF ROAD,UNSAFE SPEED,SSI,DAYLIGHT,CLOUDY,DRY,False,39.7137908935547,-86.2260665893555
904216683,2023,2023-01-27,Marion,Indianapolis,E 75TH ST  & STATE RD 37,Pedestrian,COLLISION WITH OBJECT IN ROAD,PEDESTRIAN ACTION,Fatal,DARK (NOT LIGHTED),CLEAR,DRY,False,39.8906631469726,-86.0571746826172
904312059,2023,2023-07-04,Marion,Indianapolis,SHELBY ST  & LAWRENCE AVE,Pedestrian,RIGHT ANGLE,PEDESTRIAN ACTION,Fatal,DAYLIGHT,CLEAR,DRY,False,39.7026786804199,-86.1392974853515
904217188,2023,2023-01-27,Marion,Indianapolis,E WASHINGTON ST  & N EMERSON AVE,Pedestrian,NON-COLLISION,PEDESTRIAN ACTION,SSI,DARK (LIGHTED),CLEAR,DRY,False,39.770191192627,-86.0839996337891
904490497,2024,2024-04-19,Marion,Lawrence,US 36  & THUNDERBIRD ROAD,Vehicle,LEFT TURN,FAILURE TO YIELD RIGHT OF WAY,SSI,DARK (LIGHTED),CLOUDY,DRY,False,39.8590049743652,-85.9800491333008
904490849,2024,2024-04-19,Hamilton,Fishers,CROSSPOINT BLVD.,Pedestrian,RAN OFF ROAD,DRIVER DISTRACTED - EXPLAIN IN NARRATIVE,SSI,DARK (LIGHTED),CLEAR,DRY,False,39.9294509887695,-86.03076171875
904492938,2024,2024-04-19,Marion,Indianapolis,TIBBS  & WASHINGTON,Vehicle,RAN OFF ROAD,IMPROPER LANE USAGE,SSI,DARK (LIGHTED),CLEAR,DRY,False,39.757438659668,-86.2160949707031
904493440,2024,2024-04-19,Hendricks,COATESVILLE,SR 75  & 700 S,Vehicle,HEAD ON BETWEEN TWO MOTOR VEHICLES,DISREGARD SIGNAL/REG SIGN,Fatal,DAYLIGHT,CLEAR,DRY,False,39.6593856811523,-86.6695327758789
904374541,2023,2023-10-17,Marion,Indianapolis,W MCCARTY ST  & CORRILL ST,Vehicle,RAN OFF ROAD,UNSAFE SPEED,SSI,DARK (NOT LIGHTED),CLOUDY,DRY,False,39.7566184997559,-86.2101821899414
904491430,2024,2024-04-20,Marion,Indianapolis,S MITCHNER AVE  & LEXINGTON AVE,Vehicle,OTHER - EXPLAIN IN NARRATIVE,OTHER (DRIVER) - EXPLAIN IN NARRATIVE,SSI,DARK (NOT LIGHTED),CLEAR,DRY,False,39.7579345703125,-86.0332489013672
904491452,2024,2024-04-20,Marion,Indianapolis,W MORRIS ST  & NEW FIELD LN,Pedestrian,OTHER - EXPLAIN IN NARRATIVE,PEDESTRIAN ACTION,SSI,DARK (NOT LIGHTED),CLEAR,DRY,False,39.7493133544922,-86.3136749267578
904496625,2024,2024-04-20,Marion,Indianapolis,PRISCILLA AVE  & E 31ST ST,Vehicle,LEFT TURN,UNSAFE SPEED,SSI,DAYLIGHT,CLEAR,DRY,False,39.8128128051758,-86.0683288574219
904491564,2024,2024-04-21,Marion,Indianapolis,FRANKLIN ROAD  & ROY ROAD,Vehicle,OPPOSITE DIRECTION SIDESWIPE,LEFT OF CENTER,SSI,DAYLIGHT,CLEAR,DRY,False,39.8035430908203,-86.0271530151367
904497545,2024,2024-04-21,Marion,Indianapolis,ALLISONVILLE RD  & BRIAR PATCH CT,Vehicle,REAR END,FOLLOWING TOO CLOSELY,SSI,DARK (NOT LIGHTED),CLEAR,DRY,False,39.8870544433594,-86.0878677368164
904391712,2023,2023-11-11,Marion,Indianapolis,E WASHINGTON ST  & FRANKLIN RD,Vehicle,HEAD ON BETWEEN TWO MOTOR VEHICLES,FAILURE TO YIELD RIGHT OF WAY,SSI,DARK (LIGHTED),CLEAR,DRY,False,39.7730522155762,-86.0262908935547
904499566,2024,2024-04-21,Hendricks,LIZTON,I74,Vehicle,OTHER - EXPLAIN IN NARRATIVE,FAILURE TO MAINTAIN LANE,SSI,DAYLIGHT,CLEAR,DRY,True,39.8854370117188,-86.5213851928711
904375331,2023,2023-10-18,Marion,Indianapolis,E 81ST ST.  & SPRING MILL RD,Vehicle,HEAD ON BETWEEN TWO MOTOR VEHICLES,FAILURE TO MAINTAIN LANE,SSI,DAYLIGHT,CLEAR,DRY,False,39.9023284912109,-86.1644515991211
904492180,2024,2024-04-22,Morgan,Mooresville,INDIANA STREET  & MAIN STREET,Vehicle,RAN OFF ROAD,DRIVER ILLNESS,SSI,DAYLIGHT,CLOUDY,DRY,False,39.6127891540527,-86.3749389648438
904394686,2023,2023-11-11,Hamilton,Carmel,N GRAY RD,Vehicle,REAR END,UNSAFE SPEED,SSI,DAYLIGHT,CLEAR,DRY,False,39.9271545410156,-86.0910720825195
904377008,2023,2023-10-18,Marion,Indianapolis,I-465,Vehicle,REAR END,FOLLOWING TOO CLOSELY,SSI,DAWN/DUSK,CLEAR,DRY,True,39.9244041442871,-86.2680511474609
904492209,2024,2024-04-22,Johnson,Greenwood,COUNTY LINE ROAD  & BIPIN WAY,Vehicle,RIGHT ANGLE,DISREGARD SIGNAL/REG SIGN,SSI,DAYLIGHT,CLEAR,DRY,False,39.6355171203613,-86.1341552734375
904335508,2023,2023-08-24,Hendricks,,CARTERSBURG RD  & LICKRIDGE LN,Vehicle,RAN OFF ROAD,OTHER (DRIVER) - EXPLAIN IN NARRATIVE,SSI,DARK (NOT LIGHTED),CLEAR,DRY,False,39.7172241210938,-86.4916839599609
904392078,2023,2023-11-12,Marion,Indianapolis,SHELBY ST  & E BRADBURY AVE,Vehicle,LEFT TURN,FAILURE TO YIELD RIGHT OF WAY,SSI,DAYLIGHT,CLEAR,DRY,False,39.7343673706055,-86.1396942138672
904392091,2023,2023-11-12,Marion,Indianapolis,MICHIGAN RD  & W 86TH ST,Vehicle,REAR END,FOLLOWING TOO CLOSELY,SSI,DARK (LIGHTED),CLEAR,DRY,False,39.9104614257813,-86.2219619750977
904392104,2023,2023-11-12,Marion,Indianapolis,N MICHIGAN ROAD  & COIL STREET,Vehicle,HEAD ON BETWEEN TWO MOTOR VEHICLES,FAILURE TO MAINTAIN LANE,SSI,DARK (NOT LIGHTED),CLEAR,DRY,False,39.8746528625488,-86.2049407958984
904393338,2023,2023-11-12,Marion,Indianapolis,FRANKLIN ROAD  & TIMBER RIDGE DR,Pedestrian,OTHER - EXPLAIN IN NARRATIVE,OTHER (DRIVER) - EXPLAIN IN NARRATIVE,SSI,DARK (NOT LIGHTED),CLEAR,DRY,False,39.7939567565918,-86.0252838134766
904392259,2023,2023-11-13,Johnson,,SR144,Vehicle,RIGHT ANGLE,LEFT OF CENTER,SSI,DAWN/DUSK,CLEAR,DRY,False,39.4925422668457,-86.1103973388672
904393854,2023,2023-11-13,Hancock,,N FORTVILLE PIKE  & CR 600 N,Vehicle,RIGHT ANGLE,FAILURE TO YIELD RIGHT OF WAY,SSI,DAYLIGHT,CLEAR,DRY,False,39.8713111877441,-85.823127746582
904394810,2023,2023-11-13,Shelby,LONDON,LONDON RD,Vehicle,RAN OFF ROAD,FAILURE TO MAINTAIN LANE,Fatal,DAYLIGHT,CLEAR,DRY,False,39.6236038208008,-85.9225540161133
904395488,2023,2023-11-13,Marion,Indianapolis,OAKFORGE DR  & GEORGETOWN RD,Vehicle,RIGHT TURN,FAILURE TO YIELD RIGHT OF WAY,SSI,DARK (NOT LIGHTED),CLEAR,DRY,False,39.8627014160156,-86.2423095703125
904395491,2023,2023-11-13,Marion,Indianapolis,W 86TH ST  & NORTHWEST BLVD,Vehicle,RIGHT ANGLE,FAILURE TO YIELD RIGHT OF WAY,SSI,DAYLIGHT,CLEAR,DRY,False,39.9106369018555,-86.2662353515625
904399593,2023,2023-11-13,Marion,Indianapolis,S FENTON AVE  & WASHINGTON ST,Pedestrian,OTHER - EXPLAIN IN NARRATIVE,OTHER (DRIVER) - EXPLAIN IN NARRATIVE,SSI,DARK (NOT LIGHTED),CLEAR,DRY,False,39.7731895446777,-86.0179672241211
904399595,2023,2023-11-13,Marion,Indianapolis,N GIRLS SCHOOL RD  & CRANSTON DR,Vehicle,RIGHT ANGLE,FAILURE TO YIELD RIGHT OF WAY,SSI,DAYLIGHT,CLEAR,DRY,False,39.7693252563477,-86.2891387939453
904393682,2023,2023-11-14,Boone,,SR 52 SB 700 N,Vehicle,OTHER - EXPLAIN IN NARRATIVE,ANIMAL/OBJECT IN ROADWAY,SSI,DARK (NOT LIGHTED),CLEAR,DRY,False,40.1411437988281,-86.5774536132813
904394886,2023,2023-11-14,Marion,Lawrence,US36  & EAST 56TH ST,Vehicle,SAME DIRECTION SIDESWIPE,OTHER (DRIVER) - EXPLAIN IN NARRATIVE,SSI,DARK (NOT LIGHTED),CLEAR,DRY,False,39.8562316894531,-85.9855728149414
904395649,2023,2023-11-14,Marion,Indianapolis,E 30TH ST  & N SHADELAND AVE,Vehicle,SAME DIRECTION SIDESWIPE,DRIVER ILLNESS,SSI,DAWN/DUSK,CLEAR,DRY,False,39.8110237121582,-86.0457000732422
904397351,2023,2023-11-14,Hamilton,Carmel,E 126TH STREET  & HIGH DR,Vehicle,RIGHT ANGLE,FAILURE TO YIELD RIGHT OF WAY,SSI,DAYLIGHT,CLEAR,DRY,False,39.9711990356445,-86.1099014282227
904394283,2023,2023-11-15,Marion,Indianapolis,S EAST ST  & POWELL ST,Vehicle,HEAD ON BETWEEN TWO MOTOR VEHICLES,LEFT OF CENTER,SSI,DAYLIGHT,CLEAR,DRY,False,39.6912727355957,-86.1486053466797
904395245,2023,2023-11-15,Hamilton,Carmel,US 31 SB,Vehicle,REAR END,FAILURE TO YIELD RIGHT OF WAY,Fatal,DAYLIGHT,CLEAR,DRY,False,39.9837837219238,-86.1450042724609
904395734,2023,2023-11-15,Marion,Indianapolis,N KEYSTONE AVE  & E 38TH STREET,Vehicle,HEAD ON BETWEEN TWO MOTOR VEHICLES,DISREGARD SIGNAL/REG SIGN,SSI,DAYLIGHT,CLEAR,DRY,False,39.8253402709961,-86.1218795776367
904398101,2023,2023-11-15,Marion,Indianapolis,ENGLISH AVE  & E PLEASANT RUN PKWY N DR,Pedestrian,NON-COLLISION,FAILURE TO YIELD RIGHT OF WAY,SSI,DARK (NOT LIGHTED),CLEAR,DRY,False,39.7599678039551,-86.1045150756836
904401452,2023,2023-11-15,Marion,Indianapolis,KENTUCKY AVE  & NORCOFT,Pedalcycle,RIGHT ANGLE,FAILURE TO YIELD RIGHT OF WAY,SSI,DAYLIGHT,CLEAR,DRY,False,39.6985969543457,-86.2651214599609
904394540,2023,2023-11-16,Boone,Lebanon,STATE ROAD 32,Vehicle,RIGHT ANGLE,DISREGARD SIGNAL/REG SIGN,SSI,DARK (LIGHTED),CLEAR,DRY,False,40.0464935302734,-86.4883346557617
904398008,2023,2023-11-16,Johnson,Greenwood,GRAHAM ROAD  & COUNTY LINE ROAD,Vehicle,REAR END,ROADWAY SURFACE CONDITION,SSI,DAWN/DUSK,CLEAR,DRY,False,39.6363716125488,-86.0637054443359