id,year,date,county,city,cross_street,crash_type,manner,primary_factor,ssi_fatal,light,weather,surface,interstate,lat,lon
904395832,2023,2023-11-17,Hendricks,Brownsburg,RONALD REAGAN PARKWAY,Vehicle,RIGHT ANGLE,FAILURE TO YIELD RIGHT OF WAY,Fatal,DAYLIGHT,CLOUDY,DRY,False,39.8076667785645,-86.35009765625
904396544,2023,2023-11-17,Marion,Indianapolis,BLUFF RD  & W THOMPSON RD,Vehicle,RIGHT ANGLE,FAILURE TO YIELD RIGHT OF WAY,SSI,DAWN/DUSK,CLOUDY,DRY,False,39.69287109375,-86.1734313964844
904396567,2023,2023-11-17,Marion,Indianapolis,POST RD  & WASHINGTON ST,Vehicle,LEFT TURN,FAILURE TO YIELD RIGHT OF WAY,SSI,DARK (LIGHTED),CLOUDY,DRY,False,39.7739448547363,-86.0091857910156
904477080,2024,2024-03-22,Hancock,,CR 300    & CR 200,Vehicle,OTHER - EXPLAIN IN NARRATIVE,IMPROPER PASSING,SSI,DARK (LIGHTED),CLEAR,DRY,False,39.8276786804199,-85.8399810791016
904397594,2023,2023-11-17,Hamilton,Carmel,LOWES WAY  & 146TH ST,Vehicle,REAR END,FOLLOWING TOO CLOSELY,SSI,DAWN/DUSK,CLEAR,DRY,False,39.9951133728027,-86.1225967407227
904401893,2023,2023-11-17,Marion,Indianapolis,I-69 SB,Vehicle,REAR END,FOLLOWING TOO CLOSELY,SSI,DAYLIGHT,RAIN,WET,True,39.917293548584,-86.0368728637695
904396615,2023,2023-11-18,Marion,Indianapolis,N KEYSTONE AVE  & E 33RD ST,Vehicle,REAR END,UNSAFE SPEED,SSI,DAYLIGHT,CLEAR,DRY,False,39.8152732849121,-86.1216430664063
904398304,2023,2023-11-18,Marion,Indianapolis,75TH STREET,Vehicle,RAN OFF ROAD,OTHER (DRIVER) - EXPLAIN IN NARRATIVE,SSI,DAYLIGHT,CLEAR,DRY,False,39.8911552429199,-86.0589294433594
904398850,2023,2023-11-18,Marion,Indianapolis,E THOMPSON RD,Vehicle,RIGHT ANGLE,OTHER (ENVIRONMENTAL) - EXPLAIN IN NARR,Fatal,DAYLIGHT,CLEAR,DRY,False,39.6962547302246,-86.0786972045898
904396735,2023,2023-11-19,Marion,Indianapolis,N MERIDIAN STREET  & E 52ND STREET,Vehicle,RIGHT ANGLE,FAILURE TO YIELD RIGHT OF WAY,SSI,DAWN/DUSK,CLEAR,DRY,False,39.8467216491699,-86.1570510864258
904398269,2023,2023-11-19,Marion,Southport,SOUTHPORT RD  & RIO GRANDE,Vehicle,REAR END,UNSAFE SPEED,SSI,DARK (LIGHTED),CLEAR,DRY,False,39.6651420593262,-86.1157608032227
904398989,2023,2023-11-19,Hamilton,,SR 37  & HOBBS RD,Vehicle,HEAD ON BETWEEN TWO MOTOR VEHICLES,FAILURE TO MAINTAIN LANE,SSI,DARK (NOT LIGHTED),CLOUDY,DRY,False,40.1332321166992,-85.90625
904399394,2023,2023-11-19,Marion,Beech Grove,CHURCHMAN  & 25TH AVE,Vehicle,RIGHT ANGLE,FAILURE TO YIELD RIGHT OF WAY,SSI,DAYLIGHT,CLEAR,DRY,False,39.7300148010254,-86.1112518310547
904411233,2023,2023-11-19,Marion,Indianapolis,I-465,Pedestrian,COLLISION WITH OBJECT IN ROAD,PEDESTRIAN ACTION,Fatal,DARK (LIGHTED),CLEAR,DRY,True,39.8316116333008,-86.2757034301758
904397772,2023,2023-11-20,Shelby,SHELBYVILLE,I-74 EB,Vehicle,SAME DIRECTION SIDESWIPE,DRIVER ILLNESS,SSI,DAYLIGHT,CLOUDY,DRY,True,39.565299987793,-85.7966232299805
904398186,2023,2023-11-20,Marion,Indianapolis,W 38TH ST.,Pedalcycle,OTHER - EXPLAIN IN NARRATIVE,IMPROPER LANE USAGE,SSI,DARK (LIGHTED),CLEAR,DRY,False,39.824893951416,-86.1749038696289
904398235,2023,2023-11-20,Marion,Indianapolis,N SHADELAND AVE  & HILLSDALE CT,Vehicle,RIGHT ANGLE,FAILURE TO YIELD RIGHT OF WAY,Fatal,DAYLIGHT,CLOUDY,DRY,False,39.8961486816406,-86.0461120605469
904398257,2023,2023-11-20,Marion,Indianapolis,MERIDIAN STREET  & 91ST STREET,Vehicle,LEFT TURN,FAILURE TO YIELD RIGHT OF WAY,Fatal,DAYLIGHT,CLEAR,DRY,False,39.9196968078613,-86.1580047607422
904398403,2023,2023-11-20,Marion,Indianapolis,N LYNHURST DR  & ROCKVILLE RD,Vehicle,SAME DIRECTION SIDESWIPE,DRIVER DISTRACTED - EXPLAIN IN NARRATIVE,SSI,DARK (LIGHTED),CLEAR,DRY,False,39.7651786804199,-86.2503433227539
904398416,2023,2023-11-20,Marion,Indianapolis,38TH ST  & POST RD,Vehicle,RIGHT ANGLE,FAILURE TO YIELD RIGHT OF WAY,SSI,DARK (LIGHTED),CLEAR,DRY,False,39.8240585327148,-86.0099411010742
904400540,2023,2023-11-20,Shelby,SHELBYVILLE,450 NORTH  & 150 W,Vehicle,RAN OFF ROAD,BRAKE FAILURE OR DEFECTIVE,SSI,DARK (NOT LIGHTED),CLEAR,DRY,False,39.5932960510254,-85.809455871582
904401216,2023,2023-11-20,Hendricks,,HENDRICKS COUNTY RD  & CR 925 E,Vehicle,RAN OFF ROAD,OTHER (DRIVER) - EXPLAIN IN NARRATIVE,SSI,DARK (NOT LIGHTED),RAIN,WET,False,39.6313056945801,-86.3612289428711
904413740,2023,2023-11-20,Marion,Indianapolis,I-465,Vehicle,COLLISION WITH OBJECT IN ROAD,ANIMAL/OBJECT IN ROADWAY,Fatal,DARK (LIGHTED),CLEAR,DRY,True,39.9076271057129,-86.0737762451172
904399143,2023,2023-11-21,Hancock,,CR 600   & CR 100 N,Vehicle,RAN OFF ROAD,ANIMAL/OBJECT IN ROADWAY,SSI,DARK (NOT LIGHTED),SEVERE CROSS WIND,WET,False,39.7763938903808,-85.6887283325195
904399655,2023,2023-11-21,Marion,Indianapolis,10600 E WASHINGTON STREET  & WASHINGTON POINTE PLACE,Pedestrian,NON-COLLISION,PEDESTRIAN ACTION,SSI,DAYLIGHT,RAIN,WET,False,39.7754745483399,-85.9801330566406
904401359,2023,2023-11-21,Hendricks,,US 36  & PUTNAM COUNTY LINE RD,Vehicle,RAN OFF ROAD,FAILURE TO MAINTAIN LANE,SSI,DAYLIGHT,RAIN,WET,False,39.7609252929688,-86.6835098266602
904399159,2023,2023-11-22,Johnson,Greenwood,E MAIN ST  & COMMERCE PARKWAY W DR,Vehicle,HEAD ON BETWEEN TWO MOTOR VEHICLES,OTHER (DRIVER) - EXPLAIN IN NARRATIVE,Fatal,DARK (NOT LIGHTED),CLEAR,WET,False,39.6146812438965,-86.0680541992187
904404964,2023,2023-11-22,Marion,Indianapolis,MITTHOEFER RD  & 38TH ST,Pedestrian,OTHER - EXPLAIN IN NARRATIVE,PEDESTRIAN ACTION,Fatal,DAYLIGHT,CLEAR,DRY,False,39.8251419067383,-85.9910202026367
904400990,2023,2023-11-23,Hamilton,Carmel,465 & 29.6,Vehicle,RAN OFF ROAD,FAILURE TO MAINTAIN LANE,SSI,DARK (NOT LIGHTED),CLEAR,DRY,False,39.927059173584,-86.1780166625977
904401327,2023,2023-11-23,Morgan,Indianapolis,COUNTY LINE ROAD  & CARDONIA DR,Vehicle,RIGHT ANGLE,FAILURE TO YIELD RIGHT OF WAY,SSI,DAYLIGHT,CLEAR,DRY,False,39.6327323913574,-86.29443359375
904402011,2023,2023-11-23,Marion,Indianapolis,30TH  & EMERSON,Vehicle,HEAD ON BETWEEN TWO MOTOR VEHICLES,FAILURE TO YIELD RIGHT OF WAY,SSI,DARK (LIGHTED),CLEAR,DRY,False,39.8097496032715,-86.0835800170898
904406594,2023,2023-11-23,Marion,Indianapolis,I-70 EB 79.2 MM,Vehicle,HEAD ON BETWEEN TWO MOTOR VEHICLES,WRONG WAY ON ONE WAY,SSI,DARK (LIGHTED),CLEAR,DRY,True,39.7542228698731,-86.1741714477539
904399762,2023,2023-11-24,Hendricks,Pittsboro,780 JEFF GORDON BLVD,Vehicle,SAME DIRECTION SIDESWIPE,OTHER (DRIVER) - EXPLAIN IN NARRATIVE,Fatal,DAYLIGHT,CLEAR,DRY,False,39.8766937255859,-86.4727554321289
904400686,2023,2023-11-24,Morgan,MARTINSVILLE,STATE ROAD 39  & ROBB HILL RD,Vehicle,RAN OFF ROAD,UNSAFE SPEED,SSI,DARK (NOT LIGHTED),CLEAR,DRY,False,39.5081367492676,-86.4568099975586
904319809,2023,2023-07-28,Marion,Indianapolis,W 30TH STREET  & PATRICIA STREET,Vehicle,HEAD ON BETWEEN TWO MOTOR VEHICLES,LEFT OF CENTER,SSI,DAYLIGHT,CLEAR,DRY,False,39.8094635009766,-86.2325820922852
904400702,2023,2023-11-24,Morgan,MARTINSVILLE,7140 SKUNK HALLOW ROAD,Vehicle,RAN OFF ROAD,FAILURE TO MAINTAIN LANE,Fatal,DARK (NOT LIGHTED),CLEAR,DRY,False,39.4800682067871,-86.2941436767578
904402863,2023,2023-11-24,Marion,Indianapolis,I 465,Vehicle,REAR END,UNSAFE LANE MOVEMENT,SSI,DARK (LIGHTED),CLEAR,DRY,True,39.7497673034668,-86.2644882202148
904403395,2023,2023-11-24,Hendricks,Avon,RONALD REAGAN PKWY  & E CR 100 S,Vehicle,REAR END,OTHER (DRIVER) - EXPLAIN IN NARRATIVE,SSI,DARK (LIGHTED),CLEAR,DRY,False,39.7490844726562,-86.3388977050781
904418305,2023,2023-11-25,Hendricks,Avon,400 BLOCK S RONALD REAGAN PARK,Vehicle,RAN OFF ROAD,OTHER (DRIVER) - EXPLAIN IN NARRATIVE,SSI,DAYLIGHT,CLEAR,DRY,False,39.7584457397461,-86.3368453979492
904400334,2023,2023-11-26,Hamilton,Fishers,OLIO RD,Pedestrian,LEFT TURN,VIEW OBSTRUCTED,SSI,DAYLIGHT,RAIN,WET,False,39.9597969055176,-85.9218292236328
904401212,2023,2023-11-26,Hamilton,Carmel,S RANGELINE ROAD,Vehicle,OTHER - EXPLAIN IN NARRATIVE,UNSAFE SPEED,SSI,DARK (LIGHTED),RAIN,WET,False,39.9625968933106,-86.1253356933594
904401262,2023,2023-11-26,Marion,Lawrence,US ROUTE 36  & TITANIA DRIVE,Pedestrian,COLLISION WITH OBJECT IN ROAD,PEDESTRIAN ACTION,SSI,DARK (NOT LIGHTED),RAIN,WET,False,39.8737144470215,-85.9543075561523
904402601,2023,2023-11-26,Marion,Indianapolis,GUION RD   & MARCELLA LANE,Vehicle,HEAD ON BETWEEN TWO MOTOR VEHICLES,ROADWAY SURFACE CONDITION,SSI,DAYLIGHT,RAIN,WET,False,39.8163795471191,-86.2202911376953
904402607,2023,2023-11-26,Marion,Indianapolis,E 10TH ST  & N EDMONSON,Pedestrian,OTHER - EXPLAIN IN NARRATIVE,OTHER (DRIVER) - EXPLAIN IN NARRATIVE,SSI,DARK (NOT LIGHTED),RAIN,WET,False,39.7817535400391,-86.0502700805664
904402650,2023,2023-11-26,Marion,Indianapolis,3700 HIGH SCHOOL RD,Vehicle,SAME DIRECTION SIDESWIPE,UNSAFE LANE MOVEMENT,SSI,DARK (NOT LIGHTED),RAIN,WET,False,39.8215599060059,-86.2702560424805
904402781,2023,2023-11-26,Hamilton,Carmel,OLD MERIDIAN ST  & CRANSTON AVE,Pedalcycle,OTHER - EXPLAIN IN NARRATIVE,FAILURE TO YIELD RIGHT OF WAY,SSI,DAYLIGHT,RAIN,WET,False,39.9719047546387,-86.1515045166016
904405149,2023,2023-11-26,Marion,Indianapolis,I 70 E,Vehicle,REAR END,FOLLOWING TOO CLOSELY,SSI,DARK (LIGHTED),CLEAR,DRY,True,39.8008651733398,-86.0927429199219
904410018,2023,2023-11-26,Hancock,,300,Vehicle,RAN OFF ROAD,SPEED TOO FAST FOR WEATHER CONDITIONS,Fatal,DAYLIGHT,RAIN,WET,False,39.8278884887695,-85.8209381103516
904424585,2023,2023-11-26,Hendricks,Avon,S RACEWAY ROAD  & ACCESS ROAD TO MEIJER,Pedestrian,COLLISION WITH OBJECT IN ROAD,PEDESTRIAN ACTION,SSI,DARK (LIGHTED),RAIN,WET,False,39.7627410888672,-86.3268814086914
904402928,2023,2023-11-27,Marion,Indianapolis,WASHINGTON ST  & CECIL AVE,Vehicle,OPPOSITE DIRECTION SIDESWIPE,FAILURE TO YIELD RIGHT OF WAY,SSI,DARK (LIGHTED),CLEAR,DRY,False,39.7731437683105,-86.0229415893555
904403067,2023,2023-11-28,Marion,Indianapolis,N COLLEGE AVE  & E 44TH ST,Vehicle,HEAD ON BETWEEN TWO MOTOR VEHICLES,SPEED TOO FAST FOR WEATHER CONDITIONS,SSI,DAYLIGHT,CLEAR,ICE,False,39.8362274169922,-86.1452102661133
904403925,2023,2023-11-28,Hamilton,Arcadia,266 ST  & CROOKED CREEK AVE,Vehicle,RAN OFF ROAD,DRIVER DISTRACTED - EXPLAIN IN NARRATIVE,SSI,DARK (NOT LIGHTED),CLEAR,DRY,False,40.1762657165527,-86.0059814453125
904404968,2023,2023-11-28,Marion,Indianapolis,SOUTHEASTERN AV  & MILLER DR,Pedestrian,OTHER - EXPLAIN IN NARRATIVE,PEDESTRIAN ACTION,Fatal,DARK (LIGHTED),CLOUDY,DRY,False,39.7130317687988,-86.0245132446289
904404272,2023,2023-11-29,Marion,Indianapolis,EMERSON AVENUE,Vehicle,REAR END,FOLLOWING TOO CLOSELY,SSI,DARK (LIGHTED),CLEAR,DRY,False,39.8093795776367,-86.0833740234375
904408487,2023,2023-12-06,Marion,Indianapolis,10TH ST  & WILSON ST,Vehicle,OPPOSITE DIRECTION SIDESWIPE,LEFT OF CENTER,SSI,DAYLIGHT,CLOUDY,DRY,False,39.780029296875,-86.1794128417969
904450771,2024,2024-02-16,Boone,MILLEDGEVILLE,SR39,Vehicle,HEAD ON BETWEEN TWO MOTOR VEHICLES,OTHER (ENVIRONMENTAL) - EXPLAIN IN NARR,SSI,DAYLIGHT,SNOW,SNOW/SLUSH,False,39.9727210998535,-86.4976196289063
904406796,2023,2023-11-29,Marion,Indianapolis,I 70,Vehicle,SAME DIRECTION SIDESWIPE,UNSAFE LANE MOVEMENT,SSI,DAYLIGHT,CLEAR,DRY,True,39.787841796875,-86.1320724487305
904403711,2023,2023-11-30,Marion,Indianapolis,N. EAST ST.  & E. MICHIGAN ST,Pedestrian,RIGHT ANGLE,DISREGARD SIGNAL/REG SIGN,SSI,DAWN/DUSK,CLEAR,DRY,False,39.773868560791,-86.1487426757813
904403896,2023,2023-11-30,Shelby,SHELBYVILLE,COLUMBUS RD,Vehicle,RAN OFF ROAD,FAILURE TO MAINTAIN LANE,Fatal,DAYLIGHT,CLOUDY,DRY,False,39.4813613891601,-85.794059753418
904405270,2023,2023-11-30,Marion,Indianapolis,E. 38TH ST  & N. SHERIDAN AVE,Vehicle,SAME DIRECTION SIDESWIPE,FOLLOWING TOO CLOSELY,SSI,DARK (LIGHTED),CLEAR,DRY,False,39.8255195617676,-86.0599899291992
904404881,2023,2023-12-01,Johnson,Bargersville,BLUFF CREEK PARKWAY  & TRAVIS RD,Vehicle,HEAD ON BETWEEN TWO MOTOR VEHICLES,IMPROPER LANE USAGE,SSI,DAYLIGHT,CLOUDY,WET,False,39.5714797973633,-86.2428970336914
904411794,2023,2023-12-01,Marion,Indianapolis,SOUTHEASTERN AVE  & ENGLISH AVE,Pedestrian,RIGHT ANGLE,PEDESTRIAN ACTION,SSI,DARK (LIGHTED),RAIN,WET,False,39.7596054077148,-86.1145401000976
904405466,2023,2023-12-02,Marion,Speedway,N HIGH SCHOOL RD  & W 30TH ST,Pedestrian,RIGHT ANGLE,PEDESTRIAN ACTION,Fatal,DARK (LIGHTED),CLOUDY,DRY,False,39.8075752258301,-86.2700576782227
904405771,2023,2023-12-02,Shelby,SHELBYVILLE,0,Vehicle,RAN OFF ROAD,DRIVER ASLEEP OR FATIGUED,SSI,DARK (LIGHTED),CLEAR,DRY,False,39.5002098083496,-85.7707672119141
904405955,2023,2023-12-02,Marion,Indianapolis,W MARYLAND ST  & S WEST ST,Pedestrian,NON-COLLISION,PEDESTRIAN ACTION,SSI,DARK (LIGHTED),CLEAR,DRY,False,39.7658653259277,-86.1665420532227
904407902,2023,2023-12-02,Hamilton,Fishers,ALLISONVILLE RD  & RIVER GLEN,Vehicle,REAR END,UNSAFE SPEED,SSI,DARK (LIGHTED),CLEAR,DRY,False,39.9646835327148,-86.037239074707
904408204,2023,2023-12-02,Marion,Indianapolis,I 70,Vehicle,RAN OFF ROAD,DRIVER ASLEEP OR FATIGUED,SSI,DARK (LIGHTED),CLOUDY,WET,True,39.7176780700684,-86.2576446533203
904405550,2023,2023-12-03,Hamilton,Westfield,OAK RIDGE RD  & E 156TH ST,Vehicle,RAN OFF ROAD,DRIVER ASLEEP OR FATIGUED,SSI,DARK (NOT LIGHTED),CLEAR,DRY,False,40.0152969360352,-86.1458969116211
904406059,2023,2023-12-03,Marion,Indianapolis,LAFAYETTE RD  & W 30TH ST,Vehicle,REAR END,DRIVER DISTRACTED - EXPLAIN IN NARRATIVE,SSI,DARK (LIGHTED),CLEAR,DRY,False,39.8094635009766,-86.2204513549805
904406181,2023,2023-12-03,Hamilton,Carmel,I 465 W,Vehicle,OTHER - EXPLAIN IN NARRATIVE,UNSAFE LANE MOVEMENT,SSI,DARK (LIGHTED),RAIN,WET,True,39.9303512573242,-86.162971496582
904408526,2023,2023-12-03,Marion,Indianapolis,E 10TH ST  & N DREXEL AV,Pedestrian,RIGHT ANGLE,PEDESTRIAN ACTION,SSI,DARK (NOT LIGHTED),CLOUDY,DRY,False,39.7815361022949,-86.0922012329102
904415034,2023,2023-12-04,Marion,Lawrence,E 46TH ST  & KITLEY AVE,Vehicle,RIGHT ANGLE,DISREGARD SIGNAL/REG SIGN,SSI,DARK (NOT LIGHTED),CLEAR,DRY,False,39.8403854370117,-86.0550918579102
904407538,2023,2023-12-05,Johnson,Bargersville,S SR 135  & SWARTZ CROSSING,Vehicle,LEFT TURN,FAILURE TO YIELD RIGHT OF WAY,Fatal,DAWN/DUSK,RAIN,WET,False,39.574405670166,-86.1589813232422
904407570,2023,2023-12-05,Marion,Indianapolis,HARDING STREET,Pedalcycle,REAR END,PEDESTRIAN ACTION,Fatal,DARK (NOT LIGHTED),RAIN,WET,False,39.7268981933594,-86.186897277832
904407767,2023,2023-12-05,Johnson,Greenwood,E MAIN STREET  & COMBS ROAD,Vehicle,HEAD ON BETWEEN TWO MOTOR VEHICLES,LEFT OF CENTER,SSI,DARK (NOT LIGHTED),CLOUDY,WET,False,39.614875793457,-86.056022644043
904407778,2023,2023-12-05,Marion,Indianapolis,4600 MICHIGAN ROAD,Vehicle,RAN OFF ROAD,UNSAFE SPEED,SSI,DAYLIGHT,RAIN,WET,False,39.8402862548828,-86.1884689331055
904408234,2023,2023-12-05,Hamilton,Carmel,US 31 S TO I-465 W,Vehicle,RAN OFF ROAD,SPEED TOO FAST FOR WEATHER CONDITIONS,Fatal,DAYLIGHT,RAIN,WET,True,39.9305534362793,-86.1618423461914
904408971,2023,2023-12-05,Hancock,,CR 300   & CR 600 E,Vehicle,RAN OFF ROAD,DRIVER ILLNESS,SSI,DAYLIGHT,RAIN,WET,False,39.7421226501465,-85.9079513549805
904409065,2023,2023-12-05,Hamilton,Fishers,I 69 NB,Vehicle,HEAD ON BETWEEN TWO MOTOR VEHICLES,WRONG WAY ON ONE WAY,Fatal,DARK (LIGHTED),CLEAR,DRY,True,39.947509765625,-86.0146026611328
904408132,2023,2023-12-06,Marion,Indianapolis,N 25TH STREET  & RURAL STREET,Vehicle,RIGHT ANGLE,FAILURE TO YIELD RIGHT OF WAY,SSI,DAYLIGHT,CLEAR,DRY,False,39.8034248352051,-86.1167526245117
904427991,2024,2024-01-09,Marion,Indianapolis,N COLLEGE AVE  & E 22ND ST,Pedalcycle,RIGHT ANGLE,PEDESTRIAN ACTION,SSI,DARK (LIGHTED),RAIN,WET,False,39.7975692749023,-86.1447372436524
904355068,2023,2023-09-20,Marion,Indianapolis,W 38TH ST  & EAGLE CREEK PKWY,Vehicle,RIGHT ANGLE,DRIVER ASLEEP OR FATIGUED,SSI,DARK (LIGHTED),CLEAR,DRY,False,39.8234481811523,-86.283317565918
904377746,2023,2023-10-18,Marion,Indianapolis,N. KEYSTONE AVENUE  & E. 65TH STREET,Vehicle,LEFT TURN,DISREGARD SIGNAL/REG SIGN,SSI,DAYLIGHT,CLEAR,DRY,False,39.8759536743164,-86.1221237182617
904451852,2024,2024-02-16,Marion,Indianapolis,S EMERSON AVE  & E SHELBYVILLE RD,Vehicle,REAR END,FOLLOWING TOO CLOSELY,SSI,DAYLIGHT,SNOW,SNOW/SLUSH,False,39.6886253356934,-86.0825271606445
904320720,2023,2023-07-28,Shelby,SHELBYVILLE,SR 9  & CR 275 S.,Vehicle,HEAD ON BETWEEN TWO MOTOR VEHICLES,FAILURE TO MAINTAIN LANE,Fatal,DAYLIGHT,RAIN,WET,False,39.488109588623,-85.7686080932617
904396704,2023,2023-10-18,Marion,Indianapolis,25TH ST  & EDDIE RD,Vehicle,HEAD ON BETWEEN TWO MOTOR VEHICLES,OTHER (DRIVER) - EXPLAIN IN NARRATIVE,SSI,DARK (LIGHTED),CLEAR,DRY,False,39.8042259216308,-85.9924545288086
904478277,2024,2024-03-22,Marion,Indianapolis,E 46TH ST  & N EMERSON AV,Vehicle,RIGHT ANGLE,UNSAFE SPEED,Fatal,DARK (LIGHTED),CLEAR,DRY,False,39.8403434753418,-86.0839309692383
904321945,2023,2023-07-28,Morgan,MARTINSVILLE,E MORGAN ST,Vehicle,RAN OFF ROAD,FAILURE TO MAINTAIN LANE,Fatal,DAYLIGHT,CLEAR,DRY,False,39.4461555480957,-86.3878784179688
904413746,2023,2023-12-06,Shelby,Edinburgh,I 65,Vehicle,RAN OFF ROAD,FAILURE TO MAINTAIN LANE,Fatal,DARK (NOT LIGHTED),CLEAR,DRY,True,39.3539657592773,-85.9424362182617
904428036,2024,2024-01-10,Marion,Indianapolis,ENGLISH AVE  & GRANT AVE,Vehicle,RIGHT ANGLE,FAILURE TO YIELD RIGHT OF WAY,SSI,DARK (NOT LIGHTED),CLOUDY,WET,False,39.7600898742676,-86.09716796875
904360097,2023,2023-09-20,Hendricks,Plainfield,US 40  & MILES RD,Vehicle,OTHER - EXPLAIN IN NARRATIVE,OVERCORRECTING/OVERSTEERING,SSI,DAYLIGHT,CLEAR,DRY,False,39.6894569396973,-86.4418716430664
904407946,2023,2023-12-07,Boone,Zionsville,INTERSTATE 865,Vehicle,RAN OFF ROAD,UNSAFE SPEED,SSI,DARK (LIGHTED),CLEAR,DRY,True,39.9349403381348,-86.3436965942383
904375711,2023,2023-10-19,Marion,Indianapolis,8000 ROCKVILLE ROAD  & COUNTRY VILLAGE DRIVE,Pedestrian,COLLISION WITH OBJECT IN ROAD,PEDESTRIAN ACTION,Fatal,DARK (LIGHTED),CLOUDY,DRY,False,39.7641372680664,-86.3046798706055
904476228,2024,2024-03-23,Marion,Indianapolis,FALL CREEK PKWY  & KEYSTONE AVE,Vehicle,RIGHT ANGLE,DISREGARD SIGNAL/REG SIGN,SSI,DARK (LIGHTED),CLOUDY,DRY,False,39.8349685668945,-86.1218643188477
904324272,2023,2023-07-28,Marion,Indianapolis,WEST WASHINGTON STREET,Vehicle,REAR END,FOLLOWING TOO CLOSELY,SSI,DAYLIGHT,CLEAR,DRY,False,39.752685546875,-86.2507858276367
904428049,2024,2024-01-10,Marion,Indianapolis,KEYSTONE CROSSING,Vehicle,SAME DIRECTION SIDESWIPE,DRIVER ILLNESS,SSI,DARK (LIGHTED),CLOUDY,WET,False,39.9092483520508,-86.1145782470703
904492935,2024,2024-04-22,Marion,Indianapolis,S MADISON AVE  & E MORRIS ST,Vehicle,RAN OFF ROAD,OTHER (DRIVER) - EXPLAIN IN NARRATIVE,SSI,DARK (LIGHTED),CLEAR,DRY,False,39.7518043518066,-86.1543655395508
904452558,2024,2024-02-16,Hamilton,Carmel,N MICHIGAN RD,Vehicle,REAR END,ROADWAY SURFACE CONDITION,SSI,DAYLIGHT,SNOW,SNOW/SLUSH,False,39.9340133666992,-86.2335968017578
904428091,2024,2024-01-10,Marion,Lawrence,POST RD  & OTIS,Pedestrian,COLLISION WITH ANIMAL OTHER,FAILURE TO YIELD RIGHT OF WAY,SSI,DARK (LIGHTED),CLEAR,WET,False,39.8567047119141,-86.0108871459961
904360966,2023,2023-09-20,Marion,Indianapolis,86TH ST  & NELSON B KLEIN,Vehicle,RIGHT ANGLE,FAILURE TO YIELD RIGHT OF WAY,SSI,DAYLIGHT,CLEAR,DRY,False,39.912525177002,-86.0652542114258
904408436,2023,2023-12-07,Boone,,I-65 N,Vehicle,OTHER - EXPLAIN IN NARRATIVE,FAILURE TO MAINTAIN LANE,SSI,DAYLIGHT,CLEAR,DRY,True,40.1541175842285,-86.5376434326172
904477341,2024,2024-03-23,Marion,Indianapolis,SHERMAN DR,Pedestrian,OTHER - EXPLAIN IN NARRATIVE,OTHER (DRIVER) - EXPLAIN IN NARRATIVE,SSI,DARK (LIGHTED),CLEAR,DRY,False,39.8031730651855,-86.1022720336914
904408621,2023,2023-12-07,Johnson,,CR 700E,Vehicle,RAN OFF ROAD,FAILURE TO MAINTAIN LANE,SSI,DARK (NOT LIGHTED),CLEAR,DRY,False,39.6303024291992,-85.9708938598633
904492306,2024,2024-04-23,Marion,Lawrence,E 56TH ST  & LAWRENCE VILLAGE PKWY,Vehicle,RIGHT ANGLE,FAILURE TO YIELD RIGHT OF WAY,SSI,DAYLIGHT,RAIN,WET,False,39.8554801940918,-86.0058212280273
904375713,2023,2023-10-19,Marion,Indianapolis,1000 E HANNA AVENUE,Vehicle,RIGHT ANGLE,DRIVER ILLNESS,SSI,DAYLIGHT,CLOUDY,WET,False,39.7083473205566,-86.1431274414063
904458705,2024,2024-02-16,Marion,Indianapolis,E EDGEWOOD AVE,Vehicle,REAR END,FOLLOWING TOO CLOSELY,SSI,DAYLIGHT,SNOW,ICE,False,39.6808052062988,-86.075325012207
904429197,2024,2024-01-10,Marion,Indianapolis,E. MINNESOTA STREET  & WIMMENAUER DRIVE,Vehicle,RAN OFF ROAD,UNSAFE SPEED,SSI,DARK (NOT LIGHTED),CLEAR,DRY,False,39.7464637756348,-86.0674438476563
904318405,2023,2023-07-29,Hancock,Greenfield,STATE RD 9  & SOUTH ST,Vehicle,REAR END,FOLLOWING TOO CLOSELY,SSI,DAYLIGHT,CLEAR,DRY,False,39.7832565307617,-85.7691650390625
904354976,2023,2023-09-21,Marion,Lawrence,PENDLETON PIKE  & PRIVATE DRIVE,Vehicle,HEAD ON BETWEEN TWO MOTOR VEHICLES,IMPROPER TURNING,SSI,DAYLIGHT,CLEAR,DRY,False,39.8601760864258,-85.9773788452149
904408865,2023,2023-12-07,Marion,Indianapolis,WEST 16TH STREET  & NORTH BELLEVIEW PLACE,Vehicle,RIGHT ANGLE,DISREGARD SIGNAL/REG SIGN,SSI,DARK (LIGHTED),CLEAR,DRY,False,39.7879600524902,-86.2029190063477
904375797,2023,2023-10-19,Morgan,MARTINSVILLE,N EGBERT ROAD   & TEETERS,Vehicle,RAN OFF ROAD,ROADWAY SURFACE CONDITION,Fatal,DAYLIGHT,RAIN,WET,False,39.4545402526855,-86.3827438354492
904319665,2023,2023-07-29,Marion,Indianapolis,38TH ST & LAFAYETTE RD,Vehicle,REAR END,FOLLOWING TOO CLOSELY,SSI,DARK (LIGHTED),CLEAR,DRY,False,39.8237457275391,-86.2347869873047