id,year,date,county,city,cross_street,crash_type,manner,primary_factor,ssi_fatal,light,weather,surface,interstate,lat,lon
904466610,2024,2024-02-16,Marion,Indianapolis,I 65,Vehicle,RAN OFF ROAD,UNSAFE SPEED,Fatal,DARK (LIGHTED),BLOWING SAND/SOIL/SNOW,SNOW/SLUSH,True,39.7099304199219,-86.110122680664
904492929,2024,2024-04-23,Marion,Indianapolis,W WASHINGTON ST  & NEW HAVE DR.,Pedestrian,COLLISION WITH ANIMAL OTHER,PEDESTRIAN ACTION,SSI,DARK (NOT LIGHTED),CLEAR,DRY,False,39.7371063232422,-86.3010940551758
904358286,2023,2023-09-21,Marion,Indianapolis,OSCAR ROBERTSON BLVD  & N WEST ST,Vehicle,SAME DIRECTION SIDESWIPE,FAILURE TO YIELD RIGHT OF WAY,SSI,DAYLIGHT,CLEAR,DRY,False,39.7821083068848,-86.1691970825195
904430322,2024,2024-01-10,Hendricks,,US 36  & CR 325 W,Vehicle,RAN OFF ROAD,UNSAFE LANE MOVEMENT,SSI,DAYLIGHT,CLEAR,WET,False,39.7603950500488,-86.5845184326172
904408955,2023,2023-12-07,Johnson,Greenwood,S US 31  & W SMITH VALLEY RD,Vehicle,HEAD ON BETWEEN TWO MOTOR VEHICLES,WRONG WAY ON ONE WAY,SSI,DAWN/DUSK,CLEAR,DRY,False,39.6063766479492,-86.1087265014649
904477784,2024,2024-03-23,Marion,Indianapolis,I-465,Vehicle,OTHER - EXPLAIN IN NARRATIVE,UNSAFE SPEED,Fatal,DAYLIGHT,CLEAR,DRY,True,39.8964385986328,-86.0516891479492
904376220,2023,2023-10-20,Johnson,Franklin,SIMON RD  & MEADOWGLEN BLVD,Pedestrian,OTHER - EXPLAIN IN NARRATIVE,OTHER (VEHICLE) - EXPLAIN IN NARRATIVE,SSI,DAYLIGHT,CLEAR,DRY,False,39.5038986206055,-86.0749206542969
904319776,2023,2023-07-29,Marion,Indianapolis,MERIDIAN ST & HUDDLESTON DR,Vehicle,LEFT TURN,FAILURE TO YIELD RIGHT OF WAY,SSI,DAYLIGHT,CLEAR,DRY,False,39.6536064147949,-86.1583786010742
904467089,2024,2024-02-16,Hamilton,Noblesville,UNION CHAPEL RD  & CHAPEL WOODS BLVD S,Vehicle,HEAD ON BETWEEN TWO MOTOR VEHICLES,SPEED TOO FAST FOR WEATHER CONDITIONS,SSI,DAYLIGHT,SNOW,SNOW/SLUSH,False,40.021785736084,-85.9758987426758
904493155,2024,2024-04-24,Marion,Indianapolis,S KEYSTONE AVE,Vehicle,RAN OFF ROAD,CELL PHONE USAGE,SSI,DARK (LIGHTED),CLEAR,DRY,False,39.7554244995117,-86.1211929321289
904360937,2023,2023-09-22,Marion,Indianapolis,S SHERMAN DR  & E STOP 11 RD,Vehicle,RAN OFF ROAD,LEFT OF CENTER,SSI,DARK (LIGHTED),CLEAR,DRY,False,39.6516609191895,-86.1014785766602
904429046,2024,2024-01-11,Marion,Speedway,W 16TH STREET  & N LYNHURST DR,Vehicle,LEFT/RIGHT TURN,IMPROPER TURNING,SSI,DARK (NOT LIGHTED),CLEAR,DRY,False,39.7872276306152,-86.2507095336914
904411221,2023,2023-12-07,Hamilton,Fishers,96TH ST  & I 69 S,Vehicle,RIGHT ANGLE,FAILURE TO YIELD RIGHT OF WAY,SSI,DAYLIGHT,CLEAR,DRY,True,39.9269676208496,-86.0310592651367
904508944,2024,2024-03-23,Hamilton,Noblesville,CABELA PKWY  & CAMPUSPKWY,Vehicle,RIGHT TURN,UNSAFE SPEED,SSI,DAYLIGHT,CLEAR,DRY,False,39.9967231750488,-85.9331665039063
904377104,2023,2023-10-20,Marion,Indianapolis,S GIRLS SCHOOL RD  & W MCCARTY ST,Vehicle,HEAD ON BETWEEN TWO MOTOR VEHICLES,FAILURE TO YIELD RIGHT OF WAY,SSI,DAYLIGHT,CLEAR,DRY,False,39.7555351257324,-86.2890548706055
904321125,2023,2023-07-29,Hendricks,,CR 425 E  & CR 100 N,Vehicle,RAN OFF ROAD,FAILURE TO MAINTAIN LANE,SSI,DAYLIGHT,CLEAR,DRY,False,39.7832870483398,-86.4521484375
904493858,2024,2024-04-24,Marion,Indianapolis,I 65,Vehicle,REAR END,UNSAFE LANE MOVEMENT,SSI,DARK (LIGHTED),CLEAR,DRY,True,39.8588562011719,-86.2695083618164
904473469,2024,2024-02-16,Shelby,Edinburgh,STATE ROAD 252  & S AUBURN HILLS DR,Vehicle,HEAD ON BETWEEN TWO MOTOR VEHICLES,SPEED TOO FAST FOR WEATHER CONDITIONS,SSI,DAYLIGHT,SNOW,SNOW/SLUSH,False,39.3630256652832,-85.9087829589844
904493847,2024,2024-04-25,Marion,Indianapolis,S MITCHNER  & WOODLAWN AVE,Vehicle,OTHER - EXPLAIN IN NARRATIVE,UNSAFE SPEED,SSI,DAYLIGHT,CLEAR,DRY,False,39.7571983337402,-86.0333023071289
904362160,2023,2023-09-22,Marion,Indianapolis,I 74,Vehicle,SAME DIRECTION SIDESWIPE,DRIVER DISTRACTED - EXPLAIN IN NARRATIVE,SSI,DAYLIGHT,CLOUDY,DRY,True,39.7279510498047,-86.0230331420898
904414244,2023,2023-12-07,Shelby,SHELBYVILLE,4300 N MICHIGAN  & 200 N,Vehicle,OTHER - EXPLAIN IN NARRATIVE,UNSAFE LANE MOVEMENT,SSI,DAYLIGHT,CLEAR,DRY,False,39.5901947021484,-85.8303527832031
904429727,2024,2024-01-11,Hancock,,CR 200 N   & CR 700 W,Vehicle,RIGHT ANGLE,FAILURE TO YIELD RIGHT OF WAY,SSI,DARK (LIGHTED),CLEAR,DRY,False,39.8172378540039,-85.9342575073242
904377190,2023,2023-10-20,Marion,Indianapolis,E 34TH ST,Vehicle,SAME DIRECTION SIDESWIPE,FAILURE TO YIELD RIGHT OF WAY,SSI,DARK (NOT LIGHTED),CLEAR,DRY,False,39.8183517456055,-86.0597839355469
904476133,2024,2024-03-24,Marion,Indianapolis,I 65,Vehicle,REAR END,FOLLOWING TOO CLOSELY,SSI,DARK (LIGHTED),CLEAR,DRY,True,39.7826423645019,-86.1491241455078
904494856,2024,2024-04-25,Marion,Indianapolis,CARVEL AVE  & E 49TH ST,Vehicle,HEAD ON BETWEEN TWO MOTOR VEHICLES,DISREGARD SIGNAL/REG SIGN,Fatal,DAYLIGHT,CLEAR,DRY,False,39.8400650024414,-86.1392517089844
904430742,2024,2024-01-11,Marion,Indianapolis,MICHIGAN ROAD  & 86TH STREET,Vehicle,REAR END,DRIVER ILLNESS,SSI,DARK (LIGHTED),CLEAR,DRY,False,39.9123268127441,-86.2230682373047
904363361,2023,2023-09-22,Marion,Indianapolis,E. 71ST ST  & N. PENNSYLVANIA ST,Vehicle,RIGHT ANGLE,UNSAFE SPEED,SSI,DAYLIGHT,CLEAR,DRY,False,39.8830833435058,-86.1554412841797
904451802,2024,2024-02-17,Boone,Zionsville,865,Vehicle,RIGHT ANGLE,FAILURE TO MAINTAIN LANE,SSI,DARK (NOT LIGHTED),CLEAR,ICE,False,39.9309234619141,-86.2933349609375
904408880,2023,2023-12-08,Marion,Indianapolis,E 34TH ST  & N COLORADO AVE,Vehicle,REAR END,UNSAFE SPEED,SSI,DARK (NOT LIGHTED),CLEAR,DRY,False,39.8182868957519,-86.0949554443359
904319743,2023,2023-07-30,Marion,Indianapolis,SHERMAN DR & 33RD ST,Pedestrian,COLLISION WITH OBJECT IN ROAD,PEDESTRIAN ACTION,SSI,DARK (LIGHTED),CLEAR,DRY,False,39.8144989013672,-86.1026382446289
904335512,2023,2023-08-24,Hendricks,,CR 500 N   & CR 200 W,Vehicle,RIGHT ANGLE,IMPROPER PASSING,SSI,DAYLIGHT,CLEAR,DRY,False,39.8343658447266,-86.561882019043
904363939,2023,2023-09-22,Hancock,MOHAWK,CR 375    & CR 100  E,Vehicle,RAN OFF ROAD,OTHER (DRIVER) - EXPLAIN IN NARRATIVE,SSI,DARK (NOT LIGHTED),CLEAR,DRY,False,39.8389472961426,-85.8183441162109
904432015,2024,2024-01-11,Marion,Indianapolis,S WEST ST  & MARYLAND ST,Pedalcycle,RIGHT TURN,FAILURE TO YIELD RIGHT OF WAY,Fatal,DAYLIGHT,CLEAR,DRY,False,39.763801574707,-86.1673889160156
904409221,2023,2023-12-08,Marion,Indianapolis,E 52ND ST  & TROPICAL DR,Vehicle,RIGHT ANGLE,FAILURE TO YIELD RIGHT OF WAY,SSI,DAYLIGHT,CLOUDY,DRY,False,39.8476066589355,-86.1138381958008
904382000,2023,2023-10-20,Marion,Indianapolis,I 465,Vehicle,REAR END,UNSAFE LANE MOVEMENT,SSI,DAYLIGHT,CLEAR,DRY,True,39.9164276123047,-86.0955810546875
904494881,2024,2024-04-25,Marion,Indianapolis,WEST 38TH STREET  & NORTH ILLINOIS STREET,Vehicle,RIGHT TURN,DISREGARD SIGNAL/REG SIGN,SSI,DAYLIGHT,CLEAR,DRY,False,39.8248138427734,-86.1591949462891
904477799,2024,2024-03-24,Hendricks,,I-70 EB,Vehicle,REAR END,OTHER (DRIVER) - EXPLAIN IN NARRATIVE,SSI,DARK (NOT LIGHTED),CLEAR,DRY,True,39.6482620239258,-86.4074096679688
904319748,2023,2023-07-30,Marion,Indianapolis,COLLEGE AVE & 36TH ST,Pedestrian,OPPOSITE DIRECTION SIDESWIPE,UNSAFE LANE MOVEMENT,SSI,DARK (LIGHTED),CLEAR,DRY,False,39.8214111328125,-86.1448593139648
904460808,2024,2024-02-17,Marion,Indianapolis,I 70,Vehicle,SAME DIRECTION SIDESWIPE,SPEED TOO FAST FOR WEATHER CONDITIONS,SSI,DAYLIGHT,CLEAR,SNOW/SLUSH,True,39.7983436584473,-86.0430221557617
904335645,2023,2023-08-24,Marion,Indianapolis,WEST ST & INDIANA AVE,Vehicle,RIGHT ANGLE,DISREGARD SIGNAL/REG SIGN,SSI,DAYLIGHT,CLEAR,DRY,False,39.7754898071289,-86.1668930053711
904364407,2023,2023-09-22,Marion,Indianapolis,W 86TH ST  & PAYNE RD,Vehicle,RIGHT ANGLE,UNSAFE SPEED,SSI,DAYLIGHT,CLEAR,DRY,False,39.9115753173828,-86.2270431518555
904431068,2024,2024-01-12,Marion,Indianapolis,46TH  & BROWN RD,Vehicle,HEAD ON BETWEEN TWO MOTOR VEHICLES,OTHER (VEHICLE) - EXPLAIN IN NARRATIVE,SSI,DARK (NOT LIGHTED),RAIN,WET,False,39.8403015136719,-86.0939025878906
904409748,2023,2023-12-08,Johnson,Franklin,STATE ROAD 44  & 500 EAST,Vehicle,RIGHT ANGLE,FAILURE TO YIELD RIGHT OF WAY,SSI,DAYLIGHT,CLOUDY,DRY,False,39.4833755493164,-86.007698059082
904409773,2023,2023-12-09,Marion,Indianapolis,MADISON AV  & ORANGE ST,Vehicle,RAN OFF ROAD,SPEED TOO FAST FOR WEATHER CONDITIONS,Fatal,DAYLIGHT,CLOUDY,WET,False,39.7513809204102,-86.1544189453125
904409925,2023,2023-12-09,Marion,Indianapolis,15TH   & BURDSAL PARKWAY,Vehicle,OTHER - EXPLAIN IN NARRATIVE,FAILURE TO MAINTAIN LANE,SSI,DAYLIGHT,CLEAR,WET,False,39.8008728027344,-86.1898651123047
904410357,2023,2023-12-09,Morgan,,MANN RD,Vehicle,RAN OFF ROAD,SPEED TOO FAST FOR WEATHER CONDITIONS,SSI,DAYLIGHT,CLOUDY,WET,False,39.6179161071777,-86.2629928588867
904412297,2023,2023-12-09,Hancock,,I 70,Pedestrian,OTHER - EXPLAIN IN NARRATIVE,PEDESTRIAN ACTION,SSI,DARK (NOT LIGHTED),CLEAR,DRY,True,39.8234214782715,-85.7268524169922
904410352,2023,2023-12-10,Marion,Indianapolis,SAM JONES EX  & I-465,Vehicle,REAR END,DISREGARD SIGNAL/REG SIGN,Fatal,DARK (LIGHTED),RAIN,WET,True,39.7299079895019,-86.2642288208008
904410945,2023,2023-12-10,Hendricks,Plainfield,E US 40  & ELM DRIVE,Vehicle,RIGHT ANGLE,FAILURE TO YIELD RIGHT OF WAY,SSI,DARK (LIGHTED),CLEAR,DRY,False,39.7103996276855,-86.3771362304688
904410854,2023,2023-12-11,Hamilton,Noblesville,146 ST  & GRAY RD,Vehicle,RAN OFF ROAD,FAILURE TO MAINTAIN LANE,SSI,DARK (LIGHTED),CLOUDY,DRY,False,40.0002708435059,-86.0856246948242
904410863,2023,2023-12-11,Hamilton,Carmel,146 ST  & RIVER RD,Vehicle,RIGHT ANGLE,FAILURE TO YIELD RIGHT OF WAY,SSI,DARK (LIGHTED),CLOUDY,DRY,False,39.9999847412109,-86.0338287353516
904411063,2023,2023-12-11,Marion,Indianapolis,S HIGH SCHOOL RD  & W MOORESVILLE RD,Vehicle,RIGHT ANGLE,FAILURE TO YIELD RIGHT OF WAY,SSI,DAYLIGHT,CLEAR,DRY,False,39.6926612854004,-86.269401550293
904411020,2023,2023-12-12,Boone,Lebanon,I 65,Vehicle,SAME DIRECTION SIDESWIPE,OTHER (DRIVER) - EXPLAIN IN NARRATIVE,SSI,DAWN/DUSK,CLEAR,DRY,True,40.0207748413086,-86.4413604736328
904411347,2023,2023-12-12,Marion,Indianapolis,E 30TH ST  & N FRANKLIN RD,Vehicle,OTHER - EXPLAIN IN NARRATIVE,OTHER (DRIVER) - EXPLAIN IN NARRATIVE,SSI,DAYLIGHT,CLEAR,DRY,False,39.8110618591308,-86.0268020629883
904412672,2023,2023-12-14,Johnson,Franklin,E KING ST  & HOUGHAM ST,Vehicle,LEFT TURN,FAILURE TO YIELD RIGHT OF WAY,SSI,DAYLIGHT,CLEAR,DRY,False,39.4825401306152,-86.0445709228516
904413294,2023,2023-12-14,Marion,Indianapolis,N TEMPLE AVENUE  & E NEW YORK ST,Pedalcycle,RIGHT ANGLE,FAILURE TO YIELD RIGHT OF WAY,SSI,DARK (LIGHTED),CLEAR,DRY,False,39.7717475891113,-86.1187896728516
904413396,2023,2023-12-15,Hamilton,Carmel,146 ST  & GRAY RD,Vehicle,HEAD ON BETWEEN TWO MOTOR VEHICLES,FAILURE TO YIELD RIGHT OF WAY,SSI,DARK (NOT LIGHTED),CLEAR,DRY,False,40.0001716613769,-86.0896453857422
904414469,2023,2023-12-15,Marion,Indianapolis,ARLINGTON AVENUE,Vehicle,OTHER - EXPLAIN IN NARRATIVE,OVERCORRECTING/OVERSTEERING,SSI,DAYLIGHT,CLEAR,DRY,False,39.7835731506348,-86.0642852783203
904414487,2023,2023-12-15,Marion,Indianapolis,W. 62ND ST  & TERRYTOWN PKWY,Vehicle,LEFT TURN,FAILURE TO YIELD RIGHT OF WAY,SSI,DAYLIGHT,CLEAR,DRY,False,39.8671188354492,-86.2586669921875
904413527,2023,2023-12-16,Hamilton,Fishers,E. 106TH ST  & HAGUE RD,Vehicle,RAN OFF ROAD,FAILURE TO MAINTAIN LANE,SSI,DARK (NOT LIGHTED),CLEAR,DRY,False,39.9416122436523,-86.0343933105469
904415125,2023,2023-12-16,Marion,Indianapolis,E 38TH ST  & N FRANKLIN RD,Vehicle,REAR END,FOLLOWING TOO CLOSELY,SSI,DARK (LIGHTED),RAIN,WET,False,39.8266258239746,-86.0270156860352
904415674,2023,2023-12-16,Hendricks,,SR 39  & JOSEPH PLACE,Vehicle,RAN OFF ROAD,LEFT OF CENTER,Fatal,DAYLIGHT,CLOUDY,DRY,False,39.7403030395508,-86.5285034179688
904413882,2023,2023-12-17,Johnson,,MORGANTOWN ROAD   & MAX AVENUE,Vehicle,HEAD ON BETWEEN TWO MOTOR VEHICLES,LEFT OF CENTER,SSI,DARK (NOT LIGHTED),RAIN,WET,False,39.5991897583008,-86.1971740722656
904413905,2023,2023-12-17,Marion,Indianapolis,"I-465 EB, 34.8 MM",Vehicle,RAN OFF ROAD,OTHER (DRIVER) - EXPLAIN IN NARRATIVE,SSI,DARK (NOT LIGHTED),RAIN,WET,True,39.9132499694824,-86.0847396850586
904414769,2023,2023-12-17,Hendricks,Plainfield,RONALD REAGAN PKWY  & STAFFORD RD,Vehicle,RIGHT ANGLE,OTHER (DRIVER) - EXPLAIN IN NARRATIVE,SSI,DARK (LIGHTED),RAIN,WET,False,39.6975860595703,-86.3356475830078
904415244,2023,2023-12-17,Marion,Indianapolis,S RACEWAY RD  & W RAYMOND ST,Vehicle,RAN OFF ROAD,FAILURE TO MAINTAIN LANE,SSI,DARK (NOT LIGHTED),RAIN,WET,False,39.7319488525391,-86.3269500732422
904415315,2023,2023-12-17,Marion,Indianapolis,STOP 11 RD.   & MCFARLAND LN.,Vehicle,RAN OFF ROAD,OTHER (VEHICLE) - EXPLAIN IN NARRATIVE,SSI,DARK (LIGHTED),RAIN,WET,False,39.6510353088379,-86.0844421386719
904415327,2023,2023-12-17,Marion,Indianapolis,S MOORESVILLE RD  & PADDOCK RD,Vehicle,NON-COLLISION,SPEED TOO FAST FOR WEATHER CONDITIONS,Fatal,DARK (LIGHTED),RAIN,WET,False,39.6474914550781,-86.2882690429688
904416131,2023,2023-12-17,Marion,Indianapolis,MICHIGAN RD  & OLES DR,Vehicle,RIGHT ANGLE,OVERCORRECTING/OVERSTEERING,Fatal,DARK (NOT LIGHTED),RAIN,WET,False,39.8519401550293,-86.1939544677734
904414378,2023,2023-12-18,Morgan,,HENDERSON FORD ROAD  & OLD HENDERSON FORD ROAD,Vehicle,OTHER - EXPLAIN IN NARRATIVE,OTHER (DRIVER) - EXPLAIN IN NARRATIVE,SSI,DARK (NOT LIGHTED),RAIN,WET,False,39.4940757751465,-86.3551483154297
904414542,2023,2023-12-18,Shelby,BOGGSTOWN,400 & LONDON RD,Vehicle,REAR END,FOLLOWING TOO CLOSELY,SSI,DAYLIGHT,CLOUDY,DRY,False,39.5826721191406,-85.9239273071289
904420269,2023,2023-12-19,Hancock,FORTVILLE,US 36  & POPLAR STREET,Pedestrian,OTHER - EXPLAIN IN NARRATIVE,FAILURE TO YIELD RIGHT OF WAY,SSI,DARK (LIGHTED),CLEAR,DRY,False,39.9324607849121,-85.8457717895508
904416347,2023,2023-12-20,Hamilton,Atlanta,SR 19  & 281 ST,Vehicle,RIGHT ANGLE,FAILURE TO YIELD RIGHT OF WAY,SSI,DAYLIGHT,CLEAR,DRY,False,40.1976051330566,-86.0224456787109
904416515,2023,2023-12-20,Johnson,Bargersville,S SR 135,Vehicle,OTHER - EXPLAIN IN NARRATIVE,OTHER (DRIVER) - EXPLAIN IN NARRATIVE,SSI,DAYLIGHT,CLEAR,DRY,False,39.5758666992188,-86.1604080200195
904417220,2023,2023-12-20,Morgan,,SR 67 N  & OLD STATE ROAD 67 N,Vehicle,HEAD ON BETWEEN TWO MOTOR VEHICLES,FAILURE TO YIELD RIGHT OF WAY,Fatal,DAYLIGHT,CLOUDY,DRY,False,39.5353584289551,-86.3865814208984
904417217,2023,2023-12-21,Morgan,,SR 144  & VISTA VIEW PKWY,Vehicle,REAR END,OTHER (DRIVER) - EXPLAIN IN NARRATIVE,SSI,DARK (NOT LIGHTED),CLEAR,DRY,False,39.5778541564941,-86.3071975708008
904417239,2023,2023-12-21,Marion,Indianapolis,LYNHURST DR  & SEERLEY RD,Vehicle,LEFT TURN,FAILURE TO YIELD RIGHT OF WAY,SSI,DAWN/DUSK,CLOUDY,DRY,False,39.716682434082,-86.2503662109375
904417302,2023,2023-12-21,Marion,Indianapolis,MADISON AVENUE  & GREEN TREE STREET,Pedestrian,SAME DIRECTION SIDESWIPE,OTHER (VEHICLE) - EXPLAIN IN NARRATIVE,SSI,DARK (NOT LIGHTED),CLEAR,DRY,False,39.6522521972656,-86.122673034668
904418627,2023,2023-12-21,Morgan,Mooresville,SR 144  & ROOKER RD,Vehicle,RIGHT ANGLE,FAILURE TO YIELD RIGHT OF WAY,Fatal,DAYLIGHT,CLOUDY,DRY,False,39.6043968200683,-86.3605422973633
904420946,2023,2023-12-21,Hendricks,Danville,ST RD 39  & OLD N SALEM RD,Vehicle,REAR END,FOLLOWING TOO CLOSELY,SSI,DAYLIGHT,CLOUDY,DRY,False,39.767650604248,-86.5345764160156
904417579,2023,2023-12-22,Hamilton,,37 & 206TH ST,Vehicle,OPPOSITE DIRECTION SIDESWIPE,FAILURE TO MAINTAIN LANE,SSI,DARK (NOT LIGHTED),CLOUDY,DRY,False,40.0843849182129,-85.968017578125
904420330,2023,2023-12-22,Shelby,FAIRLAND,I 74   &   W,Vehicle,RAN OFF ROAD,IMPROPER LANE USAGE,SSI,DAYLIGHT,CLOUDY,DRY,True,39.6574287414551,-85.9328765869141
904421184,2023,2023-12-22,Boone,THORNTOWN,N US 52  & W SR 47,Vehicle,RIGHT ANGLE,DISREGARD SIGNAL/REG SIGN,SSI,DARK (NOT LIGHTED),RAIN,WET,False,40.1268119812012,-86.5613555908203
904417787,2023,2023-12-23,Marion,Lawrence,US 36  & THUNDERBIRD RD,Vehicle,RIGHT ANGLE,FAILURE TO YIELD RIGHT OF WAY,SSI,DAYLIGHT,CLOUDY,WET,False,39.8587341308594,-85.9804077148438
904418622,2023,2023-12-23,Morgan,Mooresville,STATE ROAD 67,Vehicle,RIGHT ANGLE,DRIVER DISTRACTED - EXPLAIN IN NARRATIVE,SSI,DAYLIGHT,RAIN,WET,False,39.6293067932129,-86.3482055664063
904418811,2023,2023-12-23,Marion,Indianapolis,W 38TH ST,Pedestrian,REAR END,OTHER (DRIVER) - EXPLAIN IN NARRATIVE,SSI,DARK (LIGHTED),RAIN,WET,False,39.8246994018555,-86.1743316650391
904419048,2023,2023-12-23,Marion,Indianapolis,16TH ST  & CHESTER AV,Pedestrian,RAN OFF ROAD,OTHER (DRIVER) - EXPLAIN IN NARRATIVE,SSI,DARK (NOT LIGHTED),RAIN,WET,False,39.7887687683105,-86.0994491577148
904420161,2023,2023-12-23,Marion,Indianapolis,SOUTHPORT ROAD  & LITTLE OAK LANE,Vehicle,HEAD ON BETWEEN TWO MOTOR VEHICLES,LEFT OF CENTER,Fatal,DARK (NOT LIGHTED),RAIN,WET,False,39.6602058410645,-85.9749984741211
904418071,2023,2023-12-24,Hancock,,CR 200   & CR 700 W,Vehicle,HEAD ON BETWEEN TWO MOTOR VEHICLES,LEFT OF CENTER,SSI,DAYLIGHT,CLOUDY,WET,False,39.8143272399902,-85.9359512329102
904419466,2023,2023-12-24,Marion,Indianapolis,SHADELAND AVE  & E 82ND ST,Vehicle,HEAD ON BETWEEN TWO MOTOR VEHICLES,OTHER (DRIVER) - EXPLAIN IN NARRATIVE,SSI,DAYLIGHT,CLEAR,DRY,False,39.9050788879394,-86.0432739257812
904419537,2023,2023-12-24,Marion,Indianapolis,MICHIGAN RD  & KESSLER BLVD W DR,Vehicle,LEFT/RIGHT TURN,UNSAFE LANE MOVEMENT,SSI,DAYLIGHT,CLEAR,DRY,False,39.8553352355957,-86.1959915161133
904418680,2023,2023-12-25,Marion,Indianapolis,US 31  & EPLER,Vehicle,RAN OFF ROAD,UNSAFE SPEED,SSI,DARK (LIGHTED),RAIN,WET,False,39.6867332458496,-86.1487884521484
904419469,2023,2023-12-25,Marion,Indianapolis,S POST RD  & E TROY AVE,Vehicle,HEAD ON BETWEEN TWO MOTOR VEHICLES,LEFT OF CENTER,SSI,DAYLIGHT,RAIN,WET,False,39.7255592346191,-86.0085372924805
904419800,2023,2023-12-26,Morgan,MARTINSVILLE,STATE RD 67,Vehicle,OTHER - EXPLAIN IN NARRATIVE,OTHER (DRIVER) - EXPLAIN IN NARRATIVE,Fatal,DARK (NOT LIGHTED),CLEAR,DRY,False,39.4216117858887,-86.4751129150391
904419775,2023,2023-12-27,Marion,Indianapolis,LARNIE LN,Vehicle,BACKING CRASH,DRIVER ILLNESS,SSI,DAYLIGHT,CLEAR,DRY,False,39.8028030395508,-86.0198211669922
904422789,2023,2023-12-27,Marion,Indianapolis,I-65,Vehicle,RAN OFF ROAD,FOLLOWING TOO CLOSELY,SSI,DARK (LIGHTED),CLEAR,DRY,True,39.8406829833984,-86.2453842163086
904420813,2023,2023-12-28,Marion,Indianapolis,N SALT FORK WAY  & E 82ND ST,Pedestrian,OTHER - EXPLAIN IN NARRATIVE,PEDESTRIAN ACTION,SSI,DARK (NOT LIGHTED),RAIN,WET,False,39.9052734375,-86.0302200317383
904421508,2023,2023-12-28,Hendricks,STILESVILLE,US 40  & MASTEN RD,Vehicle,LEFT TURN,FAILURE TO YIELD RIGHT OF WAY,SSI,DAYLIGHT,RAIN,WET,False,39.633415222168,-86.6514892578125
904423351,2023,2023-12-28,Marion,Indianapolis,N KEYSTONE AVE  & E 30TH ST,Vehicle,RIGHT ANGLE,FAILURE TO YIELD RIGHT OF WAY,SSI,DARK (LIGHTED),RAIN,WET,False,39.8108062744141,-86.1216583251953
904430363,2023,2023-12-28,Marion,Indianapolis,I 65,Vehicle,OTHER - EXPLAIN IN NARRATIVE,PEDESTRIAN ACTION,SSI,DARK (LIGHTED),RAIN,WET,True,39.7674217224121,-86.1428527832031
904421106,2023,2023-12-29,Hamilton,Fishers,E 141ST  & HOWE ROAD,Vehicle,RIGHT TURN,IMPROPER TURNING,SSI,DAYLIGHT,CLEAR,DRY,False,39.9937210083008,-85.9802856445313
904423959,2023,2023-12-29,Marion,Indianapolis,N MICHIGAN RD  & W 76TH ST,Vehicle,SAME DIRECTION SIDESWIPE,LEFT OF CENTER,SSI,DARK (LIGHTED),RAIN,WET,False,39.8898391723633,-86.2122192382813
904421307,2023,2023-12-30,Hamilton,Fishers,SR 37,Vehicle,RAN OFF ROAD,OTHER (DRIVER) - EXPLAIN IN NARRATIVE,SSI,DARK (LIGHTED),RAIN,WET,False,39.9669151306152,-86.0035400390625
904421396,2023,2023-12-30,Hendricks,Avon,E US HWY 36,Pedestrian,LEFT TURN,FAILURE TO YIELD RIGHT OF WAY,SSI,DAYLIGHT,CLOUDY,WET,False,39.7617378234863,-86.3301010131836
904422619,2023,2023-12-30,Marion,Indianapolis,52ND ST,Vehicle,OPPOSITE DIRECTION SIDESWIPE,FAILURE TO MAINTAIN LANE,SSI,DAYLIGHT,CLOUDY,WET,False,39.8475914001465,-86.1243362426758
904422699,2023,2023-12-30,Marion,Indianapolis,SOUTH ST  & WEST ST,Vehicle,RAN OFF ROAD,OTHER (DRIVER) - EXPLAIN IN NARRATIVE,SSI,DARK (LIGHTED),RAIN,WET,False,39.7616386413574,-86.167350769043
904421417,2023,2023-12-31,Marion,Lawrence,36 & NORTH POST ROAD,Vehicle,HEAD ON BETWEEN TWO MOTOR VEHICLES,FAILURE TO YIELD RIGHT OF WAY,SSI,DAYLIGHT,RAIN,WET,False,39.8444290161133,-86.0103149414063
904421561,2023,2023-12-31,Boone,Lebanon,65,Vehicle,OTHER - EXPLAIN IN NARRATIVE,OTHER (DRIVER) - EXPLAIN IN NARRATIVE,Fatal,DARK (NOT LIGHTED),SLEET/HAIL/FREEZING RAIN,WET,False,40.0523262023926,-86.4923477172851
904422073,2023,2023-12-31,Marion,Indianapolis,W 30TH ST  & ETHEL ST,Vehicle,REAR END,IMPROPER LANE USAGE,SSI,DARK (LIGHTED),CLEAR,DRY,False,39.8101005554199,-86.1698226928711
904422414,2023,2023-12-31,Boone,,SR 39,Vehicle,RAN OFF ROAD,OVERCORRECTING/OVERSTEERING,SSI,DARK (NOT LIGHTED),SLEET/HAIL/FREEZING RAIN,ICE,False,40.1619491577148,-86.4856719970703
904423917,2023,2023-12-31,Marion,Indianapolis,KESSLER BLVD W DR  & SPRING MILL RD,Vehicle,RIGHT ANGLE,SPEED TOO FAST FOR WEATHER CONDITIONS,Fatal,DARK (LIGHTED),SLEET/HAIL/FREEZING RAIN,ICE,False,39.8621978759766,-86.1623153686523