id,year,date,county,city,cross_street,crash_type,manner,primary_factor,ssi_fatal,light,weather,surface,interstate,lat,lon
904423960,2023,2023-12-31,Marion,Indianapolis,MADISON AVE  & GREENTREE ST,Vehicle,LEFT TURN,DISREGARD SIGNAL/REG SIGN,SSI,DARK (NOT LIGHTED),CLOUDY,DRY,False,39.6522102355957,-86.1226806640625
904424081,2024,2024-01-01,Hamilton,Carmel,SPRINGMILL RD  & 96TH ST,Vehicle,RAN OFF ROAD,SPEED TOO FAST FOR WEATHER CONDITIONS,SSI,DARK (LIGHTED),CLOUDY,WET,False,39.927360534668,-86.1651229858398
904424006,2024,2024-01-02,Marion,Indianapolis,82ND STREET,Vehicle,REAR END,OTHER (DRIVER) - EXPLAIN IN NARRATIVE,SSI,DARK (NOT LIGHTED),CLEAR,DRY,False,39.905158996582,-86.0839462280274
904424784,2024,2024-01-02,Marion,Indianapolis,MANN RD  & W SOUTHPORT RD,Vehicle,OTHER - EXPLAIN IN NARRATIVE,UNSAFE SPEED,Fatal,DAYLIGHT,CLOUDY,DRY,False,39.6485061645508,-86.2453994750977
904424677,2024,2024-01-03,Marion,Indianapolis,E 16TH ST  & N DELAWARE ST,Pedestrian,OTHER - EXPLAIN IN NARRATIVE,PEDESTRIAN ACTION,SSI,DAYLIGHT,CLOUDY,WET,False,39.7884292602539,-86.1539077758789
904424822,2024,2024-01-03,Marion,Indianapolis,21ST ST  & COUNTRY CLUB RD,Vehicle,RAN OFF ROAD,DRIVER DISTRACTED - EXPLAIN IN NARRATIVE,Fatal,DAYLIGHT,CLOUDY,DRY,False,39.793529510498,-86.307502746582
904425924,2024,2024-01-03,Marion,Indianapolis,"I-65 NB, 109.7 MM",Vehicle,RAN OFF ROAD,OTHER (DRIVER) - EXPLAIN IN NARRATIVE,SSI,DARK (NOT LIGHTED),CLOUDY,WET,True,39.745964050293,-86.1386795043945
904427118,2024,2024-01-03,Johnson,Greenwood,CURRY RD  & ELM GROVE CIR,Vehicle,OPPOSITE DIRECTION SIDESWIPE,OTHER (DRIVER) - EXPLAIN IN NARRATIVE,SSI,DARK (NOT LIGHTED),SLEET/HAIL/FREEZING RAIN,WET,False,39.5996894836426,-86.1412353515625
904424602,2024,2024-01-04,Morgan,MONROVIA,W NORTH COUNTY LINE RD  & N EVERETT RD,Vehicle,OTHER - EXPLAIN IN NARRATIVE,UNSAFE SPEED,SSI,DAYLIGHT,CLEAR,DRY,False,39.600757598877,-86.5058288574219
904424775,2024,2024-01-04,Boone,THORNTOWN,52,Vehicle,RAN OFF ROAD,DRIVER ASLEEP OR FATIGUED,SSI,DARK (NOT LIGHTED),CLEAR,DRY,False,40.104621887207,-86.5382461547852
904425153,2024,2024-01-04,Marion,Indianapolis,N GIRL SCHOOL RD  & SHANK LN,Pedestrian,REAR END,PEDESTRIAN ACTION,Fatal,DARK (NOT LIGHTED),CLOUDY,DRY,False,39.7997207641601,-86.2888031005859
904426475,2024,2024-01-04,Johnson,Greenwood,GRAHAM ROAD  & COMMERCE PARKWAY WEST DRIVE,Vehicle,LEFT TURN,FAILURE TO YIELD RIGHT OF WAY,SSI,DAYLIGHT,CLOUDY,DRY,False,39.6057434082031,-86.0638427734375
904429541,2024,2024-01-04,Hamilton,Fishers,CUMBERLAND ROAD  & HIGH POINT RIDGE,Vehicle,REAR END,OTHER (DRIVER) - EXPLAIN IN NARRATIVE,SSI,DAYLIGHT,CLOUDY,DRY,False,39.9515914916992,-85.9949645996094
904430262,2024,2024-01-05,Hendricks,,CR 500 N  & SR 39,Vehicle,RIGHT ANGLE,DISREGARD SIGNAL/REG SIGN,Fatal,DARK (NOT LIGHTED),CLEAR,DRY,False,39.8342742919922,-86.5430145263672
904426039,2024,2024-01-06,Hamilton,,SOUTHEASTERN PKWY  & FLORIDA RD,Vehicle,RAN OFF ROAD,UNSAFE LANE MOVEMENT,SSI,DARK (NOT LIGHTED),SNOW,WET,False,39.9719200134277,-85.8915786743164
904426508,2024,2024-01-07,Marion,Indianapolis,GASOLINE ALLEY,Vehicle,RAN OFF ROAD,FAILURE TO MAINTAIN LANE,SSI,DARK (LIGHTED),RAIN,WET,False,39.7686195373535,-86.2344589233398
904426518,2024,2024-01-07,Marion,Indianapolis,W 38TH STREET,Vehicle,RAN OFF ROAD,FAILURE TO MAINTAIN LANE,SSI,DARK (NOT LIGHTED),SNOW,WET,False,39.8234481811523,-86.2131805419922
904427894,2024,2024-01-07,Marion,Indianapolis,E 10TH ST  & N MITTHOEFER RD,Vehicle,OTHER - EXPLAIN IN NARRATIVE,FAILURE TO YIELD RIGHT OF WAY,SSI,DARK (LIGHTED),RAIN,WET,False,39.7822189331055,-85.9903106689453
904426320,2024,2024-01-08,Marion,Indianapolis,W RAYMOND ST,Vehicle,RAN OFF ROAD,DRIVER ILLNESS,SSI,DAYLIGHT,CLEAR,DRY,False,39.7368507385254,-86.1788482666016
904426616,2024,2024-01-08,Marion,Indianapolis,SOUTHPORT RD   & WINSOR LAKE DR,Vehicle,RIGHT ANGLE,FAILURE TO YIELD RIGHT OF WAY,SSI,DAWN/DUSK,CLOUDY,DRY,False,39.6659736633301,-86.0752868652344
904498393,2024,2024-04-25,Hancock,,US HIGHWAY 52  & S. CREEKSIDE DR.,Vehicle,RIGHT ANGLE,FAILURE TO YIELD RIGHT OF WAY,Fatal,DAYLIGHT,CLEAR,DRY,False,39.7309608459473,-85.936767578125
904335703,2023,2023-08-24,Hamilton,,SR 37  & STRAWTOWN AVE.,Vehicle,REAR END,FOLLOWING TOO CLOSELY,Fatal,DAYLIGHT,CLOUDY,DRY,False,40.1200141906738,-85.9457244873047
904372144,2023,2023-09-22,Marion,Indianapolis,465,Pedestrian,OTHER - EXPLAIN IN NARRATIVE,OTHER (DRIVER) - EXPLAIN IN NARRATIVE,Fatal,DARK (LIGHTED),CLEAR,DRY,False,39.7005500793457,-86.1544952392578
904429960,2024,2024-01-13,Boone,,CR 1000 E  & CR 500 N,Vehicle,RIGHT ANGLE,DISREGARD SIGNAL/REG SIGN,SSI,DAYLIGHT,SNOW,DRY,False,40.1137619018555,-86.2800827026367
904480850,2024,2024-03-24,Marion,Indianapolis,N SHADELAND AVE  & CARLTON ARMS PLAZA,Vehicle,RAN OFF ROAD,UNSAFE LANE MOVEMENT,SSI,DARK (LIGHTED),CLEAR,DRY,False,39.892520904541,-86.0460891723633
904501695,2024,2024-04-25,Marion,Indianapolis,I 70,Vehicle,REAR END,FOLLOWING TOO CLOSELY,SSI,DARK (LIGHTED),CLEAR,DRY,True,39.8048133850098,-86.0690155029297
904339297,2023,2023-08-24,Marion,Indianapolis,BROOKVILLE RD   & EMERSON AVE,Vehicle,RIGHT ANGLE,DISREGARD SIGNAL/REG SIGN,SSI,DAYLIGHT,CLOUDY,DRY,False,39.762077331543,-86.0829467773438
904431288,2024,2024-01-13,Marion,Indianapolis,E NORTH ST  & MASSACHUSETTS AVE,Pedestrian,OTHER - EXPLAIN IN NARRATIVE,FAILURE TO YIELD RIGHT OF WAY,SSI,DARK (LIGHTED),RAIN,WET,False,39.7755432128906,-86.1482925415039
904357736,2023,2023-09-23,Marion,Indianapolis,N WHITE RIVER W   & W 10TH ST,Vehicle,RAN OFF ROAD,UNSAFE SPEED,SSI,DAYLIGHT,CLEAR,DRY,False,39.7834129333496,-86.1889801025391
904319820,2023,2023-07-30,Marion,Indianapolis,LEE ST  & W WILKINS ST,Pedestrian,OTHER - EXPLAIN IN NARRATIVE,OTHER (DRIVER) - EXPLAIN IN NARRATIVE,SSI,DARK (LIGHTED),CLEAR,DRY,False,39.7526473999023,-86.1920166015625
904358230,2023,2023-09-23,Hamilton,,SR 32  & PRAIRIE BAPTIST RD,Vehicle,RIGHT ANGLE,FAILURE TO YIELD RIGHT OF WAY,SSI,DAYLIGHT,CLEAR,DRY,False,40.0577163696289,-85.9009628295898
904358271,2023,2023-09-23,Marion,Indianapolis,S HARDING ST  & MILLER ST,Pedestrian,COLLISION WITH OBJECT IN ROAD,PEDESTRIAN ACTION,SSI,DARK (NOT LIGHTED),CLEAR,DRY,False,39.7457313537598,-86.1873321533203
904452964,2024,2024-02-18,Marion,Indianapolis,67 & E COUNTY RD 800 S,Vehicle,SAME DIRECTION SIDESWIPE,OVERCORRECTING/OVERSTEERING,SSI,DAYLIGHT,CLEAR,DRY,False,39.6491432189941,-86.3259811401367
904480865,2024,2024-03-24,Marion,Indianapolis,E RAYMOND ST  & BETHEL AVE,Vehicle,REAR END,FOLLOWING TOO CLOSELY,Fatal,DARK (LIGHTED),CLEAR,DRY,False,39.7379608154297,-86.1050033569336
904358301,2023,2023-09-23,Marion,Indianapolis,WASHINGTON  & FOLTZ,Vehicle,REAR END,FAILURE TO YIELD RIGHT OF WAY,SSI,DAYLIGHT,CLEAR,DRY,False,39.7594528198242,-86.2287216186523
904493826,2024,2024-04-26,Marion,Indianapolis,I 70,Vehicle,RAN OFF ROAD,UNSAFE LANE MOVEMENT,SSI,DAYLIGHT,CLEAR,DRY,True,39.74365234375,-86.2380599975586
904460364,2024,2024-02-18,Johnson,Greenwood,SMITH VALLEY ROAD  & YORKTOWN ROAD,Vehicle,RIGHT ANGLE,OTHER (ENVIRONMENTAL) - EXPLAIN IN NARR,SSI,DAYLIGHT,CLEAR,DRY,False,39.6060600280762,-86.1398468017578
904477413,2024,2024-03-25,Hamilton,Fishers,EAST 126TH STREET  & PENNINGTON ROAD,Vehicle,RIGHT ANGLE,FAILURE TO YIELD RIGHT OF WAY,SSI,DAYLIGHT,CLEAR,DRY,False,39.9724617004394,-85.9282455444336
904339933,2023,2023-08-24,Marion,Indianapolis,W 38TH ST  & MOLLER RD,Pedalcycle,RIGHT ANGLE,PEDESTRIAN ACTION,SSI,DARK (LIGHTED),CLEAR,DRY,False,39.8238868713379,-86.2574234008789
904358340,2023,2023-09-24,Marion,Indianapolis,E 38TH ST  & CAROLINE AVE,Vehicle,RIGHT ANGLE,IMPROPER TURNING,SSI,DARK (NOT LIGHTED),CLEAR,DRY,False,39.8254013061523,-86.1258087158203
904494386,2024,2024-04-26,Hancock,Cumberland,US HWY 40  & YORKSHIRE,Vehicle,HEAD ON BETWEEN TWO MOTOR VEHICLES,UNSAFE SPEED,SSI,DARK (LIGHTED),CLEAR,DRY,False,39.777400970459,-85.9401321411133
904431418,2024,2024-01-13,Marion,Indianapolis,GRIFFIN RD  & CYNTHIA DR,Vehicle,RAN OFF ROAD,SPEED TOO FAST FOR WEATHER CONDITIONS,SSI,DARK (LIGHTED),SNOW,SNOW/SLUSH,False,39.6564712524414,-86.1525268554688
904335633,2023,2023-08-25,Hamilton,Fishers,96TH ST  & MOLLENKOPF RD,Vehicle,RIGHT ANGLE,DISREGARD SIGNAL/REG SIGN,SSI,DAYLIGHT,CLEAR,DRY,False,39.927131652832,-85.9808731079102
904494978,2024,2024-04-26,Marion,Indianapolis,E 34TH ST  & N KEYSTONE AVE,Vehicle,HEAD ON BETWEEN TWO MOTOR VEHICLES,FAILURE TO YIELD RIGHT OF WAY,SSI,DAYLIGHT,CLEAR,DRY,False,39.8181495666504,-86.1217422485352
904458700,2024,2024-02-19,Hendricks,Plainfield,CAMBY RD  & S CR 875 E,Vehicle,RAN OFF ROAD,OVERCORRECTING/OVERSTEERING,SSI,DAYLIGHT,CLEAR,DRY,False,39.6617851257324,-86.365837097168
904526552,2024,2024-03-25,Hamilton,Noblesville,37 & E 186TH ST,Vehicle,RIGHT ANGLE,DISREGARD SIGNAL/REG SIGN,SSI,DARK (NOT LIGHTED),CLOUDY,DRY,False,40.058406829834,-85.9908447265625
904358370,2023,2023-09-24,Marion,Indianapolis,E 42ND ST  & HOVENWEEP DR,Vehicle,LEFT TURN,IMPROPER TURNING,SSI,DAYLIGHT,CLEAR,DRY,False,39.8339500427246,-85.9644393920898
904319831,2023,2023-07-30,Marion,Indianapolis,N SHERMAN DR  & E 9TH ST,Vehicle,RIGHT ANGLE,FAILURE TO YIELD RIGHT OF WAY,SSI,DAYLIGHT,CLEAR,DRY,False,39.7791519165039,-86.1023559570313
904495005,2024,2024-04-26,Marion,Indianapolis,CRAWFORDSVILLE RD.  & N. GIRLS SCHOOL RD.,Vehicle,RIGHT ANGLE,UNSAFE SPEED,SSI,DAYLIGHT,CLEAR,DRY,False,39.8046798706055,-86.2888946533203
904476837,2024,2024-03-26,Marion,Indianapolis,DECATUR BLVD,Pedestrian,OTHER - EXPLAIN IN NARRATIVE,OTHER (ENVIRONMENTAL) - EXPLAIN IN NARR,SSI,DARK (NOT LIGHTED),RAIN,WET,False,39.6911811828613,-86.2872848510742
904432302,2024,2024-01-15,Marion,Indianapolis,AMERIPLEX PKWY  & EPLORATION DR,Vehicle,RIGHT ANGLE,FAILURE TO YIELD RIGHT OF WAY,Fatal,DARK (LIGHTED),CLOUDY,DRY,False,39.6770973205566,-86.3119659423828
904360340,2023,2023-09-24,Boone,,SR 39,Vehicle,RIGHT ANGLE,LEFT OF CENTER,SSI,DARK (NOT LIGHTED),CLEAR,DRY,False,40.1211318969726,-86.4811935424805
904320196,2023,2023-07-30,Marion,Indianapolis,MOORESVILLE BYP & TINCHER RD,Vehicle,OTHER - EXPLAIN IN NARRATIVE,DRIVER DISTRACTED - EXPLAIN IN NARRATIVE,SSI,DAYLIGHT,CLEAR,DRY,False,39.7015151977539,-86.2552185058594
904336917,2023,2023-08-25,Marion,Indianapolis,W 71ST STREET  & N MICHIGAN ROAD,Vehicle,RIGHT ANGLE,DRIVER ILLNESS,SSI,DAYLIGHT,CLEAR,DRY,False,39.8845977783203,-86.210319519043
904322445,2023,2023-07-30,Hancock,,STATE ROAD 67  & COUNTY ROAD 400 WEST,Vehicle,RIGHT ANGLE,IMPROPER PASSING,Fatal,DAYLIGHT,CLEAR,DRY,False,39.9165077209473,-85.8811569213867
904360345,2023,2023-09-24,Marion,Indianapolis,ENGLISH AVE  & FRANKLIN RD,Vehicle,RIGHT ANGLE,OTHER (DRIVER) - EXPLAIN IN NARRATIVE,SSI,DAYLIGHT,CLEAR,DRY,False,39.7618408203125,-86.0261535644531
904438213,2024,2024-01-15,Marion,Indianapolis,S EAST ST  & EDGEWOOD AVE,Vehicle,RIGHT ANGLE,FAILURE TO YIELD RIGHT OF WAY,SSI,DAYLIGHT,CLOUDY,DRY,False,39.6790313720703,-86.1491165161133
904478509,2024,2024-03-26,Marion,Indianapolis,30TH STREET  & PAWNEE DR,Vehicle,RIGHT ANGLE,FAILURE TO YIELD RIGHT OF WAY,Fatal,DARK (LIGHTED),RAIN,WET,False,39.8117179870605,-85.9818649291992
904499971,2024,2024-04-26,Marion,Indianapolis,N ELDER AV,Pedestrian,LEFT/RIGHT TURN,OTHER (DRIVER) - EXPLAIN IN NARRATIVE,Fatal,DAYLIGHT,CLOUDY,DRY,False,39.7751693725586,-86.1943283081055
904466364,2024,2024-02-19,Marion,Indianapolis,I 65,Vehicle,OTHER - EXPLAIN IN NARRATIVE,SPEED TOO FAST FOR WEATHER CONDITIONS,SSI,DARK (LIGHTED),CLEAR,ICE,True,39.7371940612793,-86.1374435424805
904361188,2023,2023-09-24,Hancock,,WEST 100 NORTH,Vehicle,RAN OFF ROAD,FAILURE TO MAINTAIN LANE,Fatal,DARK (NOT LIGHTED),CLEAR,DRY,False,39.7979240417481,-85.8975219726563
904494995,2024,2024-04-27,Marion,Speedway,6100 CRAWFORDSVILLE RD,Vehicle,LEFT TURN,FAILURE TO YIELD RIGHT OF WAY,SSI,DARK (LIGHTED),CLEAR,DRY,False,39.8002243041992,-86.2675170898438
904361497,2023,2023-09-24,Hamilton,Westfield,SPRING MILL RD RD & DESOTO BLVD BLVD,Vehicle,OTHER - EXPLAIN IN NARRATIVE,OTHER (DRIVER) - EXPLAIN IN NARRATIVE,Fatal,DAYLIGHT,CLEAR,DRY,False,40.0288772583008,-86.1649017333984
904479245,2024,2024-03-26,Shelby,SHELBYVILLE,SR 9  & 850 N,Vehicle,HEAD ON BETWEEN TWO MOTOR VEHICLES,FAILURE TO MAINTAIN LANE,SSI,DARK (NOT LIGHTED),RAIN,WET,False,39.6495819091797,-85.7725601196289
904432138,2024,2024-01-16,Marion,Indianapolis,W 42ND ST,Vehicle,RAN OFF ROAD,OVERCORRECTING/OVERSTEERING,SSI,DAYLIGHT,CLEAR,DRY,False,39.8318862915039,-86.1785888671875
904339888,2023,2023-08-25,Marion,Indianapolis,I 465,Vehicle,REAR END,UNSAFE LANE MOVEMENT,SSI,DAYLIGHT,CLEAR,DRY,True,39.8184928894043,-86.2754592895508
904458531,2024,2024-02-20,Marion,Indianapolis,FALL CREEK RD,Vehicle,RAN OFF ROAD,UNSAFE SPEED,Fatal,DARK (NOT LIGHTED),CLEAR,DRY,False,39.8885383605957,-86.0020065307617
904366396,2023,2023-08-25,Marion,Indianapolis,300 E WESTFIELD BLVD,Vehicle,RAN OFF ROAD,BRAKE FAILURE OR DEFECTIVE,SSI,DARK (LIGHTED),CLEAR,DRY,False,39.8506927490234,-86.1649169921875
904495033,2024,2024-04-27,Marion,Indianapolis,E WASHINGTON ST  & S FRANKLIN RD,Vehicle,LEFT TURN,FAILURE TO YIELD RIGHT OF WAY,SSI,DAYLIGHT,CLOUDY,DRY,False,39.7731170654297,-86.0263061523437
904376021,2023,2023-08-25,Marion,Indianapolis,I70,Vehicle,OTHER - EXPLAIN IN NARRATIVE,UNSAFE LANE MOVEMENT,SSI,DARK (LIGHTED),CLEAR,DRY,True,39.7890930175781,-86.1290817260742
904319802,2023,2023-07-31,Marion,Indianapolis,42ND ST & ROUTIERS DR,Vehicle,HEAD ON BETWEEN TWO MOTOR VEHICLES,LEFT OF CENTER,SSI,DAYLIGHT,CLEAR,DRY,False,39.8333129882812,-86.015869140625
904337618,2023,2023-08-26,Johnson,,I-65,Vehicle,REAR END,UNSAFE LANE MOVEMENT,SSI,DAYLIGHT,CLEAR,DRY,True,39.502685546875,-86.0191879272461
904433112,2024,2024-01-16,Marion,Indianapolis,E 38TH ST  & WINGATE DR,Pedestrian,OTHER - EXPLAIN IN NARRATIVE,OVERCORRECTING/OVERSTEERING,SSI,DAYLIGHT,SNOW,SNOW/SLUSH,False,39.8264465332031,-85.9827194213867
904495119,2024,2024-04-27,Marion,Indianapolis,W WASHINGTON ST  & WILKINS ST,Pedestrian,COLLISION WITH OBJECT IN ROAD,PEDESTRIAN ACTION,SSI,DARK (LIGHTED),CLOUDY,DRY,False,39.7516670227051,-86.2540130615234
904361531,2023,2023-09-24,Hamilton,,ST RD 213  & 266 ST,Vehicle,RIGHT ANGLE,FAILURE TO YIELD RIGHT OF WAY,SSI,DAYLIGHT,CLEAR,DRY,False,40.1764755249023,-85.939338684082
904337712,2023,2023-08-26,Marion,Indianapolis,96TH STREET,Vehicle,RIGHT ANGLE,DISREGARD SIGNAL/REG SIGN,Fatal,DAYLIGHT,CLEAR,DRY,False,39.9269599914551,-86.0414352416992
904320736,2023,2023-07-31,Shelby,MORRISTOWN,9,Vehicle,REAR END,FOLLOWING TOO CLOSELY,SSI,DAYLIGHT,CLEAR,DRY,False,39.6691627502441,-85.7731475830078
904458660,2024,2024-02-20,Marion,Indianapolis,21ST ST  & DREXEL AVE,Vehicle,LEFT/RIGHT TURN,FAILURE TO YIELD RIGHT OF WAY,SSI,DAYLIGHT,CLEAR,DRY,False,39.7961235046387,-86.0916442871094
904482055,2024,2024-03-26,Marion,Indianapolis,I 65,Vehicle,OTHER - EXPLAIN IN NARRATIVE,DRIVER ILLNESS,SSI,DAYLIGHT,CLEAR,DRY,True,39.7762870788574,-86.141975402832
904436986,2024,2024-01-16,Marion,Indianapolis,I-465 EASTBOUND,Vehicle,SAME DIRECTION SIDESWIPE,UNSAFE LANE MOVEMENT,SSI,DARK (LIGHTED),CLEAR,DRY,True,39.6997413635254,-86.1538467407227
904513238,2024,2024-04-27,Marion,Indianapolis,I-65 SB,Pedestrian,OTHER - EXPLAIN IN NARRATIVE,PEDESTRIAN ACTION,SSI,DARK (NOT LIGHTED),CLEAR,DRY,True,39.7828674316406,-86.1550674438477
904361676,2023,2023-09-24,Marion,Indianapolis,E MICHIGAN ST  & TECUMSEH ST,Pedestrian,OTHER - EXPLAIN IN NARRATIVE,PEDESTRIAN ACTION,Fatal,DARK (LIGHTED),CLEAR,DRY,False,39.774356842041,-86.1262817382813
904339207,2023,2023-08-26,Marion,Indianapolis,I-465 EB,Vehicle,SAME DIRECTION SIDESWIPE,UNSAFE LANE MOVEMENT,SSI,DAYLIGHT,CLEAR,DRY,True,39.7042808532715,-86.1024856567383
904321081,2023,2023-07-31,Boone,JAMESTOWN(BOONE),CR 700 S,Pedestrian,COLLISION WITH OBJECT IN ROAD,OTHER (ENVIRONMENTAL) - EXPLAIN IN NARR,SSI,DAYLIGHT,CLEAR,DRY,False,39.9372291564941,-86.6129837036133
904458924,2024,2024-02-20,Shelby,MIDDLETOWN(SHELBY),I 74,Vehicle,RAN OFF ROAD,FAILURE TO MAINTAIN LANE,Fatal,DARK (NOT LIGHTED),CLEAR,DRY,True,39.4723014831543,-85.6621780395508
904531258,2024,2024-03-26,Hamilton,Noblesville,GREENFIELD AVE  & CUMBERLAND RD,Vehicle,SAME DIRECTION SIDESWIPE,IMPROPER TURNING,SSI,DAYLIGHT,CLEAR,DRY,False,40.0209693908691,-85.9953994750976
904441089,2024,2024-01-16,Marion,Indianapolis,5200 S BLUFF ROAD  & HOLLOW PEAR DRIVE,Pedestrian,NON-COLLISION,PEDESTRIAN ACTION,SSI,DARK (NOT LIGHTED),CLOUDY,WET,False,39.6868782043457,-86.1743927001953
904494577,2024,2024-04-28,Hamilton,Fishers,E. 116TH ST.   & LANTERN RD,Vehicle,REAR END,FOLLOWING TOO CLOSELY,SSI,DAYLIGHT,CLEAR,DRY,False,39.9568672180176,-86.013313293457
904372604,2023,2023-09-24,Marion,Indianapolis,STOP 11 ROAD   & SIEAR TER,Pedalcycle,RIGHT ANGLE,FAILURE TO YIELD RIGHT OF WAY,SSI,DAYLIGHT,CLOUDY,DRY,False,39.6502685546875,-86.1183013916016
904336720,2023,2023-08-27,Morgan,MONROVIA,N KIVETT RD,Vehicle,RAN OFF ROAD,UNSAFE SPEED,SSI,DAYLIGHT,CLEAR,DRY,False,39.5208969116211,-86.5009078979492
904477461,2024,2024-03-27,Johnson,,US 31   & SR 252,Vehicle,RIGHT ANGLE,OTHER (DRIVER) - EXPLAIN IN NARRATIVE,SSI,DAYLIGHT,CLOUDY,DRY,False,39.411865234375,-85.9965667724609
904339869,2023,2023-08-27,Johnson,,I 65   &   S,Vehicle,REAR END,UNSAFE LANE MOVEMENT,Fatal,DARK (NOT LIGHTED),CLEAR,DRY,True,39.5423316955566,-86.0361022949219
904458498,2024,2024-01-16,Marion,Indianapolis,E 36TH ST  & PARKER AVE,Vehicle,RIGHT ANGLE,FAILURE TO YIELD RIGHT OF WAY,SSI,DAYLIGHT,CLEAR,SNOW/SLUSH,False,39.8218269348144,-86.1134033203125
904335177,2023,2023-07-31,Hendricks,STILESVILLE,US 40  & CR 300 W,Vehicle,RAN OFF ROAD,FAILURE TO MAINTAIN LANE,Fatal,DARK (NOT LIGHTED),CLOUDY,DRY,False,39.6530113220215,-86.5778732299805
904477837,2024,2024-03-27,Marion,Indianapolis,I-465,Vehicle,REAR END,DRIVER ILLNESS,SSI,DAYLIGHT,CLOUDY,DRY,True,39.8601875305176,-86.047248840332
904360074,2023,2023-09-25,Marion,Indianapolis,E 46TH ST  & N KENMORE RD,Vehicle,REAR END,IMPROPER TURNING,SSI,DAWN/DUSK,CLEAR,DRY,False,39.7716598510742,-86.0587539672852
904459339,2024,2024-02-21,Marion,Indianapolis,EAST ST   & THOMPSON ROAD,Vehicle,RIGHT ANGLE,DISREGARD SIGNAL/REG SIGN,SSI,DAYLIGHT,CLEAR,DRY,False,39.6932716369629,-86.1487121582031
904495175,2024,2024-04-28,Marion,Indianapolis,W 30TH ST  & N KENWOOD AVE,Vehicle,RIGHT ANGLE,FAILURE TO YIELD RIGHT OF WAY,SSI,DAYLIGHT,CLEAR,DRY,False,39.810173034668,-86.1603088378906
904339323,2023,2023-07-31,Marion,Indianapolis,E 10TH ST  & N LASALLE ST,Pedalcycle,LEFT/RIGHT TURN,OVERCORRECTING/OVERSTEERING,Fatal,DAYLIGHT,CLEAR,DRY,False,39.7813720703125,-86.1095428466797
904479877,2024,2024-03-28,Hancock,Greenfield,SR 9  & CR 300 N,Vehicle,RIGHT ANGLE,DRIVER ILLNESS,SSI,DAYLIGHT,CLEAR,DRY,False,39.8286018371582,-85.7701263427734
904460073,2024,2024-02-21,Johnson,Franklin,N US 31,Vehicle,RAN OFF ROAD,DRIVER ASLEEP OR FATIGUED,SSI,DAYLIGHT,CLEAR,DRY,False,39.4959678649902,-86.0654678344727
904342835,2023,2023-08-27,Shelby,FOUNTAINTOWN,1050 N  & 750 W,Vehicle,RAN OFF ROAD,FAILURE TO MAINTAIN LANE,SSI,DAYLIGHT,CLEAR,DRY,False,39.6753997802734,-85.904052734375
904360671,2023,2023-09-25,Marion,Indianapolis,E 38TH ST  & N MITTHOEFER RD,Pedestrian,OTHER - EXPLAIN IN NARRATIVE,FAILURE TO YIELD RIGHT OF WAY,SSI,DARK (NOT LIGHTED),CLEAR,DRY,False,39.8262214660645,-85.9902114868164
904432560,2024,2024-01-17,Boone,THORNTOWN,US 52  & SR 47,Vehicle,REAR END,DRIVER ASLEEP OR FATIGUED,SSI,DAYLIGHT,CLOUDY,WET,False,40.1268157958984,-86.5613403320313
904377057,2023,2023-10-21,Marion,Indianapolis,62ND STREET  & SHERMAN DR,Vehicle,RIGHT ANGLE,DISREGARD SIGNAL/REG SIGN,SSI,DAYLIGHT,CLEAR,DRY,False,39.8686943054199,-86.1032791137695
904480199,2024,2024-02-21,Marion,Indianapolis,HANNA AVE  & MADISON AVE,Vehicle,RIGHT ANGLE,FAILURE TO YIELD RIGHT OF WAY,SSI,DAYLIGHT,CLEAR,DRY,False,39.708309173584,-86.1448364257813
904481935,2024,2024-03-28,Marion,Indianapolis,S LYNHURST DR  & ROCKVILLE RD,Vehicle,SAME DIRECTION SIDESWIPE,IMPROPER TURNING,Fatal,DAYLIGHT,CLEAR,DRY,False,39.7643852233887,-86.2503128051758
904378802,2023,2023-10-21,Marion,Indianapolis,E 30TH ST  & N MITTHOFER RD,Vehicle,RAN OFF ROAD,UNSAFE SPEED,SSI,DARK (LIGHTED),CLEAR,DRY,False,39.8116455078125,-85.9909362792969
904337202,2023,2023-08-28,Hendricks,Plainfield,ALLPOINTS PKWY  & ALLPOINTS CT,Vehicle,HEAD ON BETWEEN TWO MOTOR VEHICLES,UNSAFE LANE MOVEMENT,SSI,DARK (NOT LIGHTED),CLEAR,DRY,False,39.7413063049316,-86.3479156494141
904495180,2024,2024-04-28,Marion,Indianapolis,SHERMAN DR  & 16TH ST,Vehicle,HEAD ON BETWEEN TWO MOTOR VEHICLES,DISREGARD SIGNAL/REG SIGN,SSI,DAYLIGHT,CLEAR,DRY,False,39.788761138916,-86.1022415161133
904466718,2024,2024-02-22,Marion,Indianapolis,HOLT RD.  & MICHIGAN ST,Vehicle,OTHER - EXPLAIN IN NARRATIVE,DISREGARD SIGNAL/REG SIGN,SSI,DAYLIGHT,CLEAR,WET,False,39.7738189697266,-86.2281799316406
904321319,2023,2023-08-01,Marion,Indianapolis,I70 EB 80.7 MM,Vehicle,REAR END,FOLLOWING TOO CLOSELY,SSI,DAYLIGHT,CLEAR,DRY,True,39.7528839111328,-86.1464309692383