id,year,date,county,city,cross_street,crash_type,manner,primary_factor,ssi_fatal,light,weather,surface,interstate,lat,lon
904478517,2024,2024-03-29,Marion,Indianapolis,MADISON  & BERWYN,Vehicle,RIGHT ANGLE,FAILURE TO YIELD RIGHT OF WAY,SSI,DAYLIGHT,CLEAR,DRY,False,39.725341796875,-86.1517333984375
904437336,2024,2024-01-17,Marion,Indianapolis,I-65,Vehicle,RAN OFF ROAD,UNSAFE SPEED,Fatal,DARK (LIGHTED),CLEAR,DRY,True,39.774730682373,-86.1419677734375
904360795,2023,2023-09-25,Marion,Indianapolis,OLIVER ST  &  S REISNER ST,Vehicle,RIGHT ANGLE,FAILURE TO YIELD RIGHT OF WAY,SSI,DAYLIGHT,CLEAR,DRY,False,39.7584114074707,-86.1900634765625
904376609,2023,2023-10-22,Boone,,STATE ROAD 75  & WEST BASE LINE ROAD,Vehicle,RAN OFF ROAD,DRIVER ASLEEP OR FATIGUED,SSI,DAYLIGHT,CLOUDY,DRY,False,40.039852142334,-86.619743347168
904337576,2023,2023-08-28,Marion,Indianapolis,I-70,Vehicle,SAME DIRECTION SIDESWIPE,UNSAFE LANE MOVEMENT,SSI,DARK (LIGHTED),CLEAR,DRY,True,39.7994766235351,-86.0264587402344
904460776,2024,2024-02-23,Boone,Whitestown,I 65,Vehicle,SAME DIRECTION SIDESWIPE,OTHER (DRIVER) - EXPLAIN IN NARRATIVE,SSI,DARK (NOT LIGHTED),CLEAR,DRY,True,39.9491500854492,-86.3561630249023
904323400,2023,2023-08-01,Morgan,,CENTENARY RD  & WATSON RD,Vehicle,HEAD ON BETWEEN TWO MOTOR VEHICLES,FAILURE TO MAINTAIN LANE,Fatal,DAYLIGHT,CLEAR,DRY,False,39.5626831054688,-86.2967758178711
904479254,2024,2024-03-29,Shelby,SHELBYVILLE,MCKAY RD  & STATE ROAD 9,Vehicle,REAR END,FOLLOWING TOO CLOSELY,SSI,DAYLIGHT,CLEAR,DRY,False,39.5046195983887,-85.7706527709961
904433574,2024,2024-01-18,Marion,Indianapolis,W MERIDIAN SCHOOL ROAD,Pedestrian,NON-COLLISION,FAILURE TO YIELD RIGHT OF WAY,SSI,DAYLIGHT,CLEAR,DRY,False,39.6501693725586,-86.1617889404297
904323579,2023,2023-08-01,Marion,Indianapolis,I 465   &   N,Vehicle,RAN OFF ROAD,TIRE FAILURE OR DEFECTIVE,SSI,DAYLIGHT,CLEAR,DRY,True,39.8289566040039,-86.0341110229492
904481998,2024,2024-03-29,Marion,Indianapolis,E WASHINGTON ST  & ORIENTAL ST,Vehicle,RAN OFF ROAD,LEFT OF CENTER,SSI,DARK (LIGHTED),CLEAR,WET,False,39.7670021057129,-86.1347885131836
904495305,2024,2024-04-28,Johnson,Greenwood,WORTHSVILLE ROAD  & I65,Vehicle,REAR END,FOLLOWING TOO CLOSELY,SSI,DAYLIGHT,CLEAR,DRY,True,39.5875015258789,-86.0671844482422
904460955,2024,2024-02-23,Johnson,TRAFALGAR,CR 100   & SR 252 N,Vehicle,RAN OFF ROAD,DRIVER ILLNESS,SSI,DAYLIGHT,CLEAR,DRY,False,39.4106216430664,-86.0858001708984
904362427,2023,2023-09-25,Hamilton,Noblesville,WESTFIELD RD,Vehicle,NON-COLLISION,IMPROPER PASSING,SSI,DARK (LIGHTED),CLEAR,DRY,False,40.0431060791016,-86.0873870849609
904377420,2023,2023-10-22,Marion,Indianapolis,W WASHINGTON ST  & N WHITE RIVER PKWY,Vehicle,REAR END,UNSAFE SPEED,SSI,DAYLIGHT,CLEAR,DRY,False,39.7672805786133,-86.1853713989258
904337553,2023,2023-08-29,Johnson,,SMITH VALLEY RD  & RUNYON RD,Vehicle,RIGHT ANGLE,FAILURE TO YIELD RIGHT OF WAY,SSI,DAWN/DUSK,CLEAR,DRY,False,39.6053771972656,-86.187614440918
904363068,2023,2023-09-25,Hamilton,Fishers,DUVAL DR.  & TAVERNIER DR.,Pedestrian,LEFT TURN,FAILURE TO YIELD RIGHT OF WAY,SSI,DAYLIGHT,CLEAR,DRY,False,39.9644012451172,-85.9406585693359
904433595,2024,2024-01-18,Hendricks,Plainfield,PLAINFIELD RD,Vehicle,RIGHT ANGLE,DRIVER ILLNESS,Fatal,DARK (LIGHTED),CLEAR,SNOW/SLUSH,False,39.7131690979004,-86.330436706543
904377770,2023,2023-10-22,Marion,Indianapolis,N ARLINGTON AVE  & E 21ST ST,Vehicle,RIGHT ANGLE,OTHER (DRIVER) - EXPLAIN IN NARRATIVE,SSI,DARK (LIGHTED),CLEAR,DRY,False,39.796272277832,-86.0644226074219
904321648,2023,2023-08-02,Hamilton,Westfield,E 151ST ST,Vehicle,RIGHT ANGLE,FAILURE TO YIELD RIGHT OF WAY,SSI,DAYLIGHT,CLEAR,DRY,False,40.0075035095215,-86.1273727416992
904461190,2024,2024-02-23,Hamilton,Fishers,E 126TH ST  & RAIDERS BLVD,Vehicle,OTHER - EXPLAIN IN NARRATIVE,OTHER (DRIVER) - EXPLAIN IN NARRATIVE,SSI,DAYLIGHT,CLEAR,DRY,False,39.9721565246582,-85.9525680541992
904479056,2024,2024-03-30,Shelby,PLEASANT VIEW,WALNUT ST,Vehicle,SAME DIRECTION SIDESWIPE,FAILURE TO MAINTAIN LANE,SSI,DAYLIGHT,CLEAR,DRY,False,39.6614761352539,-85.9434432983398
904495568,2024,2024-04-29,Morgan,MORGANTOWN,SR 252,Vehicle,RAN OFF ROAD,ROADWAY SURFACE CONDITION,SSI,DAYLIGHT,RAIN,WET,False,39.3714599609375,-86.267951965332
904337617,2023,2023-08-29,Marion,Indianapolis,S MERIDIAN ST  & STATE RD 135,Vehicle,RIGHT ANGLE,FAILURE TO YIELD RIGHT OF WAY,SSI,DARK (NOT LIGHTED),CLOUDY,DRY,False,39.6351737976074,-86.1584014892578
904364278,2023,2023-09-26,Marion,Indianapolis,I 465,Vehicle,SAME DIRECTION SIDESWIPE,OTHER (DRIVER) - EXPLAIN IN NARRATIVE,SSI,DAYLIGHT,CLOUDY,DRY,True,39.8374481201172,-86.2757949829102
904433862,2024,2024-01-18,Marion,Indianapolis,52ND STREET  & CAPITOL AVE,Vehicle,OTHER - EXPLAIN IN NARRATIVE,FAILURE TO YIELD RIGHT OF WAY,SSI,DAYLIGHT,CLEAR,DRY,False,39.8467636108398,-86.1618576049805
904378274,2023,2023-10-22,Marion,Speedway,CRAWFORDSVILLE ROAD  & HIGH SCHOOL ROAD,Vehicle,RAN OFF ROAD,UNSAFE SPEED,Fatal,DARK (LIGHTED),CLEAR,DRY,False,39.8011589050293,-86.2699279785156
904321678,2023,2023-08-02,Hamilton,Arcadia,ST RD 19  & 281 ST,Vehicle,RIGHT ANGLE,FAILURE TO YIELD RIGHT OF WAY,SSI,DAYLIGHT,CLEAR,DRY,False,40.1976165771484,-86.0225067138672
904461205,2024,2024-02-23,Hamilton,Fishers,OLIO ROAD,Pedalcycle,SAME DIRECTION SIDESWIPE,FAILURE TO YIELD RIGHT OF WAY,SSI,DAYLIGHT,CLEAR,DRY,False,39.9661827087402,-85.9186782836914
904479432,2024,2024-03-30,Marion,Indianapolis,6300   & FERGUSON,Vehicle,RIGHT ANGLE,FAILURE TO YIELD RIGHT OF WAY,SSI,DARK (LIGHTED),CLEAR,DRY,False,39.8716583251953,-86.1436309814453
904501504,2024,2024-04-29,Shelby,MORRISTOWN,1100 NORTH  & 500 EAST,Vehicle,RAN OFF ROAD,OVERCORRECTING/OVERSTEERING,SSI,DAYLIGHT,RAIN,WET,False,39.6840324401855,-85.6856384277344
904337916,2023,2023-08-29,Marion,Indianapolis,N MERIDIAN ST,Vehicle,RIGHT ANGLE,FAILURE TO YIELD RIGHT OF WAY,SSI,DAYLIGHT,CLEAR,DRY,False,39.9202613830566,-86.1597366333008
904338354,2023,2023-08-29,Marion,Lawrence,E 46TH ST  & MITHOEFFER RD,Vehicle,RAN OFF ROAD,LEFT OF CENTER,SSI,DAYLIGHT,CLEAR,DRY,False,39.8409729003906,-85.991195678711
904338474,2023,2023-08-29,Marion,Indianapolis,86TH ST & PAYNE RD,Vehicle,HEAD ON BETWEEN TWO MOTOR VEHICLES,OTHER (DRIVER) - EXPLAIN IN NARRATIVE,SSI,DARK (LIGHTED),CLEAR,DRY,False,39.9113426208496,-86.2268981933594
904338499,2023,2023-08-29,Morgan,,KELLER HILL RD  & CEDAR VIEW DR,Vehicle,LEFT TURN,FAILURE TO YIELD RIGHT OF WAY,SSI,DAYLIGHT,CLEAR,DRY,False,39.6012077331543,-86.4280624389648
904351810,2023,2023-08-29,Marion,Indianapolis,I 65,Vehicle,REAR END,UNSAFE LANE MOVEMENT,SSI,DAYLIGHT,CLEAR,DRY,True,39.8196182250976,-86.1926574707031
904338845,2023,2023-08-30,Marion,Indianapolis,KESSLER EAST DR BLVD & ERIE AVE,Vehicle,HEAD ON BETWEEN TWO MOTOR VEHICLES,LEFT OF CENTER,SSI,DAYLIGHT,CLEAR,DRY,False,39.8623428344727,-86.1045074462891
904339087,2023,2023-08-30,Morgan,MARTINSVILLE,STATE RD 252  & OLD MORGANTOWN RD,Vehicle,REAR END,FOLLOWING TOO CLOSELY,SSI,DAYLIGHT,CLEAR,DRY,False,39.4206237792969,-86.3894729614258
904339407,2023,2023-08-30,Hamilton,Noblesville,146TH ST,Vehicle,RIGHT ANGLE,FAILURE TO YIELD RIGHT OF WAY,SSI,DAYLIGHT,CLEAR,DRY,False,40.0007209777832,-86.0044021606445
904339468,2023,2023-08-30,Hancock,Greenfield,MAIN ST  & MERIDIAN,Vehicle,LEFT/RIGHT TURN,OTHER (DRIVER) - EXPLAIN IN NARRATIVE,SSI,DAYLIGHT,CLEAR,DRY,False,39.783634185791,-85.8019332885742
904343649,2023,2023-08-30,Marion,Indianapolis,STOP 11 RD  & SHERMAN DR,Vehicle,HEAD ON BETWEEN TWO MOTOR VEHICLES,LEFT OF CENTER,SSI,DAYLIGHT,CLEAR,DRY,False,39.6505355834961,-86.1035003662109
904343679,2023,2023-08-30,Marion,Indianapolis,GREENFIELD AVE  & AUDUBON RD,Vehicle,RIGHT ANGLE,DISREGARD SIGNAL/REG SIGN,Fatal,DAYLIGHT,CLEAR,DRY,False,39.7612152099609,-86.0702285766602
904344338,2023,2023-08-30,Marion,Indianapolis,E WASHINGTON ST  & N DEARBORN ST,Pedestrian,RIGHT ANGLE,PEDESTRIAN ACTION,Fatal,DARK (LIGHTED),CLOUDY,DRY,False,39.7687950134277,-86.1101913452148
904339629,2023,2023-08-31,Boone,,US 52  & FRANKFORT RD,Vehicle,RIGHT ANGLE,FAILURE TO YIELD RIGHT OF WAY,SSI,DAYLIGHT,CLEAR,DRY,False,40.1354522705078,-86.5710906982422
904342031,2023,2023-08-31,Marion,Indianapolis,I 65,Pedestrian,OTHER - EXPLAIN IN NARRATIVE,PEDESTRIAN ACTION,SSI,DARK (LIGHTED),CLEAR,DRY,True,39.7602043151855,-86.1431274414063
904343714,2023,2023-08-31,Marion,Indianapolis,SHELBY ST  & SOUTHPORT RD,Vehicle,RIGHT ANGLE,FAILURE TO YIELD RIGHT OF WAY,SSI,DAYLIGHT,CLEAR,DRY,False,39.6644973754883,-86.1394348144531
904348021,2023,2023-08-31,Hendricks,,US 36  & S 200 E,Vehicle,REAR END,OTHER (DRIVER) - EXPLAIN IN NARRATIVE,SSI,DARK (NOT LIGHTED),CLEAR,DRY,False,39.7567443847656,-86.4868392944336
904340004,2023,2023-09-01,Johnson,,75,Vehicle,LEFT TURN,FAILURE TO YIELD RIGHT OF WAY,SSI,DAWN/DUSK,CLEAR,DRY,False,39.5709648132324,-86.1159973144531
904340247,2023,2023-09-01,Hendricks,Pittsboro,US HWY136  & BURLINGTON PKWY,Vehicle,LEFT TURN,FAILURE TO YIELD RIGHT OF WAY,SSI,DAYLIGHT,CLEAR,DRY,False,39.8617782592773,-86.461799621582
904340620,2023,2023-09-01,Hamilton,Fishers,I 69,Vehicle,REAR END,DRIVER DISTRACTED - EXPLAIN IN NARRATIVE,SSI,DAYLIGHT,CLEAR,DRY,True,39.9288215637207,-86.0282745361328
904341256,2023,2023-09-01,Marion,Indianapolis,BINFORD BLVD,Vehicle,REAR END,DRIVER DISTRACTED - EXPLAIN IN NARRATIVE,SSI,DAYLIGHT,CLEAR,DRY,False,39.8561019897461,-86.0954055786133
904341770,2023,2023-09-01,Morgan,MARTINSVILLE,COMMERCIAL DR  & ARTESIAN AVE,Vehicle,RIGHT TURN,LEFT OF CENTER,SSI,DARK (LIGHTED),CLEAR,DRY,False,39.4057998657226,-86.4221725463867
904343397,2023,2023-09-01,Johnson,Greenwood,I 65,Vehicle,RAN OFF ROAD,UNSAFE LANE MOVEMENT,SSI,DARK (LIGHTED),CLEAR,DRY,True,39.6318588256836,-86.0740737915039
904344561,2023,2023-09-01,Hancock,,I70 EASTBOUND,Vehicle,REAR END,FOLLOWING TOO CLOSELY,SSI,DAYLIGHT,CLEAR,DRY,True,39.819408416748,-85.8887023925781
904340894,2023,2023-09-02,Shelby,SHELBYVILLE,OLD STATE ROAD 252  & CR 600 W,Vehicle,RIGHT ANGLE,FAILURE TO YIELD RIGHT OF WAY,SSI,DAWN/DUSK,CLEAR,DRY,False,39.3633155822754,-85.8944549560547
904340976,2023,2023-09-02,Hamilton,Noblesville,146 ST  & OLIO RD,Vehicle,REAR END,FOLLOWING TOO CLOSELY,SSI,DARK (NOT LIGHTED),CLEAR,DRY,False,40.0016326904297,-85.9216918945313
904341353,2023,2023-09-02,Marion,Indianapolis,WEST 18TH STREET  & N CENTENNIAL,Pedestrian,COLLISION WITH ANIMAL OTHER,UNSAFE SPEED,SSI,DAYLIGHT,CLEAR,DRY,False,39.7901763916015,-86.2143783569336
904343878,2023,2023-09-02,Hendricks,AMO,CR 525 W  & CR 550 S,Vehicle,RAN OFF ROAD,OTHER (DRIVER) - EXPLAIN IN NARRATIVE,SSI,DARK (NOT LIGHTED),CLEAR,DRY,False,39.6809349060059,-86.6250381469727
904344002,2023,2023-09-02,Marion,Indianapolis,S LYNHURST DR  & W KELLY ST,Vehicle,LEFT TURN,FAILURE TO YIELD RIGHT OF WAY,Fatal,DARK (LIGHTED),CLEAR,DRY,False,39.7338066101074,-86.2502975463867
904344425,2023,2023-09-02,Marion,Indianapolis,KESSLER BLVD N DR  & HALIFAX DR,Pedestrian,RIGHT ANGLE,PEDESTRIAN ACTION,Fatal,DARK (NOT LIGHTED),CLEAR,DRY,False,39.8062019348145,-86.211067199707
904341786,2023,2023-09-03,Marion,Speedway,BEELER AVE  & W 30 ST,Vehicle,LEFT TURN,FAILURE TO YIELD RIGHT OF WAY,SSI,DAYLIGHT,CLEAR,DRY,False,39.8093338012695,-86.2516632080078
904342906,2023,2023-09-03,Morgan,MARTINSVILLE,MORTON AVE   & YORK ST,Vehicle,RIGHT ANGLE,UNSAFE SPEED,SSI,DARK (LIGHTED),CLEAR,DRY,False,39.4173927307129,-86.4310836791992
904343054,2023,2023-09-03,Marion,Indianapolis,ARLINGTON AVE  & MEADOWLARK DR,Vehicle,RIGHT ANGLE,FAILURE TO YIELD RIGHT OF WAY,SSI,DAWN/DUSK,CLEAR,DRY,False,39.8353996276855,-86.064811706543
904341206,2023,2023-09-04,Johnson,New Whiteland,0,Vehicle,LEFT/RIGHT TURN,FAILURE TO YIELD RIGHT OF WAY,SSI,DAYLIGHT,CLEAR,DRY,False,39.5551605224609,-86.0887985229492
904342214,2023,2023-09-04,Boone,,I 65,Vehicle,REAR END,OTHER (DRIVER) - EXPLAIN IN NARRATIVE,SSI,DAYLIGHT,CLEAR,DRY,True,40.0862197875977,-86.5036468505859
904342204,2023,2023-09-05,Boone,Lebanon,S STATE ROAD 39,Vehicle,RAN OFF ROAD,DRIVER ILLNESS,SSI,DAYLIGHT,CLEAR,DRY,False,40.0315475463867,-86.4720077514648
904344996,2023,2023-09-05,Marion,Indianapolis,GEORGETOWN RD  & W 56TH ST,Vehicle,RIGHT ANGLE,FAILURE TO YIELD RIGHT OF WAY,SSI,DAYLIGHT,CLEAR,DRY,False,39.8532562255859,-86.2401351928711
904343056,2023,2023-09-06,Johnson,Franklin,N SHORE BLVD,Vehicle,OTHER - EXPLAIN IN NARRATIVE,OTHER (DRIVER) - EXPLAIN IN NARRATIVE,SSI,DAYLIGHT,CLEAR,DRY,False,39.4713935852051,-86.0654983520508
904344995,2023,2023-09-06,Marion,Indianapolis,W 71ST ST  & GEORGETOWN RD,Vehicle,RIGHT TURN,UNSAFE SPEED,Fatal,DAYLIGHT,CLEAR,DRY,False,39.8818893432617,-86.2477493286133
904354006,2023,2023-09-07,Hamilton,Fishers,I 69,Vehicle,RAN OFF ROAD,FAILURE TO MAINTAIN LANE,SSI,DAYLIGHT,CLEAR,DRY,True,39.9652404785156,-86.001708984375
904344880,2023,2023-09-08,Marion,Indianapolis,79TH ST  & TOWNSHIP LINE RD,Vehicle,RIGHT ANGLE,SPEED TOO FAST FOR WEATHER CONDITIONS,SSI,DARK (LIGHTED),RAIN,WET,False,39.8973236083984,-86.2030334472656
904344908,2023,2023-09-08,Marion,Indianapolis,E 86TH ST  & N VILLAGE WAY,Vehicle,RAN OFF ROAD,DRIVER DISTRACTED - EXPLAIN IN NARRATIVE,SSI,DAYLIGHT,CLEAR,DRY,False,39.9126434326172,-86.0214309692383
904345455,2023,2023-09-08,Marion,Indianapolis,MICHIGAN ST & GRAY ST,Vehicle,RAN OFF ROAD,RAN OFF ROAD RIGHT,SSI,DARK (LIGHTED),CLEAR,DRY,False,39.7745208740234,-86.1117782592773
904347450,2023,2023-09-08,Shelby,SHELBYVILLE,CR 400   & CR 300,Vehicle,RIGHT ANGLE,DISREGARD SIGNAL/REG SIGN,SSI,DAYLIGHT,CLOUDY,DRY,False,39.5841178894043,-85.7236709594727
904352489,2023,2023-09-09,Hendricks,Brownsburg,W I-74,Vehicle,NON-COLLISION,ROADWAY SURFACE CONDITION,SSI,DARK (NOT LIGHTED),RAIN,WET,True,39.8419189453125,-86.3536834716797
904345195,2023,2023-09-10,Marion,Indianapolis,W 29TH ST,Vehicle,RIGHT ANGLE,OTHER (DRIVER) - EXPLAIN IN NARRATIVE,SSI,DARK (LIGHTED),CLEAR,DRY,False,39.8082847595215,-86.1656875610352
904345217,2023,2023-09-10,Marion,Indianapolis,KESSLER BLVD N DRIVE  & 38TH STREET,Vehicle,REAR END,UNSAFE SPEED,SSI,DARK (LIGHTED),CLEAR,DRY,False,39.8228988647461,-86.2114028930664
904346546,2023,2023-09-10,Marion,Indianapolis,EAST ST  & EPLER AVE,Vehicle,RIGHT ANGLE,FAILURE TO YIELD RIGHT OF WAY,SSI,DARK (LIGHTED),CLEAR,DRY,False,39.6863098144531,-86.1489410400391
904347015,2023,2023-09-10,Hendricks,NORTH SALEM,CR 500 N  & CR 550 W,Pedalcycle,REAR END,IMPROPER PASSING,SSI,DAYLIGHT,CLEAR,DRY,False,39.8339157104492,-86.6289443969727
904346067,2023,2023-09-11,Marion,Indianapolis,I-70,Vehicle,OTHER - EXPLAIN IN NARRATIVE,OTHER (VEHICLE) - EXPLAIN IN NARRATIVE,Fatal,DAWN/DUSK,CLEAR,DRY,True,39.7549095153809,-86.2097702026367
904347137,2023,2023-09-11,Marion,Indianapolis,25TH STREET  & MORING STAR DRIVE,Vehicle,OPPOSITE DIRECTION SIDESWIPE,LEFT OF CENTER,SSI,DARK (LIGHTED),CLEAR,DRY,False,39.8039894104004,-86.0096893310547
904363204,2023,2023-09-11,Shelby,SHELBYVILLE,I 74,Vehicle,REAR END,UNSAFE SPEED,SSI,DAYLIGHT,CLOUDY,DRY,True,39.5245666503906,-85.7331008911133
904346140,2023,2023-09-12,Marion,Indianapolis,36TH ST  & N KEYSTONE AVE,Vehicle,OTHER - EXPLAIN IN NARRATIVE,FAILURE TO YIELD RIGHT OF WAY,SSI,DAYLIGHT,CLEAR,DRY,False,39.821849822998,-86.1216430664063
904346390,2023,2023-09-12,Boone,JAMESTOWN(BOONE),INTERSTATE 74,Vehicle,RAN OFF ROAD,OTHER (DRIVER) - EXPLAIN IN NARRATIVE,SSI,DAYLIGHT,CLEAR,DRY,True,39.9417457580566,-86.6210174560547
904346540,2023,2023-09-12,Marion,Indianapolis,N POST RD  & E WASHINGTON ST,Vehicle,RIGHT ANGLE,FAILURE TO YIELD RIGHT OF WAY,SSI,DAYLIGHT,CLEAR,DRY,False,39.773983001709,-86.0090713500977
904346760,2023,2023-09-12,Hendricks,Plainfield,STAFFORD RD  & SR 267,Vehicle,RIGHT ANGLE,FAILURE TO YIELD RIGHT OF WAY,SSI,DAYLIGHT,CLEAR,DRY,False,39.6971740722656,-86.3712539672852
904346830,2023,2023-09-12,Morgan,MARTINSVILLE,GROUNDS ROAD,Vehicle,OTHER - EXPLAIN IN NARRATIVE,OTHER (DRIVER) - EXPLAIN IN NARRATIVE,SSI,DAYLIGHT,CLEAR,DRY,False,39.4198532104492,-86.5261459350586
904351728,2023,2023-09-12,Marion,Indianapolis,VIRGINA  & ALABAMA,Vehicle,LEFT TURN,ACCELERATOR FAILURE OR DEFECTIVE,SSI,DAYLIGHT,CLOUDY,DRY,False,39.7643737792969,-86.1530685424805
904352287,2023,2023-09-12,Marion,Indianapolis,I-465,Vehicle,OTHER - EXPLAIN IN NARRATIVE,OTHER (DRIVER) - EXPLAIN IN NARRATIVE,SSI,DARK (LIGHTED),CLEAR,DRY,True,39.8242988586426,-86.2755889892578
904357809,2023,2023-09-12,Shelby,FLAT ROCK,OLD SR 252  & CR 700 W,Vehicle,LEFT TURN,FAILURE TO YIELD RIGHT OF WAY,SSI,DAYLIGHT,CLOUDY,DRY,False,39.362907409668,-85.9159545898438
904346753,2023,2023-09-13,Marion,Indianapolis,WASHINGTON STREET  & POST ROAD,Vehicle,LEFT TURN,FAILURE TO YIELD RIGHT OF WAY,Fatal,DARK (LIGHTED),FOG/SMOKE/SMOG,DRY,False,39.7739410400391,-86.0092926025391
904346891,2023,2023-09-13,Marion,Indianapolis,8300 KEYSTONE CROSSING,Vehicle,OTHER - EXPLAIN IN NARRATIVE,DRIVER ILLNESS,SSI,DAYLIGHT,CLEAR,DRY,False,39.9080543518066,-86.1171951293945
904347316,2023,2023-09-13,Johnson,Whiteland,4353 NORTH GRAHAM ROAD  & CR 400 NORTH,Vehicle,RAN OFF ROAD,OTHER (DRIVER) - EXPLAIN IN NARRATIVE,Fatal,DAYLIGHT,CLEAR,DRY,False,39.5408973693848,-86.058967590332
904347559,2023,2023-09-13,Marion,Indianapolis,10TH ST  & N PORTO ALEGRE ST,Vehicle,LEFT TURN,FAILURE TO YIELD RIGHT OF WAY,SSI,DAYLIGHT,CLEAR,DRY,False,39.779670715332,-86.1880111694336
904347617,2023,2023-09-14,Hendricks,Plainfield,STATE ROAD 267  & STOUT HERITAGE PKWY,Vehicle,REAR END,FOLLOWING TOO CLOSELY,SSI,DAYLIGHT,CLEAR,DRY,False,39.7045249938965,-86.3719482421875
904347632,2023,2023-09-14,Hancock,McCordsville,US 36  & N FORM ST,Vehicle,REAR END,FOLLOWING TOO CLOSELY,SSI,DAYLIGHT,CLEAR,DRY,False,39.8936195373535,-85.9242477416992
904351699,2023,2023-09-14,Marion,Indianapolis,N CENTENNIAL ST  & W 10TH ST,Pedestrian,NON-COLLISION,PEDESTRIAN ACTION,Fatal,DARK (NOT LIGHTED),CLEAR,DRY,False,39.7805938720703,-86.2131118774414
904360396,2023,2023-09-14,Hamilton,Noblesville,146TH ST & PROMISE RD,Vehicle,LEFT TURN,FAILURE TO YIELD RIGHT OF WAY,SSI,DAYLIGHT,CLEAR,DRY,False,40.0007858276367,-85.9710083007813
904351616,2023,2023-09-15,Marion,Indianapolis,W WASHINGTON ST  & S FULLER DR,Vehicle,RIGHT ANGLE,FAILURE TO YIELD RIGHT OF WAY,SSI,DAYLIGHT,CLEAR,DRY,False,39.7542762756348,-86.2455139160156
904353940,2023,2023-09-15,Hamilton,Carmel,146 ST  & CAREY RD,Vehicle,REAR END,VIEW OBSTRUCTED,SSI,DAWN/DUSK,CLEAR,DRY,False,40.0004043579102,-86.1069717407227
904354134,2023,2023-09-16,Marion,Indianapolis,82ND ST.  & ALLISONVILLE RD.,Vehicle,RIGHT ANGLE,FAILURE TO YIELD RIGHT OF WAY,SSI,DARK (LIGHTED),CLEAR,DRY,False,39.9050559997559,-86.0788192749023
904362088,2023,2023-09-16,Marion,Indianapolis,I-465 WESTBOUND,Vehicle,SAME DIRECTION SIDESWIPE,UNSAFE LANE MOVEMENT,SSI,DAYLIGHT,CLEAR,DRY,True,39.6997261047363,-86.1509552001953
904370347,2023,2023-09-16,Marion,Indianapolis,ARCH  & ILLINOIS,Pedestrian,RIGHT ANGLE,FAILURE TO YIELD RIGHT OF WAY,SSI,DARK (LIGHTED),CLEAR,DRY,False,39.7786750793457,-86.1595153808594
904371326,2023,2023-09-16,Hancock,CHARLOTTESVILLE(HANCOCK),40 & CARTHAGE RD,Vehicle,RAN OFF ROAD,FAILURE TO MAINTAIN LANE,SSI,DARK (NOT LIGHTED),CLEAR,DRY,False,39.7913932800293,-85.6129913330078
904365627,2023,2023-09-17,Marion,Indianapolis,FALL CREEK PARKWAY NORTH DR  & E 32ND ST,Vehicle,RAN OFF ROAD,UNSAFE SPEED,Fatal,DARK (LIGHTED),CLEAR,DRY,False,39.8145484924316,-86.1435165405273
904352158,2023,2023-09-18,Marion,Indianapolis,W 16TH ST  & SHARON AVE,Vehicle,RIGHT ANGLE,FAILURE TO YIELD RIGHT OF WAY,SSI,DAYLIGHT,CLEAR,DRY,False,39.7879676818848,-86.2084808349609
904352766,2023,2023-09-18,Johnson,Bargersville,SR 144  & 250 N,Vehicle,REAR END,FOLLOWING TOO CLOSELY,SSI,DAYLIGHT,CLOUDY,DRY,False,39.5131797790527,-86.1433258056641
904357206,2023,2023-09-18,Shelby,FOUNTAINTOWN,BROOKVILLE RD  & DIVISION RD,Vehicle,RIGHT ANGLE,FAILURE TO YIELD RIGHT OF WAY,SSI,DAYLIGHT,FOG/SMOKE/SMOG,DRY,False,39.6949157714844,-85.7830963134766
904352100,2023,2023-09-19,Hendricks,Brownsburg,600 & BRENTWOOD TRCE.,Vehicle,BACKING CRASH,UNSAFE BACKING,SSI,DAYLIGHT,CLEAR,DRY,False,39.8432922363281,-86.4205780029297
904360422,2023,2023-09-19,Hamilton,Noblesville,SR32 & 17TH ST,Vehicle,REAR END,FOLLOWING TOO CLOSELY,SSI,DAYLIGHT,CLEAR,DRY,False,40.0456314086914,-86.0031433105469
904433871,2024,2024-01-18,Marion,Indianapolis,CHURCHMAN AVENUE,Pedestrian,RIGHT ANGLE,FAILURE TO YIELD RIGHT OF WAY,SSI,DAYLIGHT,CLEAR,DRY,False,39.7371978759766,-86.1183013916016
904325184,2023,2023-08-02,Marion,Indianapolis,HATFIELD DR & STANLEY RD,Vehicle,RAN OFF ROAD,DRIVER DISTRACTED - EXPLAIN IN NARRATIVE,SSI,DARK (NOT LIGHTED),CLEAR,DRY,False,39.6783409118652,-86.3170547485352
904496721,2024,2024-04-30,Johnson,Greenwood,SMITH VALLEY ROAD  & GRASSY CREEK LANE,Vehicle,RAN OFF ROAD,UNSAFE SPEED,SSI,DARK (LIGHTED),CLEAR,DRY,False,39.6075210571289,-86.0831756591797
904378900,2023,2023-10-22,Marion,Indianapolis,ALLISONVILLE ROAD  & 65TH STREET,Vehicle,REAR END,UNSAFE SPEED,Fatal,DARK (LIGHTED),CLEAR,DRY,False,39.8772125244141,-86.0927047729492
904461739,2024,2024-02-23,Marion,Indianapolis,W10TH ST  & N BELMONT AVE,Vehicle,HEAD ON BETWEEN TWO MOTOR VEHICLES,TRAFFIC CONTROL INOPERATIVE/MISSING/OBSC,SSI,DARK (LIGHTED),CLEAR,DRY,False,39.7807197570801,-86.1969604492188