id,year,date,county,city,cross_street,crash_type,manner,primary_factor,ssi_fatal,light,weather,surface,interstate,lat,lon
904515339,2024,2024-04-30,Marion,Indianapolis,E 4600  & ALLISONVILLE,Vehicle,HEAD ON BETWEEN TWO MOTOR VEHICLES,DISREGARD SIGNAL/REG SIGN,SSI,DAYLIGHT,CLEAR,DRY,False,39.8402481079102,-86.1173706054688
904479473,2024,2024-03-30,Marion,Indianapolis,EAGLE CREEK PKWY  & EAGLE BAY  N DR,Vehicle,RAN OFF ROAD,OTHER (DRIVER) - EXPLAIN IN NARRATIVE,SSI,DAYLIGHT,CLEAR,DRY,False,39.832950592041,-86.2867431640625
904462010,2024,2024-02-23,Marion,Indianapolis,W WASHINGTON ST  & ROCKVILLE RD,Vehicle,HEAD ON BETWEEN TWO MOTOR VEHICLES,LEFT OF CENTER,SSI,DARK (LIGHTED),FOG/SMOKE/SMOG,DRY,False,39.7646942138672,-86.2117691040039
904377970,2023,2023-10-23,Marion,Indianapolis,E. WASHINGTON STREET  & N. SCIOTO RD,Pedestrian,COLLISION WITH ANIMAL OTHER,PEDESTRIAN ACTION,Fatal,DAYLIGHT,CLEAR,DRY,False,39.7670707702637,-86.1569137573242
904496624,2024,2024-05-01,Boone,,US 52,Vehicle,RAN OFF ROAD,FAILURE TO MAINTAIN LANE,Fatal,DAYLIGHT,CLEAR,DRY,False,40.1076850891113,-86.5408554077148
904434275,2024,2024-01-18,Hamilton,,US 31 S,Vehicle,RAN OFF ROAD,FAILURE TO MAINTAIN LANE,Fatal,DARK (NOT LIGHTED),CLEAR,DRY,False,40.0967483520508,-86.1282806396484
904480338,2024,2024-03-30,Marion,Indianapolis,DR MARTIN LUTHER KING JR ST  & RANSOM ST,Vehicle,HEAD ON BETWEEN TWO MOTOR VEHICLES,LEFT OF CENTER,SSI,DARK (LIGHTED),CLEAR,DRY,False,39.7868614196777,-86.16845703125
904321491,2023,2023-08-03,Marion,Indianapolis,SOUTHEASTERN AVE & ST PAUL ST,Vehicle,RIGHT ANGLE,FAILURE TO YIELD RIGHT OF WAY,SSI,DAYLIGHT,CLEAR,DRY,False,39.7620620727539,-86.1239700317383
904367810,2023,2023-09-26,Marion,Indianapolis,10TH STREET  & MITTHOEFFER ROAD,Vehicle,OTHER - EXPLAIN IN NARRATIVE,UNSAFE SPEED,Fatal,DARK (LIGHTED),CLEAR,DRY,False,39.7822914123535,-85.9903793334961
904378038,2023,2023-10-23,Marion,Indianapolis,N ARLINGTON AVE  & E 46TH ST,Vehicle,LEFT TURN,FAILURE TO YIELD RIGHT OF WAY,SSI,DARK (LIGHTED),CLEAR,DRY,False,39.8403587341309,-86.0649795532227
904496871,2024,2024-05-01,Hendricks,CLAYTON,CR 900 S  & CR 0,Vehicle,RIGHT ANGLE,DISREGARD SIGNAL/REG SIGN,Fatal,DAYLIGHT,CLEAR,DRY,False,39.6300354003906,-86.5222549438477
904363635,2023,2023-09-27,Marion,Indianapolis,BEVILLE AVE  & E WASHINGTON ST,Vehicle,RIGHT ANGLE,FAILURE TO YIELD RIGHT OF WAY,SSI,DARK (LIGHTED),CLOUDY,WET,False,39.7678985595703,-86.1229629516602
904479692,2024,2024-03-31,Marion,Indianapolis,W 30TH ST  & FALCON DR,Vehicle,RIGHT ANGLE,FAILURE TO YIELD RIGHT OF WAY,SSI,DARK (LIGHTED),CLOUDY,DRY,False,39.8094825744629,-86.2321701049805
904378909,2023,2023-10-23,Hamilton,,SR37 & PROMISE RD,Vehicle,HEAD ON BETWEEN TWO MOTOR VEHICLES,LEFT OF CENTER,Fatal,DAYLIGHT,CLEAR,DRY,False,40.0791435241699,-85.9743270874023
904442931,2024,2024-01-18,Hamilton,Fishers,EAST 96TH STREET,Pedestrian,OTHER - EXPLAIN IN NARRATIVE,OTHER (DRIVER) - EXPLAIN IN NARRATIVE,SSI,DAYLIGHT,CLEAR,DRY,False,39.9289932250976,-86.0218124389648
904497123,2024,2024-05-01,Marion,Indianapolis,E WASHINGTON ST  & SHORTRIDGE RD,Vehicle,RIGHT ANGLE,FAILURE TO YIELD RIGHT OF WAY,SSI,DAYLIGHT,CLEAR,DRY,False,39.7723960876465,-86.0405960083008
904365651,2023,2023-09-27,Marion,Indianapolis,I 65,Vehicle,RAN OFF ROAD,UNDER STEERING/UNDER CORRECTING,SSI,DARK (NOT LIGHTED),CLEAR,DRY,True,39.7196807861328,-86.1305541992188
904479693,2024,2024-03-31,Marion,Indianapolis,KESSLER BLVD EAST DRIVE  & RURAL STREET,Vehicle,LEFT TURN,IMPROPER TURNING,SSI,DAYLIGHT,CLEAR,DRY,False,39.8625526428223,-86.1174697875977
904382413,2023,2023-10-23,Marion,Indianapolis,MOLLER RD   & W 32ND ST,Vehicle,RIGHT ANGLE,FAILURE TO YIELD RIGHT OF WAY,SSI,DAYLIGHT,CLEAR,DRY,False,39.8133354187012,-86.2560195922851
904433961,2024,2024-01-19,Boone,Zionsville,US 421   & SR 32 N,Vehicle,RAN OFF ROAD,DRIVER ASLEEP OR FATIGUED,SSI,DAYLIGHT,SNOW,ICE,False,40.0439186096191,-86.2867202758789
904497156,2024,2024-05-01,Morgan,Mooresville,MEADOW LAKE DR,Vehicle,RAN OFF ROAD,OTHER (DRIVER) - EXPLAIN IN NARRATIVE,SSI,DAYLIGHT,CLOUDY,DRY,False,39.6229591369629,-86.3548889160156
904363735,2023,2023-09-29,Marion,Indianapolis,ARLINGTON AVE   & TROY AVE,Vehicle,SAME DIRECTION SIDESWIPE,UNSAFE LANE MOVEMENT,SSI,DAYLIGHT,CLOUDY,DRY,False,39.7242317199707,-86.0635986328125
904480245,2024,2024-03-31,Marion,Indianapolis,E 16TH STREET  & N WHITTIER PLACE,Pedestrian,OTHER - EXPLAIN IN NARRATIVE,OTHER (DRIVER) - EXPLAIN IN NARRATIVE,Fatal,DARK (LIGHTED),CLEAR,DRY,False,39.7889060974121,-86.0743179321289
904382414,2023,2023-10-23,Johnson,Greenwood,"GRAHAM ROAD GREENWOOD, INDIANA",Vehicle,REAR END,FOLLOWING TOO CLOSELY,SSI,DARK (NOT LIGHTED),CLEAR,DRY,False,39.6293144226074,-86.0637817382813
904500902,2024,2024-05-01,Marion,Indianapolis,HILL VALLEY DR  & S MERIDIAN ST,Vehicle,RIGHT ANGLE,FAILURE TO YIELD RIGHT OF WAY,SSI,DAYLIGHT,CLEAR,DRY,False,39.6460838317871,-86.1584167480469
904434069,2024,2024-01-19,Hamilton,Fishers,ALLISONVILLE RD,Vehicle,RAN OFF ROAD,ROADWAY SURFACE CONDITION,SSI,DAWN/DUSK,SNOW,SNOW/SLUSH,False,39.9730224609375,-86.0338668823242
904484506,2024,2024-03-31,Marion,Indianapolis,I-465,Vehicle,RAN OFF ROAD,FAILURE TO MAINTAIN LANE,SSI,DARK (LIGHTED),CLEAR,DRY,True,39.8249473571777,-86.0318603515625
904363792,2023,2023-09-29,Marion,Indianapolis,MCFARLAND RD  & SOUTHPORT RD,Vehicle,LEFT TURN,FAILURE TO YIELD RIGHT OF WAY,SSI,DARK (LIGHTED),CLEAR,DRY,False,39.6652183532715,-86.1110687255859
904378776,2023,2023-10-24,Marion,Indianapolis,38TH ST  & DANDY TRL,Vehicle,RAN OFF ROAD,UNSAFE SPEED,SSI,DAYLIGHT,CLEAR,DRY,False,39.8229827880859,-86.2979431152344
904462886,2024,2024-02-23,Marion,Indianapolis,E 21 STREET  & N IRWIN STREET,Vehicle,RIGHT ANGLE,DISREGARD SIGNAL/REG SIGN,Fatal,DAYLIGHT,CLEAR,DRY,False,39.7964057922363,-86.0525512695313
904434295,2024,2024-01-19,Hancock,,CR 600 E  & CR 200S,Vehicle,HEAD ON BETWEEN TWO MOTOR VEHICLES,ROADWAY SURFACE CONDITION,Fatal,DAYLIGHT,CLOUDY,SNOW/SLUSH,False,39.7619972229004,-85.6885375976563
904321713,2023,2023-08-03,Hamilton,Westfield,IN 32 RD,Vehicle,BACKING CRASH,UNSAFE BACKING,Fatal,DAYLIGHT,CLEAR,DRY,False,40.0423965454101,-86.1452484130859
904378836,2023,2023-10-24,Marion,Indianapolis,465  & ALLISONVILLE RD,Vehicle,RIGHT ANGLE,FAILURE TO YIELD RIGHT OF WAY,SSI,DARK (LIGHTED),CLEAR,DRY,False,39.9093933105469,-86.0768890380859
904489545,2024,2024-03-31,Hancock,,CR 5500   & SR 234,Vehicle,OTHER - EXPLAIN IN NARRATIVE,BRAKE FAILURE OR DEFECTIVE,SSI,DAYLIGHT,CLEAR,DRY,False,39.9017295837402,-85.7006912231445
904437355,2024,2024-01-19,Johnson,Greenwood,65,Vehicle,REAR END,OTHER (VEHICLE) - EXPLAIN IN NARRATIVE,SSI,DARK (NOT LIGHTED),CLEAR,DRY,False,39.5826530456543,-86.0613327026367
904322075,2023,2023-08-03,Marion,Indianapolis,BURDSAL PARKWAY  & MILBURN STREET,Pedestrian,OTHER - EXPLAIN IN NARRATIVE,PEDESTRIAN ACTION,Fatal,DAYLIGHT,CLEAR,DRY,False,39.8006439208984,-86.179801940918
904463027,2024,2024-02-23,Marion,Indianapolis,WEST PERIMETER AND N SERVICE,Vehicle,LEFT TURN,FAILURE TO YIELD RIGHT OF WAY,SSI,DAYLIGHT,CLEAR,DRY,False,39.7010269165039,-86.3199691772461
904364651,2023,2023-09-29,Boone,,I-65 SOUTH,Vehicle,SAME DIRECTION SIDESWIPE,OTHER (DRIVER) - EXPLAIN IN NARRATIVE,SSI,DAYLIGHT,CLEAR,DRY,True,40.134895324707,-86.5210266113281
904499026,2024,2024-05-02,Hancock,Greenfield,N STATE ST  & GREEN MEADOWS DR,Vehicle,RIGHT ANGLE,DISREGARD SIGNAL/REG SIGN,Fatal,DAYLIGHT,CLEAR,DRY,False,39.8044509887695,-85.7697525024414
904380109,2023,2023-10-26,Marion,Indianapolis,E 46TH STREET  & EVANSTON AVENUE,Vehicle,RIGHT ANGLE,FAILURE TO YIELD RIGHT OF WAY,SSI,DAYLIGHT,CLOUDY,DRY,False,39.8402709960938,-86.1265640258789
904481434,2024,2024-04-01,Hendricks,Danville,E MAIN ST.  & N WAYNE ST,Vehicle,OPPOSITE DIRECTION SIDESWIPE,UNSAFE LANE MOVEMENT,SSI,DAYLIGHT,CLEAR,DRY,False,39.7607154846191,-86.5184326171875
904437364,2024,2024-01-20,Marion,Indianapolis,I I-65,Vehicle,REAR END,UNSAFE LANE MOVEMENT,SSI,DARK (LIGHTED),CLEAR,DRY,True,39.8119583129883,-86.1766967773437
904322077,2023,2023-08-04,Marion,Indianapolis,W. 86TH ST  & DITCH RD,Pedalcycle,RIGHT ANGLE,OTHER (DRIVER) - EXPLAIN IN NARRATIVE,SSI,DAYLIGHT,CLEAR,DRY,False,39.9121475219726,-86.183853149414
904466735,2024,2024-02-23,Marion,Indianapolis,I-65,Vehicle,SAME DIRECTION SIDESWIPE,UNSAFE LANE MOVEMENT,SSI,DAYLIGHT,CLEAR,DRY,True,39.8031196594238,-86.1661376953125
904363470,2023,2023-09-30,Marion,Indianapolis,S. EAST ST.  & GIBERT AVE.,Vehicle,LEFT TURN,UNSAFE SPEED,SSI,DARK (LIGHTED),CLEAR,DRY,False,39.6826858520508,-86.1487884521484
904499507,2024,2024-05-02,Hamilton,Carmel,E 116TH S.  & HAZEL DELL PKWY,Vehicle,RIGHT ANGLE,FAILURE TO YIELD RIGHT OF WAY,SSI,DAYLIGHT,CLEAR,DRY,False,39.9565544128418,-86.0743789672852
904382306,2023,2023-10-26,Marion,Indianapolis,38TH STREET  & SHADELAND AVENUE,Pedestrian,NON-COLLISION,PEDESTRIAN ACTION,Fatal,DAYLIGHT,CLEAR,DRY,False,39.825740814209,-86.0457229614258
904480510,2024,2024-04-02,Hancock,,US 40   & CR 200 W,Vehicle,RIGHT ANGLE,FAILURE TO YIELD RIGHT OF WAY,SSI,DAYLIGHT,RAIN,WET,False,39.7819061279297,-85.8401947021484
904435020,2024,2024-01-21,Marion,Indianapolis,W 10TH ST  & ARDSLEY DR,Vehicle,LEFT TURN,OTHER (DRIVER) - EXPLAIN IN NARRATIVE,SSI,DARK (LIGHTED),CLEAR,ICE,False,39.7788505554199,-86.311393737793
904323000,2023,2023-08-04,Marion,Indianapolis,SOUTHPORT RD & HEARTHSTONE WAY,Vehicle,RAN OFF ROAD,DRIVER ILLNESS,SSI,DAYLIGHT,CLEAR,DRY,False,39.6652793884277,-86.1048965454102
904461759,2024,2024-02-24,Marion,Indianapolis,ALLISONVILLE RD  & E 64TH ST,Vehicle,HEAD ON BETWEEN TWO MOTOR VEHICLES,FAILURE TO MAINTAIN LANE,Fatal,DARK (LIGHTED),RAIN,WET,False,39.8744163513184,-86.094123840332
904363555,2023,2023-09-30,Boone,,150 W,Vehicle,RAN OFF ROAD,IMPROPER LANE USAGE,SSI,DARK (NOT LIGHTED),CLEAR,LOOSE MATERIAL ON ROAD,False,40.1257209777832,-86.4965972900391
904384586,2023,2023-10-26,Marion,Indianapolis,E 21ST ST  & N DEARBORN ST,Vehicle,RIGHT ANGLE,FAILURE TO YIELD RIGHT OF WAY,SSI,DAYLIGHT,CLEAR,DRY,False,39.7951736450195,-86.1088790893555
904481809,2024,2024-04-03,Shelby,Edinburgh,SR 252  & I 65,Vehicle,HEAD ON BETWEEN TWO MOTOR VEHICLES,DRIVER DISTRACTED - EXPLAIN IN NARRATIVE,SSI,DAYLIGHT,CLEAR,DRY,True,39.3622245788574,-85.9416427612305
904462264,2024,2024-02-24,Johnson,Greenwood,135 & COUNTY LINE ROAD,Vehicle,RIGHT ANGLE,OTHER (DRIVER) - EXPLAIN IN NARRATIVE,SSI,DAYLIGHT,CLEAR,DRY,False,39.6349029541016,-86.1583633422852
904386539,2023,2023-10-26,Marion,Indianapolis,MADISON AV  & S WINCHERSTER DR,Vehicle,RIGHT ANGLE,UNSAFE SPEED,Fatal,DAYLIGHT,CLEAR,DRY,False,39.6463203430176,-86.1207427978516
904482322,2024,2024-04-03,Marion,Indianapolis,W 86TH ST  & ZIONSVILLE RD,Pedestrian,RIGHT ANGLE,PEDESTRIAN ACTION,Fatal,DARK (NOT LIGHTED),CLOUDY,DRY,False,39.9108276367187,-86.2613983154297
904506214,2024,2024-05-02,Marion,Indianapolis,SHADELAND AVE  & BUSINESS ACCESS RD,Vehicle,LEFT TURN,FAILURE TO YIELD RIGHT OF WAY,Fatal,DAYLIGHT,CLEAR,DRY,False,39.7762985229492,-86.0452270507813
904436262,2024,2024-01-21,Marion,Indianapolis,ARLINGTON AVE  & SHELBYVILLE RD,Vehicle,RAN OFF ROAD,UNSAFE SPEED,SSI,DARK (LIGHTED),CLEAR,DRY,False,39.6752967834473,-86.0635604858398
904323649,2023,2023-08-04,Johnson,Greenwood,COUNTY LINE RD  & MADISON AVE,Pedestrian,OTHER - EXPLAIN IN NARRATIVE,VIEW OBSTRUCTED,SSI,DAYLIGHT,CLEAR,DRY,False,39.6356430053711,-86.1162261962891
904363953,2023,2023-09-30,Hendricks,CARTERSBURG,S CO RD 225 E  & CARTERSBURG RD,Vehicle,RAN OFF ROAD,UNSAFE SPEED,SSI,DARK (NOT LIGHTED),CLEAR,DRY,False,39.7106246948242,-86.4811096191406
904482351,2024,2024-04-03,Marion,Indianapolis,E WASHINGTON ST  & GERMAN CHURCH RD,Pedestrian,RIGHT ANGLE,PEDESTRIAN ACTION,Fatal,DARK (NOT LIGHTED),RAIN,WET,False,39.7756462097168,-85.9738082885742
904531226,2024,2024-05-02,Marion,Indianapolis,E 38TH ST  & TEMPLE AV,Pedestrian,COLLISION WITH OBJECT IN ROAD,PEDESTRIAN ACTION,Fatal,DARK (LIGHTED),CLEAR,DRY,False,39.8253326416016,-86.1192474365234
904462424,2024,2024-02-24,Hamilton,Carmel,KEYSTONE PKWY N  & E 106TH ST,Vehicle,REAR END,ENGINE FAILURE OR DEFECTIVE,SSI,DAYLIGHT,CLEAR,WET,False,39.9444389343262,-86.1133422851563
904322841,2023,2023-08-05,Hancock,,US 36   & CR 300 W,Vehicle,REAR END,FOLLOWING TOO CLOSELY,SSI,DAYLIGHT,CLEAR,DRY,False,39.8997764587402,-85.8656997680664
904397054,2023,2023-10-26,Marion,Indianapolis,I-70 WB  & 92.7 MM,Vehicle,REAR END,FOLLOWING TOO CLOSELY,Fatal,DARK (NOT LIGHTED),CLEAR,DRY,True,39.8030815124512,-85.9723815917969
904369186,2023,2023-09-30,Marion,Indianapolis,MOORSEVILL RD  & HOASTA RD,Vehicle,LEFT TURN,FAILURE TO YIELD RIGHT OF WAY,SSI,DAYLIGHT,CLEAR,DRY,False,39.646858215332,-86.3221969604492
904437385,2024,2024-01-21,Marion,Indianapolis,I 65,Vehicle,HEAD ON BETWEEN TWO MOTOR VEHICLES,OTHER (DRIVER) - EXPLAIN IN NARRATIVE,SSI,DARK (LIGHTED),CLEAR,DRY,True,39.7929000854492,-86.1650161743164
904481472,2024,2024-04-04,Marion,Indianapolis,21ST  & COLLEGE AVE.,Vehicle,LEFT TURN,VIEW OBSTRUCTED,Fatal,DAYLIGHT,CLOUDY,WET,False,39.7958717346191,-86.1447372436524
904500553,2024,2024-05-03,Marion,Indianapolis,E RAYMOND ST  & S DRAPER ST,Vehicle,RIGHT ANGLE,UNSAFE SPEED,SSI,DARK (LIGHTED),CLEAR,DRY,False,39.7375717163086,-86.1325454711914
904462433,2024,2024-02-25,Morgan,MARTINSVILLE,MORTON AVENUE  & ROGERS ROAD,Vehicle,OTHER - EXPLAIN IN NARRATIVE,FAILURE TO MAINTAIN LANE,SSI,DARK (NOT LIGHTED),CLEAR,DRY,False,39.4043502807617,-86.4462203979492
904323540,2023,2023-08-05,Morgan,MARTINSVILLE,BLUE BLUFF,Vehicle,RAN OFF ROAD,FAILURE TO MAINTAIN LANE,Fatal,DAYLIGHT,CLEAR,DRY,False,39.4840660095215,-86.4173126220703
904399374,2023,2023-10-26,Marion,Indianapolis,KENTUCKY AVE  & GATWICK DR,Vehicle,LEFT TURN,FAILURE TO YIELD RIGHT OF WAY,Fatal,DAYLIGHT,CLEAR,DRY,False,39.6877861022949,-86.2790145874023
904363612,2023,2023-10-01,Hendricks,Avon,EAST U.S. HIGHWAY 36  & COUNTY ROAD 690 EAST,Vehicle,OTHER - EXPLAIN IN NARRATIVE,IMPROPER PASSING,SSI,DAYLIGHT,CLEAR,DRY,False,39.7627220153808,-86.4030609130859
904436499,2024,2024-01-22,Marion,Indianapolis,FALL CREEK PKWY N DR  & N KEYSTONE AVE,Vehicle,SAME DIRECTION SIDESWIPE,UNSAFE LANE MOVEMENT,SSI,DAYLIGHT,CLEAR,DRY,False,39.8346862792969,-86.1223678588867
904481672,2024,2024-04-04,Hancock,Greenfield,STATE ROAD 9  & GREEN MEADOWS DRIVE,Vehicle,LEFT TURN,FAILURE TO YIELD RIGHT OF WAY,SSI,DAWN/DUSK,RAIN,WET,False,39.8044242858887,-85.7697982788086
904505193,2024,2024-05-03,Marion,Indianapolis,I 465,Vehicle,REAR END,UNSAFE SPEED,SSI,DARK (LIGHTED),CLEAR,DRY,True,39.8258209228516,-86.2756652832031
904324669,2023,2023-08-05,Hamilton,Noblesville,146TH ST,Vehicle,RAN OFF ROAD,RAN OFF ROAD RIGHT,SSI,DAYLIGHT,CLOUDY,DRY,False,40.0007209777832,-86.0044021606445
904462236,2024,2024-02-26,Boone,Lebanon,39 & LAKESHORE DR.,Vehicle,RAN OFF ROAD,OTHER (DRIVER) - EXPLAIN IN NARRATIVE,SSI,DAYLIGHT,CLEAR,DRY,False,40.0727233886719,-86.474235534668
904325766,2023,2023-08-05,Marion,Indianapolis,N ILLINOIS ST  & W 33RD ST,Pedestrian,NON-COLLISION,PEDESTRIAN ACTION,Fatal,DARK (LIGHTED),CLEAR,DRY,False,39.8147354125976,-86.1591415405273
904482188,2024,2024-04-04,Marion,Indianapolis,E 21ST ST,Vehicle,BACKING CRASH,OTHER (DRIVER) - EXPLAIN IN NARRATIVE,SSI,DAYLIGHT,RAIN,WET,False,39.7971687316894,-86.0491561889648
904380259,2023,2023-10-27,Johnson,New Whiteland,US 31 N  & TRACY DR S,Pedestrian,OTHER - EXPLAIN IN NARRATIVE,PEDESTRIAN ACTION,SSI,DARK (NOT LIGHTED),RAIN,WET,False,39.5537948608398,-86.0881958007813
904364118,2023,2023-10-01,Marion,Indianapolis,W 38TH ST  & MOLLER ROAD,Vehicle,RIGHT ANGLE,FAILURE TO YIELD RIGHT OF WAY,SSI,DARK (LIGHTED),CLEAR,DRY,False,39.823802947998,-86.2561798095703
904441771,2024,2024-01-22,Marion,Indianapolis,RURAL  & BROOKSIDE PARKWAY N DR,Vehicle,RIGHT ANGLE,FAILURE TO YIELD RIGHT OF WAY,SSI,DARK (LIGHTED),CLEAR,DRY,False,39.7872886657715,-86.1165237426758
904463043,2024,2024-02-26,Marion,Indianapolis,KEYSTONE   & 64,Vehicle,RAN OFF ROAD,FAILURE TO MAINTAIN LANE,SSI,DAYLIGHT,CLEAR,DRY,False,39.8717308044434,-86.1220932006836
904483929,2024,2024-04-04,Marion,Indianapolis,SOUTHEASTERN AVE   & HUNTER ROAD,Vehicle,RIGHT ANGLE,DISREGARD SIGNAL/REG SIGN,SSI,DAYLIGHT,RAIN,WET,False,39.7272224426269,-86.0495758056641
904380360,2023,2023-10-27,Johnson,Greenwood,FRY ROAD,Vehicle,RAN OFF ROAD,OTHER (ENVIRONMENTAL) - EXPLAIN IN NARR,SSI,DAWN/DUSK,RAIN,WET,False,39.6281929016113,-86.1532745361328
904399887,2023,2023-10-01,Hamilton,Fishers,96TH  & ALLISONVILLE,Vehicle,RIGHT TURN,UNSAFE SPEED,SSI,DARK (LIGHTED),CLEAR,DRY,False,39.9270935058594,-86.0661849975586
904323495,2023,2023-08-06,Marion,Indianapolis,FIVE POINTS RD,Vehicle,RAN OFF ROAD,HOLES/RUTS IN SURFACE,SSI,DAYLIGHT,CLOUDY,DRY,False,39.7386894226074,-86.044563293457
904513253,2024,2024-05-03,Hamilton,Carmel,W 131ST ST  & TOWNE RD,Pedalcycle,LEFT/RIGHT TURN,FAILURE TO YIELD RIGHT OF WAY,Fatal,DAYLIGHT,CLOUDY,DRY,False,39.9774017333984,-86.2031555175781
904463203,2024,2024-02-26,Morgan,MARTINSVILLE,FLAKE RD  & NEW HARMONY RD,Vehicle,COLLISION WITH OBJECT IN ROAD,FAILURE TO MAINTAIN LANE,SSI,DAWN/DUSK,CLEAR,DRY,False,39.4944458007812,-86.289421081543
904483992,2024,2024-04-04,Morgan,MARTINSVILLE,E MAPLE TURN RD  & E FOX CLIFF DR S,Vehicle,LEFT/RIGHT TURN,FAILURE TO YIELD RIGHT OF WAY,SSI,DAYLIGHT,RAIN,WET,False,39.4768714904785,-86.3904876708984
904463424,2024,2024-02-26,Marion,Indianapolis,I-65 SB,Vehicle,RAN OFF ROAD,UNSAFE LANE MOVEMENT,SSI,DARK (NOT LIGHTED),CLEAR,DRY,True,39.8655052185059,-86.2766494750977
904498983,2024,2024-05-04,Marion,Indianapolis,EAST ST  & SUMNER AVE,Vehicle,OTHER - EXPLAIN IN NARRATIVE,DISREGARD SIGNAL/REG SIGN,SSI,DAYLIGHT,CLEAR,DRY,False,39.7152824401855,-86.1489562988281
904381305,2023,2023-10-27,Marion,Indianapolis,MERIDIAN  & THOMPSON,Vehicle,HEAD ON BETWEEN TWO MOTOR VEHICLES,FAILURE TO YIELD RIGHT OF WAY,SSI,DAYLIGHT,CLEAR,DRY,False,39.6929168701172,-86.1579437255859
904324398,2023,2023-08-06,Marion,Indianapolis,WALNUT ST & CAPITOL ST,Pedalcycle,RIGHT ANGLE,PEDESTRIAN ACTION,SSI,DAYLIGHT,CLEAR,DRY,False,39.7766990661621,-86.161376953125
904482091,2024,2024-04-05,Marion,Indianapolis,34TH ST  & MOLLER RD,Pedestrian,OTHER - EXPLAIN IN NARRATIVE,FAILURE TO YIELD RIGHT OF WAY,SSI,DARK (LIGHTED),CLEAR,DRY,False,39.8165130615234,-86.2560882568359
904468348,2024,2024-02-26,Marion,Indianapolis,I-70 EB 78.9 MM,Vehicle,RAN OFF ROAD,OTHER (DRIVER) - EXPLAIN IN NARRATIVE,Fatal,DARK (NOT LIGHTED),CLEAR,DRY,True,39.7544097900391,-86.1817092895508
904364736,2023,2023-10-02,Hamilton,Fishers,106TH ST.  & BELLA VISTA DR.,Pedalcycle,OTHER - EXPLAIN IN NARRATIVE,VIEW OBSTRUCTED,SSI,DAYLIGHT,CLEAR,DRY,False,39.9417953491211,-86.0245742797852
904437544,2024,2024-01-23,Marion,Indianapolis,71ST ST  & ZIONSVILLE RD,Vehicle,LEFT TURN,FAILURE TO YIELD RIGHT OF WAY,SSI,DAYLIGHT,CLOUDY,WET,False,39.8816566467285,-86.2598876953125
904499290,2024,2024-05-04,Johnson,Greenwood,KENWOOD DRIVE  & CLAYTON LANE,Vehicle,OTHER - EXPLAIN IN NARRATIVE,OTHER (VEHICLE) - EXPLAIN IN NARRATIVE,SSI,DAYLIGHT,CLOUDY,DRY,False,39.6005439758301,-86.1100387573242
904381369,2023,2023-10-27,Hancock,,CR 600 N  & FORTVILLE PIKE,Vehicle,COLLISION WITH DEER,ANIMAL/OBJECT IN ROADWAY,SSI,DAWN/DUSK,CLEAR,DRY,False,39.871280670166,-85.8267517089844
904484879,2024,2024-04-05,Shelby,SHELBYVILLE,I 74,Vehicle,REAR END,UNSAFE SPEED,SSI,DAYLIGHT,CLOUDY,WET,True,39.5510559082031,-85.7755126953125
904326297,2023,2023-08-06,Marion,Indianapolis,I69 200.9 SB,Vehicle,COLLISION WITH OBJECT IN ROAD,OTHER (DRIVER) - EXPLAIN IN NARRATIVE,SSI,DARK (LIGHTED),CLEAR,DRY,True,39.906681060791,-86.044792175293
904365010,2023,2023-10-02,Marion,Indianapolis,LAFAYETTE RD  & HUNNEWELL DR,Vehicle,HEAD ON BETWEEN TWO MOTOR VEHICLES,DISREGARD SIGNAL/REG SIGN,SSI,DAYLIGHT,CLEAR,DRY,False,39.8590049743652,-86.2692565917969
904463028,2024,2024-02-27,Marion,Indianapolis,S STATE AVE  & WILLIAMS ST,Pedestrian,OTHER - EXPLAIN IN NARRATIVE,PEDESTRIAN ACTION,SSI,DAWN/DUSK,CLOUDY,DRY,False,39.765796661377,-86.1306610107422
904438221,2024,2024-01-24,Marion,Indianapolis,MASSACHUSETTS AVE  & N RITTER AVE,Vehicle,REAR END,FOLLOWING TOO CLOSELY,SSI,DARK (LIGHTED),FOG/SMOKE/SMOG,WET,False,39.8147201538086,-86.0755157470703
904499914,2024,2024-05-04,Marion,Indianapolis,LAFAYETTE RD  & PIKE PLAZA RD,Vehicle,OTHER - EXPLAIN IN NARRATIVE,FAILURE TO YIELD RIGHT OF WAY,SSI,DARK (LIGHTED),CLEAR,DRY,False,39.8342437744141,-86.2450637817383
904381510,2023,2023-10-27,Marion,Indianapolis,E 38TH ST  & 36TH PLACE,Vehicle,OTHER - EXPLAIN IN NARRATIVE,OTHER (DRIVER) - EXPLAIN IN NARRATIVE,SSI,DARK (LIGHTED),CLEAR,DRY,False,39.8261528015137,-85.9998321533203
904325726,2023,2023-08-07,Marion,Indianapolis,I-70 WB MM88.2,Vehicle,OTHER - EXPLAIN IN NARRATIVE,UNSAFE LANE MOVEMENT,SSI,DAYLIGHT,RAIN,WET,True,39.804084777832,-86.0534591674805
904500150,2024,2024-05-04,Hamilton,Noblesville,SR 37  & PLEASANT ST,Vehicle,RIGHT ANGLE,DISREGARD SIGNAL/REG SIGN,Fatal,DAYLIGHT,CLEAR,DRY,False,40.0393562316895,-85.9954986572266