id,year,date,county,city,cross_street,crash_type,manner,primary_factor,ssi_fatal,light,weather,surface,interstate,lat,lon
904438864,2024,2024-01-25,Johnson,Greenwood,MAIN ST  & COMBS RD,Vehicle,LEFT TURN,UNSAFE LANE MOVEMENT,SSI,DAYLIGHT,CLOUDY,WET,False,39.614933013916,-86.0565719604492
904365752,2023,2023-10-02,Marion,Indianapolis,21ST  & SHADELAND,Vehicle,HEAD ON BETWEEN TWO MOTOR VEHICLES,DISREGARD SIGNAL/REG SIGN,SSI,DARK (LIGHTED),CLEAR,DRY,False,39.7964210510254,-86.045539855957
904495508,2024,2024-04-05,Hancock,Greenfield,I 70,Vehicle,SAME DIRECTION SIDESWIPE,UNSAFE LANE MOVEMENT,Fatal,DARK (LIGHTED),CLEAR,DRY,True,39.820930480957,-85.7697677612305
904382480,2023,2023-10-29,Marion,Indianapolis,N MITTHOFER RD  & E 30TH ST,Vehicle,HEAD ON BETWEEN TWO MOTOR VEHICLES,FAILURE TO MAINTAIN LANE,SSI,DARK (NOT LIGHTED),RAIN,WET,False,39.8099060058594,-85.9908294677734
904324709,2023,2023-08-08,Hamilton,Fishers,OILIO RD  & HAVEN COVE LN,Vehicle,REAR END,FOLLOWING TOO CLOSELY,SSI,DAYLIGHT,CLEAR,DRY,False,39.9455718994141,-85.9191284179688
904463280,2024,2024-02-27,Marion,Indianapolis,E 56TH ST  & N ARLINGTON AVE,Vehicle,LEFT TURN,FAILURE TO YIELD RIGHT OF WAY,SSI,DAYLIGHT,CLOUDY,DRY,False,39.8549995422363,-86.0652847290039
904500893,2024,2024-05-04,Shelby,FLAT ROCK,SR 252   & CR 600,Vehicle,RIGHT ANGLE,FAILURE TO YIELD RIGHT OF WAY,SSI,DAYLIGHT,CLEAR,DRY,False,39.3633499145508,-85.8943099975586
904439010,2024,2024-01-25,Hancock,,US 40   & CR 600 E,Pedestrian,COLLISION WITH OBJECT IN ROAD,PEDESTRIAN ACTION,Fatal,DARK (NOT LIGHTED),FOG/SMOKE/SMOG,WET,False,39.7788734436035,-85.9085998535156
904365873,2023,2023-10-02,Marion,Indianapolis,AUTUMN SONG DR  & EVENING SONG DR,Pedestrian,RIGHT ANGLE,FAILURE TO YIELD RIGHT OF WAY,SSI,DAYLIGHT,CLEAR,DRY,False,39.7208442687988,-86.2520523071289
904482713,2024,2024-04-06,Hancock,McCordsville,N 600 W  & 600N,Vehicle,LEFT TURN,FAILURE TO YIELD RIGHT OF WAY,SSI,DAYLIGHT,CLEAR,DRY,False,39.870189666748,-85.9170379638672
904382555,2023,2023-10-29,Marion,Indianapolis,MICHIGAN ROAD  & 62ND STREET,Vehicle,RIGHT ANGLE,FAILURE TO YIELD RIGHT OF WAY,Fatal,DARK (LIGHTED),RAIN,WET,False,39.8680419921875,-86.201774597168
904325996,2023,2023-08-08,Hendricks,,CR 100 N  & SPANISH LAKE DR,Vehicle,REAR END,UNSAFE SPEED,SSI,DAYLIGHT,RAIN,WET,False,39.7780265808105,-86.3676681518555
904463290,2024,2024-02-27,Marion,Indianapolis,3800 E RAYMOND,Pedestrian,COLLISION WITH OBJECT IN ROAD,PEDESTRIAN ACTION,SSI,DARK (LIGHTED),CLEAR,DRY,False,39.7379112243652,-86.1020889282227
904545360,2024,2024-05-04,Marion,Indianapolis,MADISON AVE  & BRILL RD,Vehicle,RAN OFF ROAD,UNSAFE SPEED,SSI,DARK (NOT LIGHTED),CLEAR,DRY,False,39.7289695739746,-86.1536026000977
904464070,2024,2024-01-25,Marion,Indianapolis,E MORRIS ST  & UNION ST,Vehicle,RAN OFF ROAD,DRIVER ASLEEP OR FATIGUED,SSI,DAYLIGHT,CLOUDY,DRY,False,39.7518310546875,-86.1574783325195
904368685,2023,2023-10-02,Hendricks,Pittsboro,I 74,Vehicle,RAN OFF ROAD,UNSAFE LANE MOVEMENT,SSI,DAWN/DUSK,CLEAR,DRY,True,39.8793563842774,-86.4946136474609
904383191,2023,2023-10-29,Marion,Indianapolis,W 10TH ST  & N HOLMES AVE,Vehicle,REAR END,UNSAFE SPEED,SSI,DARK (LIGHTED),RAIN,WET,False,39.7806549072266,-86.205078125
904483732,2024,2024-04-06,Hendricks,Plainfield,TOWNSHIP LINE RD  & SHADY LN,Pedestrian,REAR END,ENGINE FAILURE OR DEFECTIVE,SSI,DAYLIGHT,CLEAR,DRY,False,39.7191772460938,-86.366081237793
904464345,2024,2024-02-27,Morgan,MARTINSVILLE,I69 SB 140 MM RAMP,Vehicle,COLLISION WITH OBJECT IN ROAD,DRIVER DISTRACTED - EXPLAIN IN NARRATIVE,SSI,DAYLIGHT,CLEAR,DRY,True,39.4364433288574,-86.3886642456055
904326733,2023,2023-08-08,Marion,Indianapolis,FALL CREEK PKWY,Vehicle,RIGHT ANGLE,FAILURE TO YIELD RIGHT OF WAY,SSI,DAYLIGHT,CLEAR,DRY,False,39.8659706115723,-86.0683288574219
904498730,2024,2024-05-05,Johnson,TRAFALGAR,700S & 700W,Vehicle,RAN OFF ROAD,OTHER (DRIVER) - EXPLAIN IN NARRATIVE,SSI,DAYLIGHT,CLOUDY,DRY,False,39.3698272705078,-86.2283325195313
904439281,2024,2024-01-26,Hamilton,Fishers,COMMERCIAL DRIVE 600,Pedestrian,OTHER - EXPLAIN IN NARRATIVE,FAILURE TO YIELD RIGHT OF WAY,SSI,DARK (LIGHTED),CLOUDY,WET,False,39.9587821960449,-86.0125122070312
904365182,2023,2023-10-03,Johnson,,MAUXFERRY RD,Vehicle,OTHER - EXPLAIN IN NARRATIVE,OTHER (DRIVER) - EXPLAIN IN NARRATIVE,Fatal,DARK (NOT LIGHTED),CLEAR,DRY,False,39.4461898803711,-86.0450820922852
904325846,2023,2023-08-09,Hendricks,Avon,DAN JONES RD  & COMMONS BLVD,Vehicle,REAR END,FOLLOWING TOO CLOSELY,SSI,DAYLIGHT,CLEAR,DRY,False,39.754810333252,-86.3811798095703
904498765,2024,2024-05-05,Hamilton,,SR 213  & 266 ST,Vehicle,RIGHT ANGLE,FAILURE TO YIELD RIGHT OF WAY,SSI,DAYLIGHT,CLEAR,DRY,False,40.1764640808105,-85.9394073486328
904463921,2024,2024-02-28,Marion,Indianapolis,E 10TH ST   & N PLEASANT RUN PARKWAY,Vehicle,HEAD ON BETWEEN TWO MOTOR VEHICLES,FAILURE TO YIELD RIGHT OF WAY,SSI,DAYLIGHT,CLEAR,DRY,False,39.781681060791,-86.0550231933594
904388377,2023,2023-10-29,Marion,Indianapolis,I-70,Vehicle,RAN OFF ROAD,SPEED TOO FAST FOR WEATHER CONDITIONS,SSI,DARK (LIGHTED),RAIN,WET,True,39.8005218505859,-86.0320434570313
904483736,2024,2024-04-06,Hendricks,Plainfield,US 40  & QUAKER BLVD,Vehicle,HEAD ON BETWEEN TWO MOTOR VEHICLES,LEFT OF CENTER,SSI,DAYLIGHT,CLEAR,DRY,False,39.711254119873,-86.373908996582
904365212,2023,2023-10-03,Marion,Indianapolis,EAST ST  & TROY AVE,Vehicle,RIGHT ANGLE,FAILURE TO YIELD RIGHT OF WAY,SSI,DAYLIGHT,CLOUDY,DRY,False,39.7226295471191,-86.1491470336914
904439301,2024,2024-01-26,Marion,Southport,E. SOUTHPORT RD  & WASHINGTON ST,Vehicle,OTHER - EXPLAIN IN NARRATIVE,OTHER (DRIVER) - EXPLAIN IN NARRATIVE,SSI,DARK (LIGHTED),CLOUDY,DRY,False,39.6647720336914,-86.1250991821289
904326220,2023,2023-08-09,Johnson,Greenwood,US 31  & GREENWOOD TRACE DR,Vehicle,RIGHT ANGLE,FAILURE TO YIELD RIGHT OF WAY,SSI,DAYLIGHT,RAIN,WATER (STANDING OR MOVING),False,39.5730133056641,-86.0957260131836
904500050,2024,2024-05-05,Marion,Indianapolis,W 30TH ST  & FALCON DR,Pedestrian,RIGHT ANGLE,FAILURE TO YIELD RIGHT OF WAY,Fatal,DAYLIGHT,CLOUDY,DRY,False,39.8094749450684,-86.2306213378906
904468358,2024,2024-02-28,Johnson,Whiteland,I-65,Vehicle,SAME DIRECTION SIDESWIPE,UNSAFE LANE MOVEMENT,SSI,DAYLIGHT,CLOUDY,DRY,True,39.5448837280273,-86.0376358032227
904426353,2023,2023-10-29,Marion,Indianapolis,5200 E 56TH ST,Vehicle,LEFT TURN,FAILURE TO MAINTAIN LANE,SSI,DAYLIGHT,RAIN,WET,False,39.8550987243652,-86.0790405273438
904482962,2024,2024-04-07,Marion,Indianapolis,MILLS RD  & LAWNDALE AVE,Vehicle,OPPOSITE DIRECTION SIDESWIPE,LEFT OF CENTER,SSI,DARK (NOT LIGHTED),CLEAR,DRY,False,39.6697387695312,-86.2651443481445
904365424,2023,2023-10-03,Hancock,,CR 100 N  & CR 100 W,Vehicle,RAN OFF ROAD,FAILURE TO MAINTAIN LANE,SSI,DAYLIGHT,CLEAR,DRY,False,39.7988166809082,-85.8199157714844
904439600,2024,2024-01-26,Hamilton,,SR19  & 216 ST,Pedestrian,OTHER - EXPLAIN IN NARRATIVE,PEDESTRIAN ACTION,Fatal,DARK (NOT LIGHTED),CLEAR,DRY,False,40.102897644043,-86.0138244628906
904326750,2023,2023-08-09,Marion,Indianapolis,E MICHIGAN ST  & N SHERMAN DR,Vehicle,RIGHT ANGLE,IMPROPER LANE USAGE,SSI,DARK (LIGHTED),CLEAR,DRY,False,39.7746696472168,-86.1022033691406
904500895,2024,2024-05-05,Marion,Beech Grove,21ST AVENUE  & CHURCHMAN AVE,Vehicle,RIGHT ANGLE,FAILURE TO YIELD RIGHT OF WAY,SSI,DAYLIGHT,CLEAR,DRY,False,39.726448059082,-86.1065444946289
904464384,2024,2024-02-29,Marion,Indianapolis,EAST WASHINGTON  & NORTH TEMPLE,Vehicle,RAN OFF ROAD,FAILURE TO MAINTAIN LANE,SSI,DARK (NOT LIGHTED),CLEAR,DRY,False,39.7681770324707,-86.1186294555664
904382484,2023,2023-10-30,Hancock,,MORRISTOWN PIKE,Vehicle,HEAD ON BETWEEN TWO MOTOR VEHICLES,OTHER (VEHICLE) - EXPLAIN IN NARRATIVE,SSI,DAYLIGHT,CLOUDY,WET,False,39.746265411377,-85.7346878051758
904489730,2024,2024-04-07,Marion,Indianapolis,I-465 NB 36.9 MM,Pedestrian,REAR END,ANIMAL/OBJECT IN ROADWAY,SSI,DARK (LIGHTED),CLEAR,DRY,True,39.8942070007324,-86.0532760620117
904365710,2023,2023-10-03,Marion,Indianapolis,S POST RD,Vehicle,RAN OFF ROAD,OTHER (DRIVER) - EXPLAIN IN NARRATIVE,SSI,DAYLIGHT,CLEAR,DRY,False,39.7608337402344,-86.0089492797852
904366187,2023,2023-10-03,Boone,,SR 39  & CR 450 S,Vehicle,OPPOSITE DIRECTION SIDESWIPE,LEFT OF CENTER,SSI,DAYLIGHT,CLEAR,DRY,False,39.9737281799316,-86.4970092773438
904367816,2023,2023-10-03,Marion,Indianapolis,I70,Vehicle,SAME DIRECTION SIDESWIPE,UNSAFE LANE MOVEMENT,SSI,DARK (NOT LIGHTED),CLEAR,DRY,True,39.7536354064941,-86.1445999145508
904366393,2023,2023-10-04,Johnson,Bargersville,I69  & SR144,Vehicle,SAME DIRECTION SIDESWIPE,FAILURE TO MAINTAIN LANE,SSI,DAYLIGHT,CLEAR,DRY,True,39.5710792541504,-86.2438812255859
904367135,2023,2023-10-04,Morgan,MARTINSVILLE,OLD MORGANTOWN RD  & ST JOHN RD,Vehicle,HEAD ON BETWEEN TWO MOTOR VEHICLES,FAILURE TO YIELD RIGHT OF WAY,SSI,DARK (NOT LIGHTED),CLEAR,DRY,False,39.4221839904785,-86.3349761962891
904367445,2023,2023-10-05,Marion,Indianapolis,RACEWAY RD  & VENONA WY,Vehicle,RIGHT ANGLE,FAILURE TO YIELD RIGHT OF WAY,SSI,DAYLIGHT,RAIN,WET,False,39.7911796569824,-86.3265762329101
904368040,2023,2023-10-05,Hancock,Greenfield,STATE ST  & MUSKEGON DR,Vehicle,HEAD ON BETWEEN TWO MOTOR VEHICLES,OTHER (DRIVER) - EXPLAIN IN NARRATIVE,SSI,DARK (LIGHTED),RAIN,WET,False,39.8104400634766,-85.769775390625
904371070,2023,2023-10-05,Marion,Indianapolis,S MERIDIAN ST  & E MERIDIAN SCHOOL RD,Vehicle,LEFT TURN,FAILURE TO YIELD RIGHT OF WAY,SSI,DARK (LIGHTED),RAIN,WET,False,39.6495628356934,-86.1584320068359
904372165,2023,2023-10-05,Marion,Indianapolis,I-465,Vehicle,REAR END,FOLLOWING TOO CLOSELY,Fatal,DAYLIGHT,RAIN,WET,True,39.9096565246582,-86.2695999145508
904373837,2023,2023-10-06,Hamilton,Fishers,116TH STREET  & OLIO ROAD,Pedalcycle,RIGHT TURN,FAILURE TO YIELD RIGHT OF WAY,SSI,DAYLIGHT,CLEAR,DRY,False,39.9577178955078,-85.9187088012695
904368669,2023,2023-10-07,Morgan,Mooresville,67 & PLEIADES DRIVE,Vehicle,REAR END,FOLLOWING TOO CLOSELY,SSI,DAYLIGHT,CLEAR,DRY,False,39.5953521728516,-86.3762359619141
904368908,2023,2023-10-07,Marion,Indianapolis,WASHINGTON ST  & SHADLAND AVE,Pedestrian,NON-COLLISION,PEDESTRIAN ACTION,Fatal,DARK (NOT LIGHTED),CLOUDY,DRY,False,39.7720260620117,-86.0466918945313
904369245,2023,2023-10-07,Marion,Indianapolis,E 46TH ST  & N COLLEGE AVE,Vehicle,RIGHT ANGLE,UNSAFE SPEED,SSI,DARK (LIGHTED),CLEAR,DRY,False,39.8400154113769,-86.1452865600586
904371484,2023,2023-10-07,Marion,Indianapolis,N SHADELAND AVE  & KENSINGTON DR,Pedestrian,NON-COLLISION,PEDESTRIAN ACTION,Fatal,DARK (NOT LIGHTED),CLEAR,DRY,False,39.820930480957,-86.0458984375
904368384,2023,2023-10-08,Hamilton,Noblesville,CHERRY TREE RD  & METSKER LN,Vehicle,RAN OFF ROAD,LEFT OF CENTER,SSI,DARK (NOT LIGHTED),CLEAR,DRY,False,40.0431594848633,-86.035270690918
904369727,2023,2023-10-08,Marion,Indianapolis,NORCROFT DR,Vehicle,RAN OFF ROAD,OTHER (DRIVER) - EXPLAIN IN NARRATIVE,SSI,DARK (LIGHTED),CLEAR,DRY,False,39.6985359191894,-86.2548828125
904369789,2023,2023-10-08,Marion,Indianapolis,EVANSTON AVE  & FALL CREEK PKWY N DR,Vehicle,RIGHT ANGLE,FAILURE TO YIELD RIGHT OF WAY,SSI,DARK (LIGHTED),CLEAR,DRY,False,39.8322601318359,-86.1262741088867
904373014,2023,2023-10-08,Boone,Lebanon,65,Vehicle,LEFT TURN,FAILURE TO YIELD RIGHT OF WAY,SSI,DAYLIGHT,CLEAR,DRY,False,40.0219268798828,-86.4429321289063
904370329,2023,2023-10-09,Marion,Indianapolis,STATE AVE  & NAOMI ST,Vehicle,RIGHT ANGLE,DISREGARD SIGNAL/REG SIGN,SSI,DARK (LIGHTED),CLEAR,DRY,False,39.742618560791,-86.1304779052734
904369886,2023,2023-10-10,Marion,Indianapolis,US 31 S  & STOP 12 RD,Vehicle,RIGHT ANGLE,FAILURE TO YIELD RIGHT OF WAY,SSI,DAYLIGHT,CLEAR,DRY,False,39.6456413269043,-86.1339645385742
904370533,2023,2023-10-11,Marion,Indianapolis,N EMERSON AVENUE  & E 16TH STREET,Vehicle,LEFT TURN,FAILURE TO YIELD RIGHT OF WAY,SSI,DAYLIGHT,CLEAR,DRY,False,39.7888565063477,-86.0832595825195
904370887,2023,2023-10-11,Marion,Indianapolis,I-69 S/B AT THE 201.2 MM,Vehicle,REAR END,OTHER (DRIVER) - EXPLAIN IN NARRATIVE,SSI,DAYLIGHT,CLOUDY,DRY,True,39.9098358154297,-86.0424041748047
904371107,2023,2023-10-11,Marion,Indianapolis,WASHINGTON ST  & LYNHURST DR,Vehicle,LEFT TURN,DISREGARD SIGNAL/REG SIGN,SSI,DAYLIGHT,CLEAR,DRY,False,39.7528266906738,-86.2502212524414
904371194,2023,2023-10-11,Hendricks,Plainfield,RONALD REAGAN PW  & E MAIN ST,Vehicle,HEAD ON BETWEEN TWO MOTOR VEHICLES,DISREGARD SIGNAL/REG SIGN,SSI,DARK (LIGHTED),CLEAR,DRY,False,39.7271347045898,-86.3370056152344
904371267,2023,2023-10-11,Marion,Indianapolis,SHERMAN DR  & 9TH ST,Vehicle,HEAD ON BETWEEN TWO MOTOR VEHICLES,LEFT OF CENTER,SSI,DAYLIGHT,CLEAR,DRY,False,39.7782363891602,-86.1023483276367
904371410,2023,2023-10-11,Boone,,MAIN ST  & VINE ST,Vehicle,COLLISION WITH OBJECT IN ROAD,PEDESTRIAN ACTION,SSI,DAWN/DUSK,CLEAR,DRY,False,40.1294250488281,-86.6078720092773
904371495,2023,2023-10-11,Marion,Indianapolis,E 10TH ST  & N RURAL ST,Vehicle,LEFT TURN,FAILURE TO YIELD RIGHT OF WAY,SSI,DARK (NOT LIGHTED),CLEAR,DRY,False,39.7813415527344,-86.1165618896484
904371690,2023,2023-10-11,Marion,Indianapolis,N WEST ST  & W NEW YORK ST,Vehicle,LEFT TURN,FAILURE TO YIELD RIGHT OF WAY,Fatal,DAYLIGHT,CLEAR,DRY,False,39.7714996337891,-86.1670608520508
904394110,2023,2023-10-11,Hamilton,Noblesville,SR37 & TOWN AND COUNTRY BLVD,Pedestrian,COLLISION WITH OBJECT IN ROAD,PEDESTRIAN ACTION,SSI,DARK (NOT LIGHTED),CLOUDY,DRY,False,40.0321922302246,-85.9950942993164
904371299,2023,2023-10-12,Johnson,Greenwood,FIVE POINTS RD  & ROCKLANE RD,Vehicle,HEAD ON BETWEEN TWO MOTOR VEHICLES,LEFT OF CENTER,Fatal,DAYLIGHT,CLEAR,DRY,False,39.6252670288086,-86.0446014404297
904371641,2023,2023-10-12,Hamilton,Westfield,E MAIN ST  & CHERRY ST,Vehicle,REAR END,FOLLOWING TOO CLOSELY,SSI,DAYLIGHT,CLEAR,DRY,False,40.0427742004394,-86.1247024536133
904371657,2023,2023-10-12,Morgan,MONROVIA,SR 42,Vehicle,RAN OFF ROAD,OTHER (DRIVER) - EXPLAIN IN NARRATIVE,SSI,DARK (NOT LIGHTED),CLEAR,DRY,False,39.5790138244629,-86.5174713134766
904371726,2023,2023-10-12,Hendricks,Plainfield,US 40   & SR 267,Vehicle,RIGHT ANGLE,DISREGARD SIGNAL/REG SIGN,SSI,DAYLIGHT,CLOUDY,DRY,False,39.711051940918,-86.3748626708984
904371965,2023,2023-10-13,Johnson,Edinburgh,US 31  & ORCHARD DR,Vehicle,OTHER - EXPLAIN IN NARRATIVE,FAILURE TO YIELD RIGHT OF WAY,Fatal,DARK (NOT LIGHTED),RAIN,WET,False,39.3752632141113,-85.9861221313477
904372123,2023,2023-10-13,Marion,Indianapolis,W. MICHIGAN STREET  & RILEY HOSPITAL DRIVE,Vehicle,RIGHT TURN,IMPROPER TURNING,SSI,DAYLIGHT,CLEAR,DRY,False,39.7746849060059,-86.1812438964844
904372908,2023,2023-10-13,Morgan,MARTINSVILLE,NAST CHAPEL RD,Vehicle,RAN OFF ROAD,SPEED TOO FAST FOR WEATHER CONDITIONS,SSI,DARK (NOT LIGHTED),RAIN,WET,False,39.4445686340332,-86.2985153198242
904373012,2023,2023-10-13,Marion,Indianapolis,W 71ST ST  & MICHIGAN RD,Vehicle,REAR END,FOLLOWING TOO CLOSELY,SSI,DAYLIGHT,CLEAR,DRY,False,39.8847198486328,-86.2097854614258
904373295,2023,2023-10-13,Marion,Indianapolis,E 25TH ST  & N PARKER ST,Vehicle,RIGHT ANGLE,FAILURE TO YIELD RIGHT OF WAY,SSI,DAYLIGHT,CLEAR,DRY,False,39.8034362792969,-86.1144180297852
904374287,2023,2023-10-13,Marion,Indianapolis,I 465,Vehicle,REAR END,DRIVER ASLEEP OR FATIGUED,SSI,DAYLIGHT,CLEAR,DRY,True,39.7141876220703,-86.2643966674805
904411422,2023,2023-10-13,Hamilton,Fishers,I69 N,Vehicle,REAR END,FOLLOWING TOO CLOSELY,Fatal,DARK (LIGHTED),RAIN,WET,True,39.9379501342774,-86.0216217041016
904372317,2023,2023-10-14,Boone,Zionsville,1305 S US 421,Vehicle,RAN OFF ROAD,DRIVER ASLEEP OR FATIGUED,SSI,DAYLIGHT,CLOUDY,DRY,False,40.0251731872559,-86.2776031494141
904372535,2023,2023-10-14,Marion,Indianapolis,LAFAYETTE ROAD  & W. 21ST STREET,Pedestrian,OTHER - EXPLAIN IN NARRATIVE,PEDESTRIAN ACTION,Fatal,DARK (NOT LIGHTED),CLOUDY,WET,False,39.7941360473633,-86.2044448852539
904372989,2023,2023-10-14,Morgan,MONROVIA,N SR 39,Vehicle,HEAD ON BETWEEN TWO MOTOR VEHICLES,LEFT OF CENTER,SSI,DAYLIGHT,RAIN,WET,False,39.555004119873,-86.4701385498047
904372994,2023,2023-10-14,Marion,Indianapolis,I-65,Vehicle,REAR END,FOLLOWING TOO CLOSELY,SSI,DARK (NOT LIGHTED),RAIN,WET,True,39.7914428710938,-86.1657257080078
904374147,2023,2023-10-14,Marion,Indianapolis,LAFAYETTE ROAD  & W. 21ST STREET,Pedestrian,OTHER - EXPLAIN IN NARRATIVE,PEDESTRIAN ACTION,SSI,DARK (NOT LIGHTED),CLOUDY,WET,False,39.7941207885742,-86.2044296264648
904373610,2023,2023-10-16,Marion,Indianapolis,S MERIDIAN ST  & CROSBY ST,Vehicle,RAN OFF ROAD,CELL PHONE USAGE,Fatal,DARK (LIGHTED),RAIN,WET,False,39.638916015625,-86.1584548950195
904373942,2023,2023-10-16,Marion,Indianapolis,W THOMPSON RD  & S HIGH SCHOOL RD,Vehicle,HEAD ON BETWEEN TWO MOTOR VEHICLES,LEFT OF CENTER,Fatal,DAWN/DUSK,CLOUDY,DRY,False,39.6914176940918,-86.2649765014648
904378310,2023,2023-10-16,Hendricks,Danville,N 300 E  & E MAIN ST,Vehicle,REAR END,OTHER (DRIVER) - EXPLAIN IN NARRATIVE,SSI,DARK (LIGHTED),CLEAR,DRY,False,39.7619018554687,-86.4664688110352
904374450,2023,2023-10-17,Marion,Speedway,CRAWFORDSVILLE RD.  & N. HIGH SCHOOL RD.,Vehicle,RIGHT ANGLE,FAILURE TO YIELD RIGHT OF WAY,SSI,DAWN/DUSK,CLEAR,DRY,False,39.8014488220215,-86.2699508666992
904464606,2024,2024-02-29,Hamilton,Carmel,W 136TH ST  & SPRING MILL RD,Vehicle,REAR END,CELL PHONE USAGE,SSI,DAYLIGHT,CLEAR,DRY,False,39.9850769042969,-86.1645736694336
904499609,2024,2024-05-06,Boone,,COUNTY ROAD 1075 W  & STATE ROAD 47,Vehicle,RAN OFF ROAD,OTHER (DRIVER) - EXPLAIN IN NARRATIVE,SSI,DAYLIGHT,CLEAR,DRY,False,40.1368217468262,-86.6714248657226
904465621,2024,2024-02-29,Marion,Indianapolis,E 46TH ST  & SHEMRAN DR,Vehicle,RIGHT ANGLE,FAILURE TO YIELD RIGHT OF WAY,SSI,DARK (LIGHTED),CLEAR,DRY,False,39.8402442932129,-86.1028366088867
904382810,2023,2023-10-30,Marion,Cumberland,E WASHINGTON ST  & S MUSIE ST.,Vehicle,RAN OFF ROAD,DRIVER ILLNESS,SSI,DAYLIGHT,CLEAR,DRY,False,39.7763710021973,-85.9589691162109
904490494,2024,2024-04-07,Johnson,,I65 NB,Vehicle,RAN OFF ROAD,UNSAFE LANE MOVEMENT,Fatal,DAYLIGHT,CLOUDY,DRY,True,39.5693435668945,-86.0539627075195
904326564,2023,2023-08-10,Marion,Indianapolis,N KEYSTONE AVE AVE & E 34TH ST ST,Vehicle,RIGHT ANGLE,FAILURE TO YIELD RIGHT OF WAY,SSI,DAYLIGHT,CLEAR,DRY,False,39.8179054260254,-86.1216125488281
904439973,2024,2024-01-26,Morgan,,N GOAT HOLLOW RD,Vehicle,RAN OFF ROAD,FAILURE TO MAINTAIN LANE,SSI,DARK (NOT LIGHTED),RAIN,WET,False,39.5558204650879,-86.4143905639648
904439793,2024,2024-01-27,Boone,Lebanon,I 65,Vehicle,OTHER - EXPLAIN IN NARRATIVE,OTHER (DRIVER) - EXPLAIN IN NARRATIVE,SSI,DARK (NOT LIGHTED),FOG/SMOKE/SMOG,DRY,True,40.0360832214355,-86.4749526977539
904483921,2024,2024-04-08,Marion,Indianapolis,W 34TH ST  & DANDY TRAIL,Vehicle,RAN OFF ROAD,FAILURE TO MAINTAIN LANE,SSI,DARK (NOT LIGHTED),CLEAR,DRY,False,39.8177108764648,-86.2994003295898
904464959,2024,2024-03-02,Johnson,Whiteland,SAWMILL RD  & MEADOW LN,Vehicle,RAN OFF ROAD,FAILURE TO MAINTAIN LANE,SSI,DARK (NOT LIGHTED),CLEAR,DRY,False,39.5395050048828,-86.1016082763672
904382925,2023,2023-10-30,Boone,,STATE ROAD 32  & COUNTY ROAD 700 WEST,Vehicle,HEAD ON BETWEEN TWO MOTOR VEHICLES,FAILURE TO MAINTAIN LANE,Fatal,DARK (NOT LIGHTED),CLEAR,DRY,False,40.0542640686035,-86.600830078125
904440218,2024,2024-01-27,Marion,Indianapolis,S EAST ST  & E BANTA RD,Vehicle,REAR END,DRIVER ILLNESS,SSI,DARK (NOT LIGHTED),RAIN,WET,False,39.6719360351563,-86.1493530273438
904490491,2024,2024-04-08,Marion,Indianapolis,"I-465 SB, 104.1 MM",Vehicle,RAN OFF ROAD,OTHER (DRIVER) - EXPLAIN IN NARRATIVE,SSI,DAWN/DUSK,CLEAR,DRY,True,39.6760215759277,-86.0997924804688
904509210,2024,2024-05-06,Marion,Indianapolis,I 70   &   W,Vehicle,RAN OFF ROAD,FAILURE TO MAINTAIN LANE,Fatal,DARK (LIGHTED),CLEAR,DRY,True,39.7984466552734,-86.0411148071289
904326907,2023,2023-08-10,Marion,Southport,MCFARLAND COURT,Vehicle,RAN OFF ROAD,OTHER (DRIVER) - EXPLAIN IN NARRATIVE,SSI,DARK (LIGHTED),CLEAR,DRY,False,39.6504211425781,-86.1110000610352
904514346,2024,2024-04-08,Hamilton,Noblesville,GREENFIELD AVE  & MARILYN RD,Vehicle,HEAD ON BETWEEN TWO MOTOR VEHICLES,FAILURE TO YIELD RIGHT OF WAY,SSI,DAYLIGHT,CLOUDY,DRY,False,40.0075607299805,-85.9506683349609
904500803,2024,2024-05-07,Marion,Indianapolis,SHERMAN RD / RAYMOND ST,Pedestrian,OTHER - EXPLAIN IN NARRATIVE,PEDESTRIAN ACTION,SSI,DAYLIGHT,CLOUDY,WET,False,39.7378578186035,-86.1017990112305
904383207,2023,2023-10-30,Marion,Indianapolis,S EAST ST   & POWELL ST,Vehicle,REAR END,OTHER (DRIVER) - EXPLAIN IN NARRATIVE,SSI,DARK (LIGHTED),CLEAR,DRY,False,39.6893615722656,-86.1487503051758
904440366,2024,2024-01-27,Marion,Indianapolis,ROCKVILLE RD  & HEATHER DR,Vehicle,LEFT TURN,FAILURE TO YIELD RIGHT OF WAY,SSI,DARK (NOT LIGHTED),RAIN,WET,False,39.7645301818848,-86.2834014892578
904328639,2023,2023-08-10,Hendricks,Indianapolis,RACEWAY RD  & ROBEY MEADOWS LN,Pedalcycle,RIGHT ANGLE,UNSAFE SPEED,SSI,DAYLIGHT,CLEAR,DRY,False,39.8004570007324,-86.3268127441406
904465259,2024,2024-03-02,Marion,Indianapolis,W WASHINGTON ST,Vehicle,RAN OFF ROAD,OTHER (VEHICLE) - EXPLAIN IN NARRATIVE,SSI,DAYLIGHT,CLEAR,DRY,False,39.7449035644531,-86.2758636474609