id,year,date,county,city,cross_street,crash_type,manner,primary_factor,ssi_fatal,light,weather,surface,interstate,lat,lon
904484419,2024,2024-04-09,Boone,Whitestown,WHITESTOWN PARKWAY  & INDIANAPOLIS RD,Vehicle,OTHER - EXPLAIN IN NARRATIVE,OTHER (DRIVER) - EXPLAIN IN NARRATIVE,SSI,DARK (LIGHTED),CLEAR,DRY,False,39.9458923339844,-86.3582534790039
904500685,2024,2024-05-08,Morgan,Mooresville,BRIDGE ST  & SR 67,Vehicle,RAN OFF ROAD,DRIVER ILLNESS,SSI,DAYLIGHT,CLEAR,DRY,False,39.6168365478515,-86.3549346923828
904384571,2023,2023-10-30,Boone,,STATE ROAD 32  & COUNTY ROAD 700 WEST,Vehicle,OTHER - EXPLAIN IN NARRATIVE,OTHER (DRIVER) - EXPLAIN IN NARRATIVE,Fatal,DARK (NOT LIGHTED),CLEAR,DRY,False,40.0542297363281,-86.6008758544922
904442513,2024,2024-01-27,Marion,Indianapolis,W SOUTHPORT RD  & BLUFF RD,Pedestrian,RIGHT ANGLE,PEDESTRIAN ACTION,Fatal,DARK (LIGHTED),CLOUDY,DRY,False,39.6639022827148,-86.1821594238281
904330658,2023,2023-08-10,Marion,Indianapolis,E 42ND ST  & SHADY OAK DR,Vehicle,RAN OFF ROAD,OVERCORRECTING/OVERSTEERING,SSI,DARK (LIGHTED),CLEAR,DRY,False,39.8336677551269,-85.9864807128906
904465475,2024,2024-03-02,Marion,Indianapolis,SOUTH MERIDIAN STREET  & EAST TROY AVENUE,Pedestrian,OTHER - EXPLAIN IN NARRATIVE,OTHER (DRIVER) - EXPLAIN IN NARRATIVE,SSI,DAWN/DUSK,CLOUDY,DRY,False,39.7224197387695,-86.1587677001953
904484602,2024,2024-04-09,Marion,Indianapolis,MICHIGAN ST   & WALLACE AVE,Pedalcycle,HEAD ON BETWEEN TWO MOTOR VEHICLES,FAILURE TO YIELD RIGHT OF WAY,SSI,DAYLIGHT,RAIN,WET,False,39.774829864502,-86.0888366699219
904501252,2024,2024-05-08,Marion,Indianapolis,W 38TH ST  & KIEL AVE,Pedestrian,OTHER - EXPLAIN IN NARRATIVE,PEDESTRIAN ACTION,SSI,DARK (LIGHTED),RAIN,WET,False,39.8236198425293,-86.262939453125
904383221,2023,2023-10-31,Marion,Indianapolis,79TH ST,Pedalcycle,REAR END,UNSAFE SPEED,SSI,DARK (NOT LIGHTED),CLEAR,DRY,False,39.8971099853516,-86.2179870605469
904441028,2024,2024-01-28,Marion,Indianapolis,HEATHMOORE DR W,Pedestrian,SAME DIRECTION SIDESWIPE,PEDESTRIAN ACTION,SSI,DARK (LIGHTED),CLEAR,WET,False,39.6961555480957,-86.0660247802734
904327746,2023,2023-08-11,Hancock,CHARLOTTESVILLE(HANCOCK),CARTHAGE RD,Vehicle,HEAD ON BETWEEN TWO MOTOR VEHICLES,FAILURE TO YIELD RIGHT OF WAY,Fatal,DAYLIGHT,CLEAR,DRY,False,39.7912712097168,-85.6126937866211
904484726,2024,2024-04-09,Johnson,Greenwood,COUNTY LINE ROAD  & I-65,Vehicle,SAME DIRECTION SIDESWIPE,UNSAFE LANE MOVEMENT,SSI,DAYLIGHT,CLOUDY,DRY,True,39.6365165710449,-86.0739059448242
904503694,2024,2024-05-08,Shelby,SHELBYVILLE,E. STATE RD. 44  & DAGLEY CT.,Vehicle,RIGHT ANGLE,UNSAFE SPEED,SSI,DAYLIGHT,CLEAR,DRY,False,39.5204238891602,-85.7502746582031
904442715,2024,2024-01-29,Shelby,SHELBYVILLE,10392 S STATE RD 9  & NORRISTOWN RD.,Vehicle,HEAD ON BETWEEN TWO MOTOR VEHICLES,FAILURE TO MAINTAIN LANE,Fatal,DAYLIGHT,CLEAR,DRY,False,39.3732604980469,-85.7604064941406
904465577,2024,2024-03-02,Marion,Indianapolis,N TIBBS AVE  & W 10T ST,Pedestrian,OTHER - EXPLAIN IN NARRATIVE,PEDESTRIAN ACTION,SSI,DAYLIGHT,CLEAR,DRY,False,39.7804985046387,-86.2160263061523
904485014,2024,2024-04-09,Hendricks,,CR 225 E  & CR 200 S,Vehicle,HEAD ON BETWEEN TWO MOTOR VEHICLES,FAILURE TO MAINTAIN LANE,SSI,DAWN/DUSK,CLEAR,DRY,False,39.7287139892578,-86.4814224243164
904328049,2023,2023-08-11,Marion,Indianapolis,WASHINGTON ST & KEALING AVE,Vehicle,RIGHT ANGLE,FAILURE TO YIELD RIGHT OF WAY,SSI,DAYLIGHT,CLEAR,DRY,False,39.7690544128418,-86.1038131713867
904383842,2023,2023-10-31,Marion,Indianapolis,HIGH SCHOOL ROAD  & SUNSET CIR,Vehicle,LEFT TURN,IMPROPER TURNING,SSI,DARK (LIGHTED),CLEAR,DRY,False,39.7103576660156,-86.2696075439453
904490555,2024,2024-04-09,Marion,Indianapolis,HARDING ST AND HOWARD ST,Vehicle,OTHER - EXPLAIN IN NARRATIVE,DISREGARD SIGNAL/REG SIGN,SSI,DAYLIGHT,CLEAR,DRY,False,39.7476234436035,-86.1875
904328105,2023,2023-08-11,Hancock,FORTVILLE,BROADWAY  & OAK,Vehicle,OTHER - EXPLAIN IN NARRATIVE,OTHER (ENVIRONMENTAL) - EXPLAIN IN NARR,SSI,DAYLIGHT,CLEAR,DRY,False,39.9320106506348,-85.8467178344727
904467012,2024,2024-03-02,Boone,Whitestown,131 MM I65 NB,Vehicle,OTHER - EXPLAIN IN NARRATIVE,UNSAFE SPEED,SSI,DAYLIGHT,CLEAR,DRY,True,39.9566230773926,-86.364990234375
904503416,2024,2024-05-09,Hamilton,Carmel,N MICHIGAN ROAD   & WESTON POINTE DR,Vehicle,RIGHT ANGLE,DISREGARD SIGNAL/REG SIGN,SSI,DAYLIGHT,RAIN,WET,False,39.9461631774902,-86.2392120361328
904442175,2024,2024-01-30,Marion,Indianapolis,"I-65 NB, 113.9-MM",Vehicle,REAR END,UNSAFE LANE MOVEMENT,SSI,DAYLIGHT,RAIN,WET,True,39.7884674072266,-86.1664123535156
904384065,2023,2023-10-31,Marion,Indianapolis,5155 S. STATE AVE,Vehicle,RAN OFF ROAD,UNSAFE LANE MOVEMENT,SSI,DAWN/DUSK,CLOUDY,DRY,False,39.687126159668,-86.1301727294922
904484683,2024,2024-04-10,Marion,Indianapolis,10TH ST  & EUCLID AVE,Pedestrian,LEFT TURN,FAILURE TO YIELD RIGHT OF WAY,SSI,DAYLIGHT,CLOUDY,WET,False,39.781436920166,-86.0945434570313
904327100,2023,2023-08-12,Hamilton,Fishers,I-69,Vehicle,NON-COLLISION,OVERCORRECTING/OVERSTEERING,Fatal,DARK (NOT LIGHTED),CLOUDY,DRY,True,39.9557037353516,-86.0062713623047
904482623,2024,2024-03-02,Hamilton,Noblesville,CUMBERLAND RD  & FIELD DR,Vehicle,LEFT TURN,FAILURE TO YIELD RIGHT OF WAY,SSI,DAWN/DUSK,CLEAR,DRY,False,40.0564002990723,-85.9957962036133
904504706,2024,2024-05-09,Hancock,Greenfield,9 & LONGFELLOW LANE,Vehicle,RAN OFF ROAD,DRIVER ILLNESS,SSI,DAYLIGHT,CLOUDY,DRY,False,39.7736740112305,-85.7666397094727
904444311,2024,2024-01-30,Hendricks,,I 70,Vehicle,REAR END,UNSAFE SPEED,SSI,DARK (LIGHTED),CLOUDY,DRY,True,39.6553993225098,-86.3950271606445
904384900,2023,2023-10-31,Marion,Indianapolis,VIRGINIA AVE  & WOODLAWN AVE,Pedestrian,LEFT TURN,FAILURE TO YIELD RIGHT OF WAY,SSI,DAYLIGHT,CLOUDY,DRY,False,39.7529945373535,-86.1408081054688
904484806,2024,2024-04-10,Marion,Indianapolis,E 19TH PL  & N RITTER AVE,Vehicle,OTHER - EXPLAIN IN NARRATIVE,OTHER (VEHICLE) - EXPLAIN IN NARRATIVE,SSI,DAYLIGHT,CLOUDY,DRY,False,39.7933654785156,-86.0739135742188
904327221,2023,2023-08-12,Marion,Indianapolis,S ARLINGTON AVE  & PROSPECT ST,Vehicle,RAN OFF ROAD,OVERCORRECTING/OVERSTEERING,Fatal,DAYLIGHT,CLOUDY,DRY,False,39.7521057128906,-86.0638961791992
904466025,2024,2024-03-03,Hamilton,Noblesville,19 & FIELD DR,Pedestrian,OTHER - EXPLAIN IN NARRATIVE,OTHER (DRIVER) - EXPLAIN IN NARRATIVE,Fatal,DARK (NOT LIGHTED),CLEAR,DRY,False,40.0589179992676,-86.0165557861328
904502205,2024,2024-05-10,Hamilton,Fishers,E 131ST STREET   & NICKEL PLATE TRAIL,Pedestrian,COLLISION WITH OBJECT IN ROAD,FAILURE TO YIELD RIGHT OF WAY,SSI,DAYLIGHT,CLEAR,DRY,False,39.9788284301758,-86.0085372924805
904448610,2024,2024-01-30,Marion,Indianapolis,BEACHWAY DR,Pedestrian,REAR END,PEDESTRIAN ACTION,SSI,DARK (LIGHTED),RAIN,WET,False,39.7780342102051,-86.2686767578125
904384155,2023,2023-11-01,Marion,Indianapolis,6480 S BELMONT STREET,Vehicle,RAN OFF ROAD,DRIVER ASLEEP OR FATIGUED,SSI,DAYLIGHT,CLEAR,DRY,False,39.6710052490234,-86.1970443725586
904328401,2023,2023-08-12,Marion,Indianapolis,W 38TH ST  & GEORGETOWN RD,Pedestrian,RIGHT ANGLE,PEDESTRIAN ACTION,Fatal,DARK (NOT LIGHTED),CLEAR,DRY,False,39.8239936828613,-86.2401580810547
904467615,2024,2024-03-03,Marion,Indianapolis,N HARDING ST  & E 25TH ST,Vehicle,RAN OFF ROAD,OVERCORRECTING/OVERSTEERING,SSI,DARK (LIGHTED),CLEAR,DRY,False,39.8027076721191,-86.1874313354492
904328659,2023,2023-08-12,Hendricks,,CR 525 E  & CR 700 S,Vehicle,RAN OFF ROAD,FAILURE TO MAINTAIN LANE,SSI,DARK (NOT LIGHTED),CLEAR,DRY,False,39.6595611572266,-86.433479309082
904485320,2024,2024-04-10,Marion,Indianapolis,W 62ND ST  & MICHIGAN RD,Vehicle,RAN OFF ROAD,DRIVER ILLNESS,SSI,DAYLIGHT,RAIN,WET,False,39.8681526184082,-86.2018661499023
904502401,2024,2024-05-10,Hancock,Greenfield,MUSKEGON LANE,Vehicle,RAN OFF ROAD,DRIVER DISTRACTED - EXPLAIN IN NARRATIVE,SSI,DAYLIGHT,CLEAR,DRY,False,39.8089561462402,-85.7716751098633
904442575,2024,2024-01-31,Marion,Indianapolis,E 30TH ST  & N SHADELAND AVE,Vehicle,RIGHT ANGLE,DISREGARD SIGNAL/REG SIGN,SSI,DARK (LIGHTED),CLEAR,DRY,False,39.8111457824707,-86.0457763671875
904384555,2023,2023-11-01,Hamilton,,SR 37  & SR 213,Vehicle,RAN OFF ROAD,OTHER (DRIVER) - EXPLAIN IN NARRATIVE,SSI,DARK (LIGHTED),CLOUDY,DRY,False,40.1299743652344,-85.9386367797852
904487418,2024,2024-04-11,Morgan,MONROVIA,I-70 WB,Vehicle,RAN OFF ROAD,ROADWAY SURFACE CONDITION,SSI,DARK (NOT LIGHTED),RAIN,WATER (STANDING OR MOVING),True,39.5968246459961,-86.5273513793945
904502806,2024,2024-05-10,Marion,Indianapolis,KAPPES STREET  & W LAMBERT STREET,Vehicle,NON-COLLISION,FAILURE TO MAINTAIN LANE,SSI,DAWN/DUSK,CLEAR,DRY,False,39.7492523193359,-86.1943588256836
904444081,2024,2024-01-31,Marion,Indianapolis,N SHADELAND AV  & E 30TH ST,Vehicle,HEAD ON BETWEEN TWO MOTOR VEHICLES,LEFT OF CENTER,Fatal,DAYLIGHT,CLEAR,DRY,False,39.811393737793,-86.0456161499023
904468117,2024,2024-03-03,Hendricks,Brownsburg,HOLLOWAY BLVD  & N. COUNTY RD 550 E,Vehicle,RIGHT ANGLE,FAILURE TO YIELD RIGHT OF WAY,SSI,DAYLIGHT,CLEAR,DRY,False,39.8674964904785,-86.4300994873047
904335068,2023,2023-08-12,Marion,Indianapolis,16TH ST & RITTER AVE,Vehicle,RIGHT ANGLE,DISREGARD SIGNAL/REG SIGN,SSI,DAYLIGHT,CLEAR,DRY,False,39.7888145446777,-86.0737838745117
904386654,2023,2023-11-01,Marion,Lawrence,N RICHARDT AVE  & N RICHARDT AVE,Vehicle,LEFT TURN,FAILURE TO YIELD RIGHT OF WAY,SSI,DAYLIGHT,CLEAR,DRY,False,39.8403739929199,-86.0364990234375
904491964,2024,2024-04-11,Hendricks,CLAYTON,CR 900 S  & CR 100 W,Vehicle,RIGHT TURN,FAILURE TO YIELD RIGHT OF WAY,SSI,DAYLIGHT,CLOUDY,WET,False,39.6299934387207,-86.5409927368164
904502809,2024,2024-05-10,Marion,Indianapolis,E 47TH ST  & ALLISONVILLE RD,Vehicle,RAN OFF ROAD,FAILURE TO MAINTAIN LANE,SSI,DARK (LIGHTED),CLEAR,DRY,False,39.8416442871094,-86.1161193847656
904443025,2024,2024-02-01,Marion,Indianapolis,ROCKVILLE RD  & S MICKLEY AVE,Vehicle,RIGHT ANGLE,FAILURE TO YIELD RIGHT OF WAY,SSI,DAYLIGHT,CLEAR,DRY,False,39.7648849487305,-86.260124206543
904465665,2024,2024-03-04,Marion,Speedway,CRAWFORDSVILLE RD  & W.22ND STREET,Vehicle,LEFT/RIGHT TURN,FAILURE TO YIELD RIGHT OF WAY,SSI,DAYLIGHT,CLEAR,DRY,False,39.7941360473633,-86.2563400268555
904327488,2023,2023-08-13,Hamilton,Atlanta,296 ST.  & CARPENTER RD.,Vehicle,RIGHT ANGLE,FAILURE TO YIELD RIGHT OF WAY,SSI,DAYLIGHT,CLOUDY,DRY,False,40.2185935974121,-85.9005889892578
904388591,2023,2023-11-01,Marion,Indianapolis,21ST STREET  & BOLTON AVENUE,Pedestrian,SAME DIRECTION SIDESWIPE,IMPROPER LANE USAGE,Fatal,DARK (LIGHTED),CLOUDY,WET,False,39.7963447570801,-86.0678176879883
904486400,2024,2024-04-12,Boone,,COUNTY ROAD 850 N  & COUNTY ROAD 200 E,Vehicle,RIGHT ANGLE,FAILURE TO YIELD RIGHT OF WAY,SSI,DAYLIGHT,CLEAR,DRY,False,40.1626396179199,-86.4317932128906
904504662,2024,2024-05-10,Marion,Indianapolis,I65,Pedestrian,NON-COLLISION,PEDESTRIAN ACTION,SSI,DARK (NOT LIGHTED),CLEAR,DRY,True,39.8094940185547,-86.1678466796875
904443217,2024,2024-02-01,Marion,Indianapolis,GEORGETOWN RD  & OAKFORGE DR.,Vehicle,RAN OFF ROAD,UNSAFE SPEED,SSI,DARK (LIGHTED),CLEAR,DRY,False,39.862865447998,-86.2423095703125
904466211,2024,2024-03-04,Marion,Indianapolis,N KEYSTONE AVE  & E 46TH ST,Vehicle,RAN OFF ROAD,OTHER (DRIVER) - EXPLAIN IN NARRATIVE,SSI,DARK (NOT LIGHTED),CLOUDY,DRY,False,39.8415603637695,-86.121826171875
904328134,2023,2023-08-13,Marion,Indianapolis,I465 EB,Vehicle,RAN OFF ROAD,OTHER (DRIVER) - EXPLAIN IN NARRATIVE,Fatal,DAYLIGHT,CLEAR,DRY,True,39.7041549682617,-86.0969085693359
904385448,2023,2023-11-02,Hamilton,,US 31  & 226 ST,Vehicle,REAR END,UNSAFE SPEED,Fatal,DARK (NOT LIGHTED),CLEAR,DRY,False,40.1158447265625,-86.1282348632813
904505200,2024,2024-05-10,Marion,Indianapolis,COUNTY LINE ROAD  & TANGLEWOOD DRIVE,Vehicle,LEFT TURN,OVERCORRECTING/OVERSTEERING,SSI,DAYLIGHT,CLEAR,DRY,False,39.6355628967285,-86.1344757080078
904486921,2024,2024-04-12,Marion,Indianapolis,GEORGETOWN RD  & W 36TH ST,Vehicle,RIGHT ANGLE,FAILURE TO YIELD RIGHT OF WAY,SSI,DAYLIGHT,CLOUDY,DRY,False,39.8199844360352,-86.2400283813477
904469121,2024,2024-03-04,Marion,Indianapolis,I 465,Vehicle,RAN OFF ROAD,UNSAFE LANE MOVEMENT,SSI,DAYLIGHT,CLEAR,DRY,True,39.6990661621094,-86.2571640014648
904445206,2024,2024-02-01,Marion,Indianapolis,7700 N. MERIDIAN STREET,Vehicle,RAN OFF ROAD,IMPROPER LANE USAGE,Fatal,DARK (LIGHTED),CLEAR,DRY,False,39.8943176269531,-86.1583404541015
904328414,2023,2023-08-13,Marion,Indianapolis,E RIVERSIDE DR  & ROACHE ST,Vehicle,HEAD ON BETWEEN TWO MOTOR VEHICLES,FAILURE TO YIELD RIGHT OF WAY,SSI,DAYLIGHT,CLEAR,DRY,False,39.8044700622559,-86.191177368164
904385802,2023,2023-11-02,Marion,Indianapolis,29TH ST  & HARDING ST,Pedestrian,COLLISION WITH OBJECT IN ROAD,FAILURE TO YIELD RIGHT OF WAY,SSI,DAYLIGHT,CLEAR,DRY,False,39.8081970214844,-86.1865463256836
904445899,2024,2024-02-01,Hendricks,Avon,CR 100 N  & RONALD REAGAN PKWY,Vehicle,RIGHT ANGLE,DISREGARD SIGNAL/REG SIGN,SSI,DARK (LIGHTED),CLEAR,DRY,False,39.7784194946289,-86.3436126708984
904490614,2024,2024-04-12,Marion,Indianapolis,I 465,Vehicle,RAN OFF ROAD,OVERCORRECTING/OVERSTEERING,SSI,DARK (NOT LIGHTED),RAIN,WET,True,39.8970947265625,-86.0578765869141
904328489,2023,2023-08-13,Marion,Indianapolis,FAIRFIELD AVE & CENTRAL AVE,Vehicle,RAN OFF ROAD,RAN OFF ROAD RIGHT,SSI,DARK (LIGHTED),CLEAR,DRY,False,39.8174285888672,-86.1496353149414
904466908,2024,2024-03-05,Marion,Indianapolis,W STOP 11 RD  & SOUTHERN OAKS DR,Vehicle,RAN OFF ROAD,OTHER (ENVIRONMENTAL) - EXPLAIN IN NARR,SSI,DAYLIGHT,CLOUDY,DRY,False,39.6496238708496,-86.1765518188476
904506277,2024,2024-05-10,Hamilton,Noblesville,38 & LITTLE CHICAGO RD,Vehicle,REAR END,OTHER (DRIVER) - EXPLAIN IN NARRATIVE,SSI,DAYLIGHT,CLEAR,DRY,False,40.06982421875,-86.0712051391601
904387023,2023,2023-11-02,Marion,Indianapolis,MASSACHUSETTS AVENUE  & 38TH STREET,Vehicle,RIGHT ANGLE,FAILURE TO YIELD RIGHT OF WAY,SSI,DARK (LIGHTED),CLEAR,DRY,False,39.8246879577637,-86.0513305664063
904443444,2024,2024-02-02,Marion,Indianapolis,W MICHIGAN ST  & N BLACKFORD ST,Vehicle,REAR END,FOLLOWING TOO CLOSELY,SSI,DARK (LIGHTED),CLEAR,DRY,False,39.7744216918945,-86.170036315918
904487023,2024,2024-04-13,Marion,Indianapolis,CARSON AV  & NORTON AV,Pedestrian,RAN OFF ROAD,FAILURE TO MAINTAIN LANE,SSI,DAYLIGHT,CLEAR,DRY,False,39.7138595581055,-86.1276321411133
904329723,2023,2023-08-13,Marion,Indianapolis,W 27TH ST  & DR MARTIN LUTHER KING JR ST,Vehicle,LEFT TURN,FAILURE TO YIELD RIGHT OF WAY,SSI,DARK (LIGHTED),CLEAR,DRY,False,39.8052940368652,-86.1714935302735
904469772,2024,2024-03-05,Hendricks,,EAGLE CROSSING BLVD  & MEMORIAL KNOLL DR,Vehicle,RAN OFF ROAD,OTHER (DRIVER) - EXPLAIN IN NARRATIVE,Fatal,DAYLIGHT,CLOUDY,DRY,False,39.8572998046875,-86.3399276733398
904514857,2024,2024-05-10,Marion,Indianapolis,I 70,Vehicle,REAR END,FOLLOWING TOO CLOSELY,SSI,DAYLIGHT,CLEAR,DRY,True,39.7995872497559,-86.0264358520508
904385875,2023,2023-11-03,Hamilton,Fishers,OLIVIA WAY,Vehicle,RAN OFF ROAD,OTHER (DRIVER) - EXPLAIN IN NARRATIVE,SSI,DARK (NOT LIGHTED),CLEAR,DRY,False,39.9889297485351,-85.9192657470703
904444591,2024,2024-02-02,Marion,Indianapolis,ALLISONVILLE RD  & E 86TH STREET,Vehicle,REAR END,OTHER (DRIVER) - EXPLAIN IN NARRATIVE,SSI,DARK (LIGHTED),CLEAR,DRY,False,39.9123916625976,-86.0751571655273
904487429,2024,2024-04-13,Morgan,,BETHEL ROAD  & SR 42,Vehicle,RAN OFF ROAD,OVERCORRECTING/OVERSTEERING,SSI,DAYLIGHT,CLEAR,DRY,False,39.6007041931152,-86.3892822265625
904329767,2023,2023-08-13,Marion,Indianapolis,E 30TH ST  & ORCHARD AVE,Pedalcycle,OTHER - EXPLAIN IN NARRATIVE,LEFT OF CENTER,Fatal,DAWN/DUSK,CLOUDY,DRY,False,39.8107604980469,-86.1282730102539
904467130,2024,2024-03-06,Boone,Whitestown,E WHITESTOWN PARKWAY,Pedestrian,OTHER - EXPLAIN IN NARRATIVE,FAILURE TO YIELD RIGHT OF WAY,SSI,DAYLIGHT,CLOUDY,DRY,False,39.9478416442871,-86.3417892456055
904502510,2024,2024-05-11,Boone,Lebanon,BIRCHWOOD DR.  & S. EAST ST.,Vehicle,NON-COLLISION,OTHER (DRIVER) - EXPLAIN IN NARRATIVE,SSI,DARK (NOT LIGHTED),CLEAR,DRY,False,40.0324783325195,-86.4667816162109
904387057,2023,2023-11-03,Marion,Indianapolis,N POST RD  & E 30TH ST,Vehicle,LEFT TURN,FAILURE TO YIELD RIGHT OF WAY,SSI,DARK (LIGHTED),CLEAR,DRY,False,39.8113479614258,-86.0097961425781
904445157,2024,2024-02-02,Marion,Indianapolis,E 38TH ST  & N WHITTIER PL,Vehicle,RIGHT ANGLE,FAILURE TO YIELD RIGHT OF WAY,SSI,DAWN/DUSK,CLOUDY,DRY,False,39.8253974914551,-86.0750579833985
904327589,2023,2023-08-14,Hendricks,,I-74,Pedestrian,COLLISION WITH ANIMAL OTHER,ANIMAL/OBJECT IN ROADWAY,Fatal,DARK (NOT LIGHTED),CLOUDY,DRY,True,39.8326148986816,-86.3358306884765
904467437,2024,2024-03-06,Marion,Indianapolis,W 30TH ST  & MIDVALE DR,Vehicle,HEAD ON BETWEEN TWO MOTOR VEHICLES,FAILURE TO MAINTAIN LANE,SSI,DARK (LIGHTED),CLEAR,DRY,False,39.8093910217285,-86.2375564575195
904502656,2024,2024-05-11,Boone,Whitestown,WHITESTOWN PARKWAY  & ROYAL RUN BLVD,Vehicle,OTHER - EXPLAIN IN NARRATIVE,OTHER (DRIVER) - EXPLAIN IN NARRATIVE,SSI,DAYLIGHT,CLEAR,DRY,False,39.9491996765137,-86.3450698852539
904474677,2024,2024-03-06,Marion,Indianapolis,E 36TH ST  & TACOMA AVE,Vehicle,RIGHT ANGLE,DISREGARD SIGNAL/REG SIGN,SSI,DAYLIGHT,CLEAR,DRY,False,39.8218421936035,-86.1200408935547
904487444,2024,2024-04-13,Marion,Indianapolis,2000 N TIBBS AVE,Pedestrian,COLLISION WITH OBJECT IN ROAD,UNSAFE LANE MOVEMENT,Fatal,DARK (NOT LIGHTED),CLEAR,DRY,False,39.7933959960938,-86.2165679931641
904329158,2023,2023-08-14,Marion,Indianapolis,MERDIAN,Vehicle,HEAD ON BETWEEN TWO MOTOR VEHICLES,FAILURE TO MAINTAIN LANE,SSI,DAYLIGHT,RAIN,WET,False,39.8229484558105,-86.1568984985352
904390596,2023,2023-11-03,Marion,Indianapolis,NORTH MITTHOEFFER RD  & EAST 21ST STREET,Vehicle,RIGHT ANGLE,DISREGARD SIGNAL/REG SIGN,Fatal,DAYLIGHT,CLEAR,DRY,False,39.7968711853027,-85.9906005859375
904449310,2024,2024-02-02,Hancock,,CR 400   & CR 380,Vehicle,RAN OFF ROAD,DRIVER ILLNESS,SSI,DARK (LIGHTED),CLOUDY,DRY,False,39.7319145202637,-85.8764801025391
904332325,2023,2023-08-14,Hamilton,Fishers,E 116TH ST,Pedestrian,OTHER - EXPLAIN IN NARRATIVE,DRIVER DISTRACTED - EXPLAIN IN NARRATIVE,SSI,DAYLIGHT,CLEAR,DRY,False,39.9566841125488,-86.0383605957031
904487713,2024,2024-04-13,Hamilton,Carmel,US 31 RAMP N  & W MAIN ST,Pedalcycle,OTHER - EXPLAIN IN NARRATIVE,FAILURE TO YIELD RIGHT OF WAY,SSI,DAYLIGHT,CLEAR,DRY,False,39.977783203125,-86.1565475463867
904386980,2023,2023-11-04,Hamilton,Westfield,OAK RIDGE ROAD   & 156TH STREET,Vehicle,RIGHT ANGLE,FAILURE TO YIELD RIGHT OF WAY,SSI,DAYLIGHT,CLEAR,DRY,False,40.0141677856445,-86.1459274291992
904503163,2024,2024-05-11,Marion,Indianapolis,W 62ND STREET   & MICHIGAN ROAD,Vehicle,LEFT TURN,UNSAFE SPEED,SSI,DARK (LIGHTED),CLEAR,DRY,False,39.8681182861328,-86.201774597168
904467762,2024,2024-03-07,Hancock,Greenfield,MAIN ST  & PRARIE MEADOWS,Vehicle,REAR END,FOLLOWING TOO CLOSELY,SSI,DAYLIGHT,CLEAR,DRY,False,39.7827987670898,-85.820327758789
904451568,2024,2024-02-02,Hendricks,Plainfield,HOWELL DR  & ALBERTSON DR,Vehicle,RIGHT ANGLE,DISREGARD SIGNAL/REG SIGN,SSI,DAYLIGHT,CLOUDY,DRY,False,39.7404327392578,-86.3273696899414
904329388,2023,2023-08-15,Johnson,TRAFALGAR,W 450 SOUTH,Vehicle,RAN OFF ROAD,IMPROPER LANE USAGE,SSI,DARK (NOT LIGHTED),CLEAR,DRY,False,39.4089813232422,-86.1858062744141
904488957,2024,2024-04-13,Marion,Indianapolis,E EDGEWOOD AVE  & S GALE ST,Vehicle,RIGHT ANGLE,FAILURE TO YIELD RIGHT OF WAY,SSI,DAYLIGHT,CLEAR,DRY,False,39.6800270080566,-86.1052169799805
904387719,2023,2023-11-04,Marion,Indianapolis,I465 EB 28.0 MM,Vehicle,REAR END,OTHER (DRIVER) - EXPLAIN IN NARRATIVE,SSI,DARK (NOT LIGHTED),CLEAR,DRY,True,39.9240684509277,-86.2066955566406
904503289,2024,2024-05-11,Marion,Indianapolis,W 41ST ST PL  & N VINEWOOD AVE,Pedestrian,RIGHT ANGLE,PEDESTRIAN ACTION,SSI,DAYLIGHT,CLEAR,DRY,False,39.8305892944336,-86.2646026611328
904467908,2024,2024-03-07,Marion,Indianapolis,HIGHSCHOOL RD  & 34TH ST,Vehicle,REAR END,FOLLOWING TOO CLOSELY,SSI,DAYLIGHT,CLEAR,DRY,False,39.8161354064941,-86.270133972168
904444492,2024,2024-02-03,Marion,Indianapolis,I65 SB,Vehicle,RAN OFF ROAD,UNSAFE LANE MOVEMENT,SSI,DARK (LIGHTED),CLEAR,DRY,True,39.6733703613281,-86.0988235473633
904329752,2023,2023-08-15,Hamilton,Noblesville,CAMPUS PKWY & BERGEN BLVD,Vehicle,LEFT TURN,FAILURE TO YIELD RIGHT OF WAY,SSI,DARK (LIGHTED),CLEAR,DRY,False,39.9939422607422,-85.9283218383789
904490384,2024,2024-04-13,Hamilton,Noblesville,PRESLEY DR  & MURRAY PL,Vehicle,RAN OFF ROAD,OTHER (DRIVER) - EXPLAIN IN NARRATIVE,SSI,DARK (LIGHTED),CLEAR,DRY,False,40.0491638183594,-85.9878005981445
904387764,2023,2023-11-04,Marion,Indianapolis,I 465,Vehicle,REAR END,UNSAFE LANE MOVEMENT,SSI,DAWN/DUSK,CLEAR,DRY,True,39.7681427001953,-86.0295944213867
904517696,2024,2024-05-11,Marion,Beech Grove,9TH AV  & RODERICK CT,Pedestrian,COLLISION WITH OBJECT IN ROAD,PEDESTRIAN ACTION,Fatal,DARK (LIGHTED),CLEAR,DRY,False,39.6979484558106,-86.091911315918
904477603,2024,2024-03-07,Marion,Indianapolis,I465 SB 43.5 MM,Vehicle,SAME DIRECTION SIDESWIPE,UNSAFE LANE MOVEMENT,Fatal,DAWN/DUSK,CLEAR,DRY,True,39.803092956543,-86.0322265625