id,year,date,county,city,cross_street,crash_type,manner,primary_factor,ssi_fatal,light,weather,surface,interstate,lat,lon
904329792,2023,2023-08-15,Hendricks,,CR 800 S  & CR 525 E,Vehicle,RAN OFF ROAD,FAILURE TO MAINTAIN LANE,SSI,DAYLIGHT,CLOUDY,DRY,False,39.6449241638184,-86.4323577880859
904493196,2024,2024-04-13,Marion,Indianapolis,S EDGEHILL RD  & W HENRY ST,Vehicle,RIGHT ANGLE,DISREGARD SIGNAL/REG SIGN,SSI,DAYLIGHT,CLOUDY,DRY,False,39.7591323852539,-86.2391967773438
904506593,2024,2024-05-12,Marion,Indianapolis,E. 42ND STREET  & ARBORCREST DRIVE,Vehicle,RIGHT ANGLE,FAILURE TO YIELD RIGHT OF WAY,Fatal,DAYLIGHT,CLEAR,DRY,False,39.8332862854004,-86.0227737426758
904331736,2023,2023-08-15,Marion,Indianapolis,N ARLINGTON AVE  & E 12TH ST,Vehicle,RIGHT ANGLE,FAILURE TO YIELD RIGHT OF WAY,Fatal,DAYLIGHT,CLOUDY,DRY,False,39.7844543457031,-86.0643005371094
904444537,2024,2024-02-03,Marion,Indianapolis,N KEYSTONE AV,Vehicle,HEAD ON BETWEEN TWO MOTOR VEHICLES,LEFT OF CENTER,Fatal,DARK (LIGHTED),CLEAR,DRY,False,39.8051605224609,-86.1215362548828
904389661,2023,2023-11-04,Shelby,SHELBYVILLE,CR 600   & CR 75,Vehicle,RIGHT TURN,OTHER (DRIVER) - EXPLAIN IN NARRATIVE,SSI,DAYLIGHT,CLOUDY,DRY,False,39.6111259460449,-85.795654296875
904501926,2024,2024-03-07,Marion,Indianapolis,RAYMOND ST  & CHURCHMAN AVE,Vehicle,HEAD ON BETWEEN TWO MOTOR VEHICLES,FAILURE TO YIELD RIGHT OF WAY,SSI,DAWN/DUSK,CLOUDY,WET,False,39.7377815246582,-86.1187973022461
904503505,2024,2024-05-13,Hendricks,Avon,ROCKVILLE RD  & SHILOH CROSSING DR,Vehicle,REAR END,FOLLOWING TOO CLOSELY,SSI,DAYLIGHT,CLEAR,DRY,False,39.7636985778809,-86.3414916992188
904389815,2023,2023-11-04,Marion,Speedway,CRAWFORDSVILLE RD,Vehicle,NON-COLLISION,OVERCORRECTING/OVERSTEERING,SSI,DARK (LIGHTED),CLOUDY,DRY,False,39.7953681945801,-86.2598266601563
904444831,2024,2024-02-03,Johnson,Greenwood,MAIN ST  & STONEYBROOK GROVE DR,Vehicle,REAR END,DRIVER DISTRACTED - EXPLAIN IN NARRATIVE,SSI,DAYLIGHT,CLEAR,DRY,False,39.6132507324219,-86.1534881591797
904486898,2024,2024-04-14,Hancock,Greenfield,STATED ROAD 9  & I 70,Vehicle,LEFT TURN,FAILURE TO YIELD RIGHT OF WAY,SSI,DAYLIGHT,CLEAR,DRY,True,39.8220634460449,-85.7698287963867
904468659,2024,2024-03-08,Marion,Indianapolis,"I-465 NB, 47.5 MM",Vehicle,RAN OFF ROAD,OTHER (DRIVER) - EXPLAIN IN NARRATIVE,SSI,DAYLIGHT,RAIN,WET,True,39.7485809326172,-86.0352249145508
904366155,2023,2023-08-15,Morgan,CROWN CENTER,I 70,Vehicle,RAN OFF ROAD,DRIVER ASLEEP OR FATIGUED,SSI,DAYLIGHT,CLOUDY,DRY,True,39.588062286377,-86.5642929077148
904504603,2024,2024-05-13,Marion,Indianapolis,S MERIDIAN ST  & E MARYLAND ST,Vehicle,REAR END,FOLLOWING TOO CLOSELY,SSI,DAYLIGHT,CLEAR,DRY,False,39.7656364440918,-86.1581726074219
904392525,2023,2023-11-04,Hamilton,Noblesville,146TH ST & PROMISE RD,Vehicle,RAN OFF ROAD,RAN OFF ROAD RIGHT,Fatal,DARK (NOT LIGHTED),CLEAR,DRY,False,40.0009918212891,-85.9783554077148
904448675,2024,2024-02-03,Morgan,MARTINSVILLE,I69 NORTH BOUND,Vehicle,REAR END,CELL PHONE USAGE,SSI,DARK (LIGHTED),CLEAR,DRY,True,39.4110450744629,-86.4196395874023
904487948,2024,2024-04-14,Marion,Indianapolis,S EAST STREET  & E. MARKWOOD AVENUE,Vehicle,LEFT/RIGHT TURN,IMPROPER TURNING,SSI,DAYLIGHT,CLEAR,DRY,False,39.7034873962402,-86.1487884521484
904468661,2024,2024-03-08,Marion,Indianapolis,I-65,Vehicle,REAR END,FOLLOWING TOO CLOSELY,SSI,DAYLIGHT,RAIN,WET,True,39.770435333252,-86.1427459716797
904330284,2023,2023-08-16,Marion,Indianapolis,38TH ST & 36TH PL,Vehicle,SAME DIRECTION SIDESWIPE,FAILURE TO YIELD RIGHT OF WAY,SSI,DAYLIGHT,CLEAR,DRY,False,39.8262405395508,-85.9997787475586
904514956,2024,2024-05-13,Shelby,FAIRLAND,I 74,Vehicle,REAR END,FOLLOWING TOO CLOSELY,Fatal,DAYLIGHT,CLEAR,DRY,True,39.5583610534668,-85.7877044677734
904393404,2023,2023-11-04,Marion,Indianapolis,I 65,Vehicle,SAME DIRECTION SIDESWIPE,UNSAFE SPEED,SSI,DARK (LIGHTED),CLEAR,DRY,True,39.8119201660156,-86.1766128540039
904444674,2024,2024-02-04,Marion,Indianapolis,W WASHINGTON ST  & S SHEFFIELD AVE,Vehicle,LEFT TURN,OTHER (DRIVER) - EXPLAIN IN NARRATIVE,SSI,DAYLIGHT,CLOUDY,DRY,False,39.7661437988281,-86.1983108520508
904488984,2024,2024-04-14,Marion,Indianapolis,E 56TH STREET  & N. ARLINGTON AVENUE,Vehicle,LEFT TURN,UNSAFE SPEED,Fatal,DAYLIGHT,CLEAR,DRY,False,39.8550491333008,-86.0652465820313
904469091,2024,2024-03-08,Morgan,MARTINSVILLE,I69 NB,Vehicle,REAR END,ROADWAY SURFACE CONDITION,SSI,DAYLIGHT,RAIN,WET,True,39.4936065673828,-86.3447036743164
904330319,2023,2023-08-16,Marion,Indianapolis,30TH ST & SHADELAND AVE,Vehicle,HEAD ON BETWEEN TWO MOTOR VEHICLES,DISREGARD SIGNAL/REG SIGN,SSI,DARK (LIGHTED),CLEAR,DRY,False,39.8109436035156,-86.0455703735352
904504272,2024,2024-05-14,Marion,Indianapolis,FRANKLIN RD  & GRETA DR.,Vehicle,REAR END,FOLLOWING TOO CLOSELY,SSI,DAYLIGHT,RAIN,WET,False,39.6844215393066,-86.0185089111328
904444703,2024,2024-02-04,Marion,Indianapolis,SAM JONES EXPRESSWAY,Vehicle,OTHER - EXPLAIN IN NARRATIVE,OVERCORRECTING/OVERSTEERING,SSI,DAYLIGHT,CLEAR,DRY,False,39.7298278808594,-86.2572937011719
904504348,2024,2024-05-14,Morgan,MARTINSVILLE,E SR 252  & LEONARD RD,Vehicle,RAN OFF ROAD,SPEED TOO FAST FOR WEATHER CONDITIONS,SSI,DAYLIGHT,CLEAR,DRY,False,39.409969329834,-86.354736328125
904491570,2024,2024-04-14,Johnson,Franklin,I 65,Vehicle,RAN OFF ROAD,ENGINE FAILURE OR DEFECTIVE,SSI,DAYLIGHT,CLEAR,DRY,True,39.4911880493164,-86.0160598754883
904457322,2024,2024-02-05,Hamilton,Noblesville,I 69   &   S,Vehicle,REAR END,FOLLOWING TOO CLOSELY,SSI,DARK (NOT LIGHTED),CLEAR,DRY,True,39.9903755187988,-85.9273681640625
904394562,2023,2023-11-04,Marion,Indianapolis,I 65 SB 111.5,Vehicle,SAME DIRECTION SIDESWIPE,FAILURE TO YIELD RIGHT OF WAY,SSI,DAYLIGHT,CLEAR,DRY,True,39.7707099914551,-86.142936706543
904468686,2024,2024-03-09,Hamilton,,234 ST  & CUMBERLAND RD,Vehicle,RAN OFF ROAD,DISREGARD SIGNAL/REG SIGN,SSI,DARK (NOT LIGHTED),RAIN,WET,False,40.1286163330078,-85.9944076538086
904330358,2023,2023-08-16,Marion,Indianapolis,MICHIGAN RD  & W HILAND DR,Vehicle,RIGHT ANGLE,FAILURE TO YIELD RIGHT OF WAY,SSI,DAYLIGHT,CLEAR,DRY,False,39.8864974975586,-86.2106399536133
904460785,2024,2024-02-05,Marion,Indianapolis,FALL CREEK N  & KEYSTONE AVE,Vehicle,RIGHT ANGLE,OTHER (DRIVER) - EXPLAIN IN NARRATIVE,SSI,DARK (LIGHTED),CLEAR,DRY,False,39.8352012634277,-86.121841430664
904387211,2023,2023-11-05,Shelby,Edinburgh,STATE ROAD 252  & I-65 OFF RAMP,Vehicle,OTHER - EXPLAIN IN NARRATIVE,OTHER (DRIVER) - EXPLAIN IN NARRATIVE,SSI,DARK (LIGHTED),CLEAR,DRY,True,39.3621940612793,-85.9438781738281
904504376,2024,2024-05-14,Hendricks,Avon,E COUNTY ROAD 100 N  & SUNSET BLVD,Vehicle,REAR END,FOLLOWING TOO CLOSELY,SSI,DAYLIGHT,RAIN,WET,False,39.7781867980957,-86.3586807250977
904487703,2024,2024-04-15,Marion,Indianapolis,82ND ST  & CLEARVISTA PKY,Vehicle,RIGHT ANGLE,FAILURE TO YIELD RIGHT OF WAY,SSI,DAYLIGHT,CLEAR,DRY,False,39.9052543640137,-86.0395202636719
904330659,2023,2023-08-16,Marion,Indianapolis,N GRAHAM AVE  & 11TH ST,Vehicle,REAR END,OVERCORRECTING/OVERSTEERING,SSI,DARK (NOT LIGHTED),CLEAR,DRY,False,39.783992767334,-86.0690231323242
904470112,2024,2024-03-09,Marion,Indianapolis,N COLLEGE AVE  & MASSACHUSETTS AVE,Pedestrian,NON-COLLISION,FAILURE TO MAINTAIN LANE,Fatal,DARK (LIGHTED),CLOUDY,WET,False,39.7776374816894,-86.1452331542969
904446166,2024,2024-02-06,Hamilton,Carmel,31 & 111TH STREET,Vehicle,REAR END,FOLLOWING TOO CLOSELY,SSI,DAYLIGHT,CLEAR,DRY,False,39.9489631652832,-86.1580352783203
904389422,2023,2023-11-05,Marion,Lawrence,FRANKLIN ROAD  & 45TH STREET,Pedestrian,COLLISION WITH OBJECT IN ROAD,PEDESTRIAN ACTION,Fatal,DARK (LIGHTED),CLEAR,DRY,False,39.8389854431152,-86.0271148681641
904505040,2024,2024-05-14,Morgan,MARTINSVILLE,E MAPLETURN ROAD  & BARKINGWOOD DR,Vehicle,HEAD ON BETWEEN TWO MOTOR VEHICLES,LEFT OF CENTER,SSI,DAYLIGHT,RAIN,WET,False,39.4769439697265,-86.3837509155273
904488167,2024,2024-04-15,Marion,Indianapolis,W WASHINGTON ST  & S HIGH SCHOOL ROAD,Vehicle,SAME DIRECTION SIDESWIPE,OTHER (DRIVER) - EXPLAIN IN NARRATIVE,SSI,DAYLIGHT,CLEAR,DRY,False,39.7467880249023,-86.2703323364258
904330578,2023,2023-08-17,Hendricks,Plainfield,I-70,Vehicle,REAR END,SPEED TOO FAST FOR WEATHER CONDITIONS,SSI,DAYLIGHT,RAIN,WET,True,39.6668930053711,-86.3711090087891
904472061,2024,2024-03-09,Marion,Indianapolis,S EAST ST,Pedestrian,SAME DIRECTION SIDESWIPE,PEDESTRIAN ACTION,Fatal,DARK (NOT LIGHTED),CLOUDY,DRY,False,39.6771965026856,-86.1491241455078
904446328,2024,2024-02-06,Marion,Indianapolis,US 31 S  & NORHPORT RD,Pedestrian,RIGHT ANGLE,PEDESTRIAN ACTION,Fatal,DARK (NOT LIGHTED),CLEAR,DRY,False,39.6369705200195,-86.1277008056641
904392919,2023,2023-11-05,Hendricks,COATESVILLE,CR 600 S  & CR 525 W,Vehicle,RAN OFF ROAD,OTHER (DRIVER) - EXPLAIN IN NARRATIVE,SSI,DARK (NOT LIGHTED),CLEAR,DRY,False,39.6736869812012,-86.6222991943359
904506624,2024,2024-05-14,Hamilton,Noblesville,38 & MONTEREY DR,Vehicle,OTHER - EXPLAIN IN NARRATIVE,UNSAFE SPEED,SSI,DARK (LIGHTED),CLEAR,DRY,False,40.0518264770508,-86.0287780761719
904488383,2024,2024-04-15,Marion,Indianapolis,COUNTY LINE ROAD  & COSTCO DRIVE,Pedestrian,OTHER - EXPLAIN IN NARRATIVE,PEDESTRIAN ACTION,Fatal,DARK (NOT LIGHTED),CLEAR,DRY,False,39.6363067626953,-86.0870895385742
904330660,2023,2023-08-17,Hancock,McCordsville,W 600 N  & N ROCKINGHAM LN,Vehicle,RIGHT TURN,UNSAFE SPEED,SSI,DAYLIGHT,CLEAR,DRY,False,39.8699989318848,-85.9246597290039
904470070,2024,2024-03-11,Shelby,Edinburgh,900 & DEL CHAR NORTH DRIVE,Vehicle,RAN OFF ROAD,FAILURE TO MAINTAIN LANE,Fatal,DAYLIGHT,CLEAR,DRY,False,39.3985633850098,-85.9530029296875
904392925,2023,2023-11-05,Hendricks,COATESVILLE,CR 600 S  & CR 525 W,Vehicle,COLLISION WITH OBJECT IN ROAD,ANIMAL/OBJECT IN ROADWAY,SSI,DARK (NOT LIGHTED),CLEAR,DRY,False,39.6736946105957,-86.6227111816406
904461688,2024,2024-02-06,Hamilton,Noblesville,GREENFIELD AVE  & NAVAGATION WAY,Vehicle,REAR END,DRIVER DISTRACTED - EXPLAIN IN NARRATIVE,SSI,DARK (NOT LIGHTED),CLEAR,DRY,False,40.0194053649902,-85.9919128417969
904507971,2024,2024-05-14,Marion,Indianapolis,62ND STREET  & SHERMAN DR,Vehicle,RIGHT ANGLE,FAILURE TO YIELD RIGHT OF WAY,Fatal,DAYLIGHT,RAIN,WET,False,39.8686599731445,-86.103271484375
904331691,2023,2023-08-17,Hancock,,6907 W. JENNIFER DR.,Vehicle,OTHER - EXPLAIN IN NARRATIVE,UNSAFE SPEED,SSI,DAYLIGHT,CLOUDY,DRY,False,39.7955093383789,-85.9288177490235
904488445,2024,2024-04-15,Johnson,Greenwood,31 & FRY RD,Vehicle,REAR END,FOLLOWING TOO CLOSELY,SSI,DAYLIGHT,CLEAR,DRY,False,39.6282501220703,-86.1217498779297
904471232,2024,2024-03-11,Hendricks,,CR 1000 N  & CR 750 E,Vehicle,RAN OFF ROAD,UNSAFE LANE MOVEMENT,SSI,DAYLIGHT,CLEAR,DRY,False,39.9091682434082,-86.3913192749023
904446598,2024,2024-02-07,Morgan,MARTINSVILLE,MAHALASVILLE RD  & CRAMERTOWN LOOP,Vehicle,RAN OFF ROAD,UNSAFE SPEED,SSI,DAWN/DUSK,CLEAR,DRY,False,39.3903388977051,-86.4037704467773
904508588,2024,2024-05-14,Marion,Indianapolis,SR 37 S  & S HARDING ST,Vehicle,OPPOSITE DIRECTION SIDESWIPE,WRONG WAY ON ONE WAY,Fatal,DAYLIGHT,RAIN,WET,False,39.6906280517578,-86.1882858276367
904393235,2023,2023-11-06,Marion,Indianapolis,I 465,Vehicle,REAR END,UNSAFE SPEED,SSI,DARK (LIGHTED),CLEAR,DRY,True,39.9221801757813,-86.115119934082
904489974,2024,2024-04-15,Marion,Indianapolis,GUION RD,Vehicle,REAR END,FOLLOWING TOO CLOSELY,SSI,DAYLIGHT,CLEAR,DRY,False,39.8375358581543,-86.2293319702148
904470209,2024,2024-03-12,Marion,Indianapolis,MICHIGAN RD  & 76TH ST,Vehicle,RAN OFF ROAD,OTHER (DRIVER) - EXPLAIN IN NARRATIVE,SSI,DAYLIGHT,CLEAR,DRY,False,39.8898315429687,-86.2123031616211
904331406,2023,2023-08-18,Marion,Indianapolis,I 465,Vehicle,REAR END,FAILURE TO YIELD RIGHT OF WAY,SSI,DARK (LIGHTED),CLEAR,DRY,True,39.8289375305176,-86.0340881347656
904446715,2024,2024-02-07,Marion,Lawrence,I 465,Vehicle,REAR END,FOLLOWING TOO CLOSELY,SSI,DAYLIGHT,CLOUDY,DRY,True,39.8448600769043,-86.0428695678711
904504954,2024,2024-05-15,Marion,Indianapolis,MERIDIAN STREET  & 86TH ST,Vehicle,RIGHT ANGLE,FAILURE TO YIELD RIGHT OF WAY,SSI,DAYLIGHT,CLOUDY,WET,False,39.916015625,-86.1578674316406
904395656,2023,2023-11-06,Johnson,Greenwood,E COUNTY LINE ROAD  & AIRPORT PARKWAY,Vehicle,HEAD ON BETWEEN TWO MOTOR VEHICLES,FAILURE TO YIELD RIGHT OF WAY,SSI,DAWN/DUSK,CLOUDY,DRY,False,39.6360244750976,-86.0962905883789
904509857,2024,2024-04-15,Hendricks,Plainfield,267 & MARTOCK DR,Vehicle,RIGHT ANGLE,OTHER (DRIVER) - EXPLAIN IN NARRATIVE,SSI,DARK (NOT LIGHTED),CLEAR,DRY,False,39.7238273620606,-86.399528503418
904470587,2024,2024-03-12,Marion,Indianapolis,KESSLER BOULEVARD NORTH DR  & COLERAIN DR,Pedestrian,OTHER - EXPLAIN IN NARRATIVE,PEDESTRIAN ACTION,SSI,DAYLIGHT,CLEAR,DRY,False,39.8030967712402,-86.2110137939453
904332029,2023,2023-08-18,Marion,Indianapolis,TOWNSHIP LINE RD & PARC CHATEAU W DR,Vehicle,RIGHT TURN,FAILURE TO YIELD RIGHT OF WAY,SSI,DAYLIGHT,CLOUDY,DRY,False,39.8826065063476,-86.2030715942383
904447426,2024,2024-02-07,Marion,Beech Grove,S 9TH AVE  & GROVEWOOD DR,Vehicle,HEAD ON BETWEEN TWO MOTOR VEHICLES,LEFT OF CENTER,Fatal,DAYLIGHT,CLEAR,DRY,False,39.7041702270508,-86.0920257568359
904508135,2024,2024-05-15,Marion,Speedway,N HIGH SCHOOL RD  & EMBASSY ROW,Vehicle,RIGHT ANGLE,UNSAFE SPEED,Fatal,DAYLIGHT,RAIN,WET,False,39.8048667907715,-86.2699737548828
904398397,2023,2023-11-06,Marion,Indianapolis,E WASHINGTON ST.  & N. COLORADO AVE.,Vehicle,RAN OFF ROAD,DRIVER DISTRACTED - EXPLAIN IN NARRATIVE,SSI,DAYLIGHT,CLEAR,DRY,False,39.7696723937988,-86.0949554443359
904488063,2024,2024-04-16,Hamilton,,MIDDLETOWN AVE  & CYNTHEANNE RD,Vehicle,RAN OFF ROAD,UNSAFE SPEED,SSI,DARK (NOT LIGHTED),CLEAR,DRY,False,40.0590476989746,-85.8847274780273
904472075,2024,2024-03-12,Boone,,CR 25 W  & CR 600 S,Vehicle,REAR END,UNSAFE SPEED,SSI,DAYLIGHT,CLEAR,DRY,False,39.9520149230957,-86.4734268188477
904332630,2023,2023-08-18,Marion,Indianapolis,71ST ST & ZIONSVILLE RD,Vehicle,RIGHT ANGLE,FAILURE TO YIELD RIGHT OF WAY,SSI,DAYLIGHT,CLEAR,DRY,False,39.8814392089844,-86.2598876953125
904449245,2024,2024-02-07,Boone,Lebanon,I 65,Pedestrian,OTHER - EXPLAIN IN NARRATIVE,PEDESTRIAN ACTION,Fatal,DARK (NOT LIGHTED),CLEAR,DRY,True,40.0444374084473,-86.4875259399414
904515710,2024,2024-05-15,Johnson,Edinburgh,"I-65 SB, 84.0 MM",Vehicle,SAME DIRECTION SIDESWIPE,OTHER (DRIVER) - EXPLAIN IN NARRATIVE,SSI,DAYLIGHT,CLEAR,DRY,True,39.4139595031738,-85.9601135253906
904488654,2024,2024-04-16,Johnson,Whiteland,COUNTRYWOOD DRIVE  & HIGHWAY US 31,Vehicle,OTHER - EXPLAIN IN NARRATIVE,FAILURE TO YIELD RIGHT OF WAY,Fatal,DARK (LIGHTED),CLEAR,DRY,False,39.5627517700195,-86.0918197631836
904388739,2023,2023-11-07,Marion,Indianapolis,E WASHINGTON ST,Pedestrian,OTHER - EXPLAIN IN NARRATIVE,DRIVER DISTRACTED - EXPLAIN IN NARRATIVE,SSI,DAYLIGHT,CLEAR,DRY,False,39.7707138061523,-86.0574417114258
904474981,2024,2024-03-12,Marion,Lawrence,N KITLEY AVE,Vehicle,HEAD ON BETWEEN TWO MOTOR VEHICLES,UNSAFE SPEED,SSI,DARK (NOT LIGHTED),CLEAR,DRY,False,39.8428230285645,-86.0551071166992
904332657,2023,2023-08-18,Marion,Indianapolis,MERIDIAN ST & YOKE ST,Vehicle,RAN OFF ROAD,RAN OFF ROAD RIGHT,SSI,DARK (LIGHTED),CLEAR,DRY,False,39.7258148193359,-86.1584777832031
904460881,2024,2024-02-07,Marion,Indianapolis,I70 WB EXIT RAMP TO SAM JONES,Vehicle,SAME DIRECTION SIDESWIPE,OTHER (VEHICLE) - EXPLAIN IN NARRATIVE,Fatal,DARK (LIGHTED),CLEAR,DRY,True,39.7347297668457,-86.2395172119141
904505271,2024,2024-05-16,Marion,Indianapolis,21ST ST   & POST RD,Vehicle,LEFT TURN,FAILURE TO YIELD RIGHT OF WAY,SSI,DAYLIGHT,CLEAR,DRY,False,39.7967338562012,-86.009536743164
904388847,2023,2023-11-07,Hamilton,,206 STREET  & OLIO ROAD,Vehicle,REAR END,FOLLOWING TOO CLOSELY,SSI,DARK (NOT LIGHTED),CLEAR,DRY,False,40.088321685791,-85.9169540405274
904332927,2023,2023-08-18,Marion,Indianapolis,S EAST ST  & E MARKWOOD AVE,Vehicle,RAN OFF ROAD,DRIVER ASLEEP OR FATIGUED,SSI,DARK (LIGHTED),CLEAR,DRY,False,39.7037925720215,-86.1489562988281
904587618,2024,2024-03-12,Marion,Indianapolis,SOCIETY DRIVE,Vehicle,RAN OFF ROAD,DRIVER ILLNESS,SSI,DAYLIGHT,CLEAR,DRY,False,39.767894744873,-85.9540939331055
904488881,2024,2024-04-16,Hamilton,Carmel,E 116TH ST  & GRAY RD,Vehicle,RAN OFF ROAD,DRIVER ILLNESS,SSI,DAYLIGHT,CLEAR,DRY,False,39.9566345214844,-86.0890655517578
904446759,2024,2024-02-08,Marion,Indianapolis,"I-65 NB, 112.4 MM",Vehicle,RAN OFF ROAD,OTHER (DRIVER) - EXPLAIN IN NARRATIVE,SSI,DAYLIGHT,CLEAR,DRY,True,39.783447265625,-86.1418838500977
904505887,2024,2024-05-16,Morgan,MARTINSVILLE,HERBEMONT RD,Vehicle,RAN OFF ROAD,DRIVER ASLEEP OR FATIGUED,SSI,DAYLIGHT,CLEAR,DRY,False,39.5240211486816,-86.564094543457
904389634,2023,2023-11-07,Marion,Indianapolis,WASHINGTON ST  & HOLT RD,Vehicle,HEAD ON BETWEEN TWO MOTOR VEHICLES,FAILURE TO YIELD RIGHT OF WAY,SSI,DAYLIGHT,CLEAR,DRY,False,39.7605590820313,-86.2251586914063
904333373,2023,2023-08-18,Hancock,,70,Vehicle,REAR END,FOLLOWING TOO CLOSELY,Fatal,DARK (LIGHTED),FOG/SMOKE/SMOG,DRY,False,39.8201370239258,-85.8520050048828
904470984,2024,2024-03-13,Marion,Indianapolis,SOUTH PERIMETER RD,Vehicle,OPPOSITE DIRECTION SIDESWIPE,LEFT OF CENTER,SSI,DARK (NOT LIGHTED),CLEAR,DRY,False,39.7116546630859,-86.2796630859375
904488906,2024,2024-04-16,Marion,Indianapolis,W MICHIGAN ST  & PORTO ALEGRE ST,Pedestrian,RIGHT ANGLE,FAILURE TO YIELD RIGHT OF WAY,SSI,DAYLIGHT,CLEAR,DRY,False,39.7755661010742,-86.1869583129883
904446813,2024,2024-02-08,Shelby,BOGGSTOWN,CR 825 W  & CR 525 N,Vehicle,RAN OFF ROAD,FAILURE TO MAINTAIN LANE,SSI,DAYLIGHT,CLEAR,DRY,False,39.5935096740723,-85.9379425048828
904505906,2024,2024-05-16,Marion,Indianapolis,31 & EDGEWOOD AVE,Vehicle,RIGHT ANGLE,DISREGARD SIGNAL/REG SIGN,SSI,DAYLIGHT,CLOUDY,DRY,False,39.6790199279785,-86.1491088867187
904389977,2023,2023-11-07,Marion,Indianapolis,EAST MICHIGAN STREET  & N EUCLID AVENUE,Pedestrian,RAN OFF ROAD,UNSAFE LANE MOVEMENT,SSI,DAYLIGHT,CLEAR,DRY,False,39.7747573852539,-86.0937957763672
904427396,2023,2023-08-18,Marion,Indianapolis,LAUGHLIN DR  & CROUSORE RD,Vehicle,NON-COLLISION,HOLES/RUTS IN SURFACE,Fatal,DAYLIGHT,CLEAR,DRY,False,39.8022499084473,-86.0231857299805
904471070,2024,2024-03-13,Marion,Indianapolis,64TH STREET  & PARK AVENUE,Vehicle,RAN OFF ROAD,DRIVER ILLNESS,SSI,DAYLIGHT,CLEAR,DRY,False,39.8725509643555,-86.1490325927734
904488910,2024,2024-04-16,Marion,Indianapolis,DR MARTIN LUTHER KING ST  & W 23RD ST,Vehicle,LEFT TURN,IMPROPER TURNING,SSI,DARK (LIGHTED),CLOUDY,DRY,False,39.7993316650391,-86.1695785522461
904461072,2024,2024-02-08,Marion,Beech Grove,CHURCHMAN AVE  & S 12TH AVE,Vehicle,HEAD ON BETWEEN TWO MOTOR VEHICLES,FAILURE TO MAINTAIN LANE,SSI,DARK (LIGHTED),CLEAR,DRY,False,39.7185020446777,-86.0960083007813
904516339,2024,2024-05-16,Marion,Indianapolis,RITTER AVE  & E 23RD ST,Vehicle,HEAD ON BETWEEN TWO MOTOR VEHICLES,LEFT OF CENTER,SSI,DARK (LIGHTED),CLEAR,DRY,False,39.7993583679199,-86.0739059448242
904392275,2023,2023-11-07,Morgan,MARTINSVILLE,I-69  & TEETERS RD,Vehicle,RAN OFF ROAD,DRIVER ASLEEP OR FATIGUED,Fatal,DARK (NOT LIGHTED),FOG/SMOKE/SMOG,DRY,True,39.4500503540039,-86.3857727050781
904331763,2023,2023-08-19,Marion,Indianapolis,W 86TH ST  & MICHIGAN RD,Vehicle,RIGHT ANGLE,UNSAFE SPEED,SSI,DARK (LIGHTED),CLEAR,DRY,False,39.9115943908691,-86.222526550293
904488944,2024,2024-04-16,Hamilton,Carmel,US421  & PROFESSIONAL DR,Vehicle,REAR END,UNSAFE LANE MOVEMENT,SSI,DARK (LIGHTED),CLEAR,DRY,False,39.9368934631348,-86.2350463867187
904466857,2024,2024-02-08,Marion,Indianapolis,OXFORD ST  & E 38TH ST,Vehicle,RIGHT ANGLE,DISREGARD SIGNAL/REG SIGN,SSI,DAYLIGHT,CLEAR,DRY,False,39.8253440856934,-86.115104675293
904471400,2024,2024-03-13,Hancock,WILKINSON,419 E B ST,Vehicle,COLLISION WITH ANIMAL OTHER,ANIMAL/OBJECT IN ROADWAY,SSI,DAYLIGHT,CLEAR,DRY,False,39.8874626159668,-85.6054992675781
904489615,2024,2024-04-16,Hamilton,Carmel,E MAIN STREET  & HAZEL DELL PARKWAY,Pedalcycle,RIGHT ANGLE,FAILURE TO YIELD RIGHT OF WAY,SSI,DAYLIGHT,CLOUDY,DRY,False,39.9785003662109,-86.0716705322266
904335400,2023,2023-08-19,Marion,Indianapolis,W 42ND ST  & BYRAM AVE,Vehicle,HEAD ON BETWEEN TWO MOTOR VEHICLES,LEFT OF CENTER,SSI,DARK (NOT LIGHTED),CLEAR,DRY,False,39.8321266174316,-86.1691360473633
904407070,2023,2023-11-07,Marion,Indianapolis,S GIRLS SCHOOL ROAD  & MOON DRIVE,Vehicle,RAN OFF ROAD,UNSAFE SPEED,Fatal,DAYLIGHT,CLOUDY,DRY,False,39.7582244873047,-86.2886581420898
904472109,2024,2024-03-13,Marion,Indianapolis,EMERSON  & VICTORY DR,Vehicle,LEFT/RIGHT TURN,DISREGARD SIGNAL/REG SIGN,SSI,DAYLIGHT,CLEAR,DRY,False,39.7019653320313,-86.082633972168
904489845,2024,2024-04-16,Hendricks,Plainfield,E MAIN ST  & SMITH RD,Vehicle,HEAD ON BETWEEN TWO MOTOR VEHICLES,DISREGARD SIGNAL/REG SIGN,SSI,DAYLIGHT,CLOUDY,DRY,False,39.7160491943359,-86.3612976074219
904331997,2023,2023-08-20,Johnson,Whiteland,US HIGHWAY 31  & PEARL STREET,Vehicle,NON-COLLISION,OTHER (DRIVER) - EXPLAIN IN NARRATIVE,SSI,DAYLIGHT,CLEAR,DRY,False,39.5490684509277,-86.0867156982422
904447137,2024,2024-02-09,Marion,Lawrence,N FRANKLIN RD  & E 56TH ST,Vehicle,LEFT TURN,IMPROPER LANE USAGE,SSI,DAYLIGHT,CLEAR,DRY,False,39.8548851013184,-86.0271072387695