id,year,date,county,city,cross_street,crash_type,manner,primary_factor,ssi_fatal,light,weather,surface,interstate,lat,lon
904389525,2023,2023-11-08,Johnson,Edinburgh,CENTER CROSS ST  & BLUE RIVER DR,Vehicle,REAR END,FOLLOWING TOO CLOSELY,SSI,DAYLIGHT,CLEAR,DRY,False,39.3555717468262,-85.9728393554688
904530951,2024,2024-03-13,Hamilton,Noblesville,32 & S 14TH ST,Vehicle,REAR END,FOLLOWING TOO CLOSELY,SSI,DAYLIGHT,CLEAR,DRY,False,40.0456008911133,-86.0069122314453
904490473,2024,2024-04-16,Marion,Indianapolis,I-465,Vehicle,RAN OFF ROAD,UNSAFE LANE MOVEMENT,SSI,DARK (LIGHTED),CLEAR,DRY,True,39.9219703674316,-86.1100921630859
904332000,2023,2023-08-20,Hancock,Greenfield,STATE ROAD 9  & W FOURTH STREET,Vehicle,RIGHT ANGLE,FAILURE TO YIELD RIGHT OF WAY,SSI,DAYLIGHT,CLEAR,DRY,False,39.7880363464355,-85.7694702148438
904452446,2024,2024-02-09,Marion,Indianapolis,2500 E. STOP 11,Pedestrian,NON-COLLISION,PEDESTRIAN ACTION,Fatal,DARK (NOT LIGHTED),CLEAR,DRY,False,39.6502571105957,-86.1189117431641
904390062,2023,2023-11-08,Hendricks,Plainfield,US 40  & SHADY LN,Vehicle,LEFT TURN,FAILURE TO YIELD RIGHT OF WAY,SSI,DAWN/DUSK,CLEAR,DRY,False,39.714225769043,-86.3661422729492
904471896,2024,2024-03-15,Marion,Indianapolis,ALLISONVILLE ROAD  & 82ND STREET,Vehicle,REAR END,OTHER (DRIVER) - EXPLAIN IN NARRATIVE,SSI,DAYLIGHT,CLEAR,DRY,False,39.9061775207519,-86.0782318115234
904489228,2024,2024-04-17,Hendricks,CLAYTON,W 400 S  & S 250 W,Vehicle,COLLISION WITH DEER,ANIMAL/OBJECT IN ROADWAY,SSI,DARK (LIGHTED),CLEAR,DRY,False,39.7021408081055,-86.5783081054687
904332583,2023,2023-08-20,Morgan,MARTINSVILLE,I-69 N,Vehicle,RAN OFF ROAD,DRIVER ASLEEP OR FATIGUED,SSI,DARK (NOT LIGHTED),CLEAR,DRY,True,39.4438438415527,-86.3873596191406
904452565,2024,2024-02-09,Hamilton,Fishers,E 96TH STREET  & I-69 SOUTHBOUND ENTRANCE RAMP,Vehicle,RIGHT ANGLE,UNSAFE SPEED,Fatal,DARK (LIGHTED),CLEAR,DRY,True,39.9270210266113,-86.0282440185547
904391730,2023,2023-11-08,Marion,Indianapolis,N EMERSON AVE  & EMERSON CT D NR,Vehicle,HEAD ON BETWEEN TWO MOTOR VEHICLES,DISREGARD SIGNAL/REG SIGN,SSI,DARK (LIGHTED),CLEAR,DRY,False,39.8055381774902,-86.0833206176758
904472069,2024,2024-03-15,Hendricks,Brownsburg,RONALD REAGAN PARKWAY  & CONNECTOR ROAD,Vehicle,RIGHT ANGLE,FAILURE TO YIELD RIGHT OF WAY,SSI,DAYLIGHT,CLEAR,DRY,False,39.8320083618164,-86.3519897460938
904489386,2024,2024-04-17,Marion,Indianapolis,N EMERSON AVE  & E 36TH ST,Vehicle,RIGHT ANGLE,OTHER (DRIVER) - EXPLAIN IN NARRATIVE,SSI,DAYLIGHT,CLEAR,DRY,False,39.8220405578613,-86.0836639404297
904341768,2023,2023-08-20,Marion,Indianapolis,I 465,Vehicle,RAN OFF ROAD,OTHER (DRIVER) - EXPLAIN IN NARRATIVE,SSI,DAYLIGHT,CLEAR,DRY,True,39.8081092834473,-86.2753067016602
904447853,2024,2024-02-10,Marion,Indianapolis,46TH ST  & BINFORD BLVD,Pedestrian,OTHER - EXPLAIN IN NARRATIVE,PEDESTRIAN ACTION,SSI,DARK (LIGHTED),CLEAR,DRY,False,39.840274810791,-86.1128768920898
904472409,2024,2024-03-15,Marion,Indianapolis,BLUFF RD  & S MERDIAN ST,Vehicle,OTHER - EXPLAIN IN NARRATIVE,VIEW OBSTRUCTED,SSI,DAYLIGHT,CLEAR,DRY,False,39.7400398254395,-86.1602630615234
904332577,2023,2023-08-21,Morgan,MARTINSVILLE,JORDAN RD  & JORDAN RD,Vehicle,RAN OFF ROAD,UNSAFE SPEED,SSI,DARK (NOT LIGHTED),CLEAR,DRY,False,39.3725929260254,-86.4557723999023
904392495,2023,2023-11-08,Hamilton,Noblesville,SR19 & FIELD DR,Vehicle,HEAD ON BETWEEN TWO MOTOR VEHICLES,LEFT OF CENTER,SSI,DAYLIGHT,CLEAR,DRY,False,40.0657157897949,-86.0164947509766
904472425,2024,2024-03-15,Marion,Indianapolis,WASHINGTON ST  & WEST ST,Pedestrian,RIGHT TURN,FAILURE TO YIELD RIGHT OF WAY,SSI,DARK (LIGHTED),CLEAR,DRY,False,39.7673110961914,-86.1669845581055
904489400,2024,2024-04-17,Marion,Indianapolis,10TH ST  & ORIENTAL AVE,Vehicle,RIGHT TURN,FOLLOWING TOO CLOSELY,SSI,DAYLIGHT,CLEAR,DRY,False,39.7812156677246,-86.1353530883789
904450303,2024,2024-02-10,Marion,Indianapolis,I 465,Vehicle,RAN OFF ROAD,SPEED TOO FAST FOR WEATHER CONDITIONS,SSI,DARK (NOT LIGHTED),CLOUDY,WET,True,39.6921310424805,-86.2178497314453
904472432,2024,2024-03-15,Marion,Indianapolis,3000 BLOCK OF N COLLEGE AVE.,Vehicle,OTHER - EXPLAIN IN NARRATIVE,DRIVER DISTRACTED - EXPLAIN IN NARRATIVE,SSI,DARK (LIGHTED),CLEAR,DRY,False,39.8112754821777,-86.1449508666992
904392624,2023,2023-11-08,Marion,Indianapolis,"I-465 EB, 4.5 MM",Vehicle,REAR END,FOLLOWING TOO CLOSELY,SSI,DAYLIGHT,CLEAR,DRY,True,39.6950416564941,-86.1901168823242
904332947,2023,2023-08-21,Hendricks,Brownsburg,SOUTH GREEN STREET  & AIRPORT ROAD,Vehicle,RAN OFF ROAD,DRIVER ILLNESS,SSI,DAYLIGHT,CLOUDY,DRY,False,39.8213081359863,-86.4012832641602
904447883,2024,2024-02-11,Marion,Indianapolis,EAST 30TH ST  & FALL CREEK PKWY N DR,Vehicle,RIGHT ANGLE,DISREGARD SIGNAL/REG SIGN,SSI,DAYLIGHT,CLEAR,DRY,False,39.8103790283203,-86.1436386108398
904489410,2024,2024-04-17,Marion,Indianapolis,BROOKVILLE RD  & SENOUR RD,Vehicle,LEFT TURN,OTHER (DRIVER) - EXPLAIN IN NARRATIVE,SSI,DARK (NOT LIGHTED),CLEAR,DRY,False,39.7392730712891,-85.9774627685547
904472740,2024,2024-03-15,Marion,Indianapolis,S ARLINGTON AVE  & E COUNTY LINE RD,Vehicle,HEAD ON BETWEEN TWO MOTOR VEHICLES,FAILURE TO YIELD RIGHT OF WAY,SSI,DAYLIGHT,CLEAR,DRY,False,39.636848449707,-86.0636596679688
904391558,2023,2023-11-09,Marion,Indianapolis,E RAYMOND ST  & S KEYSTONE AVE,Vehicle,RIGHT ANGLE,FAILURE TO YIELD RIGHT OF WAY,SSI,DARK (LIGHTED),CLEAR,DRY,False,39.7378387451172,-86.1207733154297
904333345,2023,2023-08-21,Hamilton,Noblesville,16TH ST & HANNIBAL ST,Pedalcycle,RIGHT ANGLE,FAILURE TO YIELD RIGHT OF WAY,SSI,DAYLIGHT,CLEAR,DRY,False,40.0430221557617,-86.0051651000977
904448194,2024,2024-02-12,Marion,Indianapolis,W WASHINGTON ST   & FLEMING ST,Vehicle,RAN OFF ROAD,DRIVER ILLNESS,SSI,DAYLIGHT,CLEAR,DRY,False,39.7570381164551,-86.2367248535156
904490093,2024,2024-04-17,Hendricks,Plainfield,US 40  & SHAW ST,Vehicle,RIGHT ANGLE,IMPROPER TURNING,SSI,DAYLIGHT,CLOUDY,DRY,False,39.7047462463379,-86.396614074707
904474739,2024,2024-03-15,Hendricks,,CR 600 E  & CR 100 N,Vehicle,RIGHT ANGLE,FAILURE TO YIELD RIGHT OF WAY,SSI,DAYLIGHT,CLEAR,DRY,False,39.7770233154297,-86.421272277832
904392031,2023,2023-11-09,Shelby,SHELBYVILLE,74,Vehicle,HEAD ON BETWEEN TWO MOTOR VEHICLES,WRONG WAY ON ONE WAY,Fatal,DARK (NOT LIGHTED),CLEAR,DRY,False,39.5737533569336,-85.8078842163086
904336404,2023,2023-08-21,Marion,Indianapolis,S EAST ST  & E ELBERT ST,Vehicle,OTHER - EXPLAIN IN NARRATIVE,OTHER (ENVIRONMENTAL) - EXPLAIN IN NARR,Fatal,DAYLIGHT,CLEAR,DRY,False,39.6948356628418,-86.1489410400391
904448677,2024,2024-02-12,Marion,Indianapolis,WASHINGTON  & FLEMING,Vehicle,HEAD ON BETWEEN TWO MOTOR VEHICLES,FAILURE TO YIELD RIGHT OF WAY,SSI,DAYLIGHT,CLEAR,DRY,False,39.7569999694824,-86.2367401123047
904503560,2024,2024-04-18,Hendricks,Avon,S DAN JONES RD  & MAIN RD,Vehicle,HEAD ON BETWEEN TWO MOTOR VEHICLES,FAILURE TO MAINTAIN LANE,Fatal,DAYLIGHT,CLEAR,DRY,False,39.7565002441406,-86.3811340332031
904472519,2024,2024-03-17,Marion,Indianapolis,KENTUCKY AVE  & MENDENHALL RD,Vehicle,RIGHT ANGLE,DISREGARD SIGNAL/REG SIGN,SSI,DAYLIGHT,CLEAR,DRY,False,39.6797294616699,-86.2883148193359
904393483,2023,2023-11-09,Marion,Indianapolis,W WASHINGTON ST  & S BANNER AVE,Vehicle,LEFT TURN,FAILURE TO YIELD RIGHT OF WAY,SSI,DARK (LIGHTED),CLEAR,DRY,False,39.7429962158203,-86.2822647094727
904333825,2023,2023-08-22,Hamilton,SHERIDAN(HAMILTON),SR 38  & SIX POINTS RD,Vehicle,HEAD ON BETWEEN TWO MOTOR VEHICLES,LEFT OF CENTER,Fatal,DAYLIGHT,CLEAR,DRY,False,40.1144104003906,-86.1740188598633
904448807,2024,2024-02-12,Johnson,Greenwood,SR 135  & FRY ROAD,Vehicle,REAR END,CELL PHONE USAGE,SSI,DAYLIGHT,CLEAR,DRY,False,39.6253280639648,-86.158561706543
904473713,2024,2024-03-17,Marion,Indianapolis,E SOUTH ST  & S OGDEN ST,Vehicle,RAN OFF ROAD,OVERCORRECTING/OVERSTEERING,Fatal,DARK (NOT LIGHTED),CLEAR,DRY,False,39.7613677978516,-86.151741027832
904334802,2023,2023-08-23,Marion,Indianapolis,E WASHINGTON ST  & S CATHERWOOD AVE,Vehicle,LEFT TURN,FAILURE TO MAINTAIN LANE,SSI,DARK (LIGHTED),CLEAR,DRY,False,39.7712287902832,-86.0616836547852
904394780,2023,2023-11-09,Marion,Indianapolis,WALDEMERE AVE  & W WASHINGTON AVE,Vehicle,LEFT TURN,DISREGARD SIGNAL/REG SIGN,SSI,DARK (LIGHTED),CLEAR,DRY,False,39.7502861022949,-86.2583999633789
904449613,2024,2024-02-14,Johnson,Franklin,N MORTON ST  & MALLORY PKWY,Vehicle,RIGHT ANGLE,FAILURE TO YIELD RIGHT OF WAY,SSI,DAYLIGHT,CLEAR,DRY,False,39.4876480102539,-86.0642013549805
904335402,2023,2023-08-23,Marion,Indianapolis,W WASHINGTON ST  & RYBOLT AVE,Pedalcycle,NON-COLLISION,FAILURE TO YIELD RIGHT OF WAY,SSI,DARK (LIGHTED),CLEAR,DRY,False,39.7585868835449,-86.2315216064453
904458851,2024,2024-02-14,Morgan,MONROVIA,I-70,Vehicle,SAME DIRECTION SIDESWIPE,UNSAFE LANE MOVEMENT,SSI,DARK (NOT LIGHTED),CLEAR,DRY,True,39.5936737060547,-86.5381393432617
904394781,2023,2023-11-09,Marion,Indianapolis,62ND ST  & OLNEY ST.,Vehicle,HEAD ON BETWEEN TWO MOTOR VEHICLES,OTHER (DRIVER) - EXPLAIN IN NARRATIVE,SSI,DARK (LIGHTED),CLEAR,DRY,False,39.8687553405762,-86.1078186035156
904353813,2023,2023-08-23,Marion,Indianapolis,I 70,Vehicle,SAME DIRECTION SIDESWIPE,IMPROPER PASSING,SSI,DARK (LIGHTED),CLEAR,DRY,True,39.6899871826172,-86.3193817138672
904449968,2024,2024-02-15,Morgan,,N. MANN RD.  & E. LANDERSDALE RD.,Vehicle,RAN OFF ROAD,SPEED TOO FAST FOR WEATHER CONDITIONS,SSI,DAYLIGHT,CLOUDY,WET,False,39.6204071044922,-86.2628479003906
904530997,2024,2024-03-19,Hamilton,Noblesville,S 8TH ST  & PLUM ST,Vehicle,OTHER - EXPLAIN IN NARRATIVE,DRIVER ILLNESS,SSI,DAYLIGHT,CLOUDY,DRY,False,40.0372200012207,-86.0133590698242
904398239,2023,2023-11-09,Marion,Indianapolis,KENTUCKY AVE,Vehicle,RIGHT ANGLE,FAILURE TO YIELD RIGHT OF WAY,SSI,DAYLIGHT,CLEAR,DRY,False,39.7232170104981,-86.2188491821289
904335384,2023,2023-08-24,Marion,Indianapolis,10TH ST & BROOKSIDE AVE,Vehicle,LEFT TURN,FAILURE TO YIELD RIGHT OF WAY,SSI,DARK (LIGHTED),CLEAR,DRY,False,39.7810554504395,-86.1377563476563
904474585,2024,2024-03-20,Morgan,MARTINSVILLE,I69 NB,Vehicle,OTHER - EXPLAIN IN NARRATIVE,BRAKE FAILURE OR DEFECTIVE,SSI,DAYLIGHT,CLOUDY,DRY,True,39.413875579834,-86.4157791137695
904400162,2023,2023-11-09,Marion,Indianapolis,I 465,Vehicle,REAR END,FOLLOWING TOO CLOSELY,SSI,DARK (LIGHTED),CLEAR,DRY,True,39.7527313232422,-86.2647552490235
904478303,2024,2024-03-20,Marion,Lawrence,BOY SCOUT RD,Vehicle,LEFT TURN,IMPROPER TURNING,SSI,DAYLIGHT,CLEAR,DRY,False,39.8606643676758,-86.0331420898437
904390692,2023,2023-11-10,Hendricks,Avon,E US HWY 36  & PARK PLACE BLVD,Vehicle,LEFT TURN,FAILURE TO YIELD RIGHT OF WAY,SSI,DAYLIGHT,CLEAR,DRY,False,39.7628707885742,-86.3938598632813
904476030,2024,2024-03-22,Marion,Indianapolis,N COLLEGE AVE  & 15TH ST,Pedestrian,COLLISION WITH ANIMAL OTHER,PEDESTRIAN ACTION,SSI,DAWN/DUSK,CLEAR,DRY,False,39.7866668701172,-86.1448135375977
904476057,2024,2024-03-22,Marion,Indianapolis,3301 S EAST STREET,Vehicle,LEFT TURN,FAILURE TO YIELD RIGHT OF WAY,SSI,DAYLIGHT,CLEAR,DRY,False,39.7180976867676,-86.1489410400391
904391374,2023,2023-11-10,Shelby,WALDRON,I 74   &   W,Vehicle,RAN OFF ROAD,FAILURE TO MAINTAIN LANE,SSI,DAYLIGHT,CLEAR,DRY,True,39.4650459289551,-85.6518402099609
904392477,2023,2023-11-10,Johnson,Greenwood,E SMITH VALLEY ROAD  & S MERIDIAN STREET,Vehicle,RAN OFF ROAD,OTHER (DRIVER) - EXPLAIN IN NARRATIVE,SSI,DAYLIGHT,CLEAR,DRY,False,39.6065292358398,-86.1029663085938
904393688,2023,2023-11-10,Boone,,I 65,Vehicle,REAR END,OTHER (ENVIRONMENTAL) - EXPLAIN IN NARR,SSI,DARK (LIGHTED),CLOUDY,DRY,True,40.0859222412109,-86.5034408569336
904400170,2023,2023-11-10,Marion,Lawrence,I 465,Vehicle,OTHER - EXPLAIN IN NARRATIVE,OVERCORRECTING/OVERSTEERING,SSI,DAYLIGHT,CLEAR,DRY,True,39.8381805419922,-86.0393753051758
904405966,2023,2023-11-10,Marion,Indianapolis,N MICHIGAN RD  & W 79TH ST,Vehicle,NON-COLLISION,OVERCORRECTING/OVERSTEERING,Fatal,DARK (LIGHTED),CLEAR,DRY,False,39.8990516662598,-86.2168273925781
904519936,2024,2024-06-11,Marion,Indianapolis,KIRKBRIDE WAY,Vehicle,RAN OFF ROAD,OTHER (DRIVER) - EXPLAIN IN NARRATIVE,SSI,DAWN/DUSK,CLEAR,DRY,False,39.7695121765137,-86.2138900756836
904575015,2024,2024-09-15,Marion,Indianapolis,W 16TH ST  & N HOLMES AVE,Vehicle,RIGHT ANGLE,FAILURE TO YIELD RIGHT OF WAY,SSI,DAYLIGHT,CLEAR,DRY,False,39.7879295349121,-86.2052307128906
904520702,2024,2024-06-11,Marion,Indianapolis,S SHERMAN DRIVE  & MINNESOTA ST.,Vehicle,RAN OFF ROAD,OTHER (VEHICLE) - EXPLAIN IN NARRATIVE,SSI,DARK (NOT LIGHTED),CLEAR,DRY,False,39.7455215454101,-86.1017990112305
904607085,2024,2024-11-04,Hancock,FORTVILLE,SR 9   & SR 234,Vehicle,RIGHT ANGLE,FAILURE TO YIELD RIGHT OF WAY,SSI,DAYLIGHT,CLOUDY,DRY,False,39.9010124206543,-85.7706909179688
904520920,2024,2024-06-11,Morgan,MARTINSVILLE,S R 39   & LENTZ TREE FARM RD,Vehicle,RAN OFF ROAD,FAILURE TO MAINTAIN LANE,SSI,DAYLIGHT,CLEAR,DRY,False,39.5407791137695,-86.4693832397461
904530110,2024,2024-06-11,Shelby,SHELBYVILLE,WEST WASHINGTON AVENUE,Vehicle,OTHER - EXPLAIN IN NARRATIVE,OTHER (DRIVER) - EXPLAIN IN NARRATIVE,SSI,DARK (LIGHTED),CLEAR,DRY,False,39.521556854248,-85.7950057983399
904579472,2024,2024-09-15,Marion,Indianapolis,MICHIGAN ROAD  & DOUBLE TREE BOULEVARD,Pedestrian,LEFT TURN,OTHER (DRIVER) - EXPLAIN IN NARRATIVE,Fatal,DAYLIGHT,CLEAR,DRY,False,39.9070243835449,-86.2205123901367
904520973,2024,2024-06-12,Marion,Indianapolis,TROY AVE  & S. POST RD,Vehicle,OTHER - EXPLAIN IN NARRATIVE,FAILURE TO YIELD RIGHT OF WAY,SSI,DAYLIGHT,CLEAR,DRY,False,39.7255935668945,-86.0084991455078
904574655,2024,2024-09-16,Marion,Indianapolis,KESSLER BLVD W DR,Vehicle,RAN OFF ROAD,OTHER (VEHICLE) - EXPLAIN IN NARRATIVE,SSI,DAYLIGHT,CLEAR,DRY,False,39.8622703552246,-86.1654891967773
904607929,2024,2024-11-04,Marion,Indianapolis,56TH ST  & COOPER RD,Vehicle,LEFT TURN,FAILURE TO YIELD RIGHT OF WAY,SSI,DAYLIGHT,RAIN,WET,False,39.8536796569824,-86.2120513916016
904521042,2024,2024-06-12,Hendricks,Brownsburg,E 56TH ST.  & WILD RIDGE BLVD,Vehicle,REAR TO REAR,FOLLOWING TOO CLOSELY,SSI,DAYLIGHT,CLEAR,DRY,False,39.8512115478516,-86.3739013671875
904574657,2024,2024-09-16,Marion,Indianapolis,POST ROAD   & TROY AVE,Vehicle,RIGHT ANGLE,FAILURE TO YIELD RIGHT OF WAY,SSI,DAYLIGHT,CLOUDY,DRY,False,39.7255897521973,-86.0085601806641
904607323,2024,2024-11-05,Hamilton,,SR 32  & DURBIN RD,Vehicle,RIGHT ANGLE,FAILURE TO YIELD RIGHT OF WAY,SSI,DAYLIGHT,CLEAR,DRY,False,40.0563468933105,-85.910400390625
904626323,2024,2024-12-03,Hancock,,STATE ROAD 9  & COUNTY ROAD 1000 N,Vehicle,RIGHT ANGLE,FAILURE TO YIELD RIGHT OF WAY,SSI,DARK (NOT LIGHTED),CLOUDY,DRY,False,39.9301605224609,-85.7711563110352
904521145,2024,2024-06-12,Hamilton,,234 ST  & CUMBERLAND RD,Vehicle,LEFT TURN,FAILURE TO YIELD RIGHT OF WAY,Fatal,DAYLIGHT,CLEAR,DRY,False,40.1286277770996,-85.994499206543
904574770,2024,2024-09-16,Boone,Lebanon,NORTHFIELD  & LEBANON,Vehicle,REAR END,OTHER (DRIVER) - EXPLAIN IN NARRATIVE,SSI,DAYLIGHT,CLEAR,DRY,False,40.061279296875,-86.4716644287109
904609336,2024,2024-11-05,Marion,Indianapolis,"I-465 EB, 50.0-MM",Vehicle,SAME DIRECTION SIDESWIPE,UNSAFE LANE MOVEMENT,SSI,DARK (NOT LIGHTED),CLEAR,DRY,True,39.7154083251953,-86.0540313720703
904626363,2024,2024-12-03,Hancock,Greenfield,E NEW RD   & N MARTINDALE DR,Vehicle,LEFT TURN,FAILURE TO YIELD RIGHT OF WAY,SSI,DARK (LIGHTED),CLEAR,DRY,False,39.8141746520996,-85.7637557983399
904521404,2024,2024-06-12,Marion,Indianapolis,LAFAYETTE RD  & PRIVATE DRIVE,Vehicle,RIGHT ANGLE,FAILURE TO YIELD RIGHT OF WAY,SSI,DAYLIGHT,CLEAR,DRY,False,39.7975349426269,-86.208137512207
904574828,2024,2024-09-16,Boone,,3955 E  & SR 47,Vehicle,HEAD ON BETWEEN TWO MOTOR VEHICLES,UNSAFE LANE MOVEMENT,Fatal,DAYLIGHT,CLEAR,DRY,False,40.1266441345215,-86.3891906738281
904607910,2024,2024-11-06,Marion,Indianapolis,E 30TH ST  & FALL CREEK PRKWAY N DR,Vehicle,OTHER - EXPLAIN IN NARRATIVE,OTHER (DRIVER) - EXPLAIN IN NARRATIVE,SSI,DARK (LIGHTED),CLOUDY,WET,False,39.8103942871094,-86.143440246582
904626575,2024,2024-12-03,Marion,Indianapolis,E. 25TH ST.  & N. GERMAN CHURCH RD.,Pedestrian,COLLISION WITH OBJECT IN ROAD,PEDESTRIAN ACTION,SSI,DARK (NOT LIGHTED),CLOUDY,DRY,False,39.8045692443848,-85.9679260253906
904521417,2024,2024-06-12,Marion,Indianapolis,NAAB RD.  & W 86TH ST.,Vehicle,HEAD ON BETWEEN TWO MOTOR VEHICLES,OTHER (DRIVER) - EXPLAIN IN NARRATIVE,SSI,DAYLIGHT,CLEAR,DRY,False,39.9106826782227,-86.1983108520508
904575960,2024,2024-09-16,Marion,Lawrence,N. POST RD  & E. 38TH ST,Vehicle,OTHER - EXPLAIN IN NARRATIVE,OTHER (DRIVER) - EXPLAIN IN NARRATIVE,SSI,DAYLIGHT,CLEAR,DRY,False,39.8265953063965,-86.0100555419922
904608295,2024,2024-11-06,Marion,Indianapolis,900 W. NEW YORK STREET  & W. NEW YORK STREET AND UNIVERS,Pedestrian,LEFT TURN,PEDESTRIAN ACTION,SSI,DAYLIGHT,CLEAR,DRY,False,39.7717361450195,-86.175651550293
904627034,2024,2024-12-03,Hancock,,CR 400 W  & US 40,Vehicle,HEAD ON BETWEEN TWO MOTOR VEHICLES,LEFT OF CENTER,SSI,DARK (NOT LIGHTED),CLEAR,DRY,False,39.7803153991699,-85.8767166137695
904589085,2024,2024-09-16,Marion,Indianapolis,I65SB,Vehicle,NON-COLLISION,OTHER (DRIVER) - EXPLAIN IN NARRATIVE,SSI,DARK (LIGHTED),CLEAR,DRY,False,39.6985015869141,-86.1071014404297
904521565,2024,2024-06-12,Hamilton,Noblesville,146 ST  & HAZEL DELL PKWY,Vehicle,LEFT TURN,FAILURE TO YIELD RIGHT OF WAY,SSI,DAYLIGHT,CLEAR,DRY,False,40.0004119873047,-86.0705337524414
904576339,2024,2024-09-17,Hamilton,Westfield,CAREY RD  & MIDLAND TRACE,Vehicle,LEFT TURN,FAILURE TO YIELD RIGHT OF WAY,SSI,DAYLIGHT,CLEAR,DRY,False,40.0404396057129,-86.1088485717773
904630596,2024,2024-12-03,Marion,Indianapolis,W SOUTHPORT RD,Vehicle,RIGHT ANGLE,FAILURE TO MAINTAIN LANE,SSI,DAYLIGHT,CLEAR,ICE,False,39.6629943847656,-86.2352294921875
904521787,2024,2024-06-12,Hancock,EDEN,9,Vehicle,HEAD ON BETWEEN TWO MOTOR VEHICLES,UNSAFE LANE MOVEMENT,SSI,DAYLIGHT,CLEAR,DRY,False,39.6659393310547,-85.7730941772461
904576099,2024,2024-09-18,Marion,Indianapolis,E EDGEWOOD AVE  & SHELBY ST,Vehicle,RIGHT ANGLE,FAILURE TO YIELD RIGHT OF WAY,SSI,DAYLIGHT,CLEAR,DRY,False,39.6794662475586,-86.1394500732422
904608467,2024,2024-11-06,Johnson,Greenwood,N US 31  & FRY RD,Vehicle,HEAD ON BETWEEN TWO MOTOR VEHICLES,FAILURE TO YIELD RIGHT OF WAY,SSI,DAYLIGHT,CLEAR,DRY,False,39.6282958984375,-86.12158203125
904521804,2024,2024-06-12,Shelby,FLAT ROCK,COLUMBUS ROAD,Vehicle,NON-COLLISION,FAILURE TO MAINTAIN LANE,SSI,DAYLIGHT,CLEAR,DRY,False,39.3970031738281,-85.8082275390625
904626916,2024,2024-12-04,Marion,Indianapolis,W WASHINGTON STREET   & S BANNER AVE,Vehicle,RIGHT ANGLE,FAILURE TO YIELD RIGHT OF WAY,SSI,DAYLIGHT,CLEAR,DRY,False,39.7430419921875,-86.2823028564453
904576128,2024,2024-09-18,Hamilton,Fishers,I 69,Vehicle,OTHER - EXPLAIN IN NARRATIVE,DRIVER ASLEEP OR FATIGUED,SSI,DARK (LIGHTED),CLEAR,DRY,True,39.9525566101074,-86.0109176635742
904608492,2024,2024-11-06,Marion,Indianapolis,W SOUTHPORT   & S TIBBS,Vehicle,HEAD ON BETWEEN TWO MOTOR VEHICLES,LEFT OF CENTER,SSI,DAYLIGHT,CLEAR,DRY,False,39.6636543273926,-86.2154846191406
904533387,2024,2024-06-12,Hamilton,Noblesville,GREENFIELD AVE  & PROMISE RD,Vehicle,RIGHT ANGLE,DISREGARD SIGNAL/REG SIGN,SSI,DAYLIGHT,CLEAR,DRY,False,40.0137977600098,-85.9711151123047
904627648,2024,2024-12-04,Hamilton,Carmel,SHOSHONE DR  & OSWEGO RD,Pedalcycle,RIGHT TURN,OTHER (DRIVER) - EXPLAIN IN NARRATIVE,SSI,DARK (NOT LIGHTED),CLEAR,DRY,False,39.9649543762207,-86.1232452392578
904577215,2024,2024-09-18,Marion,Indianapolis,S LYNHURST DR  & W KELLY ST,Pedestrian,OTHER - EXPLAIN IN NARRATIVE,PEDESTRIAN ACTION,Fatal,DARK (NOT LIGHTED),CLEAR,DRY,False,39.7335662841797,-86.2502670288086
904608687,2024,2024-11-07,Marion,Indianapolis,SHADELAND AVENUE  & FALL CREEK ROAD,Vehicle,REAR END,DRIVER DISTRACTED - EXPLAIN IN NARRATIVE,SSI,DARK (LIGHTED),CLEAR,DRY,False,39.867790222168,-86.0457458496094
904521481,2024,2024-06-13,Marion,Lawrence,SUNNYSIDE RD  & E 75TH ST,Vehicle,RIGHT ANGLE,FAILURE TO YIELD RIGHT OF WAY,SSI,DAYLIGHT,CLEAR,DRY,False,39.8909873962402,-85.9760818481445
904628324,2024,2024-12-06,Shelby,WALDRON,STATE ROAD 244   & COUNTY ROAD 775 E,Vehicle,RAN OFF ROAD,OTHER (DRIVER) - EXPLAIN IN NARRATIVE,SSI,DAYLIGHT,CLEAR,DRY,False,39.4967803955078,-85.6379241943359
904577629,2024,2024-09-18,Marion,Indianapolis,N. HIGH SCHOOL ROAD  & APACHE DRIVE,Vehicle,HEAD ON BETWEEN TWO MOTOR VEHICLES,LEFT OF CENTER,SSI,DAYLIGHT,CLEAR,DRY,False,39.8427810668945,-86.270751953125
904608842,2024,2024-11-07,Johnson,Franklin,N MORTON ST  & SCHOOLHOUSE RD,Vehicle,REAR END,OTHER (DRIVER) - EXPLAIN IN NARRATIVE,SSI,DAYLIGHT,CLEAR,DRY,False,39.496021270752,-86.0657653808594
904521960,2024,2024-06-13,Shelby,SHELBYVILLE,PROGRESS RD  & CLARK RD,Vehicle,OTHER - EXPLAIN IN NARRATIVE,IMPROPER TURNING,SSI,DAYLIGHT,CLEAR,DRY,False,39.5110168457031,-85.7430572509766
904630534,2024,2024-12-06,Marion,Indianapolis,N MICHIGAN RD  & W NORTHGATE ST,Vehicle,HEAD ON BETWEEN TWO MOTOR VEHICLES,LEFT OF CENTER,Fatal,DARK (NOT LIGHTED),CLEAR,DRY,False,39.8601341247559,-86.1979064941406