id,year,date,county,city,cross_street,crash_type,manner,primary_factor,ssi_fatal,light,weather,surface,interstate,lat,lon
904580145,2024,2024-09-18,Morgan,MARTINSVILLE,I69 SB 139 MM,Vehicle,SAME DIRECTION SIDESWIPE,FAILURE TO MAINTAIN LANE,SSI,DAYLIGHT,CLEAR,DRY,True,39.4185791015625,-86.4104385375977
904609261,2024,2024-11-07,Marion,Indianapolis,HARCOURT RD.   & SUFFOLK LN.,Vehicle,RIGHT ANGLE,FAILURE TO YIELD RIGHT OF WAY,SSI,DAYLIGHT,CLEAR,DRY,False,39.8945655822754,-86.1934661865234
904522495,2024,2024-06-13,Shelby,MORRISTOWN,CR 500    & CR 850 N,Vehicle,RAN OFF ROAD,FAILURE TO MAINTAIN LANE,Fatal,DAYLIGHT,CLEAR,DRY,False,39.6493682861328,-85.6870040893555
904587540,2024,2024-09-18,Marion,Indianapolis,S EAST ST  & BEECHWOOD LN,Vehicle,HEAD ON BETWEEN TWO MOTOR VEHICLES,LEFT OF CENTER,SSI,DARK (NOT LIGHTED),CLEAR,DRY,False,39.6757164001465,-86.1491317749023
904612331,2024,2024-11-07,Hamilton,Carmel,W MAIN ST  & GUILFORD RD,Pedestrian,COLLISION WITH OBJECT IN ROAD,FAILURE TO YIELD RIGHT OF WAY,SSI,DAYLIGHT,CLEAR,DRY,False,39.9782066345215,-86.1413955688477
904522972,2024,2024-06-13,Marion,Indianapolis,MICHIGAN RD  & W 51ST ST,Vehicle,RAN OFF ROAD,OVERCORRECTING/OVERSTEERING,Fatal,DARK (NOT LIGHTED),CLOUDY,DRY,False,39.8440628051758,-86.1901016235352
904631518,2024,2024-12-06,Marion,Indianapolis,I-465 SB,Vehicle,REAR END,UNSAFE SPEED,SSI,DARK (LIGHTED),CLEAR,DRY,True,39.8822402954102,-86.2689819335938
904615080,2024,2024-11-07,Marion,Indianapolis,SHERMAN AVE  & NEW YORK ST,Vehicle,OPPOSITE DIRECTION SIDESWIPE,FAILURE TO MAINTAIN LANE,SSI,DAYLIGHT,CLEAR,DRY,False,39.7717323303223,-86.102180480957
904648274,2025,2025-01-05,Johnson,,I-65,Vehicle,RAN OFF ROAD,SPEED TOO FAST FOR WEATHER CONDITIONS,SSI,DAYLIGHT,SNOW,SNOW/SLUSH,True,39.5332069396973,-86.0306930541992
904576452,2024,2024-09-19,Marion,Indianapolis,I465 WB  & 36.2MM,Vehicle,SAME DIRECTION SIDESWIPE,UNSAFE LANE MOVEMENT,SSI,DAYLIGHT,CLEAR,DRY,True,39.9009246826172,-86.0637512207031
904526219,2024,2024-06-13,Marion,Indianapolis,N KEYSTONE AV,Pedalcycle,OTHER - EXPLAIN IN NARRATIVE,PEDESTRIAN ACTION,Fatal,DAYLIGHT,BLOWING SAND/SOIL/SNOW,DRY,False,39.8145332336426,-86.1216049194336
904633223,2024,2024-12-06,Marion,Indianapolis,W. WASHINGTON STREET  & E. BOUNDARY STREET,Vehicle,REAR END,UNSAFE LANE MOVEMENT,Fatal,DAYLIGHT,CLEAR,DRY,False,39.7328338623047,-86.3151931762695
904611144,2024,2024-11-08,Morgan,MARTINSVILLE,HENDERSON FORD RD  & NA,Vehicle,HEAD ON BETWEEN TWO MOTOR VEHICLES,FAILURE TO MAINTAIN LANE,SSI,DARK (NOT LIGHTED),CLEAR,DRY,False,39.5251541137695,-86.3547973632813
904576984,2024,2024-09-19,Johnson,Greenwood,US 31  & SMITH VALLEY ROAD,Pedestrian,RIGHT ANGLE,PEDESTRIAN ACTION,SSI,DARK (LIGHTED),CLEAR,DRY,False,39.606761932373,-86.1092758178711
904648524,2025,2025-01-09,Hamilton,Atlanta,SR 37 & SR 128,Vehicle,RIGHT ANGLE,DISREGARD SIGNAL/REG SIGN,Fatal,DAYLIGHT,CLEAR,DRY,False,40.2189445495605,-85.8619232177735
904533332,2024,2024-07-03,Boone,Whitestown,130.5 MM I-65 NB,Vehicle,RAN OFF ROAD,OTHER (DRIVER) - EXPLAIN IN NARRATIVE,SSI,DAYLIGHT,CLOUDY,DRY,True,39.9516143798828,-86.3588104248047
904526282,2024,2024-06-13,Morgan,Mooresville,E SYCAMORE LANE,Pedestrian,OTHER - EXPLAIN IN NARRATIVE,PEDESTRIAN ACTION,SSI,DAYLIGHT,CLEAR,DRY,False,39.5732421875,-86.3646087646484
904628722,2024,2024-12-07,Marion,Indianapolis,SOUTH PERIMETER ROAD,Vehicle,COLLISION WITH OBJECT IN ROAD,FAILURE TO MAINTAIN LANE,SSI,DAYLIGHT,CLEAR,DRY,False,39.714958190918,-86.2697982788086
904613029,2024,2024-11-08,Marion,Indianapolis,MOLLER ROAD  & 59TH STREET,Vehicle,HEAD ON BETWEEN TWO MOTOR VEHICLES,DISREGARD SIGNAL/REG SIGN,SSI,DARK (LIGHTED),CLEAR,DRY,False,39.8603782653809,-86.254508972168
904577074,2024,2024-09-19,Morgan,MORGANTOWN,E MAHALASVILLE RD  & S. LICK CREEK RD.,Vehicle,RAN OFF ROAD,ROADWAY SURFACE CONDITION,SSI,DAYLIGHT,CLEAR,LOOSE MATERIAL ON ROAD,False,39.3526077270508,-86.2800445556641
904648606,2025,2025-01-08,Hamilton,Noblesville,SHERIDAN ROAD,Vehicle,RAN OFF ROAD,DRIVER ILLNESS,SSI,DAYLIGHT,SNOW,WET,False,40.0518264770508,-86.0289993286133
904592335,2024,2024-10-11,Morgan,Mooresville,SB SR 67  & HANCEL PKWY,Vehicle,REAR END,FOLLOWING TOO CLOSELY,SSI,DAYLIGHT,CLEAR,DRY,False,39.572639465332,-86.3771286010742
904546807,2024,2024-07-29,Marion,Indianapolis,BROOKVILLE ROAD   & BROOKVILLE WAY,Vehicle,RAN OFF ROAD,OTHER (DRIVER) - EXPLAIN IN NARRATIVE,SSI,DAYLIGHT,CLOUDY,DRY,False,39.7543869018555,-86.0471878051758
904533623,2024,2024-07-03,Marion,Indianapolis,N EMERSON AVENUE  & I-70,Vehicle,REAR END,FOLLOWING TOO CLOSELY,SSI,DAYLIGHT,CLEAR,DRY,True,39.8007316589356,-86.0833587646484
904522175,2024,2024-06-14,Morgan,,GREENCASTLE RD  & E GREENCASTLE RD AND BRAY RD,Vehicle,LEFT TURN,FAILURE TO YIELD RIGHT OF WAY,Fatal,DAYLIGHT,CLEAR,DRY,False,39.6157379150391,-86.4273986816406
904506241,2024,2024-05-17,Boone,Whitestown,S MAIN ST.  & NEW HOPE BLVD,Vehicle,REAR END,FOLLOWING TOO CLOSELY,SSI,DAYLIGHT,CLOUDY,DRY,False,39.9599990844727,-86.346076965332
904629194,2024,2024-12-07,Boone,,SR 39  & BLUBAUGH RD,Vehicle,OTHER - EXPLAIN IN NARRATIVE,FAILURE TO YIELD RIGHT OF WAY,SSI,DARK (NOT LIGHTED),CLEAR,DRY,False,40.1709976196289,-86.4865036010742
904620144,2024,2024-11-08,Marion,Indianapolis,I-65 NB,Vehicle,REAR END,ANIMAL/OBJECT IN ROADWAY,Fatal,DARK (LIGHTED),CLEAR,DRY,True,39.7884674072266,-86.1664123535156
904577259,2024,2024-09-19,Marion,Indianapolis,EAST 96TH STREET  & THORNWOOD DRIVE,Vehicle,RIGHT ANGLE,FAILURE TO YIELD RIGHT OF WAY,SSI,DAYLIGHT,CLEAR,DRY,False,39.9269218444824,-86.0636901855469
904648776,2025,2025-01-09,Marion,Indianapolis,E FALL CREEK PKWY N DR & N KEYSTONE AVE,Vehicle,LEFT TURN,FAILURE TO YIELD RIGHT OF WAY,SSI,DAYLIGHT,CLEAR,WET,False,39.834903717041,-86.1217651367188
904597844,2024,2024-10-11,Hendricks,CARTERSBURG,3932 CARTERSBURG RD,Vehicle,HEAD ON BETWEEN TWO MOTOR VEHICLES,LEFT OF CENTER,SSI,DARK (NOT LIGHTED),CLEAR,DRY,False,39.7023887634277,-86.4675827026367
904547078,2024,2024-07-29,Johnson,,STATE ROAD 135  & STATE ROAD 44,Vehicle,OTHER - EXPLAIN IN NARRATIVE,OTHER (DRIVER) - EXPLAIN IN NARRATIVE,Fatal,DAYLIGHT,CLEAR,DRY,False,39.4485054016113,-86.1579055786133
904533714,2024,2024-07-03,Marion,Indianapolis,SHELBY ST,Vehicle,RAN OFF ROAD,DRIVER DISTRACTED - EXPLAIN IN NARRATIVE,SSI,DAYLIGHT,CLEAR,DRY,False,39.750919342041,-86.1411972045898
904534279,2024,2024-07-03,Marion,Lawrence,N MITTHOEFER RD  & APPLE TREE LN,Pedestrian,OTHER - EXPLAIN IN NARRATIVE,OTHER (ENVIRONMENTAL) - EXPLAIN IN NARR,SSI,DAYLIGHT,CLEAR,DRY,False,39.8450088500976,-85.9913940429688
904535504,2024,2024-07-03,Marion,Indianapolis,E 10TH ST.,Pedestrian,OTHER - EXPLAIN IN NARRATIVE,OTHER (DRIVER) - EXPLAIN IN NARRATIVE,SSI,DARK (LIGHTED),CLEAR,DRY,False,39.7813415527344,-86.1160354614258
904537021,2024,2024-07-03,Marion,Indianapolis,W COUNTY LINE RD  & LEISURE LN,Vehicle,REAR END,UNSAFE SPEED,SSI,DARK (LIGHTED),CLEAR,DRY,False,39.6348991394043,-86.1681747436523
904537972,2024,2024-07-03,Hancock,Greenfield,DAVIS RD   & STATE RD 9,Vehicle,LEFT TURN,DISREGARD SIGNAL/REG SIGN,SSI,DAYLIGHT,CLEAR,DRY,False,39.772102355957,-85.7660827636719
904533698,2024,2024-07-04,Marion,Indianapolis,N RUAL ST   & E NEW YORK ST,Vehicle,RIGHT ANGLE,FAILURE TO YIELD RIGHT OF WAY,SSI,DARK (NOT LIGHTED),CLEAR,DRY,False,39.7718391418457,-86.1164627075195
904536095,2024,2024-07-04,Marion,Indianapolis,E 30TH ST  & N MITTHOEFER RD,Vehicle,RAN OFF ROAD,OVERCORRECTING/OVERSTEERING,SSI,DAYLIGHT,CLEAR,DRY,False,39.8116226196289,-85.9907760620117
904536154,2024,2024-07-04,Marion,Indianapolis,MICHIGAN RD  & W 64TH ST,Vehicle,HEAD ON BETWEEN TWO MOTOR VEHICLES,LEFT OF CENTER,SSI,DARK (NOT LIGHTED),CLOUDY,DRY,False,39.8715438842773,-86.2034454345703
904536720,2024,2024-07-04,Marion,Indianapolis,S EMERSON AVE  & EMERSON VILLAGE DR,Pedalcycle,NON-COLLISION,FAILURE TO YIELD RIGHT OF WAY,SSI,DARK (LIGHTED),CLEAR,DRY,False,39.6904945373535,-86.0825271606445
904541406,2024,2024-07-04,Marion,Indianapolis,I-465 SB 46.0 MM,Vehicle,RAN OFF ROAD,UNSAFE LANE MOVEMENT,Fatal,DARK (LIGHTED),CLEAR,DRY,True,39.7680587768555,-86.0296630859375
904534083,2024,2024-07-05,Johnson,Franklin,US 31  & PAUL HAND BLVD,Vehicle,RIGHT ANGLE,FAILURE TO YIELD RIGHT OF WAY,SSI,DAYLIGHT,FOG/SMOKE/SMOG,DRY,False,39.5352058410645,-86.0809555053711
904534369,2024,2024-07-05,Hendricks,Brownsburg,56TH ST  & RONALD REGAN PKWY,Vehicle,LEFT TURN,OTHER (VEHICLE) - EXPLAIN IN NARRATIVE,SSI,DAYLIGHT,CLEAR,DRY,False,39.8515663146973,-86.3560180664063
904536360,2024,2024-07-05,Marion,Indianapolis,N HARDING ST  & 18TH ST,Vehicle,RIGHT ANGLE,DISREGARD SIGNAL/REG SIGN,Fatal,DARK (LIGHTED),CLEAR,DRY,False,39.7911796569824,-86.1875
904543468,2024,2024-07-05,Shelby,FAIRLAND,N 875 W,Vehicle,HEAD ON BETWEEN TWO MOTOR VEHICLES,UNSAFE SPEED,Fatal,DAYLIGHT,CLOUDY,DRY,False,39.6190605163574,-85.949333190918
904535899,2024,2024-07-06,Marion,Indianapolis,S HARDING ST  & MURRAY ST,Vehicle,HEAD ON BETWEEN TWO MOTOR VEHICLES,FAILURE TO YIELD RIGHT OF WAY,SSI,DARK (LIGHTED),CLEAR,DRY,False,39.7184028625488,-86.1870040893555
904536161,2024,2024-07-06,Marion,Indianapolis,REISNER ST  & LAMBERT ST,Vehicle,RIGHT ANGLE,DISREGARD SIGNAL/REG SIGN,Fatal,DARK (LIGHTED),CLEAR,DRY,False,39.7493705749512,-86.1895980834961
904536597,2024,2024-07-06,Marion,Indianapolis,W 38TH ST  & KESSLER BLVD N DR,Vehicle,RAN OFF ROAD,OVERCORRECTING/OVERSTEERING,SSI,DAYLIGHT,CLEAR,DRY,False,39.8238525390625,-86.2154312133789
904534766,2024,2024-07-07,Morgan,MARTINSVILLE,SR 67   & SR 39,Vehicle,RIGHT ANGLE,FAILURE TO YIELD RIGHT OF WAY,SSI,DAYLIGHT,CLEAR,DRY,False,39.4827346801758,-86.4398040771484
904536179,2024,2024-07-07,Marion,Indianapolis,BRILL RD  & MADISON AVE,Vehicle,RAN OFF ROAD,UNSAFE SPEED,Fatal,DARK (NOT LIGHTED),CLEAR,DRY,False,39.7297515869141,-86.154052734375
904537105,2024,2024-07-07,Marion,Indianapolis,E 21ST ST,Pedestrian,OTHER - EXPLAIN IN NARRATIVE,PEDESTRIAN ACTION,SSI,DARK (LIGHTED),CLEAR,DRY,False,39.796688079834,-86.0098266601563
904541449,2024,2024-07-07,Marion,Indianapolis,I465 NB,Vehicle,RAN OFF ROAD,FAILURE TO MAINTAIN LANE,SSI,DARK (LIGHTED),CLEAR,DRY,True,39.8081741333008,-86.275260925293
904536002,2024,2024-07-08,Hamilton,,SR 32  & CYNTHEANNE RD.,Vehicle,RIGHT ANGLE,FAILURE TO YIELD RIGHT OF WAY,SSI,DAYLIGHT,CLOUDY,DRY,False,40.0614814758301,-85.8820266723633
904538007,2024,2024-07-08,Boone,JAMESTOWN(BOONE),SR 234  & CR S 1100 W,Vehicle,HEAD ON BETWEEN TWO MOTOR VEHICLES,OTHER (VEHICLE) - EXPLAIN IN NARRATIVE,SSI,DAYLIGHT,CLEAR,DRY,False,39.9228744506836,-86.6717529296875
904535652,2024,2024-07-09,Boone,Zionsville,1 465 N  25 MM  & 465 E,Pedalcycle,OTHER - EXPLAIN IN NARRATIVE,OTHER (DRIVER) - EXPLAIN IN NARRATIVE,SSI,DARK (NOT LIGHTED),CLEAR,DRY,False,39.9283218383789,-86.2642440795898
904536088,2024,2024-07-09,Hancock,,CR 200   & CR 700 S,Vehicle,REAR END,UNSAFE SPEED,SSI,DAYLIGHT,CLEAR,DRY,False,39.8788604736328,-85.8429565429688
904536240,2024,2024-07-09,Shelby,SHELBYVILLE,E. STATE RD. 44  & PROGRESS PKWY.,Vehicle,REAR END,DRIVER ILLNESS,SSI,DAYLIGHT,CLOUDY,DRY,False,39.5235366821289,-85.7427291870117
904537199,2024,2024-07-09,Marion,Indianapolis,HOPE LANE  & CARROLL RD,Vehicle,LEFT TURN,FAILURE TO YIELD RIGHT OF WAY,SSI,DAYLIGHT,CLOUDY,WET,False,39.7417030334473,-85.9518890380859
904538466,2024,2024-07-09,Hancock,Greenfield,MCKENZIE ST  & STATE ST,Vehicle,NON-COLLISION,SPEED TOO FAST FOR WEATHER CONDITIONS,SSI,DAWN/DUSK,RAIN,WET,False,39.7994194030762,-85.7691345214844
904537495,2024,2024-07-10,Marion,Indianapolis,SUMMERHILL BLVD  & MOLLER RD,Vehicle,RIGHT ANGLE,FAILURE TO YIELD RIGHT OF WAY,SSI,DAYLIGHT,CLOUDY,DRY,False,39.8562850952148,-86.2543563842773
904537570,2024,2024-07-11,Johnson,Edinburgh,I 65,Vehicle,REAR END,DRIVER ILLNESS,SSI,DAYLIGHT,RAIN,WET,True,39.4160957336426,-85.9633483886719
904538076,2024,2024-07-11,Marion,Indianapolis,SOUTHPORT ROAD,Vehicle,OTHER - EXPLAIN IN NARRATIVE,DISREGARD SIGNAL/REG SIGN,SSI,DAYLIGHT,CLEAR,DRY,False,39.6656112670898,-86.0917663574219
904538097,2024,2024-07-11,Marion,Indianapolis,E 56TH ST  & ROXBURY RD,Vehicle,HEAD ON BETWEEN TWO MOTOR VEHICLES,FAILURE TO MAINTAIN LANE,SSI,DAYLIGHT,RAIN,WATER (STANDING OR MOVING),False,39.8550567626953,-86.0720901489258
904538194,2024,2024-07-12,Hancock,,MERIDIAN RD,Vehicle,RAN OFF ROAD,FAILURE TO MAINTAIN LANE,SSI,DAYLIGHT,CLEAR,DRY,False,39.7628936767578,-85.8013381958008
904539086,2024,2024-07-12,Hendricks,Plainfield,SR 267  & STOUT HERITAGE PKWY,Vehicle,REAR END,DRIVER ILLNESS,SSI,DAYLIGHT,CLEAR,DRY,False,39.7045745849609,-86.3722915649414
904539091,2024,2024-07-12,Marion,Indianapolis,MASSACHUSETTS AVE  & E 30TH ST,Vehicle,LEFT TURN,FAILURE TO YIELD RIGHT OF WAY,Fatal,DAYLIGHT,CLEAR,DRY,False,39.8111991882324,-86.0823974609375
904541492,2024,2024-07-12,Marion,Indianapolis,465,Vehicle,REAR END,FOLLOWING TOO CLOSELY,SSI,DAYLIGHT,CLEAR,DRY,False,39.7021369934082,-86.1152725219727
904541534,2024,2024-07-12,Hamilton,Westfield,S UNION ST  & DAVID BROWN DR,Vehicle,RIGHT ANGLE,FAILURE TO YIELD RIGHT OF WAY,SSI,DAYLIGHT,CLEAR,DRY,False,40.0329246520996,-86.1275787353516
904543433,2024,2024-07-12,Marion,Indianapolis,ST RD 67  & S LYNHURST DR,Vehicle,RIGHT ANGLE,DISREGARD SIGNAL/REG SIGN,Fatal,DAYLIGHT,CLEAR,DRY,False,39.7087593078613,-86.2503890991211
904538492,2024,2024-07-13,Johnson,,I 65,Vehicle,REAR TO REAR,ROAD UNDER CONSTRUCTION,SSI,DARK (NOT LIGHTED),CLEAR,DRY,True,39.4255256652832,-85.9719696044922
904538502,2024,2024-07-13,Hamilton,Noblesville,146 ST  & BERGEN BLVD,Pedestrian,OTHER - EXPLAIN IN NARRATIVE,FAILURE TO YIELD RIGHT OF WAY,SSI,DAYLIGHT,CLEAR,DRY,False,40.0016326904297,-85.9268493652344
904538712,2024,2024-07-13,Hamilton,Noblesville,146 ST  & ALLISONVILLE RD,Vehicle,RAN OFF ROAD,DRIVER ILLNESS,SSI,DAYLIGHT,CLEAR,DRY,False,40.0002403259277,-86.0245056152344
904544051,2024,2024-07-13,Hendricks,NORTH SALEM,SR 236  & CR 500 N,Vehicle,RAN OFF ROAD,FAILURE TO MAINTAIN LANE,SSI,DAYLIGHT,CLEAR,DRY,False,39.8300590515137,-86.6021270751953
904547984,2024,2024-07-13,Marion,Indianapolis,I 70,Vehicle,RAN OFF ROAD,UNSAFE SPEED,SSI,DARK (LIGHTED),CLEAR,DRY,True,39.7542533874512,-86.1760711669922
904539134,2024,2024-07-14,Morgan,MONROVIA,N BALTIMORE RD  & W RUNAROUND RD,Vehicle,RAN OFF ROAD,ROADWAY SURFACE CONDITION,SSI,DAYLIGHT,RAIN,WET,False,39.5204010009766,-86.4886627197266
904539932,2024,2024-07-14,Marion,Indianapolis,N MERIDIAN ST  & 79TH ST,Vehicle,OTHER - EXPLAIN IN NARRATIVE,OTHER (DRIVER) - EXPLAIN IN NARRATIVE,SSI,DAYLIGHT,CLEAR,WET,False,39.8977813720703,-86.1579208374023
904540067,2024,2024-07-14,Marion,Indianapolis,S KEYSTONE AVE,Vehicle,HEAD ON BETWEEN TWO MOTOR VEHICLES,DISREGARD SIGNAL/REG SIGN,SSI,DAYLIGHT,CLEAR,DRY,False,39.7163887023926,-86.1207122802734
904541599,2024,2024-07-14,Marion,Indianapolis,SHELBY STREET  & MCDOUGAL/SHELBY,Vehicle,OTHER - EXPLAIN IN NARRATIVE,OTHER (DRIVER) - EXPLAIN IN NARRATIVE,SSI,DAYLIGHT,CLEAR,DRY,False,39.726146697998,-86.1383666992188
904543491,2024,2024-07-14,Hamilton,,SR 13  & STRAWTOWN AVE,Vehicle,RAN OFF ROAD,FAILURE TO MAINTAIN LANE,SSI,DAYLIGHT,CLEAR,DRY,False,40.1340866088867,-85.863395690918
904539859,2024,2024-07-15,Marion,Indianapolis,8900 S MERIDIAN,Vehicle,RIGHT ANGLE,DISREGARD SIGNAL/REG SIGN,SSI,DAYLIGHT,CLEAR,DRY,False,39.6351509094238,-86.158332824707
904539888,2024,2024-07-15,Hamilton,Fishers,I 69,Vehicle,OTHER - EXPLAIN IN NARRATIVE,OTHER (DRIVER) - EXPLAIN IN NARRATIVE,SSI,DAYLIGHT,CLOUDY,DRY,True,39.9565048217774,-86.0082473754883
904540167,2024,2024-07-15,Hamilton,SHERIDAN(HAMILTON),SR 47  & HAMILTON BOONE COUNTY LINE RD,Vehicle,RIGHT ANGLE,DISREGARD SIGNAL/REG SIGN,SSI,DAYLIGHT,CLEAR,DRY,False,40.129623413086,-86.2418899536133
904541377,2024,2024-07-15,Marion,Indianapolis,E 56TH ST  & CHANNING RD,Vehicle,HEAD ON BETWEEN TWO MOTOR VEHICLES,FAILURE TO MAINTAIN LANE,SSI,DAYLIGHT,CLEAR,DRY,False,39.8549957275391,-86.0691528320313
904547633,2024,2024-07-15,Marion,Indianapolis,WASHINGTON STREET   & SHERMAN DR,Vehicle,RIGHT ANGLE,FAILURE TO YIELD RIGHT OF WAY,SSI,DAYLIGHT,CLOUDY,DRY,False,39.7691955566406,-86.1021347045898
904567912,2024,2024-07-15,Marion,Indianapolis,TROY AVE  & CARSON AVE,Vehicle,RIGHT ANGLE,FAILURE TO YIELD RIGHT OF WAY,SSI,DAYLIGHT,CLEAR,DRY,False,39.7229804992676,-86.1370239257813
904540807,2024,2024-07-17,Marion,Indianapolis,KESSLER BLVD  & MICHIGAN RD,Vehicle,HEAD ON BETWEEN TWO MOTOR VEHICLES,IMPROPER TURNING,SSI,DAWN/DUSK,CLEAR,DRY,False,39.8554534912109,-86.1957244873047
904541085,2024,2024-07-17,Hancock,Greenfield,9 & MCKENZIE RD,Vehicle,HEAD ON BETWEEN TWO MOTOR VEHICLES,FAILURE TO YIELD RIGHT OF WAY,SSI,DAYLIGHT,CLOUDY,DRY,False,39.8010520935059,-85.7698211669922
904548574,2024,2024-07-17,Marion,Indianapolis,465,Vehicle,REAR END,IMPROPER PASSING,SSI,DAYLIGHT,CLEAR,DRY,False,39.7222213745117,-86.132209777832
904541112,2024,2024-07-18,Hamilton,Carmel,US31 S,Vehicle,REAR END,UNSAFE SPEED,SSI,DARK (NOT LIGHTED),CLEAR,DRY,False,39.9798164367676,-86.1557922363281
904541584,2024,2024-07-18,Marion,Indianapolis,FALL CREEK RD  & TIMBERLINE DR,Vehicle,RIGHT ANGLE,UNSAFE SPEED,Fatal,DAWN/DUSK,CLEAR,DRY,False,39.8945274353027,-85.9980773925781
904548065,2024,2024-07-18,Hamilton,Noblesville,SR 32  & S 19TH ST,Pedalcycle,OTHER - EXPLAIN IN NARRATIVE,OTHER (DRIVER) - EXPLAIN IN NARRATIVE,SSI,DAYLIGHT,CLEAR,DRY,False,40.0456199645996,-86.0003509521484
904550949,2024,2024-07-18,Marion,Indianapolis,I65 SB 103.7 MM,Vehicle,SAME DIRECTION SIDESWIPE,UNSAFE LANE MOVEMENT,SSI,DAYLIGHT,CLEAR,DRY,True,39.6709175109863,-86.0968933105469
904541951,2024,2024-07-19,Johnson,,SR 44  & CENTERLINE ROAD,Vehicle,RAN OFF ROAD,OVERCORRECTING/OVERSTEERING,SSI,DAYLIGHT,CLEAR,DRY,False,39.474193572998,-86.1023254394531
904542083,2024,2024-07-19,Hancock,,CR 400   & CR 300,Vehicle,RIGHT ANGLE,FAILURE TO YIELD RIGHT OF WAY,SSI,DAYLIGHT,CLEAR,DRY,False,39.8273315429687,-85.878288269043
904542891,2024,2024-07-19,Johnson,Greenwood,BEECHVIEW DR,Vehicle,REAR END,UNSAFE SPEED,Fatal,DARK (NOT LIGHTED),CLEAR,DRY,False,39.6112213134766,-86.114387512207
904543527,2024,2024-07-19,Boone,,SR 32  & CR 500 E,Vehicle,REAR END,OTHER (DRIVER) - EXPLAIN IN NARRATIVE,SSI,DAYLIGHT,CLEAR,DRY,False,40.0395698547363,-86.3748397827148
904547912,2024,2024-07-19,Marion,Indianapolis,S EAST STREET,Pedestrian,BACKING CRASH,UNSAFE BACKING,SSI,DAYLIGHT,CLOUDY,DRY,False,39.7416114807129,-86.1491928100586
904550073,2024,2024-07-19,Marion,Indianapolis,I 65,Vehicle,REAR END,FOLLOWING TOO CLOSELY,SSI,DAYLIGHT,CLEAR,DRY,True,39.6762771606445,-86.0998764038086
904550957,2024,2024-07-19,Marion,Indianapolis,I-465,Vehicle,REAR END,FOLLOWING TOO CLOSELY,SSI,DAYLIGHT,CLEAR,DRY,True,39.9196510314941,-86.1066284179688
904543058,2024,2024-07-20,Marion,Indianapolis,BROOKVILLE RD  & E PLEASANT RUN PKWY S DR,Pedestrian,NON-COLLISION,FAILURE TO MAINTAIN LANE,SSI,DAWN/DUSK,CLEAR,DRY,False,39.7646942138672,-86.0951461791992
904543215,2024,2024-07-20,Marion,Indianapolis,W MORRIS ST,Pedestrian,RAN OFF ROAD,OVERCORRECTING/OVERSTEERING,SSI,DAYLIGHT,CLEAR,DRY,False,39.7502212524414,-86.2452239990234
904562863,2024,2024-07-20,Marion,Indianapolis,PAR DRIVE,Vehicle,REAR END,OTHER (DRIVER) - EXPLAIN IN NARRATIVE,SSI,DAYLIGHT,CLEAR,DRY,False,39.8870887756348,-86.2346343994141
904544479,2024,2024-07-21,Hamilton,Fishers,E 116TH ST  & GABLES RD,Vehicle,LEFT TURN,OTHER (DRIVER) - EXPLAIN IN NARRATIVE,SSI,DAYLIGHT,CLEAR,DRY,False,39.9566688537598,-86.0444107055664
904551006,2024,2024-07-21,Marion,Indianapolis,I 65,Vehicle,SAME DIRECTION SIDESWIPE,UNSAFE LANE MOVEMENT,SSI,DARK (LIGHTED),CLEAR,DRY,True,39.760139465332,-86.1430892944336
904542549,2024,2024-07-22,Marion,Lawrence,US36  & N POST ROAD,Vehicle,RIGHT ANGLE,FAILURE TO YIELD RIGHT OF WAY,SSI,DARK (LIGHTED),CLEAR,DRY,False,39.8445854187012,-86.0101699829102
904543386,2024,2024-07-22,Marion,Indianapolis,ZIONSVILLE RD  & W 86TH ST,Vehicle,RIGHT ANGLE,OTHER (DRIVER) - EXPLAIN IN NARRATIVE,SSI,DAYLIGHT,CLEAR,DRY,False,39.9108505249023,-86.2621841430664
904544290,2024,2024-07-23,Marion,Indianapolis,HOLT RD  & ROCKVILLE RD,Vehicle,LEFT/RIGHT TURN,FAILURE TO YIELD RIGHT OF WAY,SSI,DAYLIGHT,CLOUDY,DRY,False,39.7628326416015,-86.2251358032227
904545243,2024,2024-07-23,Marion,Indianapolis,N STATE AVE  & E NEW YORK ST,Vehicle,RIGHT ANGLE,DISREGARD SIGNAL/REG SIGN,SSI,DAYLIGHT,CLEAR,DRY,False,39.771110534668,-86.1306076049805
904546821,2024,2024-07-23,Hamilton,Carmel,US 31 S,Vehicle,REAR END,IMPROPER PASSING,SSI,DAYLIGHT,CLEAR,DRY,False,39.9884452819824,-86.13427734375
904544350,2024,2024-07-24,Marion,Indianapolis,E 34TH ST  & BANCROFT ST,Vehicle,RAN OFF ROAD,UNSAFE SPEED,SSI,DARK (LIGHTED),CLOUDY,DRY,False,39.8183784484863,-86.0838317871094
904544753,2024,2024-07-24,Marion,Indianapolis,CARSON AVENUE  & KNOX STREET,Vehicle,RAN OFF ROAD,DRIVER ILLNESS,SSI,DAYLIGHT,CLEAR,DRY,False,39.7213668823242,-86.1353530883789
904544895,2024,2024-07-24,Hamilton,Noblesville,146 ST  & ALLISONVILLE RD,Vehicle,REAR END,FOLLOWING TOO CLOSELY,SSI,DAYLIGHT,CLEAR,DRY,False,40.0004196166992,-86.0175018310547