id,year,date,county,city,cross_street,crash_type,manner,primary_factor,ssi_fatal,light,weather,surface,interstate,lat,lon
904544840,2024,2024-07-25,Marion,Indianapolis,VANDERGRIFF ROAD  & DAVIS ROAD,Vehicle,RAN OFF ROAD,UNSAFE LANE MOVEMENT,SSI,DAYLIGHT,CLOUDY,DRY,False,39.7155227661133,-85.9895248413086
904545113,2024,2024-07-25,Marion,Indianapolis,E THOMPSON RD  & S WANAMAKER DR,Vehicle,NON-COLLISION,FOLLOWING TOO CLOSELY,SSI,DAYLIGHT,CLEAR,DRY,False,39.6960411071777,-86.0208587646484
904545261,2024,2024-07-25,Marion,Indianapolis,SAM JONES EX  & S HOLT RD,Vehicle,LEFT TURN,IMPROPER TURNING,SSI,DAYLIGHT,CLEAR,DRY,False,39.7337532043457,-86.2252349853516
904545428,2024,2024-07-25,Johnson,,COUNTY LINE ROAD  & COMBS ROAD,Vehicle,RIGHT ANGLE,FAILURE TO YIELD RIGHT OF WAY,Fatal,DAYLIGHT,CLEAR,DRY,False,39.6370468139648,-86.0542297363281
904546733,2024,2024-07-25,Hamilton,,SR 32  & PRAIRIE BAPTIST RD,Vehicle,REAR END,FOLLOWING TOO CLOSELY,SSI,DAYLIGHT,CLEAR,DRY,False,40.0577850341797,-85.9009170532227
904547226,2024,2024-07-25,Marion,Indianapolis,FALL CREEK  & SHADELAND,Vehicle,LEFT TURN,DISREGARD SIGNAL/REG SIGN,SSI,DAYLIGHT,CLEAR,DRY,False,39.8674583435059,-86.0457992553711
904550084,2024,2024-07-25,Marion,Indianapolis,I-465 EB,Vehicle,REAR END,UNSAFE SPEED,Fatal,DAYLIGHT,CLEAR,DRY,True,39.6983184814453,-86.1473846435547
904546381,2024,2024-07-26,Marion,Indianapolis,S POST RD  & ATLANTIS DR,Vehicle,REAR END,FOLLOWING TOO CLOSELY,SSI,DAYLIGHT,CLEAR,DRY,False,39.7129096984863,-86.0082244873047
904546826,2024,2024-07-26,Hamilton,Carmel,E CARMEL DR  & AAA WAY,Vehicle,LEFT TURN,FAILURE TO YIELD RIGHT OF WAY,SSI,DAYLIGHT,CLEAR,DRY,False,39.9620742797852,-86.1189270019531
904547853,2024,2024-07-26,Marion,Indianapolis,S HARDING ST  & W HANNA AVE,Pedalcycle,NON-COLLISION,PEDESTRIAN ACTION,SSI,DARK (NOT LIGHTED),CLEAR,DRY,False,39.7088584899902,-86.1871795654297
904546435,2024,2024-07-27,Marion,Indianapolis,9000 DITCH  & 9000 DITCH,Vehicle,HEAD ON BETWEEN TWO MOTOR VEHICLES,FAILURE TO MAINTAIN LANE,SSI,DARK (NOT LIGHTED),CLEAR,DRY,False,39.9183120727539,-86.184066772461
904546558,2024,2024-07-27,Marion,Indianapolis,W 79TH  & MICHIGAN RD,Vehicle,HEAD ON BETWEEN TWO MOTOR VEHICLES,FAILURE TO YIELD RIGHT OF WAY,SSI,DARK (LIGHTED),CLEAR,DRY,False,39.8971366882324,-86.2157592773438
904546671,2024,2024-07-27,Marion,Indianapolis,N SHERMAN DR  & E 28TH ST,Pedestrian,OTHER - EXPLAIN IN NARRATIVE,OTHER (DRIVER) - EXPLAIN IN NARRATIVE,SSI,DAYLIGHT,CLEAR,DRY,False,39.8068618774414,-86.1033325195313
904546290,2024,2024-07-28,Marion,Indianapolis,LAFAYETTE ROAD  & COMMERCIAL DRIVE,Vehicle,LEFT TURN,FAILURE TO YIELD RIGHT OF WAY,Fatal,DARK (LIGHTED),CLOUDY,DRY,False,39.8194007873535,-86.2304153442383
904546643,2024,2024-07-28,Marion,Indianapolis,KITLEY  & WASHINGTON,Vehicle,LEFT TURN,IMPROPER LANE USAGE,SSI,DARK (LIGHTED),CLEAR,DRY,False,39.7685775756836,-86.0546646118164
904548521,2024,2024-07-28,Johnson,Greenwood,MAIN ST  & YORKTOWN RD,Vehicle,OTHER - EXPLAIN IN NARRATIVE,UNSAFE SPEED,SSI,DARK (LIGHTED),RAIN,WET,False,39.6134223937988,-86.1392593383789
904546654,2024,2024-07-29,Marion,Indianapolis,NORTH SHERMAN DR  & EAST 25TH ST,Vehicle,OTHER - EXPLAIN IN NARRATIVE,UNSAFE LANE MOVEMENT,SSI,DARK (LIGHTED),CLOUDY,WET,False,39.8035354614258,-86.1025466918945
904577423,2024,2024-09-19,Boone,,SR 32  & 1000 WEST,Vehicle,REAR END,UNSAFE SPEED,SSI,DAYLIGHT,CLEAR,DRY,False,40.0545768737793,-86.6573715209961
904648983,2025,2025-01-09,Johnson,Greenwood,MERIDIAN PARKE DR; KROGER,Pedestrian,OTHER - EXPLAIN IN NARRATIVE,FAILURE TO YIELD RIGHT OF WAY,SSI,DAYLIGHT,CLEAR,DRY,False,39.6187782287598,-86.159553527832
904629835,2024,2024-12-07,Marion,Indianapolis,RAMP 046H,Vehicle,HEAD ON BETWEEN TWO MOTOR VEHICLES,WRONG WAY ON ONE WAY,SSI,DARK (LIGHTED),CLEAR,DRY,False,39.7745704650879,-86.030632019043
904619642,2024,2024-10-11,Marion,Indianapolis,87.1 MM I-70 EB,Vehicle,REAR END,UNSAFE LANE MOVEMENT,Fatal,DARK (LIGHTED),CLEAR,DRY,True,39.8038787841797,-86.0728530883789
904609810,2024,2024-11-09,Boone,Lebanon,SOUTH STREET  & NORTH LEBANON STREET,Vehicle,RAN OFF ROAD,OTHER (DRIVER) - EXPLAIN IN NARRATIVE,SSI,DAYLIGHT,CLEAR,DRY,False,40.0468826293945,-86.4690093994141
904547087,2024,2024-07-29,Marion,Indianapolis,E KELLY ST  & S STATE AVE,Vehicle,RIGHT ANGLE,FAILURE TO YIELD RIGHT OF WAY,SSI,DAYLIGHT,CLEAR,DRY,False,39.7359886169433,-86.1303482055664
904577183,2024,2024-09-20,Hancock,,CR 100   & CR 400 N,Vehicle,RAN OFF ROAD,UNSAFE SPEED,SSI,DAYLIGHT,CLOUDY,DRY,False,39.7309875488281,-85.7826538085938
904630371,2024,2024-12-07,Marion,Indianapolis,E MICHIGAN ST  & N NEW JERSEY ST,Pedestrian,OTHER - EXPLAIN IN NARRATIVE,DISREGARD SIGNAL/REG SIGN,SSI,DARK (LIGHTED),CLEAR,DRY,False,39.77392578125,-86.1504058837891
904649306,2025,2025-01-10,Boone,,SR 32 & CR 500 W,Vehicle,HEAD ON BETWEEN TWO MOTOR VEHICLES,LEFT OF CENTER,SSI,DAYLIGHT,BLOWING SAND/SOIL/SNOW,SNOW/SLUSH,False,40.0540542602539,-86.5666046142578
904610209,2024,2024-11-09,Morgan,,SR 144  & SMOKEY ROW RD,Vehicle,RIGHT ANGLE,FAILURE TO YIELD RIGHT OF WAY,Fatal,DAYLIGHT,CLEAR,DRY,False,39.567798614502,-86.2695236206055
904648147,2024,2024-08-21,Marion,Indianapolis,WEBER DR  & CREEKBROOK DR,Pedestrian,OTHER - EXPLAIN IN NARRATIVE,OTHER (DRIVER) - EXPLAIN IN NARRATIVE,SSI,DARK (LIGHTED),CLEAR,DRY,False,39.662467956543,-86.1337738037109
904506880,2024,2024-05-17,Hamilton,SHERIDAN(HAMILTON),SR 38  & SPRINGMILL RD,Vehicle,HEAD ON BETWEEN TWO MOTOR VEHICLES,FOLLOWING TOO CLOSELY,SSI,DAYLIGHT,CLEAR,DRY,False,40.1109237670898,-86.1662826538086
904631788,2024,2024-12-07,Hamilton,Noblesville,SR 37  & GREENFIELD AVE,Vehicle,OTHER - EXPLAIN IN NARRATIVE,DISREGARD SIGNAL/REG SIGN,SSI,DARK (LIGHTED),CLEAR,ICE,False,40.0225944519043,-85.9972457885742
904629239,2024,2024-12-08,Shelby,FAIRLAND,I-74 W.B.,Vehicle,SAME DIRECTION SIDESWIPE,OTHER (DRIVER) - EXPLAIN IN NARRATIVE,SSI,DARK (NOT LIGHTED),CLEAR,DRY,True,39.6312866210938,-85.8906555175781
904630535,2024,2024-12-08,Marion,Indianapolis,N ILLINOIS ST  & W 10TH ST,Pedestrian,OTHER - EXPLAIN IN NARRATIVE,PEDESTRIAN ACTION,Fatal,DARK (LIGHTED),CLEAR,DRY,False,39.7811317443848,-86.1594161987305
904631105,2024,2024-12-08,Marion,Indianapolis,E SOUTHPORT RD  & BUCKRIDGE W DR,Vehicle,RAN OFF ROAD,FAILURE TO MAINTAIN LANE,SSI,DARK (LIGHTED),CLOUDY,DRY,False,39.6647987365723,-86.1310958862305
904631322,2024,2024-12-08,Marion,Indianapolis,2800 W 86TH ST,Vehicle,HEAD ON BETWEEN TWO MOTOR VEHICLES,WRONG WAY ON ONE WAY,Fatal,DARK (LIGHTED),RAIN,WET,False,39.911750793457,-86.2119216918945
904630074,2024,2024-12-09,Boone,,SR 39  & HORTON RD.,Vehicle,OTHER - EXPLAIN IN NARRATIVE,DRIVER ASLEEP OR FATIGUED,SSI,DAYLIGHT,CLEAR,DRY,False,40.1614837646484,-86.485595703125
904630265,2024,2024-12-09,Shelby,SHELBYVILLE,E MICHIGAN RD  & SARAINA RD,Vehicle,OTHER - EXPLAIN IN NARRATIVE,DRIVER DISTRACTED - EXPLAIN IN NARRATIVE,SSI,DARK (LIGHTED),CLEAR,WET,False,39.5190124511719,-85.7529983520508
904631151,2024,2024-12-09,Boone,,SR 39  & 800 N,Vehicle,REAR END,OTHER (DRIVER) - EXPLAIN IN NARRATIVE,SSI,DARK (NOT LIGHTED),RAIN,WET,False,40.1555137634277,-86.4848861694336
904631342,2024,2024-12-09,Marion,Indianapolis,S CARSON AVE  & S RURAL ST,Vehicle,HEAD ON BETWEEN TWO MOTOR VEHICLES,LEFT OF CENTER,SSI,DARK (LIGHTED),RAIN,WET,False,39.705207824707,-86.1157760620117
904631492,2024,2024-12-10,Marion,Indianapolis,B BELMONT AVE  & W MICHIGAN STREET,Vehicle,LEFT TURN,FAILURE TO YIELD RIGHT OF WAY,SSI,DARK (LIGHTED),FOG/SMOKE/SMOG,WET,False,39.7747573852539,-86.1968994140625
904631691,2024,2024-12-10,Marion,Indianapolis,E 30TH STREET  & E FALL CREEK PARKWAY N DR,Vehicle,HEAD ON BETWEEN TWO MOTOR VEHICLES,OTHER (DRIVER) - EXPLAIN IN NARRATIVE,SSI,DAYLIGHT,CLEAR,DRY,False,39.8103904724121,-86.1436233520508
904631792,2024,2024-12-11,Hamilton,Noblesville,SR 32  & HAZEL DELL RD,Vehicle,REAR END,FOLLOWING TOO CLOSELY,SSI,DARK (NOT LIGHTED),SLEET/HAIL/FREEZING RAIN,ICE,False,40.0431785583496,-86.0713958740234
904632088,2024,2024-12-11,Marion,Indianapolis,S HOLT RD  & MORRIS ST,Vehicle,RAN OFF ROAD,OTHER (VEHICLE) - EXPLAIN IN NARRATIVE,SSI,DAYLIGHT,RAIN,WET,False,39.7499122619629,-86.2252655029297
904632138,2024,2024-12-11,Marion,Indianapolis,E 82ND ST  & ALLISONVILLE RD,Vehicle,RIGHT ANGLE,DISREGARD SIGNAL/REG SIGN,SSI,DARK (LIGHTED),CLOUDY,DRY,False,39.9051780700683,-86.0785446166992
904656682,2024,2024-12-11,Marion,Indianapolis,E 21ST STREET  & WELLESLY BLVD,Vehicle,LEFT TURN,UNSAFE SPEED,SSI,DARK (NOT LIGHTED),CLEAR,DRY,False,39.7964553833008,-86.0324096679688
904632822,2024,2024-12-12,Marion,Indianapolis,E BANTA RD  & CAMDEN ST,Vehicle,RAN OFF ROAD,DRIVER ASLEEP OR FATIGUED,SSI,DARK (NOT LIGHTED),CLEAR,DRY,False,39.6721267700195,-86.1429672241211
904634210,2024,2024-12-12,Hendricks,Plainfield,MAIN STREET  & CONCORD ROAD,Vehicle,LEFT TURN,VIEW OBSTRUCTED,SSI,DAYLIGHT,CLEAR,DRY,False,39.6979637145996,-86.4170532226563
904656471,2024,2024-12-12,Hamilton,SHERIDAN(HAMILTON),US 31,Vehicle,RAN OFF ROAD,OVERCORRECTING/OVERSTEERING,Fatal,DARK (NOT LIGHTED),CLEAR,DRY,False,40.1841087341309,-86.1279220581055
904632753,2024,2024-12-13,Marion,Indianapolis,I465NB,Vehicle,SAME DIRECTION SIDESWIPE,UNSAFE LANE MOVEMENT,SSI,DARK (LIGHTED),CLEAR,DRY,False,39.8693962097168,-86.2687835693359
904632986,2024,2024-12-13,Hamilton,Fishers,ALLISONSVILLE ROAD  & 141ST STREET,Vehicle,LEFT TURN,DISREGARD SIGNAL/REG SIGN,SSI,DAYLIGHT,CLOUDY,DRY,False,39.9915237426758,-86.0214309692383
904633758,2024,2024-12-13,Boone,Lebanon,I 65,Vehicle,REAR END,ROADWAY SURFACE CONDITION,SSI,DARK (NOT LIGHTED),CLEAR,ICE,True,40.0331153869629,-86.4689559936524
904633561,2024,2024-12-14,Shelby,Edinburgh,I 65 N,Vehicle,SAME DIRECTION SIDESWIPE,UNSAFE LANE MOVEMENT,SSI,DAYLIGHT,CLOUDY,DRY,True,39.356014251709,-85.942253112793
904633717,2024,2024-12-14,Marion,Indianapolis,E 38TH  & MEADOWS,Pedestrian,OTHER - EXPLAIN IN NARRATIVE,PEDESTRIAN ACTION,SSI,DAWN/DUSK,CLEAR,DRY,False,39.8254051208496,-86.1151809692383
904651145,2024,2024-12-15,Marion,Indianapolis,E 16TH ST  & POST RD,Vehicle,HEAD ON BETWEEN TWO MOTOR VEHICLES,LEFT OF CENTER,Fatal,DARK (NOT LIGHTED),RAIN,WET,False,39.7893371582031,-86.0113296508789
904590846,2024,2024-10-12,Marion,Indianapolis,OHIO STREET  & COLLEGE AVENUE,Vehicle,RIGHT ANGLE,FAILURE TO YIELD RIGHT OF WAY,Fatal,DAYLIGHT,CLEAR,DRY,False,39.7695732116699,-86.1455383300781
904577327,2024,2024-09-20,Marion,Indianapolis,500 BLOCK  & BLUFF RD,Vehicle,NON-COLLISION,UNSAFE SPEED,SSI,DARK (LIGHTED),CLEAR,DRY,False,39.7075691223144,-86.168342590332
904547287,2024,2024-07-29,Marion,Indianapolis,N EMERSON AVE  & E WALNUT ST,Vehicle,RIGHT ANGLE,FAILURE TO YIELD RIGHT OF WAY,SSI,DAYLIGHT,CLEAR,DRY,False,39.7767753601074,-86.0831604003906
904635003,2024,2024-12-16,Marion,Indianapolis,N EMERSON AVE  & E 32ND ST,Vehicle,SAME DIRECTION SIDESWIPE,IMPROPER LANE USAGE,SSI,DARK (LIGHTED),CLEAR,WET,False,39.814754486084,-86.083625793457
904635004,2024,2024-12-16,Marion,Indianapolis,GIRLS SCHOOL RD  & CRANSTON DR,Vehicle,RIGHT ANGLE,FAILURE TO YIELD RIGHT OF WAY,SSI,DARK (NOT LIGHTED),CLEAR,WET,False,39.7693367004395,-86.083625793457
904638069,2024,2024-12-16,Marion,Indianapolis,107.7 MM I-65 SB,Vehicle,RAN OFF ROAD,OVERCORRECTING/OVERSTEERING,SSI,DARK (LIGHTED),CLEAR,WET,True,39.7188568115234,-86.1291198730469
904635985,2024,2024-12-17,Marion,Indianapolis,ENGLISH AVE  & E PLEASANT RUN PKWY N DR,Pedestrian,OTHER - EXPLAIN IN NARRATIVE,PEDESTRIAN ACTION,SSI,DAWN/DUSK,CLOUDY,DRY,False,39.7599639892578,-86.1054534912109
904635884,2024,2024-12-18,Marion,Indianapolis,S FRANKLIN RD  & BRAMBLEBERRY,Vehicle,RIGHT TURN,OTHER (DRIVER) - EXPLAIN IN NARRATIVE,SSI,DARK (LIGHTED),CLEAR,WET,False,39.6844673156738,-86.0184936523438
904636341,2024,2024-12-18,Marion,Indianapolis,E SOUTHPORT RD,Vehicle,RAN OFF ROAD,OTHER (DRIVER) - EXPLAIN IN NARRATIVE,SSI,DARK (NOT LIGHTED),CLEAR,DRY,False,39.6651840209961,-86.0993194580078
904637101,2024,2024-12-19,Johnson,Greenwood,S SR 135,Pedestrian,NON-COLLISION,FAILURE TO YIELD RIGHT OF WAY,SSI,DARK (LIGHTED),CLEAR,DRY,False,39.6034088134765,-86.1577301025391
904637121,2024,2024-12-19,Marion,Indianapolis,KENTUCKY AVE   & HIGH SCHOOL RD,Vehicle,RIGHT ANGLE,DISREGARD SIGNAL/REG SIGN,SSI,DARK (LIGHTED),CLEAR,DRY,False,39.6944808959961,-86.2693786621094
904637142,2024,2024-12-19,Marion,Indianapolis,ENSENADA DR,Vehicle,RAN OFF ROAD,OTHER (DRIVER) - EXPLAIN IN NARRATIVE,SSI,DAYLIGHT,CLEAR,DRY,False,39.694766998291,-86.0715866088867
904637324,2024,2024-12-19,Johnson,Greenwood,SR 135  & MAIN ST,Vehicle,HEAD ON BETWEEN TWO MOTOR VEHICLES,FAILURE TO YIELD RIGHT OF WAY,SSI,DARK (LIGHTED),CLEAR,DRY,False,39.6131286621094,-86.1584930419922
904640262,2024,2024-12-19,Marion,Indianapolis,I65 NB  & 102.8 MM,Vehicle,RAN OFF ROAD,FAILURE TO MAINTAIN LANE,Fatal,DAYLIGHT,CLOUDY,DRY,True,39.6619453430176,-86.0846557617187
904647256,2024,2024-12-19,Marion,Indianapolis,MERIDIAN ST  & W 79TH ST,Vehicle,SAME DIRECTION SIDESWIPE,UNSAFE LANE MOVEMENT,Fatal,DARK (NOT LIGHTED),CLEAR,DRY,False,39.8962059020996,-86.1578598022461
904647268,2024,2024-12-19,Marion,Indianapolis,W 43RD ST  & CLARENDON RD,Pedestrian,RAN OFF ROAD,FAILURE TO MAINTAIN LANE,SSI,DAYLIGHT,CLEAR,DRY,False,39.8339347839355,-86.1714477539063
904647269,2024,2024-12-19,Marion,Indianapolis,ROCKVILLE RD  & CORONADO RD,Vehicle,LEFT TURN,UNSAFE SPEED,Fatal,DARK (LIGHTED),CLEAR,DRY,False,39.7639045715332,-86.3222045898438
904639727,2024,2024-12-20,Johnson,Greenwood,SMITH VALLEY RD  & CRIMSON WAY,Vehicle,HEAD ON BETWEEN TWO MOTOR VEHICLES,LEFT OF CENTER,SSI,DARK (LIGHTED),CLEAR,WET,False,39.6062545776367,-86.1254425048828
904640576,2024,2024-12-20,Marion,Indianapolis,6200 W. WASHINGTON STREET  & HIGH SCHOOL ROAD,Pedestrian,NON-COLLISION,PEDESTRIAN ACTION,Fatal,DARK (LIGHTED),CLOUDY,DRY,False,39.7471313476563,-86.2691192626953
904647414,2024,2024-12-20,Marion,Indianapolis,I465,Vehicle,OTHER - EXPLAIN IN NARRATIVE,UNSAFE LANE MOVEMENT,SSI,DARK (LIGHTED),CLEAR,DRY,True,39.8660202026367,-86.04736328125
904638035,2024,2024-12-21,Shelby,SHELBYVILLE,INTERSTATE 74 109 MM EB,Vehicle,RAN OFF ROAD,FAILURE TO MAINTAIN LANE,SSI,DAWN/DUSK,CLEAR,DRY,True,39.5851287841797,-85.8239974975586
904640390,2024,2024-12-21,Marion,Indianapolis,W WASHINGTON ST,Vehicle,RIGHT ANGLE,FAILURE TO YIELD RIGHT OF WAY,SSI,DARK (LIGHTED),CLEAR,DRY,False,39.7365074157715,-86.3031539916992
904647277,2024,2024-12-21,Marion,Indianapolis,E 34TH ST  & N LESLEY AVE,Vehicle,OTHER - EXPLAIN IN NARRATIVE,DISREGARD SIGNAL/REG SIGN,Fatal,DARK (NOT LIGHTED),CLEAR,DRY,False,39.8183898925781,-86.0701370239258
904640392,2024,2024-12-22,Marion,Indianapolis,E.WASHINGTON ST.,Vehicle,HEAD ON BETWEEN TWO MOTOR VEHICLES,WRONG WAY ON ONE WAY,SSI,DAYLIGHT,CLEAR,DRY,False,39.7732353210449,-86.0262298583984
904640375,2024,2024-12-23,Marion,Indianapolis,E FALL CREEK PKY NORTH  & EVANSTON AVE,Vehicle,OPPOSITE DIRECTION SIDESWIPE,FAILURE TO MAINTAIN LANE,SSI,DARK (LIGHTED),CLEAR,DRY,False,39.8321685791015,-86.1262512207031
904640746,2024,2024-12-23,Marion,Indianapolis,COLLEGE  & NORTH,Vehicle,OTHER - EXPLAIN IN NARRATIVE,UNSAFE SPEED,SSI,DARK (LIGHTED),RAIN,WET,False,39.7756958007812,-86.1453857421875
904639172,2024,2024-12-24,Johnson,,"4494 N HURRICANE RD  FRANKLIN,  & 4494 N HURRICANE RD  FRANKLIN,",Vehicle,RAN OFF ROAD,UNSAFE SPEED,SSI,DARK (LIGHTED),CLEAR,DRY,False,39.5423469543457,-86.027961730957
904640552,2024,2024-12-24,Shelby,FOUNTAINTOWN,CR 900 N  & CR 675 W,Vehicle,RAN OFF ROAD,OVERCORRECTING/OVERSTEERING,Fatal,DAYLIGHT,CLEAR,DRY,False,39.6534652709961,-85.9134902954102
904642424,2024,2024-12-24,Marion,Indianapolis,21ST STREET  & ELIZABETH STREET,Vehicle,OTHER - EXPLAIN IN NARRATIVE,LEFT OF CENTER,SSI,DARK (LIGHTED),CLOUDY,DRY,False,39.7963752746582,-86.0511856079102
904646252,2024,2024-12-24,Marion,Indianapolis,W 71ST ST  & GEORGETOWN RD,Vehicle,LEFT TURN,DISREGARD SIGNAL/REG SIGN,SSI,DARK (LIGHTED),CLOUDY,DRY,False,39.8820343017578,-86.2441864013672
904640143,2024,2024-12-25,Marion,Indianapolis,I-70 WB 89.0 MM,Vehicle,RAN OFF ROAD,SPEED TOO FAST FOR WEATHER CONDITIONS,SSI,DAYLIGHT,RAIN,WET,True,39.7985420227051,-86.0392761230469
904642923,2024,2024-12-25,Marion,Indianapolis,MENDENHALL RD  & EDDIE LN,Vehicle,NON-COLLISION,OVERCORRECTING/OVERSTEERING,SSI,DARK (NOT LIGHTED),RAIN,WET,False,39.6640357971191,-86.288330078125
904640122,2024,2024-12-26,Marion,Speedway,CRAWFORDSVILLE RD  & CUNNINGHAM DR,Vehicle,LEFT TURN,FAILURE TO YIELD RIGHT OF WAY,SSI,DARK (LIGHTED),CLOUDY,DRY,False,39.7987174987793,-86.26513671875
904643863,2024,2024-12-27,Marion,Indianapolis,I70 WB,Vehicle,OTHER - EXPLAIN IN NARRATIVE,SPEED TOO FAST FOR WEATHER CONDITIONS,SSI,DAYLIGHT,RAIN,WET,True,39.7262306213379,-86.2495651245117
904640697,2024,2024-12-28,Hamilton,Cicero,207 VERDANT DRIVE  & TAMARACK LARCH BLVD,Vehicle,REAR END,OTHER (DRIVER) - EXPLAIN IN NARRATIVE,SSI,DARK (LIGHTED),CLOUDY,DRY,False,40.1294975280762,-86.0332336425781
904642870,2024,2024-12-28,Johnson,Greenwood,MARLIN DR  & MENARD DR,Vehicle,RIGHT ANGLE,FAILURE TO YIELD RIGHT OF WAY,SSI,DAYLIGHT,CLEAR,DRY,False,39.6107559204101,-86.1599502563477
904642946,2024,2024-12-28,Marion,Indianapolis,SHADELAND AVENUE  & WASHINGTON STREET,Vehicle,OTHER - EXPLAIN IN NARRATIVE,UNSAFE SPEED,SSI,DAYLIGHT,CLOUDY,WET,False,39.7689247131348,-86.045051574707
904643900,2024,2024-12-28,Marion,Indianapolis,I65NB,Vehicle,OTHER - EXPLAIN IN NARRATIVE,UNSAFE SPEED,SSI,DARK (LIGHTED),CLEAR,WET,False,39.846248626709,-86.2601165771484
904640953,2024,2024-12-29,Boone,Whitestown,5800 S INDIANAPOLIS ROAD  & COMMERCE DRIVE,Vehicle,RAN OFF ROAD,SPEED TOO FAST FOR WEATHER CONDITIONS,SSI,DAYLIGHT,RAIN,WET,False,39.9567794799805,-86.3708572387695
904642245,2024,2024-12-29,Hendricks,Avon,N CR 900 E  & ANGELINA WAY,Vehicle,RIGHT ANGLE,FAILURE TO YIELD RIGHT OF WAY,SSI,DARK (LIGHTED),CLOUDY,WET,False,39.7649192810058,-86.3618698120117
904643218,2024,2024-12-29,Marion,Indianapolis,16TH STREET  & EMERSON AVENUE,Vehicle,RIGHT ANGLE,FAILURE TO YIELD RIGHT OF WAY,SSI,DARK (LIGHTED),RAIN,WET,False,39.7888336181641,-86.0834045410156
904643222,2024,2024-12-29,Marion,Indianapolis,PLAINFIELD AVE  & DUNLAP DR,Vehicle,HEAD ON BETWEEN TWO MOTOR VEHICLES,FAILURE TO YIELD RIGHT OF WAY,SSI,DARK (LIGHTED),CLEAR,WET,False,39.7481803894043,-86.2447891235352
904643610,2024,2024-12-29,Marion,Indianapolis,W 16TH STREET   & SOMERSET AVE,Vehicle,NON-COLLISION,OVERCORRECTING/OVERSTEERING,SSI,DARK (LIGHTED),RAIN,WET,False,39.7876777648926,-86.2223434448242
904641679,2024,2024-12-30,Shelby,PLEASANT VIEW,DIX ROAD,Pedestrian,OTHER - EXPLAIN IN NARRATIVE,OTHER (DRIVER) - EXPLAIN IN NARRATIVE,SSI,DARK (NOT LIGHTED),CLEAR,MUDDY,False,39.6445846557617,-85.951187133789
904641876,2024,2024-12-31,Marion,Lawrence,SUNNYSIDE ROAD  & E 79TH ST,Vehicle,LEFT TURN,FAILURE TO YIELD RIGHT OF WAY,SSI,DARK (LIGHTED),RAIN,WET,False,39.8982467651367,-85.9760513305664
904642091,2024,2024-12-31,Hamilton,,CUMBERLAND RD  & 206 ST,Vehicle,HEAD ON BETWEEN TWO MOTOR VEHICLES,FOLLOWING TOO CLOSELY,SSI,DAYLIGHT,RAIN,WET,False,40.0843849182129,-85.9954833984375
904643769,2024,2024-12-31,Marion,Indianapolis,E RAYMOND ST,Pedestrian,RIGHT ANGLE,PEDESTRIAN ACTION,SSI,DARK (NOT LIGHTED),RAIN,WET,False,39.7374229431152,-86.1388854980469
904643828,2024,2024-12-31,Marion,Indianapolis,W MORRIS STREET  & SALEM CREEK BOULEVARD,Vehicle,HEAD ON BETWEEN TWO MOTOR VEHICLES,FAILURE TO MAINTAIN LANE,SSI,DARK (NOT LIGHTED),RAIN,WET,False,39.7490882873535,-86.3249282836914
904642441,2025,2025-01-01,Johnson,,,Vehicle,HEAD ON BETWEEN TWO MOTOR VEHICLES,LEFT OF CENTER,Fatal,DARK (NOT LIGHTED),CLOUDY,DRY,False,39.5491104125976,-86.1242218017578
904643027,2025,2025-01-01,Marion,Indianapolis,I70 & POST ROAD,Vehicle,RAN OFF ROAD,SPEED TOO FAST FOR WEATHER CONDITIONS,SSI,DAYLIGHT,SNOW,WET,True,39.8002777099609,-86.0134048461914
904643192,2025,2025-01-01,Hancock,,CR 300 S & CR 275 E,Vehicle,RAN OFF ROAD,OTHER (DRIVER) - EXPLAIN IN NARRATIVE,SSI,DAYLIGHT,CLEAR,DRY,False,39.7426414489746,-85.7456665039063
904643648,2025,2025-01-02,Marion,Indianapolis,I70,Vehicle,LEFT TURN,OTHER (DRIVER) - EXPLAIN IN NARRATIVE,SSI,DARK (LIGHTED),CLEAR,DRY,True,39.7922592163086,-86.1245269775391
904645080,2025,2025-01-03,Hancock,McCordsville,US 36 & SR 234,Vehicle,RAN OFF ROAD,ROADWAY SURFACE CONDITION,SSI,DAYLIGHT,CLEAR,ICE,False,39.9017677307129,-85.9095687866211
904645918,2025,2025-01-05,Johnson,NEEDHAM,CR 700N,Vehicle,OPPOSITE DIRECTION SIDESWIPE,ROADWAY SURFACE CONDITION,SSI,DAYLIGHT,SNOW,SNOW/SLUSH,False,39.5823783874512,-85.9586181640625
904645931,2025,2025-01-04,Morgan,Mooresville,SR 67 & MERRIMAN RD,Vehicle,REAR END,DRIVER DISTRACTED - EXPLAIN IN NARRATIVE,SSI,DAYLIGHT,CLEAR,DRY,False,39.5652503967285,-86.3782424926758
904646137,2025,2025-01-01,Marion,Indianapolis,6000 & E 21ST,Vehicle,REAR END,FOLLOWING TOO CLOSELY,SSI,DARK (LIGHTED),CLEAR,DRY,False,39.7963333129883,-86.0619964599609
904646164,2025,2025-01-02,Marion,Indianapolis,PENNSYLVANIA STREET & 21ST STREET,Vehicle,RIGHT ANGLE,FAILURE TO YIELD RIGHT OF WAY,SSI,DAYLIGHT,CLEAR,DRY,False,39.7949714660644,-86.1560516357422