id,year,date,county,city,cross_street,crash_type,manner,primary_factor,ssi_fatal,light,weather,surface,interstate,lat,lon
904646218,2025,2025-01-03,Marion,Indianapolis,W WASHINGTON ST & N TRAUB AVE,Vehicle,LEFT TURN,FAILURE TO YIELD RIGHT OF WAY,SSI,DARK (LIGHTED),CLEAR,DRY,False,39.7663726806641,-86.1955108642578
904646320,2025,2025-01-04,Marion,Indianapolis,MERIDIAN STREET & 22ND STREET,Pedestrian,OTHER - EXPLAIN IN NARRATIVE,UNSAFE SPEED,SSI,DAYLIGHT,CLEAR,DRY,False,39.7973327636719,-86.1572799682617
904646839,2025,2025-01-03,Marion,Indianapolis,N GERMAN CHURCH RD & E 21ST ST,Pedestrian,COLLISION WITH OBJECT IN ROAD,PEDESTRIAN ACTION,Fatal,DARK (NOT LIGHTED),CLOUDY,DRY,False,39.7963409423828,-85.971549987793
904647016,2025,2025-01-02,Morgan,,MIDDLE PATTON PARK RD & LOWER PATTON PARK RD.,Vehicle,NON-COLLISION,OTHER (DRIVER) - EXPLAIN IN NARRATIVE,SSI,DAYLIGHT,CLEAR,DRY,False,39.484920501709,-86.5031127929688
904647472,2025,2025-01-01,Marion,Indianapolis,NB I-65 & 115.3 MM,Vehicle,RAN OFF ROAD,UNSAFE SPEED,SSI,DARK (LIGHTED),CLEAR,ICE,True,39.8086967468262,-86.1662216186523
904647575,2025,2025-01-07,Marion,Indianapolis,GEIST CROSSING DR & E 79TH ST,Vehicle,REAR END,FOLLOWING TOO CLOSELY,SSI,DAYLIGHT,CLOUDY,SNOW/SLUSH,False,39.8985137939453,-85.9931182861328
904648238,2025,2025-01-04,Marion,Indianapolis,I70 WB,Vehicle,RAN OFF ROAD,UNSAFE SPEED,Fatal,DARK (LIGHTED),CLOUDY,DRY,True,39.7863311767578,-86.1369934082031
904610502,2024,2024-11-09,Johnson,TRAFALGAR,SR 135  & SR 252,Pedestrian,OTHER - EXPLAIN IN NARRATIVE,PEDESTRIAN ACTION,Fatal,DARK (NOT LIGHTED),CLEAR,DRY,False,39.4112777709961,-86.1587295532227
904561086,2024,2024-08-22,Marion,Indianapolis,DR MARTIN LUTHER KING JR ST  & EUGENE ST,Pedalcycle,OTHER - EXPLAIN IN NARRATIVE,PEDESTRIAN ACTION,SSI,DAYLIGHT,CLEAR,DRY,False,39.8090438842773,-86.1733932495117
904610556,2024,2024-11-09,Shelby,RAYS CROSSING,STATE ROAD 44 E  & 600 EAST,Vehicle,REAR END,FOLLOWING TOO CLOSELY,Fatal,DARK (NOT LIGHTED),CLOUDY,DRY,False,39.5543594360352,-85.6692886352539
904562788,2024,2024-08-22,Marion,Indianapolis,W MOORESVILLE RD  & S HIGH SCHOOL RD,Vehicle,RIGHT ANGLE,FAILURE TO YIELD RIGHT OF WAY,SSI,DARK (LIGHTED),CLEAR,DRY,False,39.692699432373,-86.2693786621094
904516649,2024,2024-05-17,Marion,Indianapolis,I-465 `  & 38.6,Vehicle,REAR END,UNSAFE SPEED,Fatal,DARK (NOT LIGHTED),CLOUDY,DRY,True,39.8660011291504,-86.0473098754883
904616787,2024,2024-11-09,Marion,Indianapolis,I-465,Vehicle,REAR END,UNSAFE SPEED,SSI,DAYLIGHT,CLEAR,DRY,True,39.8909606933594,-86.0497817993164
904649752,2025,2025-01-10,Hamilton,Atlanta,US 31 & 286 ST,Vehicle,REAR END,SPEED TOO FAST FOR WEATHER CONDITIONS,SSI,DARK (NOT LIGHTED),SNOW,SNOW/SLUSH,False,40.2049026489258,-86.1279602050781
904549191,2024,2024-07-29,Hancock,Cumberland,W US HWY 40  & MANOR DR,Vehicle,REAR END,FOLLOWING TOO CLOSELY,SSI,DAYLIGHT,CLEAR,DRY,False,39.7779121398926,-85.9280166625977
904622614,2024,2024-11-09,Marion,Speedway,W 25TH ST  & N HIGH SCHOOL RD,Vehicle,RAN OFF ROAD,OTHER (DRIVER) - EXPLAIN IN NARRATIVE,Fatal,DARK (LIGHTED),CLEAR,DRY,False,39.8027153015137,-86.2699966430664
904650117,2025,2025-01-10,Marion,Indianapolis,200 S SHELBY ST & SOUTHEASTERN AVE,Vehicle,REAR END,SPEED TOO FAST FOR WEATHER CONDITIONS,SSI,DAYLIGHT,SNOW,SNOW/SLUSH,False,39.7638282775879,-86.1399078369141
904591432,2024,2024-10-12,Marion,Indianapolis,N. SHADELAND AVE  & WESTERN SELECT DR.,Vehicle,HEAD ON BETWEEN TWO MOTOR VEHICLES,FAILURE TO YIELD RIGHT OF WAY,SSI,DARK (LIGHTED),CLEAR,DRY,False,39.800365447998,-86.045524597168
904564133,2024,2024-08-22,Hendricks,Avon,E US HIGHWAY 36  & KINGSTON ST,Vehicle,LEFT/RIGHT TURN,FAILURE TO YIELD RIGHT OF WAY,SSI,DAYLIGHT,CLEAR,DRY,False,39.7630653381348,-86.3790817260742
904506839,2024,2024-05-18,Marion,Indianapolis,W WASHINGTON ST  & I-465,Vehicle,HEAD ON BETWEEN TWO MOTOR VEHICLES,FAILURE TO YIELD RIGHT OF WAY,SSI,DAYLIGHT,CLEAR,DRY,True,39.7478370666504,-86.2661666870117
904563115,2024,2024-07-29,Hamilton,Fishers,I-69,Vehicle,RAN OFF ROAD,UNSAFE SPEED,SSI,DAYLIGHT,CLEAR,DRY,True,39.9909248352051,-85.9136047363281
904507532,2024,2024-05-18,Morgan,MARTINSVILLE,NORTH STATE ROAD 39,Vehicle,RAN OFF ROAD,ANIMAL/OBJECT IN ROADWAY,SSI,DAYLIGHT,CLEAR,DRY,False,39.5014381408691,-86.4544982910156
904577404,2024,2024-09-20,Marion,Indianapolis,W. 86TH ST  & GUION RD,Vehicle,REAR END,UNSAFE SPEED,SSI,DAYLIGHT,CLEAR,DRY,False,39.9116172790527,-86.2314224243164
904547568,2024,2024-07-30,Boone,Whitestown,WHITESTOWN PKWY  & VETERANS DR,Vehicle,LEFT TURN,IMPROPER TURNING,SSI,DAYLIGHT,CLEAR,DRY,False,39.9494514465332,-86.3368072509766
904611093,2024,2024-11-10,Morgan,MARTINSVILLE,ROB HILL ROAD  & S.R. 39,Vehicle,RAN OFF ROAD,UNSAFE SPEED,Fatal,DARK (NOT LIGHTED),CLEAR,DRY,False,39.508903503418,-86.4561462402344
904507632,2024,2024-05-18,Hamilton,Carmel,W 96TH ST  & SPRING MILL RD,Vehicle,RIGHT ANGLE,DRIVER ASLEEP OR FATIGUED,SSI,DAYLIGHT,FOG/SMOKE/SMOG,DRY,False,39.9270477294922,-86.1653442382813
904652112,2025,2025-01-14,Marion,Indianapolis,W WASHINGTON ST & S HIGH SCHOOL RD,Vehicle,REAR END,FOLLOWING TOO CLOSELY,SSI,DAYLIGHT,CLEAR,DRY,False,39.7467651367187,-86.2698516845703
904565530,2024,2024-08-22,Marion,Indianapolis,WINDWARD WAY  & ZIONSVILLE RD,Vehicle,NON-COLLISION,OTHER (DRIVER) - EXPLAIN IN NARRATIVE,SSI,DAWN/DUSK,CLEAR,DRY,False,39.8775749206543,-86.2607345581055
904577528,2024,2024-09-20,Marion,Indianapolis,W THOMPSON RD  & OAKNOLL DR,Vehicle,COLLISION WITH OBJECT IN ROAD,ANIMAL/OBJECT IN ROADWAY,SSI,DAYLIGHT,CLEAR,DRY,False,39.6915168762207,-86.2606964111328
904591435,2024,2024-10-12,Marion,Indianapolis,KESSLER  & 2700,Vehicle,RAN OFF ROAD,IMPROPER PASSING,SSI,DARK (NOT LIGHTED),CLEAR,DRY,False,39.8544082641601,-86.2071151733398
904611492,2024,2024-11-10,Hamilton,Westfield,S UNION ST  & WESTFIELD BLVD.,Vehicle,HEAD ON BETWEEN TWO MOTOR VEHICLES,FAILURE TO MAINTAIN LANE,SSI,DARK (NOT LIGHTED),CLEAR,DRY,False,40.0247535705566,-86.1275329589844
904547599,2024,2024-07-30,Marion,Indianapolis,42ND ST  & STOUFFER LN,Vehicle,OTHER - EXPLAIN IN NARRATIVE,UNSAFE SPEED,SSI,DAYLIGHT,CLEAR,DRY,False,39.8334770202637,-86.0013580322266
904509310,2024,2024-05-18,Marion,Indianapolis,10110 E WASHINGTON ST  & WASHINGTON SQUARE WEST DR,Vehicle,RIGHT ANGLE,DISREGARD SIGNAL/REG SIGN,SSI,DAWN/DUSK,CLEAR,DRY,False,39.7750396728516,-85.9875793457031
904591475,2024,2024-10-12,Marion,Indianapolis,FALL CREEK  & E. 65TH ST,Vehicle,OPPOSITE DIRECTION SIDESWIPE,FAILURE TO MAINTAIN LANE,SSI,DAYLIGHT,CLEAR,DRY,False,39.876335144043,-86.035400390625
904611541,2024,2024-11-10,Marion,Indianapolis,EAST EDGEWOOD AVE   & SOUTH RANDOLPH ST,Vehicle,OTHER - EXPLAIN IN NARRATIVE,UNSAFE SPEED,SSI,DAWN/DUSK,RAIN,WET,False,39.6796035766602,-86.1271438598633
904548871,2024,2024-07-30,Marion,Indianapolis,BROOKVILLE RD  & S KITLEY AV,Vehicle,RIGHT ANGLE,DISREGARD SIGNAL/REG SIGN,Fatal,DAYLIGHT,CLOUDY,DRY,False,39.7558822631836,-86.0545043945313
904652244,2025,2025-01-12,Hancock,,I 70 WESTBOUND & I 70 WESTBOUND 108.2,Vehicle,OTHER - EXPLAIN IN NARRATIVE,STEERING FAILURE,SSI,DARK (NOT LIGHTED),CLEAR,DRY,True,39.8257293701172,-85.683578491211
904574852,2024,2024-08-22,Hendricks,Avon,US HWY 36  & RONALD REAGAN PARKWAY,Vehicle,HEAD ON BETWEEN TWO MOTOR VEHICLES,DISREGARD SIGNAL/REG SIGN,SSI,DAYLIGHT,CLEAR,DRY,False,39.7636795043945,-86.3367919921875
904578049,2024,2024-09-20,Johnson,,W SMITH VALLEY ROAD; SPEEDWAY,Vehicle,NON-COLLISION,PEDESTRIAN ACTION,SSI,DAYLIGHT,CLEAR,DRY,False,39.6048545837402,-86.1976623535156
904506877,2024,2024-05-19,Hamilton,Atlanta,US 31  & 266 ST,Vehicle,SAME DIRECTION SIDESWIPE,FOLLOWING TOO CLOSELY,SSI,DAYLIGHT,CLEAR,DRY,False,40.1791038513184,-86.1281356811523
904592311,2024,2024-10-12,Marion,Indianapolis,N SHADELAND AVE  & E 42ND ST,Vehicle,RIGHT ANGLE,FAILURE TO YIELD RIGHT OF WAY,SSI,DAYLIGHT,CLEAR,DRY,False,39.834400177002,-86.0460357666015
904549352,2024,2024-07-30,Marion,Indianapolis,MICHIGAN STREET  & BLACKFORD STREET,Pedestrian,COLLISION WITH OBJECT IN ROAD,PEDESTRIAN ACTION,SSI,DAYLIGHT,CLEAR,DRY,False,39.7744026184082,-86.1701812744141
904611589,2024,2024-11-10,Marion,Indianapolis,E 38TH ST  & N BUTLER AVE,Vehicle,REAR END,FAILURE TO YIELD RIGHT OF WAY,SSI,DAYLIGHT,CLEAR,DRY,False,39.8254699707031,-86.081298828125
904653310,2025,2025-01-14,Morgan,Mooresville,BRIDGE ST & TOWN CENTER,Vehicle,LEFT TURN,FAILURE TO YIELD RIGHT OF WAY,SSI,DARK (NOT LIGHTED),CLEAR,DRY,False,39.6169548034668,-86.3526000976563
904561150,2024,2024-08-23,Marion,Indianapolis,MASSACHUSETTS AVE  & PARKER AVE.,Vehicle,RAN OFF ROAD,FAILURE TO MAINTAIN LANE,SSI,DARK (LIGHTED),CLEAR,DRY,False,39.7958145141602,-86.1128616333008
904611622,2024,2024-11-10,Marion,Indianapolis,E 38TH ST  & MASSACHUSETTS AVE,Vehicle,RIGHT ANGLE,OTHER (DRIVER) - EXPLAIN IN NARRATIVE,SSI,DARK (LIGHTED),CLEAR,DRY,False,39.8257255554199,-86.0491638183594
904590333,2024,2024-10-13,Shelby,FAIRLAND,N MICHIGAN RD  & N 400W,Vehicle,RAN OFF ROAD,FAILURE TO MAINTAIN LANE,SSI,DARK (NOT LIGHTED),CLOUDY,DRY,False,39.6064987182617,-85.8532485961914
904579003,2024,2024-09-20,Hamilton,Noblesville,146 ST  & BODEN RD,Vehicle,LEFT TURN,FAILURE TO YIELD RIGHT OF WAY,SSI,DAYLIGHT,CLEAR,DRY,False,40.0014381408691,-85.9366226196289
904653315,2025,2025-01-15,Marion,Indianapolis,"I-465 NB, 13.4 MM",Vehicle,RAN OFF ROAD,DRIVER ILLNESS,SSI,DAYLIGHT,CLEAR,DRY,True,39.7719535827637,-86.2694854736328
904506894,2024,2024-05-19,Boone,,I65 SB,Vehicle,OTHER - EXPLAIN IN NARRATIVE,OTHER (DRIVER) - EXPLAIN IN NARRATIVE,SSI,DARK (NOT LIGHTED),CLEAR,DRY,True,40.1013565063476,-86.5098342895508
904550544,2024,2024-07-30,Morgan,MONROVIA,N BALTIMORE ROAD,Vehicle,RAN OFF ROAD,OVERCORRECTING/OVERSTEERING,SSI,DARK (NOT LIGHTED),CLEAR,DRY,False,39.5265007019043,-86.4912948608399
904561155,2024,2024-08-23,Marion,Indianapolis,S EMERSON AVE  & E PROSPECT ST,Vehicle,LEFT TURN,FAILURE TO MAINTAIN LANE,SSI,DARK (LIGHTED),CLEAR,DRY,False,39.7542877197266,-86.0828399658203
904611626,2024,2024-11-10,Marion,Indianapolis,W 34 TH  & BREWER DR,Vehicle,RAN OFF ROAD,FAILURE TO MAINTAIN LANE,SSI,DARK (LIGHTED),CLEAR,DRY,False,39.8166961669922,-86.2378234863281
904590716,2024,2024-10-13,Hamilton,SHERIDAN(HAMILTON),206 ST  & LAMONG RD,Vehicle,HEAD ON BETWEEN TWO MOTOR VEHICLES,FAILURE TO MAINTAIN LANE,SSI,DARK (NOT LIGHTED),CLEAR,DRY,False,40.0857238769531,-86.2006912231445
904583025,2024,2024-09-20,Marion,Indianapolis,I465 NORTH,Vehicle,RAN OFF ROAD,FAILURE TO MAINTAIN LANE,SSI,DARK (LIGHTED),RAIN,WET,True,39.8674850463867,-86.0470657348633
904653364,2025,2025-01-12,Hendricks,LIZTON,I 70 EB,Vehicle,OTHER - EXPLAIN IN NARRATIVE,UNSAFE BACKING,SSI,DAYLIGHT,CLEAR,WET,True,39.8878173828125,-86.5283508300781
904506906,2024,2024-05-19,Hamilton,Fishers,E 126TH ST  & PARKSIDE DR,Vehicle,RAN OFF ROAD,DISREGARD SIGNAL/REG SIGN,SSI,DARK (LIGHTED),CLEAR,DRY,False,39.9715538024902,-86.0001449584961
904605146,2024,2024-09-20,Hamilton,Noblesville,CAMELOT CT  & MONUMENT ST,Vehicle,OPPOSITE DIRECTION SIDESWIPE,OTHER (DRIVER) - EXPLAIN IN NARRATIVE,SSI,DAYLIGHT,CLEAR,DRY,False,40.0500984191895,-85.9984817504883
904655074,2025,2025-01-16,Marion,Indianapolis,N MICHIGAN RD & W 71ST ST,Vehicle,REAR END,DRIVER ILLNESS,SSI,DARK (LIGHTED),CLOUDY,DRY,False,39.8853187561035,-86.2100524902344
904522214,2024,2024-06-14,Marion,Indianapolis,N SHADELAND AVE  & FALL CREEK RD N DR,Vehicle,RIGHT ANGLE,FAILURE TO YIELD RIGHT OF WAY,SSI,DAYLIGHT,CLOUDY,DRY,False,39.8674621582031,-86.0457382202148
904578408,2024,2024-09-21,Hendricks,Plainfield,RONALD REAGAN  & STAFFORD ROAD,Vehicle,REAR END,DRIVER DISTRACTED - EXPLAIN IN NARRATIVE,SSI,DAYLIGHT,CLEAR,DRY,False,39.6973190307617,-86.3353958129883
904507305,2024,2024-05-19,Marion,Indianapolis,16TH STREET  & ARLINGTON AVENUE,Vehicle,RIGHT ANGLE,TRAFFIC CONTROL INOPERATIVE/MISSING/OBSC,SSI,DAYLIGHT,CLEAR,DRY,False,39.789005279541,-86.0643768310547
904592365,2024,2024-10-13,Marion,Indianapolis,E. 75TH STREET  & N. SHADELAND AVENUE,Vehicle,REAR END,DRIVER ILLNESS,SSI,DAYLIGHT,CLEAR,DRY,False,39.8907051086426,-86.0463027954102
904613045,2024,2024-11-10,Morgan,MARTINSVILLE,SR 67  & SHELTON RD,Vehicle,LEFT TURN,FAILURE TO YIELD RIGHT OF WAY,SSI,DARK (LIGHTED),CLEAR,DRY,False,39.4782409667969,-86.4403686523438
904562157,2024,2024-08-23,Marion,Indianapolis,E WASHINGTON ST,Vehicle,RIGHT ANGLE,DISREGARD SIGNAL/REG SIGN,SSI,DARK (NOT LIGHTED),CLEAR,DRY,False,39.7738914489746,-85.9942398071289
904655727,2025,2025-01-18,Marion,Indianapolis,TODD RD & S SHERMAN DR,Vehicle,RAN OFF ROAD,FAILURE TO MAINTAIN LANE,Fatal,DARK (NOT LIGHTED),RAIN,WET,False,39.6432266235351,-86.1004638671875
904522668,2024,2024-06-14,Hancock,FORTVILLE,50 & INDIANA 234,Vehicle,RIGHT ANGLE,DISREGARD SIGNAL/REG SIGN,Fatal,DAYLIGHT,CLEAR,DRY,False,39.9006042480469,-85.8148880004883
904579151,2024,2024-09-21,Marion,Indianapolis,5600 MICHIGAN ROAD,Vehicle,RIGHT ANGLE,FAILURE TO YIELD RIGHT OF WAY,Fatal,DARK (LIGHTED),CLOUDY,DRY,False,39.8534164428711,-86.1946334838867
904656240,2025,2025-01-20,Marion,Indianapolis,WEST 34TH STREET & LIVE OAK ROAD,Pedestrian,SAME DIRECTION SIDESWIPE,PEDESTRIAN ACTION,SSI,DARK (NOT LIGHTED),CLEAR,ICE,False,39.8161125183105,-86.2755432128906
904562182,2024,2024-08-23,Marion,Indianapolis,38TH  & MITTHOEFER,Vehicle,RIGHT ANGLE,FAILURE TO YIELD RIGHT OF WAY,SSI,DAYLIGHT,CLEAR,DRY,False,39.8263740539551,-85.9853134155273
904629132,2024,2024-11-10,Marion,Indianapolis,I-70,Vehicle,REAR END,ANIMAL/OBJECT IN ROADWAY,Fatal,DARK (LIGHTED),CLEAR,DRY,True,39.7531280517578,-86.217041015625
904593267,2024,2024-10-13,Marion,Beech Grove,"I-465 WB, 52.4 MM",Vehicle,RAN OFF ROAD,OVERCORRECTING/OVERSTEERING,SSI,DAYLIGHT,CLEAR,DRY,True,39.7039985656738,-86.0930404663086
904509345,2024,2024-05-19,Marion,Indianapolis,N GALE ST  & E 28TH ST,Vehicle,REAR END,UNSAFE LANE MOVEMENT,SSI,DAYLIGHT,CLEAR,DRY,False,39.8053588867188,-86.105712890625
904547942,2024,2024-07-31,Marion,Indianapolis,MADISON AVENUE  & EPLER AVENUE,Vehicle,SAME DIRECTION SIDESWIPE,OTHER (DRIVER) - EXPLAIN IN NARRATIVE,SSI,DAYLIGHT,CLEAR,DRY,False,39.6867904663086,-86.1344757080078
904610787,2024,2024-11-11,Boone,Lebanon,I-65 NB,Vehicle,RAN OFF ROAD,DRIVER ILLNESS,SSI,DARK (NOT LIGHTED),CLEAR,DRY,True,40.072093963623,-86.497787475586
904510266,2024,2024-05-19,Boone,,SR32  & CR50N,Vehicle,RIGHT ANGLE,LEFT OF CENTER,SSI,DAYLIGHT,CLEAR,DRY,False,40.0468254089355,-86.5192718505859
904579807,2024,2024-09-21,Morgan,MARTINSVILLE,STATE ROAD 252  & WHETSTINE LANE,Pedestrian,COLLISION WITH OBJECT IN ROAD,ANIMAL/OBJECT IN ROADWAY,Fatal,DARK (NOT LIGHTED),CLEAR,DRY,False,39.3772735595703,-86.3090515136719
904522947,2024,2024-06-14,Marion,Indianapolis,W 16TH. ST.,Vehicle,REAR END,DRIVER ILLNESS,SSI,DAYLIGHT,CLEAR,DRY,False,39.7877464294434,-86.208869934082
904562900,2024,2024-08-23,Morgan,Mooresville,STATE ROAD 67  & BRIDGE ST,Vehicle,RIGHT ANGLE,DISREGARD SIGNAL/REG SIGN,SSI,DARK (LIGHTED),CLEAR,DRY,False,39.6168785095215,-86.3553314208984
904656374,2025,2025-01-21,Hendricks,Avon,RONALD REAGAN PKWY,Vehicle,LEFT TURN,FAILURE TO YIELD RIGHT OF WAY,SSI,DARK (LIGHTED),CLEAR,DRY,False,39.7784309387207,-86.3435211181641
904547985,2024,2024-07-31,Marion,Indianapolis,W 56TH ST   & LAFAYETTE RD,Pedestrian,OTHER - EXPLAIN IN NARRATIVE,OTHER (DRIVER) - EXPLAIN IN NARRATIVE,SSI,DAYLIGHT,CLEAR,DRY,False,39.8530311584473,-86.2625885009766
904596533,2024,2024-10-13,Hendricks,Avon,U.S. 36  & AVON VILLAGE DRIVE,Pedalcycle,OTHER - EXPLAIN IN NARRATIVE,PEDESTRIAN ACTION,Fatal,DARK (LIGHTED),CLEAR,DRY,False,39.7634544372559,-86.3559646606445
904656606,2025,2025-01-06,Marion,Indianapolis,I70 EB,Vehicle,OTHER - EXPLAIN IN NARRATIVE,SPEED TOO FAST FOR WEATHER CONDITIONS,SSI,DARK (LIGHTED),CLEAR,SNOW/SLUSH,True,39.8029518127441,-86.0522384643555
904611699,2024,2024-11-11,Marion,Indianapolis,US 31  & COUNTY LINE RD,Vehicle,OTHER - EXPLAIN IN NARRATIVE,OTHER (DRIVER) - EXPLAIN IN NARRATIVE,SSI,DAYLIGHT,CLEAR,DRY,False,39.6356086730957,-86.1266937255859
904510950,2024,2024-05-19,Marion,Indianapolis,TALBOT ST  & MARKET ST,Vehicle,RIGHT ANGLE,ACCELERATOR FAILURE OR DEFECTIVE,SSI,DAYLIGHT,CLEAR,DRY,False,39.7684478759766,-86.1553344726563
904577991,2024,2024-09-22,Marion,Indianapolis,ACTON ROAD  & GATHERING LANE,Vehicle,LEFT/RIGHT TURN,OTHER (VEHICLE) - EXPLAIN IN NARRATIVE,SSI,DAYLIGHT,CLOUDY,DRY,False,39.6507606506348,-85.9711837768555
904522957,2024,2024-06-14,Marion,Indianapolis,E 21ST ST  & SHADELAND AVE,Vehicle,LEFT TURN,FAILURE TO YIELD RIGHT OF WAY,SSI,DAYLIGHT,CLEAR,DRY,False,39.7964210510254,-86.0461883544922
904563429,2024,2024-08-23,Marion,Speedway,COSSELL RD  & PRIVATE DR,Vehicle,OPPOSITE DIRECTION SIDESWIPE,LEFT OF CENTER,SSI,DAYLIGHT,CLEAR,DRY,False,39.7755966186523,-86.2399520874023
904596979,2024,2024-10-13,Marion,Indianapolis,I65,Vehicle,RAN OFF ROAD,UNSAFE LANE MOVEMENT,SSI,DARK (NOT LIGHTED),CLOUDY,DRY,True,39.6874771118164,-86.1034851074219
904548158,2024,2024-07-31,Hendricks,Avon,RACEWAY RD  & MELISSA ANN CT,Vehicle,RIGHT ANGLE,FAILURE TO YIELD RIGHT OF WAY,SSI,DAYLIGHT,CLOUDY,WET,False,39.765022277832,-86.3268814086914
904656730,2025,2025-01-22,Hancock,,CR 600W & FW MARKS DR,Vehicle,RIGHT ANGLE,FAILURE TO YIELD RIGHT OF WAY,SSI,DARK (LIGHTED),CLOUDY,DRY,False,39.8218841552734,-85.9153213500977
904578310,2024,2024-09-22,Morgan,Camby,MANN ROAD   & LANDERSDALE ROAD,Vehicle,HEAD ON BETWEEN TWO MOTOR VEHICLES,UNSAFE SPEED,SSI,DAYLIGHT,RAIN,WET,False,39.6309928894043,-86.2522125244141
904507835,2024,2024-05-20,Johnson,,US 31  & 252,Vehicle,RIGHT ANGLE,FAILURE TO YIELD RIGHT OF WAY,SSI,DAYLIGHT,CLEAR,DRY,False,39.4118499755859,-85.9965286254883
904611736,2024,2024-11-11,Marion,Indianapolis,MEDFORD AVE  & HALIFAX DR,Vehicle,HEAD ON BETWEEN TWO MOTOR VEHICLES,DRIVER DISTRACTED - EXPLAIN IN NARRATIVE,SSI,DAYLIGHT,CLEAR,DRY,False,39.8065872192383,-86.209831237793
904656745,2025,2025-01-21,Marion,Indianapolis,E SOUTHPORT RD. & S SHERMAN DR.,Vehicle,HEAD ON BETWEEN TWO MOTOR VEHICLES,BRAKE FAILURE OR DEFECTIVE,SSI,DARK (NOT LIGHTED),CLEAR,DRY,False,39.6653366088867,-86.1025695800781
904591277,2024,2024-10-14,Marion,Indianapolis,S EMERSON AVE  & ORION AVE,Vehicle,RAN OFF ROAD,UNSAFE SPEED,Fatal,DARK (LIGHTED),CLEAR,DRY,False,39.7641906738281,-86.0830383300781
904578377,2024,2024-09-22,Marion,Indianapolis,I-465,Vehicle,RAN OFF ROAD,DRIVER ILLNESS,SSI,DARK (LIGHTED),RAIN,WET,True,39.835994720459,-86.2758178710938
904565871,2024,2024-08-23,Hancock,,CR 300 S  & JACOBI RD,Pedalcycle,LEFT TURN,PEDESTRIAN ACTION,SSI,DAYLIGHT,CLEAR,DRY,False,39.7717590332031,-85.8583145141602
904548198,2024,2024-07-31,Boone,Lebanon,N LEBANON STREET  & E NORTH STREET,Pedalcycle,OTHER - EXPLAIN IN NARRATIVE,PEDESTRIAN ACTION,SSI,DAYLIGHT,CLEAR,DRY,False,40.0493354797363,-86.4691848754883
904524130,2024,2024-06-14,Marion,Indianapolis,E RAYMOND ST  & S EMERSON AVE,Vehicle,LEFT TURN,UNSAFE SPEED,SSI,DARK (LIGHTED),CLEAR,DRY,False,39.7382965087891,-86.0827255249024
904508091,2024,2024-05-20,Marion,Indianapolis,STOP 11 RD  & US 31 S,Vehicle,RIGHT ANGLE,FAILURE TO YIELD RIGHT OF WAY,SSI,DAYLIGHT,CLEAR,DRY,False,39.6499366760254,-86.1381454467773
904548336,2024,2024-07-31,Hamilton,Fishers,AVALON BLVD  & OLIO ROAD,Vehicle,RAN OFF ROAD,DRIVER ILLNESS,SSI,DAYLIGHT,CLEAR,DRY,False,39.9745063781738,-85.9188232421875
904611892,2024,2024-11-11,Johnson,Greenwood,MADISON AVE  & ORCHARD LN,Vehicle,RIGHT ANGLE,FAILURE TO YIELD RIGHT OF WAY,SSI,DAYLIGHT,CLEAR,DRY,False,39.6081352233887,-86.1078872680664
904592054,2024,2024-10-14,Johnson,Greenwood,N SR 135  & W FAIRVIEW RD,Vehicle,RIGHT ANGLE,DISREGARD SIGNAL/REG SIGN,SSI,DAYLIGHT,CLOUDY,DRY,False,39.6205291748047,-86.1585388183594
904561596,2024,2024-08-24,Boone,Whitestown,I65 SB,Vehicle,RAN OFF ROAD,DRIVER ASLEEP OR FATIGUED,SSI,DARK (LIGHTED),CLEAR,DRY,True,39.9496726989746,-86.3564834594727
904656976,2025,2025-01-09,Marion,Indianapolis,I 74 EB 98 MM,Vehicle,RAN OFF ROAD,DRIVER ILLNESS,SSI,DAYLIGHT,CLEAR,DRY,True,39.6914558410644,-85.9862213134766
904579333,2024,2024-09-22,Morgan,MARTINSVILLE,SR 39  & MORGAN ST,Vehicle,OTHER - EXPLAIN IN NARRATIVE,CELL PHONE USAGE,SSI,DAYLIGHT,CLEAR,DRY,False,39.4321136474609,-86.4468002319336
904524844,2024,2024-06-14,Marion,Indianapolis,ROCKVILLE RD  & BRIDGEPORT RD,Vehicle,RAN OFF ROAD,UNSAFE LANE MOVEMENT,SSI,DARK (LIGHTED),RAIN,WET,False,39.7638397216797,-86.3164520263672
904508114,2024,2024-05-20,Marion,Indianapolis,38TH ST  & DR MARTIN LUTHER KING JR DR,Vehicle,REAR END,DRIVER DISTRACTED - EXPLAIN IN NARRATIVE,SSI,DARK (LIGHTED),CLEAR,DRY,False,39.8207778930664,-86.1790008544922
904548463,2024,2024-07-31,Marion,Indianapolis,E 40TH ST  & AUDUBON RD,Vehicle,RIGHT ANGLE,FAILURE TO YIELD RIGHT OF WAY,SSI,DAYLIGHT,CLEAR,DRY,False,39.8293228149414,-86.0710067749024
904614808,2024,2024-11-11,Hamilton,Noblesville,CLOVER RD,Pedestrian,LEFT TURN,FAILURE TO YIELD RIGHT OF WAY,SSI,DAYLIGHT,CLEAR,DRY,False,40.0320167541504,-85.9981155395508
904592330,2024,2024-10-14,Marion,Indianapolis,E 30TH STREET  & N SHERMAN DRIVE,Vehicle,LEFT TURN,FAILURE TO YIELD RIGHT OF WAY,SSI,DAYLIGHT,CLOUDY,DRY,False,39.8107757568359,-86.1025695800781