id,year,date,county,city,cross_street,crash_type,manner,primary_factor,ssi_fatal,light,weather,surface,interstate,lat,lon
904657157,2025,2025-01-18,Marion,Indianapolis,6300 W. 10TH STREET & GLEN ARM RD,Vehicle,SAME DIRECTION SIDESWIPE,IMPROPER LANE USAGE,Fatal,DARK (LIGHTED),CLOUDY,DRY,False,39.7795944213867,-86.2713928222656
904589940,2024,2024-09-22,Marion,Indianapolis,I465,Vehicle,REAR END,UNSAFE SPEED,Fatal,DAWN/DUSK,CLEAR,DRY,True,39.8134040832519,-86.0311737060547
904525259,2024,2024-06-14,Marion,Indianapolis,MITTHOEFER RD  & WILLOWTREE LN,Vehicle,LEFT TURN,FAILURE TO YIELD RIGHT OF WAY,SSI,DAYLIGHT,CLEAR,DRY,False,39.8083114624023,-85.9908294677734
904508137,2024,2024-05-20,Marion,Indianapolis,E WASHINGTON STREET,Vehicle,REAR END,FAILURE TO MAINTAIN LANE,SSI,DAYLIGHT,CLEAR,DRY,False,39.7738037109375,-85.9940185546875
904562568,2024,2024-08-24,Marion,Indianapolis,I65,Vehicle,RAN OFF ROAD,DRIVER ILLNESS,SSI,DAYLIGHT,CLEAR,DRY,True,39.7328224182129,-86.1369171142578
904657812,2025,2025-01-23,Hamilton,,US 31 & 226 ST,Vehicle,RAN OFF ROAD,SPEED TOO FAST FOR WEATHER CONDITIONS,Fatal,DAYLIGHT,SNOW,SNOW/SLUSH,False,40.111701965332,-86.1279144287109
904615351,2024,2024-09-22,Morgan,MONROVIA,SR 39   & SR 142,Vehicle,RAN OFF ROAD,UNSAFE SPEED,SSI,DARK (NOT LIGHTED),RAIN,WET,False,39.5199241638184,-86.4596939086914
904593443,2024,2024-10-14,Marion,Indianapolis,E. RAYMOND STREET  & SHELBY STREET,Vehicle,LEFT TURN,FAILURE TO YIELD RIGHT OF WAY,SSI,DAYLIGHT,CLEAR,DRY,False,39.7374954223633,-86.1397399902344
904555533,2024,2024-07-31,Hamilton,Carmel,I465 EB,Vehicle,REAR END,UNSAFE SPEED,SSI,DAYLIGHT,CLEAR,DRY,True,39.9283409118652,-86.1362533569336
904616279,2024,2024-11-11,Hendricks,,E CR 900 N,Vehicle,RAN OFF ROAD,UNSAFE SPEED,Fatal,DAYLIGHT,CLEAR,DRY,False,39.8935356140137,-86.4980773925781
904526054,2024,2024-06-14,Marion,Indianapolis,S KEYSTONE AVE  & E HANNA AVE,Vehicle,SAME DIRECTION SIDESWIPE,IMPROPER PASSING,Fatal,DAYLIGHT,CLEAR,DRY,False,39.7094764709473,-86.120246887207
904548821,2024,2024-08-01,Marion,Indianapolis,TROY  & ARLINGTON,Vehicle,HEAD ON BETWEEN TWO MOTOR VEHICLES,DRIVER DISTRACTED - EXPLAIN IN NARRATIVE,SSI,DAYLIGHT,CLOUDY,DRY,False,39.7242240905762,-86.063591003418
904595563,2024,2024-10-14,Hancock,,CR S 400 W,Vehicle,COLLISION WITH DEER,ANIMAL/OBJECT IN ROADWAY,SSI,DARK (NOT LIGHTED),CLEAR,DRY,False,39.763053894043,-85.8771896362305
904658163,2025,2025-01-23,Hancock,WILKINSON,CR 600  & SR 234 S,Vehicle,REAR END,OTHER (VEHICLE) - EXPLAIN IN NARRATIVE,SSI,DARK (NOT LIGHTED),CLOUDY,DRY,False,39.8983535766601,-85.691650390625
904508155,2024,2024-05-20,Hamilton,Westfield,IN SR 32  & US 31,Vehicle,HEAD ON BETWEEN TWO MOTOR VEHICLES,OTHER (DRIVER) - EXPLAIN IN NARRATIVE,SSI,DAYLIGHT,CLOUDY,DRY,False,40.0426254272461,-86.1358795166016
904562607,2024,2024-08-24,Marion,Indianapolis,E 38TH ST  & FALL CREEK PKWY N DR,Vehicle,LEFT TURN,UNSAFE LANE MOVEMENT,SSI,DAYLIGHT,CLEAR,DRY,False,39.8247184753418,-86.1323547363281
904579957,2024,2024-09-24,Morgan,MARTINSVILLE,STATE ROAD 67  & ROBB HILL RD,Vehicle,OTHER - EXPLAIN IN NARRATIVE,DISREGARD SIGNAL/REG SIGN,SSI,DAYLIGHT,RAIN,WET,False,39.5143241882324,-86.402099609375
904618274,2024,2024-11-11,Marion,Indianapolis,I70EB,Vehicle,OTHER - EXPLAIN IN NARRATIVE,FOLLOWING TOO CLOSELY,SSI,DARK (LIGHTED),CLEAR,DRY,False,39.7997093200684,-86.096321105957
904531389,2024,2024-06-14,Marion,Indianapolis,I465 EB NEAR 4.6MM,Vehicle,OTHER - EXPLAIN IN NARRATIVE,TIRE FAILURE OR DEFECTIVE,SSI,DAYLIGHT,CLEAR,DRY,True,39.692195892334,-86.2039260864258
904548920,2024,2024-08-01,Hamilton,Westfield,CAREY RD  & 169TH ST,Vehicle,RIGHT ANGLE,FAILURE TO YIELD RIGHT OF WAY,SSI,DAYLIGHT,RAIN,WET,False,40.0331001281738,-86.1088027954102
904592491,2024,2024-10-15,Marion,Indianapolis,16TH ST  & MERIDIAN ST,Vehicle,RAN OFF ROAD,DRIVER ILLNESS,SSI,DAYLIGHT,RAIN,WET,False,39.7885475158691,-86.1572494506836
904658676,2025,2025-01-22,Shelby,SHELBYVILLE,I-74 EB & 118MM,Vehicle,REAR END,UNSAFE SPEED,Fatal,DAYLIGHT,CLEAR,DRY,True,39.5079917907715,-85.7072143554688
904508649,2024,2024-05-20,Marion,Indianapolis,US 31  & POWELL ST,Vehicle,RIGHT ANGLE,FAILURE TO YIELD RIGHT OF WAY,SSI,DARK (LIGHTED),CLEAR,DRY,False,39.6893844604492,-86.1489028930664
904562658,2024,2024-08-24,Morgan,,N PENNINGTON ROAD  & E WATSON ROAD,Vehicle,OTHER - EXPLAIN IN NARRATIVE,OTHER (DRIVER) - EXPLAIN IN NARRATIVE,SSI,DARK (NOT LIGHTED),CLEAR,DRY,False,39.5593910217285,-86.3311080932617
904590210,2024,2024-09-24,Marion,Indianapolis,I-465 NB 48.2 MM,Vehicle,RAN OFF ROAD,SPEED TOO FAST FOR WEATHER CONDITIONS,SSI,DAYLIGHT,CLEAR,WET,True,39.7395133972168,-86.0419692993164
904615568,2024,2024-11-12,Morgan,MARTINSVILLE,MORTON AVE  & W RANDOLPH ST,Vehicle,RIGHT ANGLE,FAILURE TO YIELD RIGHT OF WAY,SSI,DAYLIGHT,CLOUDY,DRY,False,39.4188423156738,-86.4294662475586
904549139,2024,2024-08-01,Johnson,Greenwood,STOP 18 RD  & HARRISON DR,Vehicle,RAN OFF ROAD,OTHER (DRIVER) - EXPLAIN IN NARRATIVE,SSI,DAYLIGHT,CLEAR,DRY,False,39.5935020446777,-86.115348815918
904592742,2024,2024-10-15,Marion,Indianapolis,I-465 NB 17.0 MM,Vehicle,RAN OFF ROAD,DRIVER ASLEEP OR FATIGUED,SSI,DARK (LIGHTED),CLEAR,DRY,True,39.8233528137207,-86.2756042480469
904659186,2025,2025-01-24,Marion,Indianapolis,W 21ST ST & I-65 N ENTRANCE RAMP,Vehicle,RIGHT ANGLE,FAILURE TO YIELD RIGHT OF WAY,SSI,DAYLIGHT,CLEAR,DRY,True,39.7950248718262,-86.1638488769531
904508635,2024,2024-05-21,Marion,Indianapolis,ACOMA DR  & E 30TH ST,Vehicle,HEAD ON BETWEEN TWO MOTOR VEHICLES,UNSAFE LANE MOVEMENT,SSI,DAYLIGHT,CLEAR,DRY,False,39.8116798400879,-85.9856033325195
904562664,2024,2024-08-24,Morgan,MARTINSVILLE,I-69,Vehicle,RAN OFF ROAD,FAILURE TO MAINTAIN LANE,SSI,DAYLIGHT,CLEAR,DRY,True,39.4702033996582,-86.3707122802734
904508668,2024,2024-05-21,Hendricks,Plainfield,S RONALD REAGAN PKWY  & E COUNTY ROAD 200 SOUTH,Vehicle,RIGHT ANGLE,OTHER (DRIVER) - EXPLAIN IN NARRATIVE,SSI,DAYLIGHT,CLEAR,DRY,False,39.734432220459,-86.338623046875
904659187,2025,2025-01-24,Marion,Indianapolis,TIBBS AVE  & SAM JONES EXPY,Vehicle,REAR END,UNSAFE SPEED,SSI,DAYLIGHT,CLEAR,DRY,False,39.7351188659668,-86.215934753418
904525057,2024,2024-06-15,Marion,Indianapolis,6000 SHADELAND AVE,Vehicle,HEAD ON BETWEEN TWO MOTOR VEHICLES,WRONG WAY ON ONE WAY,SSI,DARK (LIGHTED),CLEAR,DRY,False,39.8606910705566,-86.0479049682617
904551081,2024,2024-08-01,Marion,Indianapolis,E 46TH ST  & EASTBOURNE DR,Vehicle,RIGHT TURN,UNSAFE SPEED,SSI,DAYLIGHT,CLEAR,DRY,False,39.840446472168,-86.0752029418945
904593084,2024,2024-10-15,Marion,Indianapolis,E 62  & BINFORD BLVD,Vehicle,OTHER - EXPLAIN IN NARRATIVE,DRIVER ILLNESS,SSI,DAYLIGHT,CLEAR,DRY,False,39.8686637878418,-86.0840759277344
904581403,2024,2024-09-26,Marion,Indianapolis,CLIFTON ST  & W 30TH ST,Pedestrian,OTHER - EXPLAIN IN NARRATIVE,FAILURE TO YIELD RIGHT OF WAY,SSI,DAYLIGHT,CLEAR,DRY,False,39.8100776672363,-86.1804580688477
904616306,2024,2024-11-12,Hendricks,,US 36  & CR 400 E,Vehicle,COLLISION WITH DEER,ANIMAL/OBJECT IN ROADWAY,SSI,DAYLIGHT,CLEAR,DRY,False,39.7580795288086,-86.4471206665039
904659188,2025,2025-01-24,Marion,Speedway,CRAWFORDSVILLE RD & CUNNINGHAM RD,Vehicle,RIGHT ANGLE,DISREGARD SIGNAL/REG SIGN,SSI,DAYLIGHT,CLEAR,DRY,False,39.7987632751465,-86.2650909423828
904594532,2024,2024-10-16,Marion,Indianapolis,W SOUTHPORT RD  & EARLSWOOD DR,Vehicle,HEAD ON BETWEEN TWO MOTOR VEHICLES,LEFT OF CENTER,SSI,DARK (LIGHTED),CLEAR,DRY,False,39.6641502380371,-86.2074203491211
904551831,2024,2024-08-01,Hancock,,70,Vehicle,REAR END,SPEED TOO FAST FOR WEATHER CONDITIONS,SSI,DAYLIGHT,RAIN,WET,False,39.8200302124023,-85.8314895629883
904581454,2024,2024-09-26,Marion,Indianapolis,4300  & MICHIGAN ROAD,Vehicle,OTHER - EXPLAIN IN NARRATIVE,DISREGARD SIGNAL/REG SIGN,SSI,DAYLIGHT,CLEAR,DRY,False,39.8363609313965,-86.1863174438477
904508872,2024,2024-05-21,Johnson,Greenwood,US 31  & COUNTY LINE ROAD,Vehicle,REAR END,FOLLOWING TOO CLOSELY,SSI,DAWN/DUSK,CLEAR,DRY,False,39.635383605957,-86.1265640258789
904564554,2024,2024-08-24,Marion,Indianapolis,N. HIGH SCHOOL RD  & COMMONS DR,Vehicle,RIGHT ANGLE,UNSAFE SPEED,SSI,DAYLIGHT,CLEAR,DRY,False,39.832347869873,-86.2705307006836
904526369,2024,2024-06-15,Marion,Indianapolis,ALLISONVILLE RD,Vehicle,HEAD ON BETWEEN TWO MOTOR VEHICLES,IMPROPER LANE USAGE,SSI,DARK (LIGHTED),CLEAR,DRY,False,39.8507919311523,-86.1080856323242
904616771,2024,2024-11-12,Marion,Indianapolis,I-65,Vehicle,RIGHT ANGLE,FAILURE TO YIELD RIGHT OF WAY,SSI,DAYLIGHT,CLEAR,DRY,True,39.7099266052246,-86.1100692749023
904659213,2025,2025-01-25,Marion,Indianapolis,S EMERSON AVE & E UNIVERSITY AVE,Vehicle,REAR END,FAILURE TO MAINTAIN LANE,SSI,DARK (NOT LIGHTED),CLEAR,DRY,False,39.7664031982422,-86.0830154418945
904622606,2024,2024-10-16,Marion,Indianapolis,HAUGH ST,Vehicle,RAN OFF ROAD,DRIVER ILLNESS,SSI,DARK (NOT LIGHTED),CLEAR,DRY,False,39.7766456604004,-86.2076110839844
904549362,2024,2024-08-02,Johnson,,PETERMAN RD  & WOODMORE DR,Vehicle,OTHER - EXPLAIN IN NARRATIVE,STEERING FAILURE,SSI,DAYLIGHT,CLEAR,DRY,False,39.6240043640137,-86.1774368286133
904581631,2024,2024-09-26,Marion,Indianapolis,W 21ST ST  & N RACEWAY RD,Vehicle,RIGHT ANGLE,OTHER (DRIVER) - EXPLAIN IN NARRATIVE,SSI,DAYLIGHT,CLOUDY,DRY,False,39.7932891845703,-86.3266296386719
904510061,2024,2024-05-21,Marion,Indianapolis,COUNTRYBROOK LN,Pedestrian,NON-COLLISION,UNSAFE BACKING,SSI,DARK (NOT LIGHTED),CLEAR,DRY,False,39.8663024902344,-86.2419357299805
904565117,2024,2024-08-24,Shelby,SHELBYVILLE,400 NORTH,Vehicle,RIGHT ANGLE,OTHER (DRIVER) - EXPLAIN IN NARRATIVE,SSI,DAYLIGHT,CLEAR,DRY,False,39.5846366882324,-85.8217163085938
904613392,2024,2024-11-13,Johnson,Greenwood,STATE ROAD 135  & SMITH VALLEY ROAD,Vehicle,LEFT TURN,CELL PHONE USAGE,SSI,DARK (LIGHTED),RAIN,WET,False,39.6081085205078,-86.107780456543
904659270,2025,2025-01-25,Marion,Indianapolis,N KEYSTONE AVE & E 64TH STREET,Pedestrian,REAR END,FOLLOWING TOO CLOSELY,Fatal,DARK (LIGHTED),CLEAR,DRY,False,39.8723640441894,-86.1222457885742
904549450,2024,2024-08-02,Hamilton,Fishers,116TH STREET,Pedestrian,OTHER - EXPLAIN IN NARRATIVE,DISREGARD SIGNAL/REG SIGN,SSI,DAYLIGHT,CLEAR,DRY,False,39.9577484130859,-85.9375076293945
904510756,2024,2024-05-21,Marion,Indianapolis,WEST PERIMETER RD  & NORTH SERVICE RD,Vehicle,OTHER - EXPLAIN IN NARRATIVE,FAILURE TO YIELD RIGHT OF WAY,SSI,DARK (LIGHTED),CLEAR,DRY,False,39.7010231018066,-86.3200302124023
904582170,2024,2024-09-26,Morgan,MARTINSVILLE,STATE ROAD 67  & BUFFALO HILL ROAD,Vehicle,REAR END,FAILURE TO YIELD RIGHT OF WAY,SSI,DAYLIGHT,CLOUDY,DRY,False,39.4072380065918,-86.5131149291992
904594158,2024,2024-10-17,Hendricks,Plainfield,PERRY RD  & STAFFORD RD,Vehicle,RIGHT ANGLE,FAILURE TO YIELD RIGHT OF WAY,SSI,DAYLIGHT,CLOUDY,DRY,False,39.6975059509277,-86.3556671142578
904581709,2024,2024-09-27,Boone,,E 300 S  & S 500 E,Vehicle,RIGHT ANGLE,FAILURE TO YIELD RIGHT OF WAY,SSI,DAYLIGHT,RAIN,WET,False,39.9969749450683,-86.3750152587891
904536525,2024,2024-06-15,Hendricks,Plainfield,E CR 600 S  & S CR 725 E,Vehicle,RIGHT ANGLE,UNSAFE SPEED,Fatal,DAYLIGHT,CLEAR,DRY,False,39.6745147705078,-86.3945922851563
904614060,2024,2024-11-13,Marion,Indianapolis,KESSLER BLVD/PARKER AVE  & KESSLER B,Pedestrian,RIGHT ANGLE,FAILURE TO YIELD RIGHT OF WAY,SSI,DARK (LIGHTED),RAIN,WET,False,39.8622856140137,-86.1140975952148
904659378,2025,2025-01-09,Marion,Indianapolis,I-465 SB,Pedestrian,REAR END,FAILURE TO MAINTAIN LANE,SSI,DAYLIGHT,CLEAR,DRY,True,39.9226226806641,-86.2686080932617
904511992,2024,2024-05-21,Marion,Indianapolis,LAFAYETTE RD  & W 19TH ST,Vehicle,NON-COLLISION,FAILURE TO MAINTAIN LANE,SSI,DARK (LIGHTED),CLEAR,DRY,False,39.7918472290039,-86.2021102905273
904549607,2024,2024-08-02,Hamilton,,SR 213  & 266 ST,Vehicle,RIGHT ANGLE,DISREGARD SIGNAL/REG SIGN,SSI,DAYLIGHT,CLOUDY,DRY,False,40.1764907836914,-85.9393539428711
904565195,2024,2024-08-24,Marion,Indianapolis,EMERSON AVE,Vehicle,OTHER - EXPLAIN IN NARRATIVE,UNSAFE SPEED,SSI,DARK (LIGHTED),CLEAR,DRY,False,39.8453559875488,-86.0839385986328
904508905,2024,2024-05-22,Marion,Indianapolis,KENTUCKY AVE  & STIRLING POINTE DR,Vehicle,RIGHT ANGLE,DISREGARD SIGNAL/REG SIGN,SSI,DAYLIGHT,CLEAR,DRY,False,39.6877326965332,-86.2788848876953
904594266,2024,2024-10-17,Boone,Zionsville,STATE ROAD 32  & CR 1200 E,Vehicle,RIGHT ANGLE,FAILURE TO YIELD RIGHT OF WAY,SSI,DAYLIGHT,CLEAR,DRY,False,40.0415992736816,-86.2414703369141
904555346,2024,2024-08-02,Hancock,FORTVILLE,STATE ROADE 36  & EMERSON ST,Vehicle,OPPOSITE DIRECTION SIDESWIPE,TIRE FAILURE OR DEFECTIVE,SSI,DAYLIGHT,CLOUDY,DRY,False,39.9396438598633,-85.8359680175781
904582788,2024,2024-09-27,Hendricks,,W US 36  & 325 W,Vehicle,REAR END,OTHER (DRIVER) - EXPLAIN IN NARRATIVE,SSI,DARK (NOT LIGHTED),CLEAR,WET,False,39.760555267334,-86.5724105834961
904523067,2024,2024-06-16,Marion,Indianapolis,FOREST MANOR,Vehicle,RAN OFF ROAD,FAILURE TO MAINTAIN LANE,SSI,DAYLIGHT,CLEAR,DRY,False,39.8278121948242,-86.0979537963867
904616330,2024,2024-11-13,Hendricks,COATESVILLE,SR 75  & CR 700 S,Vehicle,RAN OFF ROAD,FAILURE TO MAINTAIN LANE,SSI,DAWN/DUSK,CLEAR,DRY,False,39.6509742736816,-86.6697692871094
904659733,2025,2025-01-19,Hendricks,Avon,CR 625 E & US 36,Vehicle,HEAD ON BETWEEN TWO MOTOR VEHICLES,LEFT OF CENTER,SSI,DARK (LIGHTED),CLEAR,DRY,False,39.7570648193359,-86.4139938354492
904509704,2024,2024-05-22,Hamilton,Noblesville,146 ST  & HAZEL DELL PKWY,Vehicle,HEAD ON BETWEEN TWO MOTOR VEHICLES,FAILURE TO YIELD RIGHT OF WAY,SSI,DAYLIGHT,CLEAR,DRY,False,40.0003356933594,-86.0706481933594
904567352,2024,2024-08-24,Hendricks,NORTH SALEM,SR 75  & CR 350 N,Vehicle,RAN OFF ROAD,FAILURE TO MAINTAIN LANE,SSI,DAYLIGHT,CLEAR,DRY,False,39.8123207092285,-86.6564483642578
904594671,2024,2024-10-17,Marion,Indianapolis,STOP 10 ROAD   & LINDEN DRIVE,Pedalcycle,SAME DIRECTION SIDESWIPE,IMPROPER PASSING,SSI,DAYLIGHT,CLOUDY,DRY,False,39.6575927734375,-86.1370468139648
904550664,2024,2024-08-03,Marion,Indianapolis,SHELBY ST,Vehicle,LEFT TURN,DISREGARD SIGNAL/REG SIGN,SSI,DARK (LIGHTED),CLEAR,DRY,False,39.6550407409668,-86.138427734375
904582936,2024,2024-09-27,Morgan,,SR 42  & KELLER HILL RD,Vehicle,OTHER - EXPLAIN IN NARRATIVE,UNSAFE LANE MOVEMENT,SSI,DAYLIGHT,RAIN,WET,False,39.6010246276855,-86.3895645141602
904523693,2024,2024-06-16,Marion,Speedway,MOLLER RD  & HOLLISTER DR,Vehicle,REAR END,UNSAFE SPEED,SSI,DARK (LIGHTED),CLEAR,DRY,False,39.8069686889648,-86.2557678222656
904660009,2025,2025-01-27,Marion,Indianapolis,N GERMAN CHURCH RD. & MCDOWELL DR.,Vehicle,REAR END,FOLLOWING TOO CLOSELY,SSI,DARK (NOT LIGHTED),CLOUDY,DRY,False,39.793083190918,-85.971450805664
904517893,2024,2024-05-22,Hendricks,Plainfield,I-70,Vehicle,SAME DIRECTION SIDESWIPE,UNSAFE LANE MOVEMENT,SSI,DAYLIGHT,CLEAR,DRY,True,39.6747970581055,-86.3535308837891
904583097,2024,2024-09-27,Marion,Indianapolis,E 25TH ST  & N MITTHOEFER RD,Vehicle,RIGHT ANGLE,FAILURE TO YIELD RIGHT OF WAY,SSI,DAYLIGHT,RAIN,WET,False,39.8042640686035,-85.9907608032227
904613725,2024,2024-11-14,Hamilton,Fishers,ALLISONVILLE RD  & WIGEON DR,Pedestrian,OTHER - EXPLAIN IN NARRATIVE,FAILURE TO YIELD RIGHT OF WAY,SSI,DARK (LIGHTED),RAIN,WET,False,39.9529685974121,-86.0415344238281
904660258,2025,2025-01-16,Marion,Indianapolis,I-65,Vehicle,OTHER - EXPLAIN IN NARRATIVE,UNSAFE LANE MOVEMENT,SSI,DAYLIGHT,CLEAR,DRY,True,39.7829856872559,-86.146125793457
904562230,2024,2024-08-25,Boone,Zionsville,850 EAST  & 96TH STREET,Vehicle,RIGHT ANGLE,DISREGARD SIGNAL/REG SIGN,SSI,DAYLIGHT,CLEAR,DRY,False,39.9243583679199,-86.3073043823242
904524859,2024,2024-06-16,Hamilton,,MULE BARN RD  & 186 ST,Vehicle,RAN OFF ROAD,FAILURE TO MAINTAIN LANE,Fatal,DARK (NOT LIGHTED),CLEAR,DRY,False,40.0611877441406,-86.222297668457
904550679,2024,2024-08-03,Marion,Indianapolis,E. 30TH STREET  & N. IRVINGTON AVENUE,Vehicle,RAN OFF ROAD,OVERCORRECTING/OVERSTEERING,SSI,DAYLIGHT,CLEAR,DRY,False,39.8110466003418,-86.0779495239258
904596743,2024,2024-10-17,Hendricks,,CR 100 N  & CR 475 E,Vehicle,OPPOSITE DIRECTION SIDESWIPE,LEFT OF CENTER,SSI,DARK (NOT LIGHTED),CLOUDY,DRY,False,39.7764739990234,-86.4462051391602
904660412,2025,2025-01-24,Marion,Indianapolis,E 38TH ST & WINGATE DR,Vehicle,HEAD ON BETWEEN TWO MOTOR VEHICLES,UNSAFE LANE MOVEMENT,SSI,DAYLIGHT,CLEAR,DRY,False,39.8263816833496,-85.9823837280273
904525329,2024,2024-06-17,Marion,Indianapolis,MICHIGAN RD  & DEPAUW BLVD,Pedestrian,OTHER - EXPLAIN IN NARRATIVE,PEDESTRIAN ACTION,Fatal,DARK (LIGHTED),CLEAR,DRY,False,39.918701171875,-86.2259902954102
904562704,2024,2024-08-25,Marion,Indianapolis,SUMNER AVE  & SHELBY ST,Vehicle,SAME DIRECTION SIDESWIPE,UNSAFE SPEED,SSI,DAYLIGHT,CLEAR,DRY,False,39.7150001525879,-86.1394577026367
904613872,2024,2024-11-14,Shelby,SHELBYVILLE,SR 44  & VINE,Vehicle,HEAD ON BETWEEN TWO MOTOR VEHICLES,FAILURE TO YIELD RIGHT OF WAY,SSI,DARK (LIGHTED),RAIN,WET,False,39.5229263305664,-85.76904296875
904509614,2024,2024-05-23,Boone,Lebanon,ST RD 39  & CROWN POINTE DR,Vehicle,RIGHT ANGLE,FAILURE TO YIELD RIGHT OF WAY,SSI,DAYLIGHT,CLEAR,DRY,False,40.0790176391602,-86.4757080078125
904583328,2024,2024-09-28,Marion,Indianapolis,E 10TH ST  & N OXFORD ST,Vehicle,REAR END,FOLLOWING TOO CLOSELY,SSI,DAYLIGHT,RAIN,WET,False,39.7813758850098,-86.1154327392578
904597108,2024,2024-10-17,Marion,Indianapolis,FALL CREEK PKWY N DR  & E 32ND ST,Vehicle,LEFT TURN,FAILURE TO YIELD RIGHT OF WAY,Fatal,DARK (LIGHTED),CLEAR,DRY,False,39.8141098022461,-86.1437377929688
904551785,2024,2024-08-03,Marion,Indianapolis,MASSACHUSETTS AVE  & E 30TH ST,Vehicle,HEAD ON BETWEEN TWO MOTOR VEHICLES,OVERCORRECTING/OVERSTEERING,Fatal,DAYLIGHT,CLEAR,DRY,False,39.8108139038086,-86.0839157104492
904660575,2025,2025-01-28,Marion,Indianapolis,E 30TH ST & N ARLINGTON AVE,Vehicle,RIGHT ANGLE,DISREGARD SIGNAL/REG SIGN,SSI,DAYLIGHT,CLEAR,DRY,False,39.8110809326172,-86.0646362304688
904525451,2024,2024-06-17,Marion,Indianapolis,I-65 NB,Vehicle,SAME DIRECTION SIDESWIPE,DRIVER ILLNESS,SSI,DAYLIGHT,CLEAR,DRY,True,39.6536598205566,-86.0745086669922
904563430,2024,2024-08-25,Johnson,Greenwood,E MAIN ST  & LEGACY BLVD,Vehicle,RIGHT ANGLE,FAILURE TO YIELD RIGHT OF WAY,SSI,DARK (LIGHTED),CLEAR,DRY,False,39.6149940490723,-86.0521850585937
904613971,2024,2024-11-14,Marion,Indianapolis,VINCENNES RD  & SIGNATURE DR,Vehicle,RIGHT ANGLE,FAILURE TO YIELD RIGHT OF WAY,SSI,DAYLIGHT,RAIN,WET,False,39.9153137207031,-86.2254180908203
904509694,2024,2024-05-23,Hendricks,Avon,E US 36,Vehicle,RAN OFF ROAD,DRIVER ILLNESS,SSI,DAYLIGHT,CLEAR,DRY,False,39.7611503601074,-86.3833084106445
904592700,2024,2024-09-28,Marion,Indianapolis,I70 EB,Vehicle,REAR END,UNSAFE LANE MOVEMENT,SSI,DARK (LIGHTED),RAIN,WET,True,39.8021621704101,-86.0860061645508
904600202,2024,2024-10-17,Shelby,SHELBYVILLE,NORTH STATE ROAD 9  &  COUNTY ROAD 600 NORTH,Vehicle,HEAD ON BETWEEN TWO MOTOR VEHICLES,FAILURE TO MAINTAIN LANE,Fatal,DAYLIGHT,CLEAR,DRY,False,39.6104316711426,-85.7677230834961
904551838,2024,2024-08-03,Marion,Indianapolis,I-65 NB 109.6 MM,Vehicle,REAR END,OTHER (DRIVER) - EXPLAIN IN NARRATIVE,SSI,DAWN/DUSK,CLEAR,DRY,True,39.7445182800293,-86.1378707885742
904531414,2024,2024-06-17,Marion,Indianapolis,I 65,Vehicle,SAME DIRECTION SIDESWIPE,UNSAFE LANE MOVEMENT,SSI,DAYLIGHT,CLEAR,DRY,True,39.81103515625,-86.1683502197266
904563194,2024,2024-08-26,Marion,Indianapolis,W. 53RD ST  & N MICHIGAN RD,Vehicle,RAN OFF ROAD,OTHER (DRIVER) - EXPLAIN IN NARRATIVE,SSI,DAYLIGHT,CLEAR,DRY,False,39.8474235534668,-86.1917495727539
904614161,2024,2024-11-14,Shelby,Edinburgh,E 600 S  & S 650 W,Vehicle,RAN OFF ROAD,FAILURE TO MAINTAIN LANE,SSI,DARK (NOT LIGHTED),RAIN,WET,False,39.4371948242187,-85.9029388427734
904510058,2024,2024-05-23,Hamilton,Carmel,14500 LOWES WAY,Vehicle,RIGHT ANGLE,IMPROPER TURNING,SSI,DAYLIGHT,CLEAR,DRY,False,39.995777130127,-86.1226959228516
904552413,2024,2024-08-03,Marion,Indianapolis,W 10TH ST  & I465 014 RAMP A,Vehicle,RIGHT ANGLE,DISREGARD SIGNAL/REG SIGN,SSI,DAYLIGHT,CLEAR,DRY,True,39.7793655395508,-86.27099609375
904598660,2024,2024-09-28,Marion,Indianapolis,I69,Vehicle,NON-COLLISION,TIRE FAILURE OR DEFECTIVE,SSI,DAYLIGHT,RAIN,WET,True,39.9260940551758,-86.0302734375
904661060,2025,2025-01-30,Johnson,,WORTHSVILLE RD & FRANKLIN RD,Vehicle,RAN OFF ROAD,OTHER (DRIVER) - EXPLAIN IN NARRATIVE,SSI,DARK (NOT LIGHTED),CLEAR,DRY,False,39.5844650268555,-86.0185699462891
904552361,2024,2024-06-17,Hancock,Greenfield,WEST GREEN MEADOWS,Vehicle,OTHER - EXPLAIN IN NARRATIVE,DRIVER DISTRACTED - EXPLAIN IN NARRATIVE,Fatal,DAYLIGHT,CLEAR,DRY,False,39.8048896789551,-85.7795486450195
904614510,2024,2024-11-14,Hancock,,COUNTY ROAD 500 NORTH,Vehicle,RIGHT ANGLE,DISREGARD SIGNAL/REG SIGN,SSI,DAYLIGHT,RAIN,WET,False,39.8569374084473,-85.8408889770508
904563223,2024,2024-08-26,Marion,Indianapolis,6700 BLOCK OF   & N. SHADELAND AVE.,Vehicle,HEAD ON BETWEEN TWO MOTOR VEHICLES,UNSAFE SPEED,SSI,DAYLIGHT,CLEAR,DRY,False,39.8788032531738,-86.046142578125