id,year,date,county,city,cross_street,crash_type,manner,primary_factor,ssi_fatal,light,weather,surface,interstate,lat,lon
904514539,2024,2024-05-23,Marion,Indianapolis,S KEYSTONE AVE  & E TERRACE AVE,Vehicle,OTHER - EXPLAIN IN NARRATIVE,BRAKE FAILURE OR DEFECTIVE,SSI,DARK (LIGHTED),CLEAR,DRY,False,39.7488708496094,-86.121208190918
904594972,2024,2024-10-18,Hendricks,,MARDALE DRIVE  & W. MAIN ST.,Vehicle,SAME DIRECTION SIDESWIPE,OVERCORRECTING/OVERSTEERING,SSI,DARK (LIGHTED),CLEAR,DRY,False,39.8468475341797,-86.4100952148438
904563366,2024,2024-08-26,Marion,Indianapolis,OLIVER AVE  & S ROCHESTER AVE,Vehicle,HEAD ON BETWEEN TWO MOTOR VEHICLES,DRIVER DISTRACTED - EXPLAIN IN NARRATIVE,SSI,DAYLIGHT,CLEAR,DRY,False,39.757381439209,-86.2182083129883
904510259,2024,2024-05-24,Marion,Indianapolis,W 62ND ST  & HAZELHATCH DR,Vehicle,HEAD ON BETWEEN TWO MOTOR VEHICLES,FAILURE TO YIELD RIGHT OF WAY,SSI,DAYLIGHT,CLEAR,DRY,False,39.868034362793,-86.2086334228516
904583863,2024,2024-09-29,Morgan,,CENTENARY RD  & CENTENARY LN,Vehicle,HEAD ON BETWEEN TWO MOTOR VEHICLES,FAILURE TO MAINTAIN LANE,SSI,DARK (NOT LIGHTED),RAIN,WET,False,39.5544929504394,-86.3003692626953
904617460,2024,2024-11-14,Marion,Indianapolis,BINFORD BLVD/KEYSTONE AVE   & BINFORD BLVD/KEYSTONE AVE,Vehicle,HEAD ON BETWEEN TWO MOTOR VEHICLES,FAILURE TO YIELD RIGHT OF WAY,SSI,DARK (LIGHTED),CLEAR,DRY,False,39.8349571228027,-86.1217422485352
904661183,2025,2025-01-29,Marion,Indianapolis,E WASHINGTON STREET,Vehicle,OTHER - EXPLAIN IN NARRATIVE,OTHER (DRIVER) - EXPLAIN IN NARRATIVE,SSI,DAYLIGHT,CLEAR,DRY,False,39.778751373291,-85.9830169677734
904524794,2024,2024-06-18,Hancock,Greenfield,STATE RD. 9  & MCCLARNON DR,Vehicle,RIGHT ANGLE,DISREGARD SIGNAL/REG SIGN,SSI,DAYLIGHT,CLEAR,DRY,False,39.8067817687988,-85.7697219848633
904595003,2024,2024-10-18,Hamilton,,SR 32  & PRAIRIE BAPTIST RD,Vehicle,RIGHT ANGLE,FAILURE TO YIELD RIGHT OF WAY,Fatal,DARK (NOT LIGHTED),CLEAR,DRY,False,40.0577583312988,-85.9009399414063
904555159,2024,2024-08-03,Hendricks,COATESVILLE,CR 600 S  & CR 625 W,Vehicle,COLLISION WITH DEER,UNSAFE SPEED,Fatal,DARK (NOT LIGHTED),CLEAR,DRY,False,39.673713684082,-86.6303329467773
904563535,2024,2024-08-27,Hendricks,Plainfield,GLASSWATER LN,Vehicle,OTHER - EXPLAIN IN NARRATIVE,STEERING FAILURE,SSI,DAYLIGHT,CLEAR,DRY,False,39.7300834655762,-86.3364639282227
904510534,2024,2024-05-24,Johnson,TRAFALGAR,SR 135   & CR 450 S,Vehicle,OPPOSITE DIRECTION SIDESWIPE,FAILURE TO MAINTAIN LANE,SSI,DAYLIGHT,CLOUDY,DRY,False,39.4022026062012,-86.1908798217774
904583923,2024,2024-09-29,Marion,Indianapolis,S FRANKLIN RD  & BROOKVILLE RD,Vehicle,RAN OFF ROAD,FAILURE TO MAINTAIN LANE,SSI,DARK (LIGHTED),CLOUDY,WET,False,39.7485427856445,-86.0259704589844
904626756,2024,2024-11-14,Marion,Indianapolis,W. 86TH STREET,Pedestrian,OTHER - EXPLAIN IN NARRATIVE,FAILURE TO YIELD RIGHT OF WAY,SSI,DARK (NOT LIGHTED),CLEAR,DRY,False,39.9096527099609,-86.2188873291016
904661354,2025,2025-01-23,Johnson,,I-65 NB,Vehicle,RAN OFF ROAD,DRIVER ILLNESS,SSI,DAYLIGHT,SNOW,WET,True,39.4464683532715,-85.991584777832
904595922,2024,2024-10-18,Hamilton,Westfield,US31   & 151ST ST,Vehicle,RIGHT ANGLE,DISREGARD SIGNAL/REG SIGN,SSI,DAYLIGHT,CLEAR,DRY,False,40.0074081420898,-86.1270751953125
904549918,2024,2024-08-04,Shelby,SHELBYVILLE,I-74 W.B.,Vehicle,RAN OFF ROAD,DRIVER DISTRACTED - EXPLAIN IN NARRATIVE,SSI,DAYLIGHT,CLEAR,DRY,True,39.5117340087891,-85.7116546630859
904563935,2024,2024-08-27,Hancock,Greenfield,E MARTINDALE DRIVE  & BARRETT DRIVE,Vehicle,RAN OFF ROAD,DRIVER ILLNESS,SSI,DAYLIGHT,CLEAR,DRY,False,39.817943572998,-85.7686920166016
904585528,2024,2024-09-29,Hendricks,,CR 600 E  & CR 750 S,Vehicle,RIGHT ANGLE,FAILURE TO YIELD RIGHT OF WAY,SSI,DAWN/DUSK,CLEAR,DRY,False,39.6524467468262,-86.418083190918
904512206,2024,2024-05-24,Marion,Indianapolis,COMPTON STREET  & KESSLER BLVD E DRIVE,Vehicle,REAR END,FOLLOWING TOO CLOSELY,SSI,DARK (LIGHTED),CLEAR,DRY,False,39.8623046875,-86.1388626098633
904614732,2024,2024-11-15,Marion,Indianapolis,25TH ST.  & DR. MARTIN LUTHER KING JR ST.,Pedestrian,LEFT TURN,FAILURE TO YIELD RIGHT OF WAY,Fatal,DAYLIGHT,CLEAR,DRY,False,39.8028411865234,-86.1704559326172
904525169,2024,2024-06-18,Marion,Indianapolis,FALL CREEK PARKWAY N DR  & EVANSTON AVE,Vehicle,HEAD ON BETWEEN TWO MOTOR VEHICLES,LEFT OF CENTER,Fatal,DAYLIGHT,RAIN,WET,False,39.8303451538086,-86.1279525756836
904550191,2024,2024-08-04,Shelby,SHELBYVILLE,TOMPKINS STREET  & HENDRICKS,Vehicle,RAN OFF ROAD,LEFT OF CENTER,SSI,DAYLIGHT,CLEAR,DRY,False,39.5217704772949,-85.7791595458984
904596223,2024,2024-10-18,Marion,Indianapolis,W WASHINGTON ST  & BRIDGEPORT RD,Vehicle,RIGHT ANGLE,DISREGARD SIGNAL/REG SIGN,SSI,DARK (LIGHTED),CLEAR,DRY,False,39.7314262390137,-86.3193511962891
904564162,2024,2024-08-28,Johnson,,144 & CENTERLINE RD,Vehicle,RAN OFF ROAD,FAILURE TO MAINTAIN LANE,SSI,DAYLIGHT,CLEAR,DRY,False,39.4896087646484,-86.1035919189453
904587282,2024,2024-09-29,Marion,Indianapolis,3000 N SHERMAN DR  & 3000 N SHERMAN DR,Vehicle,RIGHT ANGLE,DISREGARD SIGNAL/REG SIGN,SSI,DAYLIGHT,CLEAR,DRY,False,39.8106727600098,-86.1026458740235
904512940,2024,2024-05-24,Marion,Indianapolis,E 38TH ST  & ELMHURST DR,Vehicle,LEFT TURN,FAILURE TO YIELD RIGHT OF WAY,SSI,DAYLIGHT,CLEAR,DRY,False,39.8258399963379,-86.0432052612305
904661426,2025,2025-01-29,Hamilton,Fishers,SOUTHEASTERN PKWY & FLORIDA RD,Vehicle,COLLISION WITH DEER,ANIMAL/OBJECT IN ROADWAY,SSI,DARK (NOT LIGHTED),CLEAR,DRY,False,39.9704627990723,-85.8889007568359
904661588,2025,2025-01-30,Marion,Indianapolis,E WASHINGTON ST & WASHINGTON POINTE DR,Pedestrian,OTHER - EXPLAIN IN NARRATIVE,PEDESTRIAN ACTION,SSI,DARK (LIGHTED),RAIN,WET,False,39.7752723693848,-85.9806137084961
904661627,2025,2025-01-25,Hamilton,Westfield,PALMYRA DR & MARENGTO TRL,Pedestrian,COLLISION WITH OBJECT IN ROAD,UNSAFE SPEED,SSI,DARK (NOT LIGHTED),CLEAR,DRY,False,40.0243377685547,-86.1474227905273
904662039,2025,2025-01-23,Marion,Indianapolis,I-465 SB,Vehicle,RAN OFF ROAD,OTHER (DRIVER) - EXPLAIN IN NARRATIVE,SSI,DAYLIGHT,SNOW,WET,True,39.8400802612305,-86.2761688232422
904662605,2025,2025-01-27,Marion,Indianapolis,I465 NB,Vehicle,RAN OFF ROAD,UNDER STEERING/UNDER CORRECTING,SSI,DARK (LIGHTED),CLEAR,DRY,True,39.8103981018066,-86.0307464599609
904662637,2025,2025-02-02,Boone,MILLEDGEVILLE,SR39 & 550 SOUTH,Vehicle,HEAD ON BETWEEN TWO MOTOR VEHICLES,FAILURE TO MAINTAIN LANE,SSI,DARK (NOT LIGHTED),CLEAR,DRY,False,39.9562301635742,-86.5166702270508
904662828,2025,2025-01-27,Marion,Speedway,W 10TH ST & ALLISON WAY,Pedestrian,COLLISION WITH OBJECT IN ROAD,PEDESTRIAN ACTION,SSI,DARK (LIGHTED),CLEAR,DRY,False,39.7809028625488,-86.2372055053711
904662829,2025,2025-01-29,Marion,Speedway,CRAWFORDSVILLE RD,Pedestrian,COLLISION WITH OBJECT IN ROAD,PEDESTRIAN ACTION,SSI,DARK (LIGHTED),CLEAR,DRY,False,39.8003387451172,-86.2699432373047
904662970,2025,2025-01-29,Morgan,PARAGON,SR 67 & HARRISON STREET,Vehicle,LEFT TURN,OTHER (ENVIRONMENTAL) - EXPLAIN IN NARR,SSI,DAWN/DUSK,CLEAR,DRY,False,39.3960990905762,-86.5555877685547
904663565,2025,2025-02-02,Marion,Indianapolis,I-69,Vehicle,RAN OFF ROAD,DRIVER ASLEEP OR FATIGUED,SSI,DARK (LIGHTED),CLEAR,DRY,True,39.6354446411133,-86.2051086425781
904663799,2025,2025-02-03,Hamilton,Fishers,126TH ST & THORPE CREEK PKWY,Pedestrian,LEFT TURN,FAILURE TO YIELD RIGHT OF WAY,SSI,DAWN/DUSK,CLEAR,DRY,False,39.9726333618164,-85.8997497558594
904663903,2025,2025-02-03,Marion,Indianapolis,E EPLER  & MADISON AVE,Vehicle,REAR END,FOLLOWING TOO CLOSELY,SSI,DAYLIGHT,CLEAR,DRY,False,39.6867141723633,-86.134635925293
904663939,2025,2025-02-04,Shelby,SHELBYVILLE,S MILLER AVENUE & W MCKAY RD,Vehicle,RIGHT ANGLE,FAILURE TO YIELD RIGHT OF WAY,SSI,DAYLIGHT,CLEAR,DRY,False,39.5046119689941,-85.8013229370117
904551794,2024,2024-08-04,Marion,Indianapolis,DR MARTIN LUTHER KING JR ST  & W 27TH ST,Pedestrian,COLLISION WITH OBJECT IN ROAD,PEDESTRIAN ACTION,SSI,DARK (LIGHTED),CLEAR,DRY,False,39.8056793212891,-86.1716918945313
904663971,2025,2025-01-30,Marion,Indianapolis,GEORGETOWN RD & LAFAYETTE RD,Vehicle,HEAD ON BETWEEN TWO MOTOR VEHICLES,FAILURE TO YIELD RIGHT OF WAY,SSI,DAYLIGHT,CLOUDY,DRY,False,39.8344306945801,-86.2450561523438
904664372,2025,2025-01-31,Marion,Indianapolis,SAM JONES EX & I 465 S,Vehicle,REAR END,FOLLOWING TOO CLOSELY,SSI,DARK (LIGHTED),RAIN,WET,True,39.7299041748047,-86.2585372924805
904664467,2025,2025-02-02,Marion,Indianapolis,I-65,Vehicle,RAN OFF ROAD,UNSAFE LANE MOVEMENT,SSI,DARK (LIGHTED),CLEAR,DRY,True,39.7441139221191,-86.1376113891602
904664471,2025,2025-01-23,Marion,Indianapolis,47.6 MM I-465 SB,Vehicle,REAR END,FOLLOWING TOO CLOSELY,SSI,DARK (LIGHTED),CLEAR,DRY,True,39.7467155456543,-86.0372161865234
904664817,2025,2025-01-25,Marion,Indianapolis,N SHERMAN DR  & E 34TH ST,Vehicle,SAME DIRECTION SIDESWIPE,OTHER (DRIVER) - EXPLAIN IN NARRATIVE,SSI,DAYLIGHT,CLEAR,DRY,False,39.8181686401367,-86.102653503418
904664961,2025,2025-01-18,Marion,Indianapolis,THOMPSON RD & S EAST ST,Vehicle,LEFT TURN,DISREGARD SIGNAL/REG SIGN,SSI,DAYLIGHT,CLOUDY,WET,False,39.6932487487793,-86.1487731933594
904665063,2025,2025-02-06,Hendricks,COATESVILLE,SR 75 & CR 250 S,Vehicle,OPPOSITE DIRECTION SIDESWIPE,LEFT OF CENTER,SSI,DARK (NOT LIGHTED),FOG/SMOKE/SMOG,WET,False,39.7164039611816,-86.651123046875
904665543,2025,2025-02-07,Boone,JAMESTOWN(BOONE),I74,Vehicle,HEAD ON BETWEEN TWO MOTOR VEHICLES,UNSAFE SPEED,Fatal,DAWN/DUSK,CLEAR,DRY,True,39.9457321166992,-86.6278686523438
904665693,2025,2025-02-04,Marion,Indianapolis,1 E SOUTH ST & 300 S MERIDIAN ST,Vehicle,HEAD ON BETWEEN TWO MOTOR VEHICLES,FAILURE TO YIELD RIGHT OF WAY,SSI,DAYLIGHT,CLEAR,DRY,False,39.761417388916,-86.1582717895508
904665712,2025,2025-02-04,Marion,Indianapolis,29TH ST & E FALL CREEK PKY NORTH DR,Vehicle,HEAD ON BETWEEN TWO MOTOR VEHICLES,FAILURE TO YIELD RIGHT OF WAY,SSI,DAYLIGHT,CLEAR,DRY,False,39.8084754943848,-86.1453018188477
904665971,2025,2025-02-08,Hamilton,,SR 37 & SR 13,Vehicle,HEAD ON BETWEEN TWO MOTOR VEHICLES,IMPROPER PASSING,SSI,DARK (NOT LIGHTED),RAIN,WET,False,40.1630554199219,-85.8633346557617
904666250,2025,2025-02-09,Hamilton,Noblesville,GREENFIELD AVE & PROMISE RD,Pedestrian,SAME DIRECTION SIDESWIPE,FAILURE TO YIELD RIGHT OF WAY,SSI,DARK (LIGHTED),CLEAR,DRY,False,40.013786315918,-85.9710998535156
904615209,2024,2024-11-15,Hancock,Greenfield,W. NEW ROAD  & FIELDS BOULEVARD,Vehicle,RAN OFF ROAD,DRIVER ILLNESS,SSI,DARK (LIGHTED),CLEAR,DRY,False,39.8139381408691,-85.7766418457031
904526378,2024,2024-06-18,Marion,Indianapolis,E WASHINGTON ST,Vehicle,RAN OFF ROAD,SPEED TOO FAST FOR WEATHER CONDITIONS,SSI,DAYLIGHT,RAIN,WET,False,39.771484375,-86.0570220947266
904666714,2025,2025-02-08,Hendricks,CLAYTON,US 40 & S SR 39,Vehicle,RIGHT ANGLE,FAILURE TO YIELD RIGHT OF WAY,Fatal,DAYLIGHT,CLOUDY,WET,False,39.6771507263184,-86.4886093139648
904617478,2024,2024-11-15,Marion,Indianapolis,LYNHURST DR.  & W. VERMONT ST.,Vehicle,RIGHT ANGLE,FAILURE TO YIELD RIGHT OF WAY,SSI,DARK (LIGHTED),CLEAR,DRY,False,39.772533416748,-86.2504348754883
904596275,2024,2024-10-18,Hamilton,Carmel,E 116TH STREET  & AAA WAY,Vehicle,HEAD ON BETWEEN TWO MOTOR VEHICLES,DISREGARD SIGNAL/REG SIGN,SSI,DAYLIGHT,CLEAR,DRY,False,39.9566993713379,-86.1181945800781
904564493,2024,2024-08-28,Marion,Indianapolis,GUION ROAD  & WEST 47TH STRREET,Vehicle,RAN OFF ROAD,FAILURE TO MAINTAIN LANE,SSI,DAYLIGHT,CLEAR,DRY,False,39.8407173156738,-86.2309036254883
904583460,2024,2024-09-30,Hendricks,,US HWY 136  & N CO RD 100 E,Vehicle,LEFT TURN,FAILURE TO YIELD RIGHT OF WAY,SSI,DAYLIGHT,CLOUDY,DRY,False,39.8711013793945,-86.5055770874023
904528650,2024,2024-06-18,Hancock,FORTVILLE,SPENCER   & 200 W,Vehicle,RAN OFF ROAD,OTHER (DRIVER) - EXPLAIN IN NARRATIVE,SSI,DARK (NOT LIGHTED),CLEAR,DRY,False,39.9103012084961,-85.8432922363281
904514167,2024,2024-05-24,Marion,Indianapolis,MICHIGAN RD  & DOUBLE TREE BLVD,Vehicle,RIGHT ANGLE,FAILURE TO YIELD RIGHT OF WAY,Fatal,DAYLIGHT,RAIN,WATER (STANDING OR MOVING),False,39.907054901123,-86.220573425293
904666736,2025,2025-02-06,Marion,Indianapolis,N KEYSTONE AVE  & 58TH ST,Vehicle,RAN OFF ROAD,OTHER (DRIVER) - EXPLAIN IN NARRATIVE,SSI,DAYLIGHT,RAIN,WET,False,39.8587379455566,-86.1222915649414
904621623,2024,2024-11-15,Marion,Indianapolis,I465 NB,Vehicle,OTHER - EXPLAIN IN NARRATIVE,DRIVER ILLNESS,SSI,DAYLIGHT,CLEAR,DRY,True,39.7642822265625,-86.0288543701172
904597854,2024,2024-10-18,Johnson,Greenwood,1644 W CURRY RD,Vehicle,COLLISION WITH DEER,ANIMAL/OBJECT IN ROADWAY,SSI,DARK (NOT LIGHTED),CLEAR,DRY,False,39.599781036377,-86.1549301147461
904566643,2024,2024-08-28,Marion,Indianapolis,W. VERMONT ST.  & CENTRAL SQUARE BLVD,Vehicle,LEFT TURN,UNSAFE LANE MOVEMENT,SSI,DAWN/DUSK,CLEAR,DRY,False,39.7723159790039,-86.2115173339844
904525767,2024,2024-06-19,Marion,Indianapolis,US 31  & STOP 11 ROAD,Vehicle,RIGHT ANGLE,FAILURE TO YIELD RIGHT OF WAY,SSI,DAYLIGHT,CLOUDY,DRY,False,39.6476898193359,-86.1353302001953
904551800,2024,2024-08-04,Marion,Indianapolis,WASHINGTON ST  & N CAPITAL AVE,Pedalcycle,RIGHT ANGLE,FAILURE TO YIELD RIGHT OF WAY,SSI,DARK (LIGHTED),CLEAR,DRY,False,39.7671546936035,-86.1616439819336
904526468,2024,2024-06-20,Marion,Indianapolis,SOUTHPORT RD,Vehicle,HEAD ON BETWEEN TWO MOTOR VEHICLES,DISREGARD SIGNAL/REG SIGN,SSI,DARK (NOT LIGHTED),CLEAR,DRY,False,39.6645126342773,-86.1966323852539
904552205,2024,2024-08-04,Marion,Indianapolis,SOUTHEASTERN AVE  & WASHINGTON STREET,Pedestrian,OTHER - EXPLAIN IN NARRATIVE,OTHER (DRIVER) - EXPLAIN IN NARRATIVE,SSI,DAWN/DUSK,CLOUDY,DRY,False,39.7669486999512,-86.1407852172852
904595548,2024,2024-10-19,Hamilton,,EAGLETOWN RD.  & 186 ST.,Pedestrian,COLLISION WITH OBJECT IN ROAD,PEDESTRIAN ACTION,Fatal,DARK (NOT LIGHTED),CLEAR,DRY,False,40.0591621398926,-86.1939086914063
904527220,2024,2024-06-20,Marion,Indianapolis,SUNSET LN  & KESSLER BLVD WEST DRIVE,Vehicle,SAME DIRECTION SIDESWIPE,FAILURE TO YIELD RIGHT OF WAY,SSI,DAYLIGHT,CLOUDY,ICE,False,39.862232208252,-86.1638870239258
904519223,2024,2024-05-24,Marion,Speedway,HULMAN BLVD,Vehicle,NON-COLLISION,INSECURE/LEAKY LOAD,SSI,DAYLIGHT,CLOUDY,DRY,False,39.8020095825195,-86.2349319458008
904666963,2025,2025-02-07,Marion,Indianapolis,E HANNA AVE & FETLOCK DR,Vehicle,RAN OFF ROAD,UNSAFE SPEED,SSI,DARK (LIGHTED),CLEAR,DRY,False,39.7085723876953,-86.1142196655273
904615361,2024,2024-11-16,Morgan,,MANN ROAD  & LANDERSDALE ROAD,Vehicle,RAN OFF ROAD,FAILURE TO MAINTAIN LANE,SSI,DAYLIGHT,CLEAR,DRY,False,39.6203231811523,-86.2629547119141
904573356,2024,2024-08-28,Shelby,SHELBYVILLE,MORRISTOWN RD.  & RAFFERTY RD.,Vehicle,HEAD ON BETWEEN TWO MOTOR VEHICLES,LEFT OF CENTER,Fatal,DAYLIGHT,CLEAR,DRY,False,39.5605392456055,-85.7714080810547
904583968,2024,2024-09-30,Hamilton,Carmel,WESTFIELD BLVD  & E 111TH ST,Vehicle,RAN OFF ROAD,SPEED TOO FAST FOR WEATHER CONDITIONS,SSI,DARK (LIGHTED),CLOUDY,WET,False,39.9488868713379,-86.1270141601563
904551602,2024,2024-08-05,Hamilton,Carmel,E 116TH STREET   & RIVER ROAD,Vehicle,RIGHT ANGLE,DISREGARD SIGNAL/REG SIGN,SSI,DAYLIGHT,CLEAR,DRY,False,39.9565162658691,-86.0658798217773
904596251,2024,2024-10-19,Marion,Indianapolis,W 30TH STREET  & LAFAYETTE ROAD,Pedestrian,OTHER - EXPLAIN IN NARRATIVE,UNSAFE SPEED,SSI,DARK (LIGHTED),CLEAR,DRY,False,39.8096733093262,-86.2207565307617
904527224,2024,2024-06-20,Marion,Indianapolis,856. 38TH STREET,Vehicle,REAR END,FAILURE TO YIELD RIGHT OF WAY,SSI,DAYLIGHT,CLEAR,DRY,False,39.824836730957,-86.1745376586914
904510612,2024,2024-05-25,Johnson,,NINEVEH RD  & SR 252,Vehicle,OTHER - EXPLAIN IN NARRATIVE,FAILURE TO MAINTAIN LANE,SSI,DARK (NOT LIGHTED),CLEAR,DRY,False,39.4073219299316,-86.085807800293
904667011,2025,2025-02-07,Marion,Indianapolis,25TH ST & BALTIMORE AVENUE,Vehicle,RIGHT ANGLE,FAILURE TO YIELD RIGHT OF WAY,SSI,DAYLIGHT,CLOUDY,DRY,False,39.8034706115723,-86.1263656616211
904616019,2024,2024-11-16,Johnson,Greenwood,N MADISON AVE  & COUNTY LINE RD,Vehicle,HEAD ON BETWEEN TWO MOTOR VEHICLES,FAILURE TO YIELD RIGHT OF WAY,SSI,DAYLIGHT,CLOUDY,DRY,False,39.6355781555176,-86.1171798706055
904564623,2024,2024-08-29,Marion,Indianapolis,WASHINGTON  & DELAWARE,Vehicle,RAN OFF ROAD,DRIVER ASLEEP OR FATIGUED,SSI,DARK (LIGHTED),CLEAR,DRY,False,39.7669448852539,-86.1546478271484
904551857,2024,2024-08-05,Marion,Indianapolis,I-69 SB,Vehicle,NON-COLLISION,OTHER (VEHICLE) - EXPLAIN IN NARRATIVE,SSI,DARK (LIGHTED),CLEAR,DRY,True,39.9022064208984,-86.0482406616211
904585549,2024,2024-09-30,Hancock,FORTVILLE,N. MADISON STREET  & ILLINOIS STREET,Pedestrian,COLLISION WITH OBJECT IN ROAD,DRIVER DISTRACTED - EXPLAIN IN NARRATIVE,Fatal,DARK (NOT LIGHTED),CLOUDY,DRY,False,39.9390182495117,-85.8434753417969
904560683,2024,2024-08-05,Hancock,,CR 200 N  & CR 100 W,Vehicle,RAN OFF ROAD,UNSAFE SPEED,SSI,DARK (NOT LIGHTED),CLEAR,DRY,False,39.8123741149902,-85.9069366455078
904667044,2025,2025-02-07,Marion,Indianapolis,E 42ND ST & FLAMINGO W DR,Vehicle,RAN OFF ROAD,UNSAFE SPEED,Fatal,DAYLIGHT,CLEAR,DRY,False,39.8330001831055,-86.0783462524414
904586228,2024,2024-09-30,Shelby,SHELBYVILLE,I-74 EAST  & 111 MM,Vehicle,HEAD ON BETWEEN TWO MOTOR VEHICLES,WRONG WAY ON ONE WAY,SSI,DARK (LIGHTED),RAIN,WET,True,39.5673942565918,-85.7996063232422
904552050,2024,2024-08-06,Marion,Indianapolis,EAST ST.  & WABASH ST.,Pedestrian,COLLISION WITH OBJECT IN ROAD,PEDESTRIAN ACTION,SSI,DAYLIGHT,CLEAR,DRY,False,39.768985748291,-86.1489486694336
904596329,2024,2024-10-19,Marion,Indianapolis,N PENNSYLVANIA ST  & E NEW YORK ST,Pedestrian,LEFT TURN,FAILURE TO YIELD RIGHT OF WAY,SSI,DAYLIGHT,CLEAR,DRY,False,39.771312713623,-86.1560211181641
904527282,2024,2024-06-20,Marion,Cumberland,WOODLARK DR  & E WASHINGTON ST,Vehicle,LEFT TURN,FAILURE TO YIELD RIGHT OF WAY,SSI,DAYLIGHT,CLEAR,DRY,False,39.7761993408203,-85.9638977050781
904511274,2024,2024-05-25,Marion,Indianapolis,S GIRLS SCHOOL RD  & US-40,Vehicle,RIGHT ANGLE,DISREGARD SIGNAL/REG SIGN,SSI,DAYLIGHT,CLEAR,DRY,False,39.7408866882324,-86.2888717651367
904616635,2024,2024-11-17,Marion,Indianapolis,S EMERSON AVE  & HEATHWOOD DR,Vehicle,LEFT TURN,FAILURE TO YIELD RIGHT OF WAY,Fatal,DAYLIGHT,CLEAR,DRY,False,39.6454696655273,-86.0826644897461
904564735,2024,2024-08-29,Hendricks,Plainfield,PERRY RD  & STOUT HERITAGE PKWY.,Vehicle,HEAD ON BETWEEN TWO MOTOR VEHICLES,FAILURE TO YIELD RIGHT OF WAY,SSI,DAYLIGHT,CLEAR,DRY,False,39.7068405151367,-86.3550338745117
904667320,2025,2025-02-10,Marion,Indianapolis,SOUTHEASTERN AV & MIMOSA LN,Vehicle,RAN OFF ROAD,FAILURE TO MAINTAIN LANE,Fatal,DARK (NOT LIGHTED),CLEAR,DRY,False,39.6764640808105,-85.963996887207
904564960,2024,2024-08-29,Johnson,TRAFALGAR,135 & S 500 W,Vehicle,HEAD ON BETWEEN TWO MOTOR VEHICLES,FAILURE TO YIELD RIGHT OF WAY,SSI,DAYLIGHT,CLEAR,DRY,False,39.3999938964844,-86.1959381103516
904565571,2024,2024-08-29,Marion,Indianapolis,MADISON AVE  & THOMPSON RD,Vehicle,REAR END,UNSAFE LANE MOVEMENT,SSI,DARK (LIGHTED),CLEAR,DRY,False,39.6933975219726,-86.1366806030273
904667373,2025,2025-02-10,Marion,Indianapolis,SHELBY ST & TROY AVE,Vehicle,RIGHT ANGLE,DISREGARD SIGNAL/REG SIGN,SSI,DARK (LIGHTED),CLEAR,DRY,False,39.7227478027344,-86.1395263671875
904565845,2024,2024-08-29,Hamilton,Noblesville,AMBER WAY,Vehicle,RAN OFF ROAD,OTHER (DRIVER) - EXPLAIN IN NARRATIVE,SSI,DARK (LIGHTED),CLEAR,DRY,False,40.0727462768555,-85.981559753418
904587847,2024,2024-09-30,Marion,Indianapolis,N HIGH SCHOOL RD  & COMMONS DR,Pedestrian,RIGHT ANGLE,PEDESTRIAN ACTION,Fatal,DARK (LIGHTED),RAIN,WET,False,39.832275390625,-86.2705154418945
904596377,2024,2024-10-19,Johnson,Greenwood,EMERSON AVE  & MAIN ST,Vehicle,LEFT TURN,DISREGARD SIGNAL/REG SIGN,SSI,DAYLIGHT,CLEAR,DRY,False,39.614330291748,-86.0826416015625
904552090,2024,2024-08-06,Marion,Indianapolis,N MERIDIAN ST  & E 36TH ST,Vehicle,REAR END,FOLLOWING TOO CLOSELY,SSI,DAYLIGHT,CLEAR,DRY,False,39.8211708068848,-86.1567840576172
904667383,2025,2025-02-09,Marion,Indianapolis,E 10TH ST & N HARBISON AVE,Vehicle,RAN OFF ROAD,FAILURE TO MAINTAIN LANE,Fatal,DARK (NOT LIGHTED),CLOUDY,DRY,False,39.7819786071777,-86.0145568847656
904527334,2024,2024-06-20,Marion,Indianapolis,38TH ST  & LAYMAN AVE,Vehicle,LEFT TURN,DISREGARD SIGNAL/REG SIGN,SSI,DARK (LIGHTED),CLEAR,DRY,False,39.8255195617676,-86.0736999511719
904511286,2024,2024-05-25,Marion,Indianapolis,I 70 RAMP  & POST RD,Vehicle,REAR END,FOLLOWING TOO CLOSELY,SSI,DAYLIGHT,CLEAR,DRY,True,39.8017616271973,-86.0100479125977
904616747,2024,2024-11-17,Marion,Indianapolis,W KESSLER BLVD N DR  & LAFAYETTE RD,Pedestrian,OTHER - EXPLAIN IN NARRATIVE,FAILURE TO MAINTAIN LANE,Fatal,DAYLIGHT,CLEAR,DRY,False,39.8009338378906,-86.2109451293945
904596382,2024,2024-10-19,Morgan,MARTINSVILLE,N WAVERLY PARK ROAD,Vehicle,REAR END,OTHER (ENVIRONMENTAL) - EXPLAIN IN NARR,SSI,UNKNOWN,CLEAR,DRY,False,39.5343170166016,-86.2899017333984
904567956,2024,2024-08-29,Hendricks,COATESVILLE,SR 75  & CR 600 S,Vehicle,HEAD ON BETWEEN TWO MOTOR VEHICLES,LEFT OF CENTER,Fatal,DAYLIGHT,CLEAR,DRY,False,39.6729354858398,-86.6692962646484
904596385,2024,2024-10-19,Morgan,MARTINSVILLE,MAHALASVILLE RD  & VOYLES RD,Vehicle,RAN OFF ROAD,UNSAFE SPEED,SSI,DAYLIGHT,CLEAR,DRY,False,39.3618125915527,-86.3656539916992