id,year,date,county,city,cross_street,crash_type,manner,primary_factor,ssi_fatal,light,weather,surface,interstate,lat,lon
904592728,2024,2024-09-30,Hancock,,I 70,Vehicle,SAME DIRECTION SIDESWIPE,UNSAFE LANE MOVEMENT,SSI,DARK (LIGHTED),CLEAR,WET,True,39.8202476501465,-85.8203353881836
904552113,2024,2024-08-06,Marion,Indianapolis,ROCKVILLE RD  & COUNTRY CLUB,Vehicle,OTHER - EXPLAIN IN NARRATIVE,OTHER (DRIVER) - EXPLAIN IN NARRATIVE,SSI,DARK (LIGHTED),CLEAR,DRY,False,39.7641677856445,-86.3078918457031
904511577,2024,2024-05-25,Marion,Indianapolis,KESSLER BLVD  & 38TH STREET,Vehicle,LEFT TURN,FAILURE TO YIELD RIGHT OF WAY,SSI,DARK (LIGHTED),CLOUDY,WET,False,39.8253402709961,-86.2114791870117
904527764,2024,2024-06-20,Shelby,WALDRON,COUNTY ROAD 600 EAST   & EAST MICHIGAN ROAD,Pedalcycle,OTHER - EXPLAIN IN NARRATIVE,OTHER (DRIVER) - EXPLAIN IN NARRATIVE,SSI,DAYLIGHT,CLEAR,DRY,False,39.4656867980957,-85.667121887207
904667431,2025,2025-02-09,Marion,Indianapolis,W WASHINGTON ST,Vehicle,OTHER - EXPLAIN IN NARRATIVE,OTHER (DRIVER) - EXPLAIN IN NARRATIVE,SSI,DAYLIGHT,CLEAR,DRY,False,39.748908996582,-86.2649002075195
904617800,2024,2024-11-18,Marion,Indianapolis,KENTUCKY AV  & DECATUR DR,Vehicle,RIGHT ANGLE,DISREGARD SIGNAL/REG SIGN,SSI,DAYLIGHT,CLOUDY,DRY,False,39.6875534057617,-86.2787246704101
904566843,2024,2024-08-30,Morgan,,NORTH KITCHEN ROAD,Vehicle,RAN OFF ROAD,ANIMAL/OBJECT IN ROADWAY,SSI,DARK (NOT LIGHTED),RAIN,WET,False,39.5361175537109,-86.316520690918
904669435,2025,2025-02-11,Johnson,Greenwood,COUNTY LINE RD  & MADISON AVE,Vehicle,HEAD ON BETWEEN TWO MOTOR VEHICLES,FAILURE TO YIELD RIGHT OF WAY,SSI,DARK (LIGHTED),CLOUDY,DRY,False,39.635570526123,-86.1170806884766
904555325,2024,2024-08-06,Marion,Indianapolis,DR. MARTIN LUTHER KING JR. ST  & FALL CREEK PKWY,Vehicle,RIGHT ANGLE,DISREGARD SIGNAL/REG SIGN,SSI,DAYLIGHT,CLEAR,DRY,False,39.7977981567383,-86.1692276000977
904617923,2024,2024-11-18,Morgan,MARTINSVILLE,GRAND VALLEY BLVD,Pedestrian,LEFT TURN,FAILURE TO YIELD RIGHT OF WAY,SSI,DAWN/DUSK,CLOUDY,DRY,False,39.4174270629883,-86.4066772460938
904596615,2024,2024-10-19,Johnson,Greenwood,SR 135  & W FAIRVIEW RD,Vehicle,HEAD ON BETWEEN TWO MOTOR VEHICLES,FAILURE TO YIELD RIGHT OF WAY,SSI,DAYLIGHT,CLEAR,DRY,False,39.6205520629883,-86.1585388183594
904593824,2024,2024-09-30,Marion,Indianapolis,9.4 MM I-465 SB,Vehicle,RAN OFF ROAD,OTHER (DRIVER) - EXPLAIN IN NARRATIVE,SSI,DARK (LIGHTED),CLEAR,DRY,True,39.7202835083008,-86.2646636962891
904530908,2024,2024-06-20,Marion,Indianapolis,91ST ST  & WILLOWRUN DR,Vehicle,HEAD ON BETWEEN TWO MOTOR VEHICLES,IMPROPER PASSING,SSI,DAYLIGHT,CLEAR,DRY,False,39.9196662902832,-86.1611785888672
904511602,2024,2024-05-25,Johnson,Bargersville,AL MAR DRIVE,Vehicle,RAN OFF ROAD,UNSAFE SPEED,SSI,DARK (NOT LIGHTED),RAIN,WET,False,39.5427284240723,-86.2045516967773
904566851,2024,2024-08-30,Morgan,MARTINSVILLE,PLANO RD  & TAYLOR RD,Vehicle,HEAD ON BETWEEN TWO MOTOR VEHICLES,FAILURE TO YIELD RIGHT OF WAY,SSI,DAYLIGHT,CLEAR,DRY,False,39.5064353942871,-86.6040420532227
904669706,2025,2025-02-09,Hamilton,Carmel,I465,Vehicle,RAN OFF ROAD,UNSAFE SPEED,SSI,DARK (LIGHTED),CLOUDY,DRY,True,39.9306983947754,-86.1548004150391
904552429,2024,2024-08-07,Marion,Indianapolis,LAFAYETTE ROAD,Vehicle,LEFT TURN,DISREGARD SIGNAL/REG SIGN,SSI,DAYLIGHT,CLOUDY,DRY,False,39.8406677246094,-86.2509994506836
904616769,2024,2024-11-19,Marion,Indianapolis,E WASINGTON ST  & N AUDUBON RD,Pedestrian,LEFT TURN,PEDESTRIAN ACTION,SSI,DARK (LIGHTED),RAIN,WET,False,39.7708053588867,-86.0703201293945
904599192,2024,2024-10-19,Marion,Indianapolis,I-465,Vehicle,NON-COLLISION,OVERCORRECTING/OVERSTEERING,SSI,DARK (LIGHTED),CLEAR,DRY,True,39.9174766540527,-86.0991668701172
904585077,2024,2024-10-01,Marion,Indianapolis,E 42ND ST  & N POST RD,Pedestrian,OTHER - EXPLAIN IN NARRATIVE,OTHER (DRIVER) - EXPLAIN IN NARRATIVE,SSI,DARK (LIGHTED),CLEAR,DRY,False,39.8334121704101,-86.0101623535156
904534274,2024,2024-06-20,Hamilton,Noblesville,LOGAN ST  & FEDERAL HILL CT,Vehicle,REAR END,FOLLOWING TOO CLOSELY,SSI,DAYLIGHT,CLEAR,DRY,False,40.0481872558594,-86.0196533203125
904511664,2024,2024-05-26,Marion,Indianapolis,W 52ND STREET  & HIGH SCHOOL ROAD,Vehicle,RAN OFF ROAD,DRIVER ILLNESS,SSI,DAYLIGHT,CLOUDY,DRY,False,39.8456115722656,-86.2708892822266
904511715,2024,2024-05-26,Marion,Indianapolis,EMERSON AV  & CLAYBROOKE COMMONS DR,Vehicle,REAR END,FOLLOWING TOO CLOSELY,SSI,DAYLIGHT,RAIN,WET,False,39.6398735046387,-86.0827102661133
904511741,2024,2024-05-26,Marion,Indianapolis,ELMIRA ST  & UNNAMED ALLEY,Pedestrian,NON-COLLISION,PEDESTRIAN ACTION,SSI,DARK (LIGHTED),CLEAR,DRY,False,39.8095474243164,-86.1852035522461
904520878,2024,2024-05-26,Hamilton,Fishers,I-69,Vehicle,RAN OFF ROAD,UNSAFE LANE MOVEMENT,Fatal,DARK (LIGHTED),CLEAR,DRY,True,39.9757881164551,-85.9593276977539
904550937,2024,2024-05-26,Hamilton,Fishers,I 69,Vehicle,RAN OFF ROAD,FAILURE TO MAINTAIN LANE,Fatal,DARK (LIGHTED),CLEAR,DRY,True,39.9757843017578,-85.9592666625977
904511319,2024,2024-05-27,Hendricks,Brownsburg,56TH ST  & WINDHAVEN CIR,Vehicle,LEFT TURN,FAILURE TO YIELD RIGHT OF WAY,SSI,DAYLIGHT,CLEAR,DRY,False,39.8512306213379,-86.378303527832
904511880,2024,2024-05-27,Marion,Indianapolis,500 E HANNA,Vehicle,RIGHT ANGLE,IMPROPER PASSING,SSI,DAYLIGHT,CLEAR,DRY,False,39.707950592041,-86.1504974365234
904511978,2024,2024-05-27,Marion,Indianapolis,SOUTHEASTERN AVE  & MCGAUGHEY ROAD,Vehicle,REAR END,UNSAFE SPEED,Fatal,DARK (LIGHTED),CLEAR,DRY,False,39.7070655822754,-86.014045715332
904512902,2024,2024-05-27,Hendricks,STILESVILLE,CR 550 W  & NORTH ST,Vehicle,RAN OFF ROAD,LEFT OF CENTER,Fatal,DARK (NOT LIGHTED),CLOUDY,WET,False,39.647388458252,-86.6251907348633
904514568,2024,2024-05-27,Marion,Indianapolis,E 34TH STREET  & MASSACHUSETTS AVENUE,Vehicle,COLLISION WITH OBJECT IN ROAD,FAILURE TO MAINTAIN LANE,SSI,DARK (LIGHTED),CLEAR,DRY,False,39.8183441162109,-86.069580078125
904528541,2024,2024-05-27,Marion,Indianapolis,E 16TH ST  & FENWICK AV,Vehicle,REAR END,OTHER (VEHICLE) - EXPLAIN IN NARRATIVE,Fatal,DARK (NOT LIGHTED),CLOUDY,DRY,False,39.7892875671387,-86.0166015625
904512538,2024,2024-05-28,Marion,Indianapolis,EAST 34TH STREET  & FOREST MANOR AVENUE,Vehicle,NON-COLLISION,OTHER (VEHICLE) - EXPLAIN IN NARRATIVE,SSI,DAYLIGHT,CLOUDY,DRY,False,39.818229675293,-86.0975875854492
904512541,2024,2024-05-28,Marion,Indianapolis,OLIVER AVE  & SHEPARD ST,Vehicle,REAR END,OTHER (DRIVER) - EXPLAIN IN NARRATIVE,SSI,DARK (LIGHTED),CLOUDY,WET,False,39.7584114074707,-86.1923065185547
904514152,2024,2024-05-28,Hamilton,Atlanta,SR 19  & 296 ST,Vehicle,RIGHT ANGLE,FAILURE TO YIELD RIGHT OF WAY,Fatal,DAYLIGHT,CLEAR,DRY,False,40.2178649902344,-86.0362014770508
904514453,2024,2024-05-28,Marion,Indianapolis,W WASHINGTON ST  & S BANNER AV,Pedestrian,RIGHT ANGLE,PEDESTRIAN ACTION,Fatal,DARK (LIGHTED),RAIN,WET,False,39.7428817749023,-86.2827224731445
904513368,2024,2024-05-30,Hamilton,,221 ST  & CUMBERLAND RD,Vehicle,RAN OFF ROAD,FAILURE TO MAINTAIN LANE,SSI,DAYLIGHT,CLEAR,DRY,False,40.1092414855957,-85.9843978881836
904527972,2024,2024-05-30,Boone,Zionsville,COUNTY ROAD 1100 EAST  & STATE ROAD 32,Pedalcycle,SAME DIRECTION SIDESWIPE,OTHER (DRIVER) - EXPLAIN IN NARRATIVE,SSI,UNKNOWN,CLEAR,DRY,False,40.0331420898438,-86.260139465332
904514469,2024,2024-05-31,Marion,Indianapolis,8700 E EDGEWOOD AVE,Vehicle,HEAD ON BETWEEN TWO MOTOR VEHICLES,IMPROPER LANE USAGE,SSI,DAYLIGHT,CLEAR,DRY,False,39.6815757751465,-86.0128021240234
904514515,2024,2024-05-31,Marion,Indianapolis,W WASHINGTON ST,Vehicle,LEFT TURN,IMPROPER TURNING,SSI,DAYLIGHT,CLEAR,DRY,False,39.7382011413574,-86.2977676391602
904516515,2024,2024-05-31,Hamilton,Carmel,S RANGELINE RD,Vehicle,OTHER - EXPLAIN IN NARRATIVE,DRIVER ILLNESS,SSI,DAYLIGHT,CLEAR,DRY,False,39.9582748413086,-86.1272506713867
904514367,2024,2024-06-01,Hamilton,Westfield,US 31 S,Vehicle,COLLISION WITH DEER,ANIMAL/OBJECT IN ROADWAY,SSI,DARK (NOT LIGHTED),CLEAR,DRY,False,40.0786056518555,-86.1280899047852
904515059,2024,2024-06-01,Morgan,,GREENCASTLE ROAD  & GASBURG ROAD,Vehicle,OTHER - EXPLAIN IN NARRATIVE,FAILURE TO YIELD RIGHT OF WAY,SSI,DAYLIGHT,RAIN,WET,False,39.6156616210937,-86.4368133544922
904517088,2024,2024-06-01,Marion,Indianapolis,E MICHIGAN ST  & N DENNY ST,Vehicle,RIGHT ANGLE,FAILURE TO YIELD RIGHT OF WAY,SSI,DARK (LIGHTED),CLEAR,DRY,False,39.774715423584,-86.099853515625
904543697,2024,2024-06-01,Marion,Indianapolis,W. 71ST STREET  & GEORGETOWN ROAD,Pedestrian,LEFT TURN,PEDESTRIAN ACTION,Fatal,DAYLIGHT,RAIN,WET,False,39.8820304870605,-86.2441940307617
904514468,2024,2024-06-02,Morgan,MONROVIA,HAZELWOOD RD  & STATE RD 42,Vehicle,RAN OFF ROAD,OTHER (VEHICLE) - EXPLAIN IN NARRATIVE,SSI,DAYLIGHT,CLOUDY,WET,False,39.5822868347168,-86.5216674804688
904515902,2024,2024-06-02,Marion,Indianapolis,S ARLINGTON AVENUE  & SOUTHEASTERN AVENUE,Vehicle,LEFT TURN,FAILURE TO YIELD RIGHT OF WAY,SSI,DARK (LIGHTED),CLEAR,DRY,False,39.7347679138184,-86.0636825561524
904514971,2024,2024-06-03,Hendricks,,US 136  & CR 100E,Vehicle,RAN OFF ROAD,CELL PHONE USAGE,SSI,DAYLIGHT,CLEAR,DRY,False,39.8710517883301,-86.505989074707
904515586,2024,2024-06-03,Marion,Indianapolis,EAST 82ND STREET  & ALLISONVILLE ROAD,Vehicle,RIGHT ANGLE,DISREGARD SIGNAL/REG SIGN,Fatal,DAYLIGHT,CLEAR,DRY,False,39.9050407409668,-86.0787124633789
904516128,2024,2024-06-03,Marion,Indianapolis,E 30TH ST   & N HAWTHORNE LANE,Vehicle,RAN OFF ROAD,IMPROPER LANE USAGE,SSI,DAYLIGHT,CLEAR,DRY,False,39.810920715332,-86.0788421630859
904516296,2024,2024-06-03,Marion,Indianapolis,E 10TH ST  & N EMERSON AVE,Vehicle,RIGHT ANGLE,DISREGARD SIGNAL/REG SIGN,SSI,DAYLIGHT,CLEAR,DRY,False,39.7815246582031,-86.0831985473633
904519433,2024,2024-06-03,Hendricks,CLAYTON,US 40  & CR 121 E,Vehicle,RIGHT ANGLE,FAILURE TO YIELD RIGHT OF WAY,SSI,DAYLIGHT,CLEAR,DRY,False,39.6742057800293,-86.4993133544922
904522210,2024,2024-06-03,Marion,Indianapolis,MADISON AVE,Pedestrian,OTHER - EXPLAIN IN NARRATIVE,OTHER (VEHICLE) - EXPLAIN IN NARRATIVE,Fatal,DARK (LIGHTED),CLEAR,DRY,False,39.7613830566406,-86.1583099365234
904527703,2024,2024-06-03,Morgan,MARTINSVILLE,I 69,Vehicle,RAN OFF ROAD,OVERCORRECTING/OVERSTEERING,SSI,DAYLIGHT,CLEAR,DRY,True,39.5048446655273,-86.3267974853516
904516253,2024,2024-06-04,Marion,Indianapolis,E 11TH ST  & N COLORADO,Vehicle,OTHER - EXPLAIN IN NARRATIVE,FAILURE TO YIELD RIGHT OF WAY,SSI,DAYLIGHT,CLEAR,DRY,False,39.7824897766113,-86.0958023071289
904516559,2024,2024-06-04,Marion,Indianapolis,ST JOSEPH  & DELAWARE,Vehicle,OPPOSITE DIRECTION SIDESWIPE,DRIVER ILLNESS,SSI,DAYLIGHT,CLEAR,DRY,False,39.780086517334,-86.1535720825195
904518256,2024,2024-06-04,Hamilton,Noblesville,37 & E 186TH ST,Vehicle,RIGHT ANGLE,IMPROPER TURNING,SSI,DAYLIGHT,CLOUDY,DRY,False,40.0583877563476,-85.990592956543
904519739,2024,2024-06-04,Marion,Indianapolis,I-65 SB,Vehicle,REAR END,FOLLOWING TOO CLOSELY,Fatal,DAYLIGHT,CLOUDY,DRY,True,39.6764373779297,-86.1001968383789
904516823,2024,2024-06-05,Hamilton,Noblesville,SR 32  & METSKER LN,Vehicle,HEAD ON BETWEEN TWO MOTOR VEHICLES,LEFT OF CENTER,Fatal,DAYLIGHT,CLEAR,DRY,False,40.0443382263184,-86.0366058349609
904518668,2024,2024-06-05,Marion,Indianapolis,KESSLER BLVD N DR  & W. 38TH ST.,Vehicle,LEFT TURN,FAILURE TO YIELD RIGHT OF WAY,SSI,DAYLIGHT,CLOUDY,DRY,False,39.8252410888672,-86.211555480957
904517513,2024,2024-06-06,Boone,Lebanon,I 65,Vehicle,OTHER - EXPLAIN IN NARRATIVE,OTHER (DRIVER) - EXPLAIN IN NARRATIVE,Fatal,DAYLIGHT,CLEAR,DRY,True,39.994571685791,-86.411376953125
904517526,2024,2024-06-06,Johnson,Franklin,CIRCLE DR,Pedestrian,OTHER - EXPLAIN IN NARRATIVE,DRIVER DISTRACTED - EXPLAIN IN NARRATIVE,SSI,DAYLIGHT,CLEAR,DRY,False,39.4928512573242,-86.0560150146485
904517650,2024,2024-06-06,Hamilton,Westfield,GEORGE GANG BLVD  & SHUMARD OAK DR,Vehicle,LEFT TURN,IMPROPER TURNING,SSI,DAYLIGHT,CLEAR,DRY,False,40.0270118713379,-86.0918884277344
904517723,2024,2024-06-06,Marion,Indianapolis,SR 37,Vehicle,NON-COLLISION,FAILURE TO MAINTAIN LANE,SSI,DARK (LIGHTED),CLEAR,DRY,False,39.6552848815918,-86.1989974975586
904518183,2024,2024-06-07,Hamilton,SHERIDAN(HAMILTON),SIX POINTS RD  & 206 ST,Vehicle,RIGHT ANGLE,DISREGARD SIGNAL/REG SIGN,Fatal,DAYLIGHT,CLEAR,DRY,False,40.0859565734863,-86.1751403808594
904518741,2024,2024-06-07,Marion,Indianapolis,KEYSTONE AVE  & RAYMOND ST,Vehicle,HEAD ON BETWEEN TWO MOTOR VEHICLES,LEFT OF CENTER,SSI,DARK (LIGHTED),CLEAR,DRY,False,39.7378005981445,-86.1209564208984
904518901,2024,2024-06-07,Hancock,,US 40   & CR 675,Pedestrian,SAME DIRECTION SIDESWIPE,PEDESTRIAN ACTION,SSI,DARK (NOT LIGHTED),CLEAR,DRY,False,39.789134979248,-85.6759643554688
904519742,2024,2024-06-07,Johnson,Greenwood,65,Pedestrian,OTHER - EXPLAIN IN NARRATIVE,OTHER (ENVIRONMENTAL) - EXPLAIN IN NARR,Fatal,DARK (NOT LIGHTED),CLEAR,DRY,False,39.5745658874512,-86.0579071044922
904526284,2024,2024-06-07,Morgan,,KELLER HILL RD.,Vehicle,RAN OFF ROAD,FAILURE TO MAINTAIN LANE,SSI,DARK (NOT LIGHTED),CLEAR,DRY,False,39.6012191772461,-86.4200897216797
904518785,2024,2024-06-08,Marion,Indianapolis,TOWNSHIP LINE RD.  & W 86TH ST.,Vehicle,HEAD ON BETWEEN TWO MOTOR VEHICLES,OTHER (DRIVER) - EXPLAIN IN NARRATIVE,SSI,DAYLIGHT,CLEAR,DRY,False,39.912052154541,-86.2000503540039
904518834,2024,2024-06-09,Marion,Indianapolis,W 86TH ST,Vehicle,RAN OFF ROAD,IMPROPER LANE USAGE,SSI,DARK (NOT LIGHTED),CLEAR,DRY,False,39.9112930297851,-86.24462890625
904518931,2024,2024-06-09,Hamilton,Westfield,146 ST  & GRAY RD,Vehicle,RIGHT ANGLE,DISREGARD SIGNAL/REG SIGN,SSI,DAYLIGHT,CLEAR,DRY,False,40.0001831054687,-86.0896682739258
904518983,2024,2024-06-09,Shelby,SHELBYVILLE,E SR 44  & I-74,Vehicle,SAME DIRECTION SIDESWIPE,IMPROPER LANE USAGE,SSI,DAYLIGHT,CLEAR,DRY,True,39.5277900695801,-85.732650756836
904519160,2024,2024-06-09,Marion,Indianapolis,N MITTHOEFFER RD  & E 25TH ST,Vehicle,RAN OFF ROAD,DRIVER DISTRACTED - EXPLAIN IN NARRATIVE,SSI,DAWN/DUSK,CLEAR,DRY,False,39.8047561645508,-85.9907455444336
904519176,2024,2024-06-09,Marion,Indianapolis,S EAST ST  & E THOMPSON RD,Vehicle,SAME DIRECTION SIDESWIPE,FAILURE TO YIELD RIGHT OF WAY,SSI,DAYLIGHT,CLEAR,DRY,False,39.6925735473633,-86.1487197875977
904519209,2024,2024-06-09,Marion,Indianapolis,N HOLT RD  & ROCKVILLE RD,Vehicle,RAN OFF ROAD,UNSAFE SPEED,SSI,DAWN/DUSK,CLEAR,DRY,False,39.7627029418945,-86.2251434326172
904519625,2024,2024-06-10,Hancock,,100,Vehicle,LEFT TURN,FAILURE TO YIELD RIGHT OF WAY,SSI,DAYLIGHT,CLOUDY,DRY,False,39.7719001770019,-85.7265396118164
904617179,2024,2024-11-19,Hancock,McCordsville,WEST 900 NORTH  & NORTH 600 WEST,Vehicle,LEFT/RIGHT TURN,FAILURE TO YIELD RIGHT OF WAY,SSI,DAYLIGHT,CLEAR,DRY,False,39.913272857666,-85.9212188720703
904604514,2024,2024-10-19,Morgan,,KELLER HILL RD.  & BINGHAM RD,Pedestrian,OTHER - EXPLAIN IN NARRATIVE,OTHER (VEHICLE) - EXPLAIN IN NARRATIVE,SSI,DARK (NOT LIGHTED),CLEAR,DRY,False,39.6014213562012,-86.3958892822266
904617429,2024,2024-11-19,Marion,Indianapolis,200 E RAYMOND,Vehicle,OTHER - EXPLAIN IN NARRATIVE,UNSAFE SPEED,SSI,DARK (LIGHTED),CLEAR,DRY,False,39.7373580932617,-86.1542358398438
904527246,2024,2024-06-21,Marion,Indianapolis,W 56TH ST  & LAFAYETTE RD,Vehicle,RIGHT ANGLE,DISREGARD SIGNAL/REG SIGN,Fatal,DARK (LIGHTED),CLEAR,DRY,False,39.8529510498047,-86.263313293457
904585731,2024,2024-10-02,Marion,Indianapolis,I-465  & I-465,Vehicle,OTHER - EXPLAIN IN NARRATIVE,BRAKE FAILURE OR DEFECTIVE,SSI,DARK (LIGHTED),BLOWING SAND/SOIL/SNOW,DRY,True,39.6922607421875,-86.2327423095703
904596589,2024,2024-10-20,Marion,Indianapolis,E 38TH ST  & N SHERMAN DR,Pedestrian,NON-COLLISION,PEDESTRIAN ACTION,SSI,DAYLIGHT,CLEAR,DRY,False,39.8253479003906,-86.1027145385742
904617621,2024,2024-11-19,Morgan,,SR 144 @ JOHNSON RD,Vehicle,RIGHT TURN,OTHER (DRIVER) - EXPLAIN IN NARRATIVE,SSI,DAYLIGHT,CLEAR,DRY,False,39.6011924743652,-86.3542785644531
904669720,2025,2025-02-15,Hancock,,CR 700  & CR 350,Vehicle,RIGHT ANGLE,FAILURE TO YIELD RIGHT OF WAY,SSI,DARK (NOT LIGHTED),SLEET/HAIL/FREEZING RAIN,ICE,False,39.8343696594238,-85.934455871582
904552801,2024,2024-08-07,Johnson,Greenwood,SMITH VALLEY RD  & VALLEY OAKS DR,Pedestrian,OTHER - EXPLAIN IN NARRATIVE,PEDESTRIAN ACTION,SSI,DAYLIGHT,CLOUDY,DRY,False,39.6057929992676,-86.0937728881836
904589291,2024,2024-10-02,Johnson,,I-65 SB,Vehicle,REAR END,FOLLOWING TOO CLOSELY,SSI,DAWN/DUSK,CLEAR,DRY,True,39.4181976318359,-85.9655380249023
904527260,2024,2024-06-21,Marion,Indianapolis,ROCKVILLE RD  & HOLT RD,Vehicle,RIGHT ANGLE,FAILURE TO YIELD RIGHT OF WAY,SSI,DAYLIGHT,CLEAR,DRY,False,39.7628479003906,-86.2251434326172
904553251,2024,2024-08-07,Morgan,MARTINSVILLE,I-69 NB OFF RAMP  & ARTESIAN AVE,Pedestrian,RIGHT TURN,FAILURE TO YIELD RIGHT OF WAY,SSI,DAYLIGHT,CLOUDY,DRY,True,39.4076499938965,-86.4230880737305
904585185,2024,2024-10-03,Marion,Indianapolis,NB I69 161.2 MM  & I465,Vehicle,RAN OFF ROAD,UNSAFE LANE MOVEMENT,SSI,DAYLIGHT,CLEAR,DRY,True,39.6916275024414,-86.1874008178711
904527314,2024,2024-06-21,Marion,Indianapolis,38TH ST  & DEARBORN ST,Vehicle,RAN OFF ROAD,BRAKE FAILURE OR DEFECTIVE,SSI,DAYLIGHT,CLEAR,DRY,False,39.8251419067383,-86.1118011474609
904555183,2024,2024-08-07,Hendricks,,CR 1000 E  & CR 650 N,Vehicle,RIGHT ANGLE,FAILURE TO YIELD RIGHT OF WAY,SSI,DAYLIGHT,CLEAR,DRY,False,39.8588676452637,-86.3517837524414
904621812,2024,2024-11-19,Johnson,Greenwood,COUNTY LINE RD  & GRAHAM RD,Vehicle,HEAD ON BETWEEN TWO MOTOR VEHICLES,DISREGARD SIGNAL/REG SIGN,SSI,DARK (LIGHTED),CLEAR,DRY,False,39.636848449707,-86.0636596679688
904598368,2024,2024-10-20,Shelby,SHELBYVILLE,CR 400 N,Vehicle,HEAD ON BETWEEN TWO MOTOR VEHICLES,LEFT OF CENTER,SSI,DARK (NOT LIGHTED),CLEAR,DRY,False,39.5847091674805,-85.8216094970703
904585944,2024,2024-10-03,Marion,Indianapolis,6005  & THOMPSON RD,Vehicle,NON-COLLISION,UNSAFE LANE MOVEMENT,SSI,DAYLIGHT,CLEAR,DRY,False,39.694881439209,-86.0624618530273
904669810,2025,2025-02-15,Marion,Lawrence,E 56TH ST & PENDLETON PIKE,Vehicle,REAR END,FOLLOWING TOO CLOSELY,SSI,DAYLIGHT,CLEAR,DRY,False,39.8556785583496,-85.987060546875
904527322,2024,2024-06-21,Marion,Indianapolis,LAFAYETTE RD  & W 21ST ST,Vehicle,LEFT TURN,UNSAFE SPEED,SSI,DARK (LIGHTED),CLEAR,DRY,False,39.7952728271484,-86.2056732177734
904553025,2024,2024-08-08,Boone,,SR 39  & CR 500 S,Vehicle,HEAD ON BETWEEN TWO MOTOR VEHICLES,LEFT OF CENTER,Fatal,DAYLIGHT,CLEAR,DRY,False,39.9678611755371,-86.501708984375
904617632,2024,2024-11-20,Marion,Indianapolis,SHERMAN DR  & BETHEL AVE,Vehicle,LEFT TURN,FAILURE TO YIELD RIGHT OF WAY,SSI,DARK (NOT LIGHTED),CLEAR,DRY,False,39.7363815307617,-86.1017837524414
904597066,2024,2024-10-21,Marion,Indianapolis,"I-70 EB, 80.1 MM",Vehicle,REAR END,OTHER (DRIVER) - EXPLAIN IN NARRATIVE,SSI,DAWN/DUSK,CLEAR,DRY,True,39.7535095214844,-86.1591262817383
904585955,2024,2024-10-03,Marion,Indianapolis,WEST 56TH STREET  & PIN OAK WAY,Vehicle,HEAD ON BETWEEN TWO MOTOR VEHICLES,FAILURE TO YIELD RIGHT OF WAY,SSI,DAYLIGHT,CLEAR,DRY,False,39.8531951904297,-86.2477645874023
904670456,2025,2025-02-13,Marion,Indianapolis,I65 109 RAMP C & E RAYMOND ST,Pedalcycle,RIGHT ANGLE,FAILURE TO YIELD RIGHT OF WAY,Fatal,DARK (LIGHTED),CLOUDY,DRY,True,39.7376289367676,-86.139144897461
904532165,2024,2024-06-21,Marion,Indianapolis,PLEASANT RUN PARKWAY N DRIVE   & UNION STREET,Vehicle,RIGHT ANGLE,UNSAFE SPEED,SSI,DARK (LIGHTED),CLEAR,DRY,False,39.732551574707,-86.1576690673828
904553120,2024,2024-08-08,Marion,Indianapolis,W 32ND ST  & BARNES AVE,Vehicle,REAR END,OVERCORRECTING/OVERSTEERING,SSI,DARK (NOT LIGHTED),CLEAR,DRY,False,39.8130798339844,-86.1836929321289
904585982,2024,2024-10-04,Marion,Indianapolis,E 10TH ST   & N HAMILTON AVE,Vehicle,OTHER - EXPLAIN IN NARRATIVE,LEFT OF CENTER,SSI,DARK (NOT LIGHTED),CLEAR,DRY,False,39.7813034057617,-86.1251525878906
904619200,2024,2024-11-20,Marion,Indianapolis,I65 SOUTHBOUND 111.9 MM,Vehicle,SAME DIRECTION SIDESWIPE,UNSAFE LANE MOVEMENT,SSI,DARK (LIGHTED),CLEAR,DRY,True,39.776252746582,-86.1414947509766
904542754,2024,2024-06-21,Marion,Indianapolis,GUION RD  & W 52ND ST,Vehicle,RIGHT ANGLE,DISREGARD SIGNAL/REG SIGN,SSI,DARK (LIGHTED),CLEAR,DRY,False,39.8460311889648,-86.2316818237305
904553514,2024,2024-08-09,Marion,Indianapolis,E WASHINGTON ST  & N RANDOLPH ST,Pedestrian,RIGHT ANGLE,PEDESTRIAN ACTION,SSI,DAYLIGHT,CLEAR,DRY,False,39.767463684082,-86.1284713745117
904670745,2025,2025-02-15,Marion,Indianapolis,BROOKVILLE RD & S GERMAN CHURCH RD,Vehicle,LEFT/RIGHT TURN,OTHER (DRIVER) - EXPLAIN IN NARRATIVE,SSI,DAYLIGHT,RAIN,WET,False,39.7381439208984,-85.9705047607422
904597130,2024,2024-10-21,Marion,Indianapolis,BINFORD BLVD  & DELMAR RD,Vehicle,RAN OFF ROAD,FAILURE TO MAINTAIN LANE,Fatal,DARK (LIGHTED),CLEAR,DRY,False,39.8479537963867,-86.1040878295898
904671537,2025,2025-02-16,Marion,Indianapolis,10TH ST & ARLINGTON AVE,Vehicle,RIGHT ANGLE,OTHER (ENVIRONMENTAL) - EXPLAIN IN NARR,SSI,DAYLIGHT,CLOUDY,ICE,False,39.7815971374512,-86.0650863647461