id,year,date,county,city,cross_street,crash_type,manner,primary_factor,ssi_fatal,light,weather,surface,interstate,lat,lon
904587286,2024,2024-10-04,Marion,Indianapolis,E WASHINGTON STREET  & N COLORADO AVE,Vehicle,RAN OFF ROAD,IMPROPER LANE USAGE,Fatal,DAYLIGHT,CLEAR,DRY,False,39.7695770263672,-86.0952758789063
904636235,2024,2024-11-20,Marion,Indianapolis,I465 NB,Vehicle,SAME DIRECTION SIDESWIPE,UNSAFE LANE MOVEMENT,SSI,DAWN/DUSK,RAIN,WET,True,39.924633026123,-86.267936706543
904598158,2024,2024-10-21,Marion,Indianapolis,I-70,Vehicle,REAR END,OTHER (DRIVER) - EXPLAIN IN NARRATIVE,SSI,DAYLIGHT,CLEAR,DRY,True,39.7533988952637,-86.1545562744141
904526987,2024,2024-06-22,Hamilton,,SR 38  & MOONTOWN RD,Vehicle,RIGHT ANGLE,FAILURE TO YIELD RIGHT OF WAY,SSI,DAYLIGHT,CLEAR,DRY,False,40.0778999328613,-86.0903396606445
904554128,2024,2024-08-09,Marion,Indianapolis,E NEW YORK ST  & N COLLEGE AVE,Pedestrian,RIGHT ANGLE,PEDESTRIAN ACTION,SSI,DAYLIGHT,CLEAR,DRY,False,39.7710418701172,-86.1454544067383
904671542,2025,2025-02-16,Marion,Indianapolis,I-465,Vehicle,OTHER - EXPLAIN IN NARRATIVE,UNSAFE SPEED,SSI,DARK (NOT LIGHTED),SNOW,SNOW/SLUSH,True,39.852653503418,-86.2736740112305
904588226,2024,2024-10-04,Hamilton,Noblesville,N 10TH ST  & E 191ST ST,Vehicle,RAN OFF ROAD,UNSAFE SPEED,SSI,DAYLIGHT,CLEAR,DRY,False,40.0673751831055,-86.0058059692383
904619227,2024,2024-11-21,Marion,Indianapolis,S KEYSTONE AVE  & I-65 S,Vehicle,LEFT TURN,DISREGARD SIGNAL/REG SIGN,SSI,DARK (LIGHTED),SLEET/HAIL/FREEZING RAIN,WET,True,39.7161865234375,-86.1206970214844
904598363,2024,2024-10-21,Marion,Indianapolis,E 52ND ST  & KINGSLEY DR,Vehicle,LEFT TURN,FAILURE TO YIELD RIGHT OF WAY,SSI,DARK (NOT LIGHTED),CLEAR,DRY,False,39.8475456237793,-86.1309204101563
904527002,2024,2024-06-22,Morgan,STILESVILLE,INTERSTATE 70 WESTBOUND,Vehicle,RAN OFF ROAD,DRIVER ASLEEP OR FATIGUED,SSI,DAYLIGHT,CLEAR,DRY,True,39.5738296508789,-86.6201019287109
904554553,2024,2024-08-09,Marion,Indianapolis,STOP 11 ROAD  & MADISON AVE,Pedestrian,OTHER - EXPLAIN IN NARRATIVE,PEDESTRIAN ACTION,Fatal,DARK (LIGHTED),CLEAR,DRY,False,39.650260925293,-86.1219100952148
904671568,2025,2025-02-17,Marion,Indianapolis,E 16TH ST & N RIDGEWIEW DR,Vehicle,HEAD ON BETWEEN TWO MOTOR VEHICLES,OTHER (ENVIRONMENTAL) - EXPLAIN IN NARR,SSI,DARK (NOT LIGHTED),CLEAR,ICE,False,39.7890167236328,-86.056037902832
904598499,2024,2024-10-04,Marion,Indianapolis,I65 SB,Vehicle,SAME DIRECTION SIDESWIPE,UNSAFE LANE MOVEMENT,SSI,DAYLIGHT,CLEAR,DRY,True,39.8117637634277,-86.1767120361328
904619232,2024,2024-11-21,Marion,Indianapolis,WIND DRIFT DRIVE EAST,Vehicle,OTHER - EXPLAIN IN NARRATIVE,OTHER (DRIVER) - EXPLAIN IN NARRATIVE,SSI,DARK (LIGHTED),SNOW,SNOW/SLUSH,False,39.8264045715332,-86.2880325317383
904602130,2024,2024-10-21,Marion,Indianapolis,N. KEYSTONE  & E.  38TH ST,Vehicle,REAR END,FOLLOWING TOO CLOSELY,SSI,DARK (LIGHTED),CLEAR,DRY,False,39.8251876831055,-86.1218643188477
904527079,2024,2024-06-22,Hamilton,SHERIDAN(HAMILTON),236 ST  & SIX POINTS RD,Vehicle,RIGHT ANGLE,FAILURE TO YIELD RIGHT OF WAY,SSI,DAYLIGHT,CLEAR,DRY,False,40.1304817199707,-86.1754837036133
904553803,2024,2024-08-10,Johnson,,STATE ROAD 44  & CENTERLINE RD,Vehicle,RIGHT ANGLE,OTHER (DRIVER) - EXPLAIN IN NARRATIVE,SSI,DAYLIGHT,CLEAR,DRY,False,39.474193572998,-86.1023254394531
904671856,2025,2025-02-07,Morgan,PARAGON,LETTERMAN RD & LETTERMAN WAY LN.,Vehicle,RAN OFF ROAD,FAILURE TO MAINTAIN LANE,SSI,DARK (NOT LIGHTED),CLEAR,DRY,False,39.4335098266602,-86.5839538574219
904621468,2024,2024-11-21,Marion,Cumberland,E WASHINGTON  & HUGO,Vehicle,RAN OFF ROAD,OTHER (DRIVER) - EXPLAIN IN NARRATIVE,SSI,DARK (LIGHTED),SNOW,WET,False,39.7759666442871,-85.9660949707031
904586433,2024,2024-10-05,Marion,Indianapolis,S KEYSTONE AVE  & NATIONAL AVE,Vehicle,REAR END,FOLLOWING TOO CLOSELY,SSI,DARK (LIGHTED),CLEAR,DRY,False,39.7134857177734,-86.1208114624023
904598036,2024,2024-10-22,Marion,Indianapolis,E. WASHINGTON ST.  & N. NEW JERSEY ST.,Pedalcycle,LEFT TURN,PEDESTRIAN ACTION,SSI,DARK (LIGHTED),CLEAR,DRY,False,39.767032623291,-86.1508560180664
904672600,2025,2025-02-19,Marion,Indianapolis,N WHITE RIVER PKWY E DR & W 18TH ST,Vehicle,RAN OFF ROAD,SPEED TOO FAST FOR WEATHER CONDITIONS,SSI,DAYLIGHT,SNOW,SNOW/SLUSH,False,39.7950897216797,-86.1992111206055
904553878,2024,2024-08-10,Boone,Whitestown,WHITESTOWN PKWY  & PERRY WORTH RD,Vehicle,LEFT/RIGHT TURN,DISREGARD SIGNAL/REG SIGN,SSI,DAYLIGHT,CLEAR,DRY,False,39.9489593505859,-86.3492660522461
904566990,2024,2024-08-30,Johnson,Greenwood,S SR 135,Vehicle,OPPOSITE DIRECTION SIDESWIPE,FAILURE TO MAINTAIN LANE,SSI,DAYLIGHT,CLEAR,DRY,False,39.6033973693848,-86.1578140258789
904528700,2024,2024-06-22,Marion,Indianapolis,N SHERMAN DR  & E 28TH STREET,Vehicle,COLLISION WITH OBJECT IN ROAD,DRIVER ILLNESS,SSI,DAYLIGHT,CLEAR,DRY,False,39.8068428039551,-86.1025161743164
904589784,2024,2024-10-05,Marion,Indianapolis,I465 WB,Vehicle,REAR END,FOLLOWING TOO CLOSELY,SSI,DAYLIGHT,CLEAR,DRY,True,39.9236183166504,-86.2277603149414
904554402,2024,2024-08-10,Shelby,SHELBYVILLE,W. MECHANIC STREET  & N. WEST STREET,Vehicle,OTHER - EXPLAIN IN NARRATIVE,FAILURE TO YIELD RIGHT OF WAY,SSI,DAYLIGHT,CLEAR,DRY,False,39.5261001586914,-85.78173828125
904569155,2024,2024-08-30,Hamilton,Carmel,I-465 WESTBOUND 29.6 MM,Vehicle,REAR END,IMPROPER PASSING,SSI,DAYLIGHT,CLEAR,DRY,True,39.9273490905762,-86.177864074707
904529434,2024,2024-06-22,Marion,Indianapolis,W WASHINGTON ST  & HAMBLEN W DR,Pedestrian,RIGHT ANGLE,PEDESTRIAN ACTION,SSI,DARK (NOT LIGHTED),CLOUDY,DRY,False,39.7368965148926,-86.3020858764648
904620996,2024,2024-11-22,Marion,Indianapolis,N COLLEGE AVE  & E 46TH ST,Pedestrian,LEFT TURN,FAILURE TO YIELD RIGHT OF WAY,SSI,DARK (LIGHTED),RAIN,WET,False,39.8396072387695,-86.1452941894531
904600428,2024,2024-10-22,Hendricks,,SR 267  & CR 1000 E,Vehicle,COLLISION WITH DEER,ANIMAL/OBJECT IN ROADWAY,SSI,DARK (NOT LIGHTED),CLEAR,DRY,False,39.9074363708496,-86.396842956543
904673105,2025,2025-02-19,Marion,Indianapolis,E. 30TH STREET & N. RICHARDT AVENUE,Vehicle,REAR END,SPEED TOO FAST FOR WEATHER CONDITIONS,SSI,DAYLIGHT,SNOW,ICE,False,39.8110847473145,-86.0370025634766
904587143,2024,2024-10-06,Hendricks,Plainfield,US 40  & RONALD REAGAN PKWY,Vehicle,RIGHT ANGLE,FAILURE TO YIELD RIGHT OF WAY,SSI,DAYLIGHT,CLEAR,DRY,False,39.7272224426269,-86.3371276855469
904554556,2024,2024-08-10,Marion,Indianapolis,LAFAYETTE RD  & W 30TH ST,Vehicle,HEAD ON BETWEEN TWO MOTOR VEHICLES,FAILURE TO MAINTAIN LANE,SSI,DARK (NOT LIGHTED),CLEAR,DRY,False,39.8109931945801,-86.2220001220703
904570972,2024,2024-08-30,Hendricks,,64.2 MM I-70 WB,Vehicle,SAME DIRECTION SIDESWIPE,UNSAFE LANE MOVEMENT,SSI,DARK (NOT LIGHTED),RAIN,WET,True,39.6497268676758,-86.4042358398438
904529738,2024,2024-06-22,Hamilton,Noblesville,E 146TH ST  & HOWE RD,Vehicle,REAR END,FOLLOWING TOO CLOSELY,SSI,DARK (LIGHTED),CLEAR,DRY,False,40.0012969970703,-85.9807205200195
904621848,2024,2024-11-22,Hendricks,Brownsburg,N CR 800 E  & BLUESTONE WAY,Vehicle,HEAD ON BETWEEN TWO MOTOR VEHICLES,LEFT OF CENTER,Fatal,DAYLIGHT,CLOUDY,DRY,False,39.8035736083984,-86.3815460205078
904600460,2024,2024-10-22,Hendricks,,S SR 267  & E SR 267,Vehicle,RIGHT ANGLE,FAILURE TO YIELD RIGHT OF WAY,SSI,DARK (NOT LIGHTED),CLEAR,DRY,False,39.6532936096191,-86.3842697143555
904673369,2025,2025-02-17,Marion,Indianapolis,W 56TH ST,Vehicle,RIGHT ANGLE,FAILURE TO MAINTAIN LANE,SSI,DARK (LIGHTED),CLEAR,DRY,False,39.8528175354004,-86.2736892700195
904588093,2024,2024-10-06,Marion,Indianapolis,6200 N KEYSTONE AVE  & 62ND STREET,Vehicle,RIGHT ANGLE,FAILURE TO YIELD RIGHT OF WAY,Fatal,DAYLIGHT,CLEAR,DRY,False,39.8697280883789,-86.1221466064453
904554628,2024,2024-08-10,Marion,Lawrence,PENDLETON PIKE  & BARKER LN,Vehicle,NON-COLLISION,UNSAFE SPEED,SSI,DARK (NOT LIGHTED),CLEAR,DRY,False,39.8509216308594,-85.9967422485352
904574437,2024,2024-08-30,Hendricks,Plainfield,E US 40  & SMITH RD,Vehicle,RIGHT ANGLE,DISREGARD SIGNAL/REG SIGN,Fatal,DAYLIGHT,CLEAR,DRY,False,39.7160949707031,-86.3613052368164
904528042,2024,2024-06-23,Johnson,Greenwood,MAIN STREET  & WESTRIDGE BOULEVARD,Vehicle,REAR END,ACCELERATOR FAILURE OR DEFECTIVE,SSI,DAYLIGHT,CLEAR,DRY,False,39.6133804321289,-86.1430358886719
904622496,2024,2024-11-22,Hamilton,Fishers,I-69 NB 208.6 MM,Pedestrian,OTHER - EXPLAIN IN NARRATIVE,OTHER (ENVIRONMENTAL) - EXPLAIN IN NARR,Fatal,DARK (NOT LIGHTED),CLOUDY,DRY,True,39.9803733825684,-85.9497299194336
904597981,2024,2024-10-23,Hancock,,N SR 9   & N 1000 NORTH,Vehicle,RAN OFF ROAD,DRIVER ASLEEP OR FATIGUED,SSI,DAWN/DUSK,CLEAR,DRY,False,39.9301643371582,-85.7711410522461
904673377,2025,2025-02-10,Hendricks,,I-65 SOUTHBOUND,Vehicle,REAR END,UNSAFE SPEED,Fatal,DARK (NOT LIGHTED),CLEAR,DRY,True,39.9218482971191,-86.3313980102539
904598242,2024,2024-10-23,Marion,Lawrence,WOODCROFT AVE  & E 46TH ST,Vehicle,HEAD ON BETWEEN TWO MOTOR VEHICLES,FAILURE TO MAINTAIN LANE,SSI,DARK (LIGHTED),CLEAR,DRY,False,39.8404502868652,-86.0436477661133
904588231,2024,2024-10-06,Johnson,Greenwood,SR 135  & MERIDIAN MEADOWS RD,Vehicle,RIGHT ANGLE,FAILURE TO YIELD RIGHT OF WAY,SSI,DAYLIGHT,CLEAR,DRY,False,39.6317443847656,-86.1583862304688
904565758,2024,2024-08-31,Johnson,,HURRICANE RD  & CLARK SCHOOL RD,Vehicle,RAN OFF ROAD,SPEED TOO FAST FOR WEATHER CONDITIONS,SSI,DAYLIGHT,CLOUDY,DRY,False,39.5766487121582,-86.0222244262695
904621695,2024,2024-11-24,Marion,Indianapolis,23RD ST  & N DELAWARE ST,Vehicle,RIGHT ANGLE,FAILURE TO YIELD RIGHT OF WAY,SSI,DAYLIGHT,CLOUDY,DRY,False,39.7992706298828,-86.1532287597656
904528698,2024,2024-06-23,Marion,Indianapolis,EAST 82ND STREET  & CRAIG STREET,Vehicle,HEAD ON BETWEEN TWO MOTOR VEHICLES,FAILURE TO YIELD RIGHT OF WAY,SSI,DAYLIGHT,CLEAR,DRY,False,39.9053077697754,-86.0530853271484
904554232,2024,2024-08-11,Hancock,,CR 100 N  & CR 200 W,Vehicle,RAN OFF ROAD,FAILURE TO MAINTAIN LANE,SSI,DARK (LIGHTED),CLEAR,DRY,False,39.7985229492187,-85.8427581787109
904673573,2025,2025-02-12,Morgan,,HADLEY RD  & PADDOCK RD,Vehicle,RAN OFF ROAD,DRIVER DISTRACTED - EXPLAIN IN NARRATIVE,SSI,DARK (NOT LIGHTED),RAIN,WET,False,39.6110191345215,-86.2888031005859
904590598,2024,2024-10-06,Marion,Beech Grove,3RD AVE  & ALBANY ST,Vehicle,OTHER - EXPLAIN IN NARRATIVE,OTHER (VEHICLE) - EXPLAIN IN NARRATIVE,SSI,DAYLIGHT,CLEAR,DRY,False,39.7236175537109,-86.0849380493164
904554254,2024,2024-08-11,Boone,Whitestown,I-65 SOUTHBOUND,Vehicle,OTHER - EXPLAIN IN NARRATIVE,DRIVER ASLEEP OR FATIGUED,SSI,DAYLIGHT,CLOUDY,DRY,True,39.9734153747559,-86.3857421875
904598896,2024,2024-10-23,Morgan,,S.R. 144  & CIVIC CIR,Vehicle,LEFT TURN,FAILURE TO MAINTAIN LANE,SSI,DAYLIGHT,CLEAR,DRY,False,39.5979461669922,-86.3480987548828
904673574,2025,2025-02-20,Hamilton,Fishers,E 96TH ST & HAGUE RD,Vehicle,REAR END,FOLLOWING TOO CLOSELY,SSI,DAYLIGHT,CLEAR,DRY,False,39.9273567199707,-86.0330505371094
904621406,2024,2024-11-25,Boone,Lebanon,LAFAYETTE AVENUE  & CAMP STREET,Pedalcycle,RIGHT ANGLE,OTHER (DRIVER) - EXPLAIN IN NARRATIVE,SSI,DARK (LIGHTED),CLEAR,WET,False,40.0570182800293,-86.4837112426758
904566094,2024,2024-08-31,Hamilton,Cicero,N PERU ST  & NEAL ST,Pedestrian,OTHER - EXPLAIN IN NARRATIVE,OTHER (DRIVER) - EXPLAIN IN NARRATIVE,SSI,DAYLIGHT,CLEAR,DRY,False,40.1284065246582,-86.0135650634766
904529527,2024,2024-06-23,Marion,Indianapolis,I-465 NB,Vehicle,RAN OFF ROAD,OTHER (DRIVER) - EXPLAIN IN NARRATIVE,SSI,DARK (LIGHTED),CLEAR,DRY,True,39.7880821228027,-86.0333862304688
904591607,2024,2024-10-06,Marion,Indianapolis,E 38TH ST  & N FRANKLIN RD,Vehicle,RIGHT ANGLE,DISREGARD SIGNAL/REG SIGN,SSI,DARK (LIGHTED),CLEAR,DRY,False,39.8257217407227,-86.0270004272461
904555065,2024,2024-08-11,Hamilton,Carmel,I 465 E,Vehicle,REAR END,FOLLOWING TOO CLOSELY,SSI,DAYLIGHT,CLEAR,DRY,True,39.9272727966308,-86.1778106689453
904599141,2024,2024-10-23,Marion,Indianapolis,W 30TH ST  & GUION RD,Vehicle,RIGHT ANGLE,FAILURE TO YIELD RIGHT OF WAY,SSI,DARK (LIGHTED),CLEAR,DRY,False,39.809700012207,-86.219841003418
904673624,2025,2025-02-20,Boone,,STATE ROAD 32 & COUNTY ROAD 300 E,Vehicle,RAN OFF ROAD,OTHER (DRIVER) - EXPLAIN IN NARRATIVE,SSI,DAYLIGHT,CLEAR,DRY,False,40.039363861084,-86.414176940918
904622455,2024,2024-11-25,Johnson,Greenwood,W SMITH VALLEY RD  & AVERITT RD,Vehicle,LEFT/RIGHT TURN,IMPROPER LANE USAGE,SSI,DAYLIGHT,CLEAR,DRY,False,39.6061553955078,-86.1205902099609
904567097,2024,2024-08-31,Marion,Indianapolis,N. ARLINGTON AVE  & E. 16TH ST,Vehicle,SAME DIRECTION SIDESWIPE,IMPROPER TURNING,SSI,DAYLIGHT,CLOUDY,WET,False,39.7890434265137,-86.0642852783203
904529811,2024,2024-06-23,Marion,Indianapolis,W 52ND ST  & N HIGH SCHOOL RD,Vehicle,RIGHT ANGLE,DISREGARD SIGNAL/REG SIGN,SSI,DARK (LIGHTED),CLEAR,DRY,False,39.8455543518066,-86.2708129882813
904592025,2024,2024-10-06,Hendricks,,SR 67  & HENDRICKS CO LINE RD,Vehicle,RIGHT ANGLE,FAILURE TO YIELD RIGHT OF WAY,SSI,DAYLIGHT,CLEAR,DRY,False,39.6319580078125,-86.3470916748047
904561594,2024,2024-08-11,Marion,Indianapolis,E WASHINGTON ST  & ORIENTAL ST,Pedalcycle,RIGHT ANGLE,PEDESTRIAN ACTION,Fatal,DARK (LIGHTED),CLEAR,DRY,False,39.7670097351074,-86.1354751586914
904599339,2024,2024-10-23,Marion,Indianapolis,S MERIDIAN ST  & E STOP 11 RD,Pedestrian,OTHER - EXPLAIN IN NARRATIVE,PEDESTRIAN ACTION,SSI,DAWN/DUSK,CLEAR,DRY,False,39.6537666320801,-86.1583709716797
904673739,2025,2025-02-20,Boone,Lebanon,1 65 SB & I 65 SB,Vehicle,REAR END,OTHER (DRIVER) - EXPLAIN IN NARRATIVE,SSI,DARK (NOT LIGHTED),SNOW,ICE,True,40.0457382202148,-86.4884719848633
904528399,2024,2024-06-24,Hendricks,,FERGUSON ROAD  & TANGLEWOOD COURT,Vehicle,REAR END,FOLLOWING TOO CLOSELY,SSI,DAYLIGHT,CLEAR,DRY,False,39.6317520141601,-86.3449020385742
904567486,2024,2024-08-31,Shelby,SHELBYVILLE,S RILEY HWY  & LOCKERBIE RD,Vehicle,RAN OFF ROAD,OTHER (DRIVER) - EXPLAIN IN NARRATIVE,Fatal,DARK (LIGHTED),CLEAR,DRY,False,39.5080108642578,-85.7709197998047
904674008,2025,2025-02-20,Marion,Indianapolis,E WASHINGTON ST & S FOREST AVE,Vehicle,RAN OFF ROAD,ROADWAY SURFACE CONDITION,SSI,DARK (LIGHTED),CLEAR,ICE,False,39.7679710388184,-86.1208953857422
904600973,2024,2024-10-23,Marion,Indianapolis,1600 N PARK AVENUE  & 1600 N PARK AVENUE,Vehicle,RIGHT ANGLE,FAILURE TO YIELD RIGHT OF WAY,SSI,DAWN/DUSK,CLEAR,DRY,False,39.7884902954102,-86.1477661132813
904530356,2024,2024-06-24,Marion,Indianapolis,34TH STREET  & PATTON DRIVE,Vehicle,RIGHT ANGLE,DISREGARD SIGNAL/REG SIGN,SSI,DAYLIGHT,CLEAR,DRY,False,39.8163528442383,-86.2625961303711
904588074,2024,2024-10-07,Marion,Indianapolis,42ND STREET,Vehicle,RAN OFF ROAD,DRIVER ILLNESS,SSI,DAWN/DUSK,CLEAR,DRY,False,39.8338050842285,-85.9730606079102
904622187,2024,2024-11-26,Boone,,STATE ROAD 47  & 900 EAST,Vehicle,SAME DIRECTION SIDESWIPE,IMPROPER PASSING,SSI,DARK (NOT LIGHTED),CLEAR,DRY,False,40.1285820007324,-86.2989120483398
904555219,2024,2024-08-12,Hamilton,SHERIDAN(HAMILTON),SIX POINTS RD  & 261 ST,Vehicle,LEFT TURN,FAILURE TO YIELD RIGHT OF WAY,SSI,DAYLIGHT,CLEAR,DRY,False,40.1661720275879,-86.1755142211914
904623466,2024,2024-11-26,Marion,Indianapolis,KENTUCKY AVE  & MANN RD,Vehicle,REAR END,UNSAFE SPEED,SSI,DAYLIGHT,CLEAR,DRY,False,39.7158508300781,-86.2348937988281
904588075,2024,2024-10-07,Marion,Indianapolis,W MOORESVILLE RD,Vehicle,OTHER - EXPLAIN IN NARRATIVE,OTHER (DRIVER) - EXPLAIN IN NARRATIVE,SSI,DAYLIGHT,CLEAR,DRY,False,39.6469078063965,-86.3191986083984
904572905,2024,2024-08-31,Marion,Indianapolis,N GERMAN CHURCH RD  & E 42ND ST,Pedalcycle,OTHER - EXPLAIN IN NARRATIVE,OTHER (DRIVER) - EXPLAIN IN NARRATIVE,SSI,DARK (NOT LIGHTED),CLEAR,DRY,False,39.8335418701172,-85.9699249267578
904674028,2025,2025-02-20,Marion,Indianapolis,I65 NB,Vehicle,NON-COLLISION,SPEED TOO FAST FOR WEATHER CONDITIONS,SSI,DARK (LIGHTED),SNOW,WET,True,39.7820434570313,-86.1405181884766
904530420,2024,2024-06-25,Marion,Indianapolis,W NAOMI ST  & S COLE ST,Vehicle,RIGHT ANGLE,FAILURE TO YIELD RIGHT OF WAY,SSI,DAYLIGHT,CLEAR,DRY,False,39.7409744262695,-86.2412567138672
904555546,2024,2024-08-12,Marion,Indianapolis,I-69 NORTHBOUND  & SOUTHPORT ROAD,Vehicle,RAN OFF ROAD,OVERCORRECTING/OVERSTEERING,SSI,DAYLIGHT,CLEAR,DRY,True,39.6615753173828,-86.1959915161133
904603602,2024,2024-10-23,Marion,Beech Grove,S EMERSON AVENUE  & GROVEWOOD PLACE,Vehicle,RIGHT ANGLE,FAILURE TO YIELD RIGHT OF WAY,SSI,DAYLIGHT,CLOUDY,DRY,False,39.707633972168,-86.0826797485352
904623534,2024,2024-11-27,Marion,Indianapolis,MICHIGAN RD  & COLDS SPRING RD,Vehicle,HEAD ON BETWEEN TWO MOTOR VEHICLES,LEFT OF CENTER,SSI,DAYLIGHT,CLOUDY,DRY,False,39.8384094238281,-86.1873168945313
904589600,2024,2024-10-07,Hancock,Greenfield,I 70 WESTBOUND 102 MM,Vehicle,REAR END,UNSAFE SPEED,SSI,DARK (NOT LIGHTED),CLEAR,DRY,True,39.8204193115234,-85.8016586303711
904580753,2024,2024-08-31,Marion,Indianapolis,21ST STREET  & EMERSON AVE,Vehicle,LEFT/RIGHT TURN,FAILURE TO YIELD RIGHT OF WAY,SSI,DAYLIGHT,CLEAR,DRY,False,39.7962265014648,-86.0832595825195
904674171,2025,2025-02-19,Johnson,Greenwood,SR 135 & STONEGATE DR,Vehicle,RIGHT ANGLE,FAILURE TO YIELD RIGHT OF WAY,SSI,DAYLIGHT,CLEAR,DRY,False,39.6317672729492,-86.1582565307617
904530472,2024,2024-06-25,Marion,Indianapolis,N KEYSTONE AVE  & E 44TH STREET,Vehicle,RIGHT ANGLE,FAILURE TO YIELD RIGHT OF WAY,SSI,DAYLIGHT,CLOUDY,DRY,False,39.8365211486816,-86.1219253540039
904555903,2024,2024-08-12,Hancock,,US-40  & C.R. 800 EAST,Vehicle,REAR END,FOLLOWING TOO CLOSELY,Fatal,DAYLIGHT,CLEAR,DRY,False,39.7900657653809,-85.6543502807617
904598899,2024,2024-10-24,Marion,Indianapolis,MADISON AVE  & YOKE STREET,Vehicle,REAR END,UNSAFE LANE MOVEMENT,SSI,DAYLIGHT,CLOUDY,DRY,False,39.7259407043457,-86.1520156860352
904623555,2024,2024-11-27,Marion,Indianapolis,MICHIGAN RD  & KESSLER BLVD W DR,Vehicle,REAR END,SPEED TOO FAST FOR WEATHER CONDITIONS,SSI,DAYLIGHT,RAIN,WET,False,39.8554534912109,-86.1957244873047
904567610,2024,2024-09-01,Marion,Indianapolis,30TH ST  & HILLSIDE AVE,Vehicle,RAN OFF ROAD,DRIVER ILLNESS,SSI,DAYLIGHT,CLEAR,DRY,False,39.810791015625,-86.1239852905273
904674466,2025,2025-02-22,Boone,Lebanon,W COX AVE,Vehicle,SAME DIRECTION SIDESWIPE,UNSAFE LANE MOVEMENT,SSI,DARK (NOT LIGHTED),CLEAR,DRY,False,40.035327911377,-86.4737091064453
904530145,2024,2024-06-26,Marion,Indianapolis,BROOKVILLE RD  & S CARROLL RD,Vehicle,RIGHT ANGLE,DISREGARD SIGNAL/REG SIGN,Fatal,DAYLIGHT,CLOUDY,DRY,False,39.7341232299805,-85.9518356323242
904567991,2024,2024-09-01,Hamilton,,206TH ST  & CUMBERLAND RD,Vehicle,HEAD ON BETWEEN TWO MOTOR VEHICLES,DRIVER DISTRACTED - EXPLAIN IN NARRATIVE,SSI,DAYLIGHT,CLEAR,DRY,False,40.0873947143555,-86.0000686645508
904597407,2024,2024-10-07,Marion,Indianapolis,I465,Vehicle,REAR END,FOLLOWING TOO CLOSELY,Fatal,DAYLIGHT,CLEAR,DRY,True,39.7315216064453,-86.0450439453125
904623925,2024,2024-11-27,Marion,Indianapolis,E TROY AVE  & TINDALL ST,Vehicle,LEFT TURN,IMPROPER TURNING,SSI,DARK (LIGHTED),RAIN,WET,False,39.7230491638184,-86.1295623779297
904556075,2024,2024-08-12,Morgan,MARTINSVILLE,ROBB HILL ROAD  & GOAT HOLLOW ROAD,Vehicle,RAN OFF ROAD,UNSAFE SPEED,SSI,DARK (NOT LIGHTED),CLEAR,DRY,False,39.5138397216797,-86.4132308959961
904600201,2024,2024-10-24,Shelby,SHELBYVILLE,E 400 N  & N 500 E,Vehicle,RAN OFF ROAD,FAILURE TO MAINTAIN LANE,SSI,DAYLIGHT,CLEAR,DRY,False,39.585205078125,-85.6823883056641
904598936,2024,2024-10-07,Boone,ADVANCE,300 S  & 900 W,Vehicle,OTHER - EXPLAIN IN NARRATIVE,IMPROPER TURNING,Fatal,DAYLIGHT,CLEAR,DRY,False,39.995662689209,-86.6322250366211
904626590,2024,2024-11-27,Marion,Indianapolis,WASHINGTON ST  & COLORADO AVE,Pedestrian,SAME DIRECTION SIDESWIPE,PEDESTRIAN ACTION,SSI,DARK (LIGHTED),RAIN,WET,False,39.7695770263672,-86.0948028564453
904568995,2024,2024-09-01,Hamilton,Westfield,SR 32  & JOLIET ROAD,Vehicle,RIGHT ANGLE,FAILURE TO YIELD RIGHT OF WAY,SSI,DAYLIGHT,CLEAR,DRY,False,40.0416641235351,-86.231559753418
904530308,2024,2024-06-26,Marion,Indianapolis,E WASHINGTON ST  & S KITLEY AVE,Pedestrian,SAME DIRECTION SIDESWIPE,FAILURE TO YIELD RIGHT OF WAY,SSI,DAYLIGHT,CLEAR,DRY,False,39.7716255187988,-86.0546417236328
904675132,2025,2025-02-22,Morgan,Camby,N PADDOCK RD,Vehicle,OTHER - EXPLAIN IN NARRATIVE,OTHER (DRIVER) - EXPLAIN IN NARRATIVE,SSI,DAYLIGHT,CLEAR,DRY,False,39.6253662109375,-86.2881851196289
904601422,2024,2024-10-24,Marion,Indianapolis,E 34TH STREET  & N SHERMAN AVE,Vehicle,HEAD ON BETWEEN TWO MOTOR VEHICLES,FAILURE TO YIELD RIGHT OF WAY,SSI,DAYLIGHT,CLEAR,DRY,False,39.8181762695313,-86.102668762207
904559468,2024,2024-08-12,Marion,Indianapolis,65,Pedestrian,OTHER - EXPLAIN IN NARRATIVE,OTHER (ENVIRONMENTAL) - EXPLAIN IN NARR,Fatal,DAYLIGHT,CLEAR,DRY,False,39.7146415710449,-86.1169967651367
904588140,2024,2024-10-08,Marion,Indianapolis,30TH STREET  & CUMBERLAND ROAD,Vehicle,LEFT TURN,IMPROPER TURNING,SSI,DAYLIGHT,CLEAR,DRY,False,39.8119773864746,-85.9576568603515
904627194,2024,2024-11-28,Marion,Indianapolis,LAFAYETTE RD  & ROBERTA DR,Vehicle,OTHER - EXPLAIN IN NARRATIVE,IMPROPER LANE USAGE,Fatal,DARK (LIGHTED),CLEAR,DRY,False,39.8035125732422,-86.2143402099609