id,year,date,county,city,cross_street,crash_type,manner,primary_factor,ssi_fatal,light,weather,surface,interstate,lat,lon
904571364,2024,2024-09-01,Marion,Indianapolis,W SOUTHERN AV  & S LYNHURST DR,Vehicle,REAR TO REAR,FAILURE TO YIELD RIGHT OF WAY,SSI,DARK (LIGHTED),CLEAR,DRY,False,39.7281265258789,-86.2503967285156
904534330,2024,2024-06-26,Hancock,,CR 600 E  & CR 200 S,Vehicle,HEAD ON BETWEEN TWO MOTOR VEHICLES,LEFT OF CENTER,Fatal,DAYLIGHT,CLEAR,DRY,False,39.7595252990723,-85.6884841918945
904675244,2025,2025-02-21,Morgan,,SR 67 & COUNTY LINE RD,Vehicle,REAR END,FOLLOWING TOO CLOSELY,SSI,DAYLIGHT,CLEAR,DRY,False,39.6316223144531,-86.3476104736328
904601774,2024,2024-10-24,Shelby,WALDRON,I74 WB,Vehicle,RAN OFF ROAD,UNSAFE LANE MOVEMENT,Fatal,DAWN/DUSK,CLEAR,DRY,True,39.4674530029297,-85.6547927856445
904556036,2024,2024-08-13,Marion,Indianapolis,I-65 SB,Vehicle,SAME DIRECTION SIDESWIPE,UNSAFE LANE MOVEMENT,SSI,DAYLIGHT,CLEAR,DRY,True,39.8427963256836,-86.2568817138672
904589537,2024,2024-10-08,Marion,Indianapolis,LAFAYETTE RD  & SHANGHAI RD,Pedestrian,RIGHT ANGLE,PEDESTRIAN ACTION,Fatal,DAYLIGHT,CLEAR,DRY,False,39.8699111938476,-86.2800521850586
904635613,2024,2024-11-28,Marion,Lawrence,I 465,Vehicle,SAME DIRECTION SIDESWIPE,UNSAFE LANE MOVEMENT,SSI,DAYLIGHT,CLOUDY,DRY,True,39.8421783447266,-86.0416030883789
904567601,2024,2024-09-02,Marion,Indianapolis,WEST ST  & MARYLAND ST,Pedestrian,LEFT TURN,FAILURE TO YIELD RIGHT OF WAY,SSI,DAYLIGHT,CLEAR,DRY,False,39.7656021118164,-86.1670684814453
904675282,2025,2025-02-22,Marion,Indianapolis,E 65TH ST & SHADELAND AVE,Pedestrian,OTHER - EXPLAIN IN NARRATIVE,PEDESTRIAN ACTION,Fatal,DARK (NOT LIGHTED),CLEAR,DRY,False,39.8763809204101,-86.0460205078125
904536955,2024,2024-06-26,Marion,Indianapolis,I 465,Vehicle,REAR END,DRIVER ASLEEP OR FATIGUED,SSI,DAYLIGHT,RAIN,WET,True,39.9240684509277,-86.2162551879883
904675421,2025,2025-02-20,Hamilton,Carmel,146 ST & ALDERBROOK TRL,Vehicle,RAN OFF ROAD,SPEED TOO FAST FOR WEATHER CONDITIONS,SSI,DAYLIGHT,CLEAR,WET,False,40.0002136230469,-86.0958938598633
904607325,2024,2024-10-24,Shelby,SHELBYVILLE,I-74 EAST BOUND,Vehicle,REAR END,UNSAFE SPEED,Fatal,DARK (NOT LIGHTED),CLOUDY,DRY,True,39.5870742797851,-85.8268432617188
904567605,2024,2024-09-03,Morgan,MARTINSVILLE,S.R. 67  & N S.R. 39 BYPASS,Vehicle,OTHER - EXPLAIN IN NARRATIVE,OTHER (DRIVER) - EXPLAIN IN NARRATIVE,SSI,DAYLIGHT,CLEAR,DRY,False,39.4356231689453,-86.4532928466797
904556632,2024,2024-08-13,Marion,Indianapolis,POST DR.,Vehicle,RAN OFF ROAD,UNSAFE SPEED,SSI,DAYLIGHT,CLEAR,DRY,False,39.8015556335449,-86.0145416259766
904592582,2024,2024-10-08,Marion,Indianapolis,W TROY AVE  & BLUFF RD,Vehicle,LEFT/RIGHT TURN,FAILURE TO MAINTAIN LANE,SSI,DARK (LIGHTED),CLEAR,DRY,False,39.7222518920898,-86.1695175170898
904631935,2024,2024-11-29,Marion,Indianapolis,I465WB,Vehicle,OTHER - EXPLAIN IN NARRATIVE,SPEED TOO FAST FOR WEATHER CONDITIONS,SSI,DAYLIGHT,SNOW,ICE,False,39.9238548278808,-86.2260284423828
904556646,2024,2024-08-13,Marion,Indianapolis,E 30TH ST  & ELMHURST DR,Pedestrian,NON-COLLISION,PEDESTRIAN ACTION,Fatal,DARK (LIGHTED),CLEAR,DRY,False,39.8110771179199,-86.040168762207
904567890,2024,2024-09-03,Shelby,WALDRON,SR 244  & CR 600 E,Vehicle,HEAD ON BETWEEN TWO MOTOR VEHICLES,LEFT OF CENTER,SSI,DAYLIGHT,CLEAR,DRY,False,39.497314453125,-85.6688613891602
904600944,2024,2024-10-25,Marion,Indianapolis,W 79TH ST  & CHARLECOT DR,Vehicle,SAME DIRECTION SIDESWIPE,IMPROPER PASSING,SSI,DAYLIGHT,CLEAR,DRY,False,39.8972473144531,-86.2089309692383
904589574,2024,2024-10-09,Marion,Indianapolis,10600 E WASHINGTON STREET  & WASHINGTON POINTE DR,Pedestrian,NON-COLLISION,PEDESTRIAN ACTION,SSI,DARK (LIGHTED),CLEAR,DRY,False,39.7754135131836,-85.9779357910156
904675595,2025,2025-02-23,Johnson,Greenwood,SMITH VALLEY RD & LIBRARY PARK BLVD,Vehicle,RIGHT ANGLE,UNSAFE LANE MOVEMENT,SSI,DARK (NOT LIGHTED),CLEAR,DRY,False,39.6059379577637,-86.1561050415039
904530549,2024,2024-06-27,Marion,Indianapolis,MICHIGAN RD  & 61ST ST,Vehicle,HEAD ON BETWEEN TWO MOTOR VEHICLES,LEFT OF CENTER,Fatal,DAYLIGHT,CLEAR,DRY,False,39.8624458312988,-86.1989974975586
904635328,2024,2024-11-29,Marion,Indianapolis,ROCKVILLE RD  & COUNTRY CLUB RD,Vehicle,REAR END,UNSAFE LANE MOVEMENT,SSI,DARK (NOT LIGHTED),CLEAR,DRY,False,39.7642402648926,-86.3047637939453
904556706,2024,2024-08-14,Marion,Indianapolis,W 10TH ST  & N CONCORD,Vehicle,REAR END,CELL PHONE USAGE,SSI,DAYLIGHT,CLEAR,DRY,False,39.7807159423828,-86.2106399536133
904577651,2024,2024-09-03,Hamilton,Noblesville,HAZEL DELL RD  & E 169TH ST,Pedestrian,COLLISION WITH OBJECT IN ROAD,FAILURE TO YIELD RIGHT OF WAY,SSI,DAYLIGHT,CLEAR,DRY,False,40.0329551696777,-86.0707855224609
904601085,2024,2024-10-25,Marion,Indianapolis,11TH ST.  & COLLEGE AVE.,Vehicle,HEAD ON BETWEEN TWO MOTOR VEHICLES,FAILURE TO YIELD RIGHT OF WAY,SSI,DAYLIGHT,CLEAR,DRY,False,39.7817497253418,-86.1447219848633
904589723,2024,2024-10-09,Boone,,STATE ROAD 47  & 500 EAST,Vehicle,RIGHT ANGLE,FAILURE TO YIELD RIGHT OF WAY,SSI,DAWN/DUSK,CLEAR,DRY,False,40.1268081665039,-86.3757934570313
904530594,2024,2024-06-27,Marion,Indianapolis,SHELBY ST  & E LEGRANDE AVE,Pedalcycle,LEFT TURN,FAILURE TO YIELD RIGHT OF WAY,SSI,DAYLIGHT,CLEAR,DRY,False,39.7395515441894,-86.1398086547852
904624699,2024,2024-11-30,Marion,Indianapolis,71ST ST  & N GEORGETOWN RD,Vehicle,HEAD ON BETWEEN TWO MOTOR VEHICLES,DRIVER ILLNESS,SSI,DAYLIGHT,CLEAR,DRY,False,39.8820304870605,-86.2441864013672
904558316,2024,2024-08-14,Marion,Indianapolis,W WASHINGTON ST  & HAMBLEN W DR,Pedestrian,NON-COLLISION,PEDESTRIAN ACTION,Fatal,DARK (NOT LIGHTED),CLEAR,DRY,False,39.7365074157715,-86.3030319213867
904568374,2024,2024-09-04,Marion,Indianapolis,WEST 38TH STREET  & KNOLTON ROAD,Vehicle,RIGHT ANGLE,DISREGARD SIGNAL/REG SIGN,SSI,DAYLIGHT,CLEAR,DRY,False,39.8243942260742,-86.1975936889648
904601806,2024,2024-10-25,Marion,Indianapolis,I465,Vehicle,REAR END,OTHER (DRIVER) - EXPLAIN IN NARRATIVE,SSI,DARK (LIGHTED),CLEAR,DRY,True,39.9236602783203,-86.2404022216797
904530911,2024,2024-06-27,Marion,Indianapolis,E WASHINGTON ST  & SHADELAND AVE,Vehicle,RAN OFF ROAD,OTHER (DRIVER) - EXPLAIN IN NARRATIVE,SSI,DAYLIGHT,CLEAR,DRY,False,39.7719116210937,-86.0498809814453
904592773,2024,2024-10-09,Hamilton,Carmel,146 ST  & GRAY RD,Vehicle,REAR END,FOLLOWING TOO CLOSELY,SSI,DARK (LIGHTED),CLEAR,DRY,False,40.0002517700195,-86.0897750854492
904624709,2024,2024-11-30,Marion,Indianapolis,LAFAYETTE RD  & W 37TH ST,Vehicle,HEAD ON BETWEEN TWO MOTOR VEHICLES,HEADLIGHT DEFECTIVE OR NOT ON,SSI,DARK (LIGHTED),CLEAR,DRY,False,39.8222045898438,-86.2331695556641
904601264,2024,2024-10-26,Hendricks,Plainfield,US 40  & S RONALD REAGAN PKWY,Vehicle,RIGHT ANGLE,DISREGARD SIGNAL/REG SIGN,SSI,DARK (LIGHTED),CLOUDY,DRY,False,39.7270698547363,-86.3371505737305
904559001,2024,2024-08-14,Johnson,Greenwood,N GRAHAM ROAD  & ALLEN RD,Vehicle,LEFT TURN,FAILURE TO YIELD RIGHT OF WAY,Fatal,DARK (LIGHTED),CLEAR,DRY,False,39.6030387878418,-86.0642166137695
904568969,2024,2024-09-04,Marion,Indianapolis,W 10TH ST  & N WHITE RIVER PARKWAY W DR,Pedalcycle,OPPOSITE DIRECTION SIDESWIPE,FAILURE TO YIELD RIGHT OF WAY,SSI,DAYLIGHT,CLEAR,DRY,False,39.780647277832,-86.1909027099609
904571232,2024,2024-08-14,Marion,Indianapolis,E 30TH ST  & N CATHERWOOD AV,Vehicle,RIGHT ANGLE,FAILURE TO YIELD RIGHT OF WAY,SSI,DAWN/DUSK,CLEAR,DRY,False,39.8109550476074,-86.0606842041016
904601345,2024,2024-10-26,Marion,Indianapolis,N HOLMES AV  & W MICHIGAN ST,Vehicle,SAME DIRECTION SIDESWIPE,IMPROPER PASSING,SSI,DAYLIGHT,CLEAR,DRY,False,39.7746505737305,-86.205207824707
904624075,2024,2024-12-01,Marion,Indianapolis,US 31 S  & E STOP 13 RD,Vehicle,REAR END,ENGINE FAILURE OR DEFECTIVE,SSI,DARK (LIGHTED),CLEAR,DRY,False,39.6401176452637,-86.1298904418945
904530931,2024,2024-06-27,Marion,Indianapolis,24TH ST  & ARLINGTON AVE,Vehicle,RIGHT ANGLE,FAILURE TO YIELD RIGHT OF WAY,SSI,DAWN/DUSK,CLEAR,DRY,False,39.8010368347168,-86.0644836425781
904595709,2024,2024-10-09,Marion,Indianapolis,I65SB,Vehicle,REAR END,FOLLOWING TOO CLOSELY,SSI,DARK (NOT LIGHTED),CLEAR,DRY,False,39.824047088623,-86.2024536132813
904568515,2024,2024-09-05,Marion,Indianapolis,US-36  & COUNTRY CLUB RD,Vehicle,REAR END,UNSAFE LANE MOVEMENT,SSI,DAYLIGHT,CLEAR,DRY,False,39.7638435363769,-86.3226852416992
904556783,2024,2024-08-15,Marion,Indianapolis,MICHIGAN RD  & W COIL ST,Vehicle,RIGHT ANGLE,CELL PHONE USAGE,SSI,DARK (NOT LIGHTED),CLEAR,DRY,False,39.8745574951172,-86.2048797607422
904601596,2024,2024-10-26,Marion,Indianapolis,4200  & COLLEGE AVE,Vehicle,OTHER - EXPLAIN IN NARRATIVE,UNSAFE SPEED,Fatal,DARK (LIGHTED),CLEAR,DRY,False,39.8323020935059,-86.145133972168
904626277,2024,2024-12-01,Hamilton,SHERIDAN(HAMILTON),SR 38  & LAMONG RD,Vehicle,HEAD ON BETWEEN TWO MOTOR VEHICLES,FAILURE TO YIELD RIGHT OF WAY,SSI,DARK (NOT LIGHTED),CLEAR,DRY,False,40.1272125244141,-86.2039489746094
904531534,2024,2024-06-27,Marion,Indianapolis,I-70 EB,Vehicle,REAR END,FOLLOWING TOO CLOSELY,Fatal,DAWN/DUSK,CLEAR,DRY,True,39.7534523010254,-86.159049987793
904596705,2024,2024-10-09,Hendricks,,SR 267  & CR 825 E,Vehicle,RIGHT ANGLE,DISREGARD SIGNAL/REG SIGN,SSI,DAYLIGHT,CLEAR,DRY,False,39.6527595520019,-86.3754119873047
904568833,2024,2024-09-05,Hamilton,Carmel,146 ST  & SADDLEBACK DR,Vehicle,HEAD ON BETWEEN TWO MOTOR VEHICLES,FAILURE TO MAINTAIN LANE,SSI,DAYLIGHT,CLEAR,DRY,False,39.9998588562012,-86.1418609619141
904557271,2024,2024-08-15,Marion,Indianapolis,PAPPAS DRIVE  & THOMPSON RD,Vehicle,LEFT TURN,FAILURE TO YIELD RIGHT OF WAY,SSI,DAYLIGHT,CLEAR,DRY,False,39.6947746276855,-86.0715866088867
904601483,2024,2024-10-27,Marion,Indianapolis,MILHOUSE RD  & MENDENHALL RD,Vehicle,RIGHT ANGLE,TRAFFIC CONTROL INOPERATIVE/MISSING/OBSC,SSI,DAYLIGHT,CLEAR,DRY,False,39.676628112793,-86.2883911132813
904626679,2024,2024-12-01,Marion,Indianapolis,N PERIMETER RD  & S SIGSBEE ST,Vehicle,RAN OFF ROAD,OTHER (DRIVER) - EXPLAIN IN NARRATIVE,SSI,DAYLIGHT,CLEAR,DRY,False,39.7401580810547,-86.2778472900391
904530644,2024,2024-06-28,Marion,Indianapolis,S. POST RD  & I 74 RAMP,Vehicle,REAR END,FOLLOWING TOO CLOSELY,SSI,DAYLIGHT,CLEAR,DRY,True,39.7154006958008,-86.0082931518555
904590460,2024,2024-10-10,Marion,Indianapolis,E 52ND ST  & WINTHROP,Pedestrian,OTHER - EXPLAIN IN NARRATIVE,OTHER (ENVIRONMENTAL) - EXPLAIN IN NARR,SSI,DAYLIGHT,CLEAR,DRY,False,39.846981048584,-86.1417236328125
904569195,2024,2024-09-05,Marion,Indianapolis,3500 DANDY TRAIL  & TROPHY CLUB,Vehicle,SAME DIRECTION SIDESWIPE,UNSAFE LANE MOVEMENT,SSI,DAYLIGHT,CLEAR,DRY,False,39.817798614502,-86.299331665039
904559368,2024,2024-08-15,Marion,Indianapolis,I465 EB,Vehicle,OTHER - EXPLAIN IN NARRATIVE,FOLLOWING TOO CLOSELY,SSI,DAYLIGHT,CLEAR,WET,True,39.6978073120117,-86.1796951293945
904573604,2024,2024-09-05,Johnson,Franklin,S MORTON STREET  & HOSPITAL RD,Vehicle,OTHER - EXPLAIN IN NARRATIVE,OTHER (DRIVER) - EXPLAIN IN NARRATIVE,SSI,DARK (LIGHTED),CLEAR,DRY,False,39.4781951904297,-86.0638732910156
904601538,2024,2024-10-27,Marion,Indianapolis,MICHIGAN RD,Vehicle,RAN OFF ROAD,OTHER (DRIVER) - EXPLAIN IN NARRATIVE,Fatal,DARK (LIGHTED),CLEAR,DRY,False,39.8405113220215,-86.1900253295898
904634090,2024,2024-12-01,Marion,Indianapolis,I465 WB,Vehicle,REAR END,FOLLOWING TOO CLOSELY,SSI,DAYLIGHT,CLEAR,DRY,True,39.923698425293,-86.2368240356445
904559849,2024,2024-08-15,Marion,Lawrence,PENDLETON PIKE  & BITTERSWEET LN,Vehicle,LEFT TURN,UNSAFE SPEED,Fatal,DAYLIGHT,CLEAR,DRY,False,39.8839988708496,-85.9435119628906
904591388,2024,2024-10-10,Marion,Indianapolis,DR ANDREW J BROWN AVE  & E 19TH ST,Pedalcycle,LEFT/RIGHT TURN,FAILURE TO YIELD RIGHT OF WAY,SSI,DAYLIGHT,CLEAR,DRY,False,39.7921752929688,-86.1353988647461
904530988,2024,2024-06-28,Hamilton,Fishers,ALLISONVILLE RD  & COURTNEY DR,Vehicle,OTHER - EXPLAIN IN NARRATIVE,IMPROPER LANE USAGE,SSI,DARK (LIGHTED),CLEAR,DRY,False,39.9851570129395,-86.0244369506836
904601812,2024,2024-10-27,Marion,Indianapolis,E 38TH ST  & N POST RD,Vehicle,RIGHT TURN,DISREGARD SIGNAL/REG SIGN,SSI,DARK (LIGHTED),CLEAR,DRY,False,39.8260765075684,-86.0100173950195
904569143,2024,2024-09-06,Marion,Indianapolis,EMERSON AVE   & STOP 11 ROAD,Vehicle,REAR END,OTHER (DRIVER) - EXPLAIN IN NARRATIVE,SSI,DAYLIGHT,CLOUDY,DRY,False,39.6511650085449,-86.082649230957
904557323,2024,2024-08-16,Marion,Lawrence,PENDLETON PIKE  & DAFFODIL CT,Vehicle,RIGHT ANGLE,FAILURE TO YIELD RIGHT OF WAY,SSI,DAWN/DUSK,RAIN,WET,False,39.8829803466797,-85.9455413818359
904625330,2024,2024-12-02,Hamilton,Noblesville,GREENFIELD AVE  & 16TH ST,Vehicle,HEAD ON BETWEEN TWO MOTOR VEHICLES,ROADWAY SURFACE CONDITION,SSI,DARK (NOT LIGHTED),SNOW,ICE,False,40.0311050415039,-86.004997253418
904591495,2024,2024-10-10,Marion,Indianapolis,I-70 RAMP A  & 2300 N KEYSTONE AVE,Vehicle,REAR END,DRIVER ILLNESS,SSI,DAYLIGHT,CLEAR,DRY,True,39.7975959777832,-86.1172027587891
904531328,2024,2024-06-28,Hendricks,LIZTON,SR 39  & CR 950 N,Vehicle,RAN OFF ROAD,FAILURE TO MAINTAIN LANE,SSI,DAYLIGHT,CLEAR,LOOSE MATERIAL ON ROAD,False,39.9004020690918,-86.5341262817383
904602127,2024,2024-10-27,Marion,Indianapolis,N NEW JERSEY ST  & E NORTH ST,Pedestrian,SAME DIRECTION SIDESWIPE,OTHER (DRIVER) - EXPLAIN IN NARRATIVE,SSI,DARK (LIGHTED),CLEAR,DRY,False,39.7753410339355,-86.1505584716797
904569395,2024,2024-09-06,Boone,Lebanon,SOUTH STREET  & PATTERSON STREET,Vehicle,REAR END,UNSAFE SPEED,SSI,DARK (LIGHTED),CLEAR,DRY,False,40.0466499328613,-86.4786376953125
904557473,2024,2024-08-16,Hancock,Greenfield,E. MCKENZIE STREET  & MELODY LANE,Vehicle,RAN OFF ROAD,FAILURE TO MAINTAIN LANE,SSI,DAYLIGHT,CLOUDY,WET,False,39.7994384765625,-85.7681732177734
904625647,2024,2024-12-02,Marion,Indianapolis,86TH STREET  & DITCH ROAD,Vehicle,REAR END,FAILURE TO YIELD RIGHT OF WAY,SSI,DAYLIGHT,CLEAR,DRY,False,39.9122924804688,-86.1814422607422
904592306,2024,2024-10-10,Marion,Indianapolis,COOPER RD  & W NORTHGATE DR,Vehicle,RIGHT ANGLE,LEFT OF CENTER,SSI,DARK (NOT LIGHTED),CLEAR,DRY,False,39.8600311279297,-86.2121276855469
904532114,2024,2024-06-28,Marion,Indianapolis,PENNSYLVANIA STREET  & 23RD STREET,Vehicle,RIGHT ANGLE,DISREGARD SIGNAL/REG SIGN,SSI,DAYLIGHT,CLEAR,DRY,False,39.7993087768555,-86.1557998657227
904605740,2024,2024-10-27,Hamilton,Fishers,I 69,Vehicle,RAN OFF ROAD,OVERCORRECTING/OVERSTEERING,SSI,DARK (LIGHTED),CLEAR,DRY,True,39.9909515380859,-85.9193649291992
904571381,2024,2024-09-06,Marion,Indianapolis,E 21ST ST  & N OLNEY,Vehicle,RAN OFF ROAD,FAILURE TO YIELD RIGHT OF WAY,SSI,DAYLIGHT,CLEAR,DRY,False,39.796070098877,-86.1071090698242
904557581,2024,2024-08-16,Marion,Indianapolis,N MERIDIAN ST  & E 62ND ST,Vehicle,RIGHT ANGLE,FAILURE TO YIELD RIGHT OF WAY,Fatal,DAYLIGHT,CLEAR,DRY,False,39.8678779602051,-86.1552963256836
904625773,2024,2024-12-02,Marion,Indianapolis,E THOMPSON ROAD  & MADISON AVE,Vehicle,NON-COLLISION,SPEED TOO FAST FOR WEATHER CONDITIONS,SSI,DAYLIGHT,SNOW,ICE,False,39.6935806274414,-86.134391784668
904595783,2024,2024-10-10,Marion,Indianapolis,CUMBERLAND RD  & JELLICO BLVD,Pedalcycle,OTHER - EXPLAIN IN NARRATIVE,PEDESTRIAN ACTION,Fatal,DARK (NOT LIGHTED),CLEAR,DRY,False,39.7846183776855,-85.9571990966797
904532174,2024,2024-06-28,Marion,Indianapolis,FRANKLIN RD,Vehicle,RAN OFF ROAD,FAILURE TO MAINTAIN LANE,SSI,DARK (NOT LIGHTED),CLOUDY,DRY,False,39.7237358093262,-86.0191040039063
904604599,2024,2024-10-28,Hamilton,,SR 19  & 196 ST,Vehicle,RIGHT ANGLE,FAILURE TO YIELD RIGHT OF WAY,SSI,DAWN/DUSK,CLEAR,DRY,False,40.0728721618652,-86.0146102905273
904558443,2024,2024-08-16,Marion,Indianapolis,W WASHINGTON STREET  & N TRAUB AVENUE,Vehicle,LEFT TURN,FAILURE TO YIELD RIGHT OF WAY,SSI,DAYLIGHT,CLEAR,DRY,False,39.7663803100586,-86.1955337524414
904626654,2024,2024-12-02,Marion,Indianapolis,N WHITE RIVER PARK WAY DRIVE  & W 10TH STREET,Vehicle,RAN OFF ROAD,DRIVER DISTRACTED - EXPLAIN IN NARRATIVE,SSI,DARK (LIGHTED),CLEAR,DRY,False,39.7802047729492,-86.1912307739258
904601797,2024,2024-10-10,Marion,Indianapolis,I-65,Vehicle,RAN OFF ROAD,DRIVER DISTRACTED - EXPLAIN IN NARRATIVE,SSI,DARK (LIGHTED),CLEAR,DRY,True,39.7445793151855,-86.1377639770508
904572255,2024,2024-09-06,Marion,Indianapolis,I65 NB,Vehicle,SAME DIRECTION SIDESWIPE,UNSAFE LANE MOVEMENT,SSI,DAYLIGHT,CLEAR,DRY,True,39.818000793457,-86.1894454956055
904532687,2024,2024-06-28,Marion,Indianapolis,BLUFF RD  & THOMPSON RD,Vehicle,RIGHT ANGLE,OTHER (DRIVER) - EXPLAIN IN NARRATIVE,SSI,DAYLIGHT,CLOUDY,DRY,False,39.6928291320801,-86.1734237670898
904605881,2024,2024-10-29,Johnson,Greenwood,I65SB,Vehicle,SAME DIRECTION SIDESWIPE,UNSAFE LANE MOVEMENT,SSI,DAYLIGHT,CLEAR,DRY,False,39.6014823913574,-86.0691299438477
904569975,2024,2024-09-07,Marion,Indianapolis,BINFORD BOULEVARD  & E. 75TH STREET,Vehicle,RAN OFF ROAD,OTHER (DRIVER) - EXPLAIN IN NARRATIVE,Fatal,DAYLIGHT,CLEAR,DRY,False,39.892894744873,-86.0563430786133
904532193,2024,2024-06-29,Marion,Indianapolis,SOUTHPORT RD  & HARTINGTON PL,Vehicle,OPPOSITE DIRECTION SIDESWIPE,LEFT OF CENTER,SSI,DAYLIGHT,CLOUDY,DRY,False,39.6667709350586,-86.023551940918
904628022,2024,2024-12-02,Marion,Indianapolis,I65 SB 116.8 MM,Vehicle,RAN OFF ROAD,ROADWAY SURFACE CONDITION,SSI,DARK (LIGHTED),SNOW,ICE,True,39.8179779052734,-86.1893844604492
904590992,2024,2024-10-11,Marion,Indianapolis,BUTLER WAY  & SUNSET AVENUE,Vehicle,REAR END,OTHER (DRIVER) - EXPLAIN IN NARRATIVE,SSI,DAYLIGHT,CLEAR,DRY,False,39.8395080566406,-86.169189453125
904603634,2024,2024-10-30,Marion,Indianapolis,ST PAUL  & TROY,Vehicle,RAN OFF ROAD,OBSTRUCTION NOT MARKED,SSI,DAYLIGHT,CLEAR,DRY,False,39.7230987548828,-86.1220474243164
904562606,2024,2024-08-16,Marion,Indianapolis,I 70,Vehicle,RAN OFF ROAD,ENGINE FAILURE OR DEFECTIVE,SSI,DAYLIGHT,CLEAR,DRY,True,39.8066291809082,-86.0617980957031
904575615,2024,2024-09-07,Johnson,Greenwood,SR 135  & SMITH VALLEY RD,Vehicle,LEFT TURN,FAILURE TO YIELD RIGHT OF WAY,SSI,DAYLIGHT,CLEAR,DRY,False,39.6059417724609,-86.1588668823242
904536981,2024,2024-06-29,Marion,Indianapolis,LAFAYETTE RD  & N TIBBS AVE,Vehicle,RAN OFF ROAD,OTHER (DRIVER) - EXPLAIN IN NARRATIVE,SSI,DARK (LIGHTED),CLEAR,DRY,False,39.8050689697266,-86.2159881591797
904629013,2024,2024-12-02,Marion,Indianapolis,WESTLANE DRIVE  & HARCOURT ROAD,Vehicle,RIGHT ANGLE,FAILURE TO YIELD RIGHT OF WAY,SSI,DAYLIGHT,CLEAR,DRY,False,39.8854637145996,-86.1935501098633
904592307,2024,2024-10-11,Marion,Indianapolis,KEYSTONE AVE  & 27TH ST,Pedestrian,COLLISION WITH OBJECT IN ROAD,PEDESTRIAN ACTION,Fatal,DARK (NOT LIGHTED),CLEAR,DRY,False,39.8051033020019,-86.1215515136719
904604269,2024,2024-10-30,Marion,Indianapolis,LAFAYETTE RD,Vehicle,OTHER - EXPLAIN IN NARRATIVE,OTHER (VEHICLE) - EXPLAIN IN NARRATIVE,SSI,DAYLIGHT,CLEAR,DRY,False,39.8451080322266,-86.2550201416016
904563617,2024,2024-08-16,Marion,Indianapolis,I70 EB 89.5 MM,Vehicle,SAME DIRECTION SIDESWIPE,OTHER (DRIVER) - EXPLAIN IN NARRATIVE,Fatal,DAYLIGHT,CLEAR,DRY,True,39.7990875244141,-86.0319137573242
904595627,2024,2024-09-07,Marion,Indianapolis,I-65,Pedestrian,REAR END,FAILURE TO YIELD RIGHT OF WAY,SSI,DARK (NOT LIGHTED),CLEAR,DRY,True,39.823787689209,-86.2082061767578
904532409,2024,2024-06-30,Marion,Lawrence,EDLOU PL  & E 56TH ST,Vehicle,RAN OFF ROAD,UNSAFE SPEED,Fatal,DARK (LIGHTED),CLEAR,DRY,False,39.8549079895019,-86.0405807495117
904625994,2024,2024-12-03,Marion,Indianapolis,SB I-65 106.3 MM  & I-465,Vehicle,REAR END,FOLLOWING TOO CLOSELY,SSI,DAYLIGHT,CLOUDY,DRY,True,39.7070465087891,-86.1093673706055
904663545,2024,2024-10-30,Marion,Indianapolis,S ARLINGTON AVE  & TERRACE AVE,Pedestrian,RIGHT ANGLE,PEDESTRIAN ACTION,SSI,DARK (NOT LIGHTED),CLOUDY,DRY,False,39.7509765625,-86.0638885498047
904557899,2024,2024-08-17,Hamilton,Westfield,MAIN STREET  & HILLCREST DRIVE,Vehicle,COLLISION WITH OBJECT IN ROAD,OTHER (DRIVER) - EXPLAIN IN NARRATIVE,SSI,DAYLIGHT,CLEAR,DRY,False,40.0428199768066,-86.1220397949219
904570728,2024,2024-09-08,Marion,Indianapolis,HEARTHSTONE WAY   & IVORY WAY,Vehicle,RAN OFF ROAD,UNSAFE SPEED,SSI,DARK (NOT LIGHTED),CLEAR,DRY,False,39.6546554565429,-86.1057968139648
904603502,2024,2024-10-31,Marion,Indianapolis,E RAYMOND ST  & SLOAN AVE,Pedestrian,RIGHT ANGLE,PEDESTRIAN ACTION,SSI,DARK (LIGHTED),RAIN,WET,False,39.7383308410644,-86.0873947143555
904532902,2024,2024-06-30,Hancock,,W US HIGHWAY 52,Vehicle,RIGHT TURN,FAILURE TO YIELD RIGHT OF WAY,SSI,DAYLIGHT,CLEAR,DRY,False,39.7301635742188,-85.9327926635742
904558400,2024,2024-08-17,Marion,Indianapolis,KENTUCKY AVE  & W MOORESVILLE RD,Vehicle,HEAD ON BETWEEN TWO MOTOR VEHICLES,FAILURE TO MAINTAIN LANE,SSI,DAYLIGHT,CLEAR,DRY,False,39.6498947143555,-86.3251571655273
904572121,2024,2024-09-08,Marion,Indianapolis,W SOUTHPORT RD  & S TIBBS AV,Vehicle,HEAD ON BETWEEN TWO MOTOR VEHICLES,LEFT OF CENTER,Fatal,DAYLIGHT,CLEAR,DRY,False,39.6635513305664,-86.2160797119141
904534001,2024,2024-06-30,Shelby,SHELBYVILLE,PROGRESS ROAD  & CLARK ROAD,Vehicle,RAN OFF ROAD,OTHER (DRIVER) - EXPLAIN IN NARRATIVE,Fatal,DAYLIGHT,CLEAR,DRY,False,39.5111961364746,-85.7428436279297
904604280,2024,2024-10-31,Marion,Indianapolis,NORTH EMERSON AVE  & EAST 35TH STREET,Vehicle,RAN OFF ROAD,UNSAFE SPEED,SSI,DAYLIGHT,CLEAR,WET,False,39.8204116821289,-86.0836563110352