id,year,date,county,city,cross_street,crash_type,manner,primary_factor,ssi_fatal,light,weather,surface,interstate,lat,lon
904558438,2024,2024-08-17,Marion,Indianapolis,S MOORESVILLE RD  & MENDENHALL RD,Vehicle,HEAD ON BETWEEN TWO MOTOR VEHICLES,UNSAFE SPEED,SSI,DAYLIGHT,CLOUDY,WET,False,39.650936126709,-86.2829513549805
904574247,2024,2024-09-08,Marion,Indianapolis,KESSLER BLVD E DR  & N TUXEDO ST,Vehicle,HEAD ON BETWEEN TWO MOTOR VEHICLES,LEFT OF CENTER,Fatal,DAYLIGHT,CLEAR,DRY,False,39.8623352050781,-86.1102828979492
904532353,2024,2024-07-01,Marion,Indianapolis,MORELAND AVE  & MICHIGAN ST,Pedestrian,BACKING CRASH,UNSAFE BACKING,SSI,DARK (NOT LIGHTED),CLEAR,DRY,False,39.7751007080078,-86.2147827148438
904604381,2024,2024-10-31,Marion,Indianapolis,SHELBYVILLE RD  & BRADSTON WAY,Pedestrian,OTHER - EXPLAIN IN NARRATIVE,PEDESTRIAN ACTION,SSI,DARK (NOT LIGHTED),RAIN,WET,False,39.6838798522949,-86.0738906860352
904558531,2024,2024-08-17,Marion,Indianapolis,MICHIGAN RD  & DECKER RIDGE DRIVE,Vehicle,LEFT TURN,FAILURE TO YIELD RIGHT OF WAY,SSI,DAYLIGHT,CLOUDY,DRY,False,39.8994026184082,-86.2167892456055
904570729,2024,2024-09-09,Marion,Indianapolis,EAST 21ST STREET  & NORTH SHADELAND AVENUE,Vehicle,RIGHT ANGLE,DISREGARD SIGNAL/REG SIGN,SSI,DARK (LIGHTED),CLEAR,DRY,False,39.7965354919434,-86.0456466674805
904532727,2024,2024-07-01,Marion,Indianapolis,FLAMINGO DRIVE WEST  & EAST 42ND STREET,Vehicle,HEAD ON BETWEEN TWO MOTOR VEHICLES,FAILURE TO MAINTAIN LANE,SSI,DAYLIGHT,CLEAR,DRY,False,39.8320236206055,-86.0785217285156
904607123,2024,2024-10-31,Johnson,Whiteland,US31 HWY S  & WHITELAND RD,Vehicle,REAR END,DRIVER DISTRACTED - EXPLAIN IN NARRATIVE,SSI,DAYLIGHT,CLEAR,WET,False,39.5500946044922,-86.0871200561523
904558800,2024,2024-08-17,Marion,Indianapolis,S DELAWARE ST  & COMMONS DR,Vehicle,RAN OFF ROAD,OVERCORRECTING/OVERSTEERING,SSI,DARK (LIGHTED),CLOUDY,DRY,False,39.754337310791,-86.1549911499023
904571732,2024,2024-09-09,Marion,Indianapolis,9200 N MOLLENKOPF RD  & LEEWARD BLVD,Vehicle,RAN OFF ROAD,IMPROPER LANE USAGE,Fatal,DARK (LIGHTED),CLEAR,DRY,False,39.9221229553223,-85.9809112548828
904533308,2024,2024-07-01,Hendricks,,SR 39   & LINCOLN ST,Vehicle,RAN OFF ROAD,FAILURE TO MAINTAIN LANE,SSI,DAYLIGHT,CLEAR,DRY,False,39.7461776733398,-86.5284652709961
904607946,2024,2024-10-31,Marion,Indianapolis,465,Vehicle,REAR END,OTHER (ENVIRONMENTAL) - EXPLAIN IN NARR,Fatal,DAYLIGHT,CLOUDY,DRY,False,39.7456359863281,-86.2644271850586
904561648,2024,2024-08-18,Marion,Indianapolis,10TH STREET  &  ATON AVE,Vehicle,HEAD ON BETWEEN TWO MOTOR VEHICLES,IMPROPER LANE USAGE,SSI,DARK (LIGHTED),CLOUDY,WET,False,39.7805061340332,-86.2176284790039
904571963,2024,2024-09-09,Hancock,Greenfield,300 & CR 50 E,Vehicle,RIGHT ANGLE,FAILURE TO YIELD RIGHT OF WAY,SSI,DAWN/DUSK,CLEAR,DRY,False,39.8281860351563,-85.7947845458984
904534975,2024,2024-07-01,Morgan,MARTINSVILLE,I 69,Vehicle,SAME DIRECTION SIDESWIPE,OVERCORRECTING/OVERSTEERING,SSI,DAYLIGHT,CLEAR,DRY,True,39.4086265563965,-86.4233322143555
904626097,2024,2024-10-31,Hendricks,Plainfield,I-70 WB,Vehicle,COLLISION WITH ANIMAL OTHER,ANIMAL/OBJECT IN ROADWAY,SSI,DARK (LIGHTED),CLEAR,DRY,True,39.6670951843262,-86.372917175293
904561658,2024,2024-08-18,Marion,Indianapolis,N HIGH SCHOOL ROAD,Pedestrian,RAN OFF ROAD,UNSAFE LANE MOVEMENT,SSI,DARK (LIGHTED),CLOUDY,WET,False,39.7847137451172,-86.2683792114258
904571387,2024,2024-09-10,Marion,Indianapolis,THOMPSON RD  & MADISON AVE,Pedestrian,RIGHT ANGLE,FAILURE TO YIELD RIGHT OF WAY,SSI,DAYLIGHT,CLOUDY,DRY,False,39.6935615539551,-86.1368789672851
904604397,2024,2024-11-01,Marion,Indianapolis,E PLEASANT RUN PARKWAY N DRIVE  & UNION STREET,Vehicle,RIGHT ANGLE,OTHER (DRIVER) - EXPLAIN IN NARRATIVE,SSI,DARK (NOT LIGHTED),CLEAR,DRY,False,39.7326164245605,-86.1576690673828
904564112,2024,2024-08-18,Marion,Indianapolis,W 28TH ST  & E RIVERSIDE DR,Pedestrian,OPPOSITE DIRECTION SIDESWIPE,OVERCORRECTING/OVERSTEERING,Fatal,DAYLIGHT,CLEAR,DRY,False,39.8064002990723,-86.190803527832
904533147,2024,2024-07-02,Hamilton,Carmel,OLD MERIDIAN ST  & GRAND BLVD,Vehicle,OTHER - EXPLAIN IN NARRATIVE,OTHER (DRIVER) - EXPLAIN IN NARRATIVE,SSI,DARK (LIGHTED),CLEAR,DRY,False,39.9734230041504,-86.1500778198242
904604470,2024,2024-11-01,Marion,Indianapolis,I 70 WB,Vehicle,OTHER - EXPLAIN IN NARRATIVE,UNSAFE SPEED,SSI,DAYLIGHT,CLEAR,DRY,True,39.7528457641602,-86.1465148925781
904572022,2024,2024-09-11,Morgan,MONROVIA,W YALE ROAD  & 7018 W YALE ROAD,Vehicle,OTHER - EXPLAIN IN NARRATIVE,ANIMAL/OBJECT IN ROADWAY,SSI,DARK (NOT LIGHTED),CLEAR,DRY,False,39.5575332641602,-86.559700012207
904604493,2024,2024-11-01,Marion,Indianapolis,KENTUCKY AVE  & STIRLING POINTE DR,Vehicle,RIGHT ANGLE,FAILURE TO YIELD RIGHT OF WAY,SSI,DAYLIGHT,CLEAR,DRY,False,39.6875762939453,-86.2787017822265
904558795,2024,2024-08-19,Johnson,Franklin,N US 31  & PAUL HAND BLVD,Vehicle,RIGHT TURN,FAILURE TO YIELD RIGHT OF WAY,SSI,DAYLIGHT,CLOUDY,DRY,False,39.5352096557617,-86.0809631347656
904533556,2024,2024-07-02,Marion,Indianapolis,W 30TH STREET  & HIULLSBORO DR,Vehicle,RAN OFF ROAD,FAILURE TO MAINTAIN LANE,SSI,DAYLIGHT,CLEAR,DRY,False,39.8092498779297,-86.2482604980469
904572380,2024,2024-09-11,Marion,Indianapolis,MERIDIAN  & HILL VALLEY,Vehicle,HEAD ON BETWEEN TWO MOTOR VEHICLES,DISREGARD SIGNAL/REG SIGN,SSI,DAYLIGHT,CLEAR,DRY,False,39.6460037231445,-86.1584854125977
904604513,2024,2024-11-01,Marion,Indianapolis,I-65 SB 115.4 MM,Vehicle,SAME DIRECTION SIDESWIPE,UNSAFE LANE MOVEMENT,SSI,DARK (LIGHTED),CLEAR,DRY,True,39.8100662231445,-86.167106628418
904559067,2024,2024-08-19,Johnson,Franklin,WESTVIEW DR  & CANARY CREEK DR,Vehicle,REAR END,FOLLOWING TOO CLOSELY,SSI,DAYLIGHT,CLEAR,DRY,False,39.4943084716797,-86.0673141479492
904534106,2024,2024-07-02,Shelby,BOGGSTOWN,BOGGSTOWN RD,Vehicle,RAN OFF ROAD,UNSAFE SPEED,SSI,DAYLIGHT,CLEAR,DRY,False,39.5576438903809,-85.8925170898438
904572460,2024,2024-09-11,Hendricks,Brownsburg,S GREEN ST.  & NORTHFIELD DR.,Vehicle,RIGHT ANGLE,FAILURE TO YIELD RIGHT OF WAY,SSI,DAYLIGHT,CLEAR,DRY,False,39.8011207580566,-86.4005584716797
904604889,2024,2024-11-01,Hancock,Greenfield,STATE ST  & MARTINDALE DR,Vehicle,RIGHT ANGLE,FAILURE TO YIELD RIGHT OF WAY,SSI,DARK (LIGHTED),CLEAR,DRY,False,39.8179054260254,-85.7699203491211
904559461,2024,2024-08-19,Johnson,Greenwood,AIRPORT PARKWAY  & COUNTY LINE ROAD,Vehicle,RIGHT ANGLE,IMPROPER LANE USAGE,SSI,DAYLIGHT,CLEAR,DRY,False,39.6361389160156,-86.0924530029297
904533203,2024,2024-07-03,Hendricks,Brownsburg,E US 136,Vehicle,RAN OFF ROAD,FAILURE TO MAINTAIN LANE,SSI,DAYLIGHT,CLOUDY,DRY,False,39.8303871154785,-86.3581466674805
904573637,2024,2024-09-11,Marion,Indianapolis,N POST ROAD  & CARLA DRIVE,Vehicle,LEFT TURN,FAILURE TO YIELD RIGHT OF WAY,SSI,DAYLIGHT,CLEAR,DRY,False,39.8078727722168,-86.0097732543945
904606008,2024,2024-11-01,Marion,Indianapolis,E THOMPSON RD  & KROGER BLVD,Vehicle,OTHER - EXPLAIN IN NARRATIVE,FAILURE TO YIELD RIGHT OF WAY,SSI,DARK (NOT LIGHTED),CLEAR,DRY,False,39.6946754455566,-86.0755767822266
904559777,2024,2024-08-19,Marion,Indianapolis,GEORGETOWN RD  & SEBRING DR,Pedestrian,RIGHT TURN,PEDESTRIAN ACTION,Fatal,DARK (LIGHTED),CLEAR,DRY,False,39.8578453063965,-86.2404632568359
904575637,2024,2024-09-11,Marion,Indianapolis,I70 EB  & 89.9 MM,Vehicle,REAR END,FOLLOWING TOO CLOSELY,SSI,DARK (LIGHTED),CLEAR,DRY,True,39.7997055053711,-86.0246887207031
904605285,2024,2024-11-02,Hancock,McCordsville,6200 WEST 600 NORTH  & FRANKS LANE,Vehicle,OTHER - EXPLAIN IN NARRATIVE,FAILURE TO MAINTAIN LANE,SSI,DARK (NOT LIGHTED),CLEAR,DRY,False,39.8701248168945,-85.9203338623047
904561347,2024,2024-08-19,Hamilton,Fishers,TECHNOLOGY DR.  & COMMERCIAL DR.,Pedalcycle,OTHER - EXPLAIN IN NARRATIVE,PEDESTRIAN ACTION,SSI,DAYLIGHT,CLEAR,DRY,False,39.9602851867676,-86.0130081176758
904576566,2024,2024-09-11,Shelby,FAIRLAND,NORTH 875 WEST  & WEST 525 NORTH,Vehicle,RAN OFF ROAD,OTHER (DRIVER) - EXPLAIN IN NARRATIVE,SSI,DAWN/DUSK,CLEAR,DRY,False,39.6040878295898,-85.9473876953125
904607247,2024,2024-11-03,Marion,Indianapolis,MICHIGAN RD,Vehicle,LEFT TURN,UNSAFE SPEED,Fatal,DAYLIGHT,CLOUDY,DRY,False,39.844856262207,-86.1905288696289
904559709,2024,2024-08-20,Marion,Indianapolis,7155   & E 96TH ST,Vehicle,LEFT TURN,FAILURE TO YIELD RIGHT OF WAY,SSI,DAYLIGHT,CLEAR,DRY,False,39.9270362854004,-86.0415344238281
904577133,2024,2024-09-11,Marion,Beech Grove,ELMWOOD AVE,Vehicle,RIGHT TURN,FAILURE TO YIELD RIGHT OF WAY,SSI,DAYLIGHT,CLEAR,DRY,False,39.7049217224121,-86.0771636962891
904559743,2024,2024-08-20,Hamilton,Fishers,WILLOWVIEW RD  & E 96TH ST,Pedalcycle,RIGHT TURN,FAILURE TO YIELD RIGHT OF WAY,SSI,DAYLIGHT,CLEAR,DRY,False,39.9271850585937,-86.0505981445312
904607939,2024,2024-11-03,Marion,Indianapolis,I-465 SB,Vehicle,SAME DIRECTION SIDESWIPE,UNSAFE LANE MOVEMENT,SSI,DARK (NOT LIGHTED),CLEAR,DRY,True,39.7332191467285,-86.2644424438477
904577333,2024,2024-09-11,Boone,,N SUGAR CREEK RD,Vehicle,RAN OFF ROAD,UNSAFE SPEED,SSI,DARK (NOT LIGHTED),CLEAR,DRY,False,40.1537971496582,-86.6058120727539
904622280,2024,2024-11-03,Marion,Indianapolis,I65NB,Vehicle,SAME DIRECTION SIDESWIPE,OTHER (DRIVER) - EXPLAIN IN NARRATIVE,SSI,DAYLIGHT,CLEAR,DRY,False,39.7660636901855,-86.1428604125977
904572454,2024,2024-09-12,Hendricks,Plainfield,ALBERTSON DR,Vehicle,RAN OFF ROAD,OTHER (VEHICLE) - EXPLAIN IN NARRATIVE,SSI,DAYLIGHT,CLEAR,DRY,False,39.7405853271484,-86.3297348022461
904606761,2024,2024-11-04,Johnson,Whiteland,WHITELAND ROAD  & I65 SB ONRAMP,Vehicle,REAR END,OTHER (DRIVER) - EXPLAIN IN NARRATIVE,SSI,DARK (LIGHTED),CLOUDY,DRY,True,39.5506134033203,-86.0415878295898
904572626,2024,2024-09-12,Boone,,N 500 W  & W STATE ROAD 32,Vehicle,HEAD ON BETWEEN TWO MOTOR VEHICLES,FAILURE TO MAINTAIN LANE,Fatal,DAYLIGHT,CLEAR,DRY,False,40.0541152954102,-86.5632171630859
904572963,2024,2024-09-12,Marion,Indianapolis,E WASHINGTON ST  & S DEARBORN ST,Pedestrian,NON-COLLISION,PEDESTRIAN ACTION,SSI,DARK (LIGHTED),CLEAR,DRY,False,39.7687683105469,-86.1105651855469
904583135,2024,2024-09-13,Marion,Indianapolis,38.5 MM I-465 SB,Vehicle,REAR END,UNSAFE SPEED,SSI,DARK (NOT LIGHTED),CLEAR,DRY,True,39.8731384277344,-86.0475082397461
904573499,2024,2024-09-14,Hamilton,Arcadia,SR 19  & 266 ST,Vehicle,RIGHT ANGLE,FAILURE TO YIELD RIGHT OF WAY,Fatal,DAYLIGHT,CLEAR,DRY,False,40.1760177612305,-86.0130615234375
904573707,2024,2024-09-14,Shelby,SHELBYVILLE,CR 850 W.   & FRONTAGE RD.,Vehicle,RAN OFF ROAD,UNSAFE SPEED,Fatal,DAYLIGHT,CLEAR,DRY,False,39.6565208435059,-85.9426803588867
904574404,2024,2024-09-14,Marion,Indianapolis,10TH STREET  & EUCLID AVENUE,Vehicle,SAME DIRECTION SIDESWIPE,LEFT OF CENTER,SSI,DAYLIGHT,CLEAR,DRY,False,39.781494140625,-86.0945434570313
904575526,2024,2024-09-14,Marion,Indianapolis,E 34TH ST  & N ARLINGTON AVE,Vehicle,HEAD ON BETWEEN TWO MOTOR VEHICLES,LEFT OF CENTER,Fatal,DARK (NOT LIGHTED),CLEAR,DRY,False,39.8183441162109,-86.0616989135742
904575702,2024,2024-09-14,Hamilton,Carmel,CHERRY TREE RD  & KILLDEER PL,Pedestrian,OTHER - EXPLAIN IN NARRATIVE,OTHER (DRIVER) - EXPLAIN IN NARRATIVE,Fatal,DAYLIGHT,CLEAR,DRY,False,39.9793319702148,-86.0800018310547
904576589,2024,2024-09-14,Morgan,,E NEITZEL RD  & KITCHEN ROAD,Pedestrian,COLLISION WITH OBJECT IN ROAD,OTHER (DRIVER) - EXPLAIN IN NARRATIVE,SSI,DAYLIGHT,CLEAR,DRY,False,39.5963439941406,-86.3166809082031
904574571,2024,2024-09-15,Marion,Indianapolis,W 38TH ST  & COMMERCIAL DR,Vehicle,RIGHT ANGLE,DISREGARD SIGNAL/REG SIGN,SSI,DAYLIGHT,CLEAR,DRY,False,39.8240013122559,-86.2298965454102
904574693,2024,2024-09-15,Marion,Indianapolis,N SHERMAN DR.  & E 28TH STR.,Vehicle,RIGHT ANGLE,FAILURE TO YIELD RIGHT OF WAY,SSI,DAYLIGHT,CLEAR,DRY,False,39.8068428039551,-86.1025161743164
904815426,2025,2025-09-21,Marion,Beech Grove,I- 465 & EB,Vehicle,OTHER - EXPLAIN IN NARRATIVE,DRIVER ILLNESS,SSI,DARK (NOT LIGHTED),CLEAR,DRY,True,39.7036666870117,-86.0855331420899
904815465,2025,2025-09-23,Marion,Indianapolis,BROOKVILLE RD,Vehicle,REAR END,FOLLOWING TOO CLOSELY,SSI,DAYLIGHT,CLEAR,DRY,False,39.7516326904297,-86.0353393554688
904815492,2025,2025-09-24,Marion,Indianapolis,I-65 SB & I-65 SB,Vehicle,RAN OFF ROAD,FAILURE TO MAINTAIN LANE,SSI,DAYLIGHT,CLEAR,DRY,True,39.8890953063965,-86.3036193847656
904815578,2025,2025-09-26,Shelby,Edinburgh,I-65 NB & NB,Vehicle,REAR END,UNSAFE SPEED,SSI,DAYLIGHT,CLEAR,DRY,True,39.3769226074219,-85.9425354003906
904815602,2025,2025-10-04,Marion,Indianapolis,W 79TH ST & MICHIGAN RD,Vehicle,RIGHT ANGLE,DISREGARD SIGNAL/REG SIGN,SSI,DAWN/DUSK,CLEAR,DRY,False,39.8971366882324,-86.2157669067383
904675731,2025,2025-02-23,Marion,Indianapolis,GEORGETOWN ROAD,Vehicle,RAN OFF ROAD,OTHER (DRIVER) - EXPLAIN IN NARRATIVE,SSI,DARK (LIGHTED),CLEAR,DRY,False,39.8687629699707,-86.2444610595703
904815721,2025,2025-09-28,Marion,Indianapolis,I-465 & SB,Vehicle,REAR END,UNSAFE SPEED,SSI,DARK (NOT LIGHTED),CLEAR,DRY,True,39.7521591186523,-86.2647705078125
904815739,2025,2025-09-28,Marion,Indianapolis,RAMP,Vehicle,RAN OFF ROAD,ROADWAY SURFACE CONDITION,SSI,DAYLIGHT,CLEAR,DRY,False,39.9069213867187,-86.0465545654297
904816287,2025,2025-10-09,Marion,Indianapolis,BROOKVILLE RD & S IRVINGTON AVE,Vehicle,HEAD ON BETWEEN TWO MOTOR VEHICLES,VIEW OBSTRUCTED,SSI,DAYLIGHT,CLEAR,DRY,False,39.7607078552246,-86.0768585205078
904816390,2025,2025-10-07,Marion,Lawrence,9200 & PENDLETON PIKE,Vehicle,HEAD ON BETWEEN TWO MOTOR VEHICLES,WRONG WAY ON ONE WAY,SSI,DARK (NOT LIGHTED),CLEAR,DRY,False,39.8463554382324,-86.0063705444336
904816559,2025,2025-10-10,Hancock,Greenfield,N STATE ST & W MICHIGAN ST,Vehicle,LEFT TURN,FAILURE TO YIELD RIGHT OF WAY,SSI,DAYLIGHT,CLEAR,DRY,False,39.7987174987793,-85.7696914672851
904816891,2025,2025-10-11,Johnson,Whiteland,WHITELAND RD & I- 65,Vehicle,REAR END,FAILURE TO YIELD RIGHT OF WAY,SSI,DAYLIGHT,CLEAR,DRY,True,39.5506134033203,-86.0429000854492
904817075,2025,2025-10-10,Marion,Indianapolis,W 38TH ST & COMMERCIAL DR,Vehicle,RIGHT ANGLE,DISREGARD SIGNAL/REG SIGN,Fatal,DARK (LIGHTED),CLEAR,DRY,False,39.8239974975586,-86.2298583984375
904817192,2025,2025-10-11,Marion,Indianapolis,COLONEL H WEIR COOK MEMORIAL DR & W PERIMETER RD,Vehicle,LEFT TURN,IMPROPER LANE USAGE,SSI,DAYLIGHT,CLEAR,DRY,False,39.698371887207,-86.3190383911133
904817678,2025,2025-10-10,Hendricks,,E CO RD 600 S & MOON RD,Vehicle,RIGHT ANGLE,FAILURE TO YIELD RIGHT OF WAY,SSI,DARK (NOT LIGHTED),FOG/SMOKE/SMOG,DRY,False,39.674373626709,-86.4154434204102
904817974,2025,2025-10-10,Hendricks,,I-70,Vehicle,REAR END,FOLLOWING TOO CLOSELY,SSI,DAYLIGHT,CLEAR,DRY,True,39.6418075561523,-86.4239273071289
904818001,2025,2025-10-13,Hendricks,Brownsburg,PAXTON DR. & E NORTHFIELD DR.,Vehicle,NON-COLLISION,OVERCORRECTING/OVERSTEERING,SSI,DARK (NOT LIGHTED),CLEAR,DRY,False,39.8140563964844,-86.3722839355469
904818509,2025,2025-10-10,Morgan,,PENNINGTON ROAD & ASHBURY RDG,Vehicle,RAN OFF ROAD,OVERCORRECTING/OVERSTEERING,SSI,DAYLIGHT,CLEAR,DRY,False,39.5882530212402,-86.3408355712891
904818524,2025,2025-10-12,Morgan,,TIDEWATER RD & CENTER VALLEY RD,Vehicle,RAN OFF ROAD,FAILURE TO MAINTAIN LANE,SSI,DARK (LIGHTED),CLEAR,DRY,False,39.5222969055176,-86.3824844360352
904818605,2025,2025-10-05,Marion,Indianapolis,MICHIGAN ROAD & DOUBLE TREE BOULEVARD,Vehicle,REAR END,OTHER (DRIVER) - EXPLAIN IN NARRATIVE,SSI,DARK (NOT LIGHTED),CLEAR,DRY,False,39.9054336547851,-86.2197418212891
904818784,2025,2025-10-13,Marion,Indianapolis,E RAYMOND ST & SHELBY ST,Pedestrian,RIGHT ANGLE,PEDESTRIAN ACTION,Fatal,DARK (LIGHTED),CLEAR,DRY,False,39.7376441955566,-86.1396484375
904818799,2025,2025-10-11,Marion,Indianapolis,N COLLEGE AV & E 58TH ST,Vehicle,SAME DIRECTION SIDESWIPE,IMPROPER LANE USAGE,Fatal,DARK (LIGHTED),CLEAR,DRY,False,39.8600234985351,-86.1460647583008
904818821,2025,2025-10-13,Marion,Indianapolis,S WEST ST & WHITE RIVER PKWY E DR,Vehicle,RIGHT ANGLE,LEFT OF CENTER,SSI,DAYLIGHT,CLEAR,DRY,False,39.7420387268066,-86.1676483154297
904818957,2025,2025-10-10,Marion,Indianapolis,MCCARTY ST & MANHATTAN AVE,Vehicle,RIGHT ANGLE,DISREGARD SIGNAL/REG SIGN,SSI,DAYLIGHT,CLEAR,DRY,False,39.7551727294922,-86.2513885498047
904819386,2025,2025-10-12,Marion,Indianapolis,E RAYMOND ST & PERKINS AVE,Vehicle,RIGHT ANGLE,FAILURE TO YIELD RIGHT OF WAY,SSI,DARK (LIGHTED),CLEAR,DRY,False,39.737735748291,-86.1113204956055
904819404,2025,2025-09-28,Marion,Indianapolis,S SHERMAN DR.,Vehicle,OPPOSITE DIRECTION SIDESWIPE,OTHER (ENVIRONMENTAL) - EXPLAIN IN NARR,SSI,DAYLIGHT,CLEAR,DRY,False,39.7386131286621,-86.1025085449219
904819631,2025,2025-10-14,Marion,Indianapolis,E THOMPSON RD & KROGER BLVD,Vehicle,RIGHT ANGLE,FAILURE TO YIELD RIGHT OF WAY,SSI,DAYLIGHT,CLEAR,DRY,False,39.694751739502,-86.0747604370117
904819958,2025,2025-10-15,Marion,Indianapolis,W 96TH ST & ZIONSLVILLE RD,Pedalcycle,OTHER - EXPLAIN IN NARRATIVE,IMPROPER PASSING,SSI,DARK (NOT LIGHTED),CLOUDY,DRY,False,39.9251251220703,-86.259895324707
904819996,2025,2025-10-14,Johnson,Greenwood,N US 31 & GENISIS DR,Vehicle,SAME DIRECTION SIDESWIPE,FAILURE TO MAINTAIN LANE,SSI,DAWN/DUSK,CLEAR,DRY,False,39.5749664306641,-86.0964279174805
904820025,2025,2025-10-13,Marion,Indianapolis,E 25TH ST & N POST RD,Vehicle,LEFT TURN,FAILURE TO YIELD RIGHT OF WAY,SSI,DARK (NOT LIGHTED),CLEAR,DRY,False,39.8058280944824,-86.0096893310547
904820307,2025,2025-10-10,Hendricks,,CR 100 E,Vehicle,RAN OFF ROAD,UNSAFE SPEED,Fatal,DARK (NOT LIGHTED),CLEAR,DRY,False,39.8589553833008,-86.5055923461914
904820341,2025,2025-10-03,Marion,Indianapolis,KENTUCKY AVE & W HANNA AVE,Vehicle,RIGHT ANGLE,FAILURE TO YIELD RIGHT OF WAY,SSI,DAYLIGHT,CLEAR,DRY,False,39.7064971923828,-86.2546691894531
904820433,2025,2025-10-16,Hancock,McCordsville,5500 US ROUTE 36 & STATE ROAD 234,Vehicle,HEAD ON BETWEEN TWO MOTOR VEHICLES,LEFT OF CENTER,SSI,DARK (NOT LIGHTED),CLEAR,DRY,False,39.9022827148438,-85.9085464477539
904820459,2025,2025-10-16,Hamilton,Arcadia,SR 19 & 281 ST,Vehicle,RIGHT ANGLE,FAILURE TO YIELD RIGHT OF WAY,SSI,DAYLIGHT,CLEAR,DRY,False,40.1975708007813,-86.0224456787109
904693089,2025,2025-03-26,Marion,Indianapolis,BEACHWAY DRIVE & BEACHVIEW DRIVE,Vehicle,LEFT TURN,FAILURE TO YIELD RIGHT OF WAY,SSI,DARK (LIGHTED),CLEAR,DRY,False,39.7755355834961,-86.2696075439453
904820562,2025,2025-10-10,Marion,Indianapolis,I-65 SB & I-65 SB,Vehicle,REAR END,UNSAFE SPEED,Fatal,DARK (NOT LIGHTED),CLEAR,DRY,True,39.6861381530762,-86.1030807495117
904820571,2025,2025-10-01,Marion,Indianapolis,I- 465,Vehicle,REAR END,DRIVER DISTRACTED - EXPLAIN IN NARRATIVE,Fatal,DARK (LIGHTED),CLEAR,DRY,True,39.8843727111816,-86.0473785400391
904820699,2025,2025-10-17,Boone,,2250 W. STATE RD. 32 & N. 200 W.,Vehicle,HEAD ON BETWEEN TWO MOTOR VEHICLES,FAILURE TO YIELD RIGHT OF WAY,SSI,DARK (NOT LIGHTED),CLEAR,DRY,False,40.0466499328613,-86.511344909668
904821143,2025,2025-10-15,Hendricks,Plainfield,US 40 & SHADY LN,Pedalcycle,OTHER - EXPLAIN IN NARRATIVE,FAILURE TO YIELD RIGHT OF WAY,SSI,DARK (LIGHTED),CLEAR,DRY,False,39.7141799926758,-86.3661422729492
904821144,2025,2025-10-16,Hendricks,Plainfield,US 40 & RONALD REAGAN PARKWAY,Vehicle,LEFT TURN,OTHER (DRIVER) - EXPLAIN IN NARRATIVE,SSI,DAYLIGHT,CLEAR,DRY,False,39.7271881103516,-86.3370895385742
904821319,2025,2025-10-13,Hamilton,Westfield,GRAND PARK BOULEVARD & VIRGINIA ROSE AVENUE,Vehicle,RIGHT TURN,FAILURE TO YIELD RIGHT OF WAY,Fatal,DAYLIGHT,CLEAR,DRY,False,40.0478210449219,-86.146484375
904821350,2025,2025-10-18,Hendricks,Avon,S DAN JONES RD & HOLLOWBROOK DR,Vehicle,HEAD ON BETWEEN TWO MOTOR VEHICLES,OTHER (ENVIRONMENTAL) - EXPLAIN IN NARR,SSI,DAWN/DUSK,RAIN,WET,False,39.737922668457,-86.3810577392578
904822199,2025,2025-10-18,Morgan,MARTINSVILLE,W BAIN RD & GOOSE CREEK RD.,Vehicle,HEAD ON BETWEEN TWO MOTOR VEHICLES,FAILURE TO MAINTAIN LANE,SSI,DAYLIGHT,CLEAR,DRY,False,39.4477119445801,-86.4852066040039
904822481,2025,2025-10-19,Marion,Indianapolis,RUE DR MARGOT,Pedestrian,NON-COLLISION,PEDESTRIAN ACTION,SSI,DARK (LIGHTED),RAIN,WET,False,39.8852119445801,-86.2023468017578
904822532,2025,2025-10-19,Marion,Indianapolis,HUNTER RD & SOUTHEASTERN AVE,Vehicle,RIGHT ANGLE,DISREGARD SIGNAL/REG SIGN,SSI,DAYLIGHT,CLOUDY,DRY,False,39.7271614074707,-86.0494155883789
904822536,2025,2025-10-07,Marion,Indianapolis,I-70 WB AT THE 88.3MM,Vehicle,SAME DIRECTION SIDESWIPE,UNSAFE LANE MOVEMENT,SSI,DAYLIGHT,CLEAR,DRY,True,39.8042144775391,-86.0533218383789
904822537,2025,2025-10-19,Marion,Indianapolis,S MERIDIAN ST & W WASHINGTON ST,Pedestrian,LEFT TURN,FAILURE TO YIELD RIGHT OF WAY,SSI,DAYLIGHT,CLOUDY,DRY,False,39.7670021057129,-86.1580963134766
904822773,2025,2025-10-19,Hancock,,W US HWY 40 & 300W,Vehicle,OPPOSITE DIRECTION SIDESWIPE,LEFT OF CENTER,SSI,DARK (NOT LIGHTED),CLOUDY,WET,False,39.7811088562012,-85.8586883544922
904822845,2025,2025-10-20,Hamilton,Fishers,E 126TH ST & PROMISE RD,Vehicle,OTHER - EXPLAIN IN NARRATIVE,UNSAFE SPEED,SSI,DARK (LIGHTED),CLEAR,DRY,False,39.9728279113769,-85.970344543457
904822961,2025,2025-10-20,Marion,Indianapolis,BINFORD BLVD & KESSLER BLVD,Vehicle,HEAD ON BETWEEN TWO MOTOR VEHICLES,IMPROPER PASSING,SSI,DAYLIGHT,CLEAR,DRY,False,39.858570098877,-86.0941162109375