id,year,date,county,city,cross_street,crash_type,manner,primary_factor,ssi_fatal,light,weather,surface,interstate,lat,lon
904823017,2025,2025-10-21,Marion,Indianapolis,E STOP 11C RD & SANTOLINA DR,Vehicle,LEFT TURN,OTHER (VEHICLE) - EXPLAIN IN NARRATIVE,SSI,DARK (NOT LIGHTED),CLEAR,DRY,False,39.6510848999024,-86.0865936279297
904823190,2025,2025-10-19,Marion,Indianapolis,SHELBY ST & FRONT ROYAL DRIVE,Pedestrian,NON-COLLISION,PEDESTRIAN ACTION,Fatal,DARK (LIGHTED),RAIN,WET,False,39.6464691162109,-86.1394577026367
904823298,2025,2025-10-21,Marion,Indianapolis,KENTUCKY AVE & S HIGH SCHOOL ROAD,Vehicle,LEFT TURN,FAILURE TO YIELD RIGHT OF WAY,SSI,DARK (LIGHTED),CLEAR,DRY,False,39.694580078125,-86.269401550293
904823302,2025,2025-10-21,Marion,Indianapolis,E 14TH ST & N EMERSON AVE,Vehicle,LEFT TURN,FAILURE TO YIELD RIGHT OF WAY,SSI,DAYLIGHT,CLEAR,DRY,False,39.7865028381348,-86.0832977294922
904823755,2025,2025-10-16,Marion,Indianapolis,E 16TH ST. & N EMERSON AVE.,Vehicle,LEFT TURN,FAILURE TO YIELD RIGHT OF WAY,SSI,DARK (LIGHTED),CLEAR,DRY,False,39.788875579834,-86.0832901000977
904823980,2025,2025-10-17,Hancock,Greenfield,S STATE ST & DAVIS RD,Vehicle,RIGHT ANGLE,DISREGARD SIGNAL/REG SIGN,SSI,DAYLIGHT,CLEAR,DRY,False,39.772102355957,-85.7661514282227
904824110,2025,2025-10-19,Morgan,MARTINSVILLE,CENTENNIAL RD & STATE ROAD 44,Vehicle,RAN OFF ROAD,FAILURE TO MAINTAIN LANE,SSI,DAYLIGHT,CLEAR,WET,False,39.4464988708496,-86.3495788574219
904824355,2025,2025-10-10,Marion,Indianapolis,I-74,Vehicle,REAR END,FOLLOWING TOO CLOSELY,SSI,DAYLIGHT,CLEAR,DRY,True,39.807071685791,-86.2782440185547
904824379,2025,2025-10-22,Hamilton,Arcadia,GWINN RD & 256 ST,Vehicle,RAN OFF ROAD,LEFT OF CENTER,Fatal,DAYLIGHT,CLEAR,DRY,False,40.1581077575684,-86.0415267944336
904824658,2025,2025-10-17,Hamilton,Carmel,W MAIN ST,Vehicle,RAN OFF ROAD,DRIVER ILLNESS,SSI,DAYLIGHT,CLEAR,DRY,False,39.9781036376953,-86.1467895507813
904824958,2025,2025-10-04,Marion,Indianapolis,70 & I70,Vehicle,RAN OFF ROAD,UNSAFE LANE MOVEMENT,SSI,DARK (LIGHTED),CLEAR,DRY,True,39.8021469116211,-86.0863494873047
904824973,2025,2025-10-10,Marion,Indianapolis,I-65 NB,Vehicle,REAR END,FOLLOWING TOO CLOSELY,SSI,DAYLIGHT,CLEAR,DRY,True,39.6771049499512,-86.1001815795899
904825005,2025,2025-10-11,Johnson,,I-65,Vehicle,SAME DIRECTION SIDESWIPE,UNSAFE LANE MOVEMENT,SSI,DARK (NOT LIGHTED),CLEAR,DRY,True,39.4615249633789,-86.0026626586914
904825702,2025,2025-10-22,Hamilton,Westfield,US 31 & 191 STREET,Vehicle,HEAD ON BETWEEN TWO MOTOR VEHICLES,LEFT OF CENTER,Fatal,DARK (NOT LIGHTED),CLEAR,DRY,False,40.0614547729492,-86.1279983520508
904825969,2025,2025-10-16,Marion,Indianapolis,N KEYSTONE AVE,Vehicle,LEFT TURN,FAILURE TO YIELD RIGHT OF WAY,SSI,DAYLIGHT,CLEAR,DRY,False,39.9226531982422,-86.1121292114258
904826208,2025,2025-10-24,Marion,Indianapolis,W RAYMOND ST & S HARDING ST,Vehicle,RIGHT ANGLE,DISREGARD SIGNAL/REG SIGN,Fatal,DARK (LIGHTED),CLEAR,DRY,False,39.7364158630371,-86.1870040893555
904826763,2025,2025-10-22,Morgan,MARTINSVILLE,MIDDLE PATTON PARK RD & WILBUR RD,Vehicle,RAN OFF ROAD,LEFT OF CENTER,Fatal,DAYLIGHT,CLEAR,DRY,False,39.4910354614258,-86.4818267822266
904826780,2025,2025-10-18,Marion,Indianapolis,ROCKVILLE RD & BRIDGEPORT RD,Vehicle,LEFT TURN,FAILURE TO YIELD RIGHT OF WAY,SSI,DARK (NOT LIGHTED),CLEAR,DRY,False,39.7638969421387,-86.3170852661133
904827013,2025,2025-10-25,Marion,Indianapolis,KENTUCKY AVE & S CONCORD ST,Pedestrian,COLLISION WITH OBJECT IN ROAD,PEDESTRIAN ACTION,SSI,DARK (NOT LIGHTED),CLOUDY,DRY,False,39.7270278930664,-86.2107620239258
904827094,2025,2025-10-26,Morgan,MARTINSVILLE,S OHIO ST & PROSPECT ST,Vehicle,RIGHT ANGLE,FAILURE TO YIELD RIGHT OF WAY,SSI,DAYLIGHT,CLEAR,DRY,False,39.4221878051758,-86.4235992431641
904827121,2025,2025-10-27,Marion,Indianapolis,W MARYLAND ST & S WEST ST,Pedestrian,LEFT TURN,FAILURE TO YIELD RIGHT OF WAY,SSI,DARK (LIGHTED),CLOUDY,DRY,False,39.7658386230469,-86.1671829223633
904827176,2025,2025-10-25,Morgan,PARAGON,STATE RD 67 & STATE RD 67,Vehicle,COLLISION WITH DEER,ANIMAL/OBJECT IN ROADWAY,Fatal,DARK (NOT LIGHTED),CLEAR,DRY,False,39.3859062194824,-86.5859298706055
904827580,2025,2025-10-27,Marion,Indianapolis,I-65 SB 111.4 MM,Vehicle,REAR END,FOLLOWING TOO CLOSELY,SSI,DAYLIGHT,CLEAR,DRY,True,39.7689094543457,-86.1427841186523
904828134,2025,2025-10-24,Johnson,Greenwood,N US 31,Vehicle,OTHER - EXPLAIN IN NARRATIVE,ANIMAL/OBJECT IN ROADWAY,SSI,DARK (LIGHTED),CLEAR,DRY,False,39.6346702575684,-86.1258010864258
904828949,2025,2025-10-29,Shelby,,300,Vehicle,RAN OFF ROAD,FAILURE TO MAINTAIN LANE,SSI,DAYLIGHT,RAIN,WET,False,39.5691680908203,-85.857307434082
904829145,2025,2025-10-24,Marion,Indianapolis,N SHADELAND AVE & KENSINGTON DR,Pedestrian,OTHER - EXPLAIN IN NARRATIVE,PEDESTRIAN ACTION,SSI,DARK (NOT LIGHTED),CLEAR,DRY,False,39.8198585510254,-86.045783996582
904829430,2025,2025-10-27,Marion,Indianapolis,W 38TH ST. & LAWNDALE AVE.,Vehicle,RAN OFF ROAD,UNSAFE LANE MOVEMENT,SSI,DARK (NOT LIGHTED),CLEAR,DRY,False,39.8234977722168,-86.2659912109375
904829562,2025,2025-10-29,Marion,Beech Grove,S 9TH AVE & CHURCHMAN AVE,Pedestrian,OTHER - EXPLAIN IN NARRATIVE,FAILURE TO YIELD RIGHT OF WAY,SSI,DARK (LIGHTED),RAIN,WET,False,39.7176475524902,-86.0921173095703
904829765,2025,2025-10-30,Marion,Indianapolis,SAM JONES EXPRESSWAY,Vehicle,HEAD ON BETWEEN TWO MOTOR VEHICLES,LEFT OF CENTER,SSI,DAYLIGHT,RAIN,WET,False,39.729850769043,-86.2599792480469
904829789,2025,2025-10-29,Johnson,Greenwood,AVERITT RD & W CUTSINGER RD,Vehicle,OTHER - EXPLAIN IN NARRATIVE,STEERING FAILURE,SSI,DARK (NOT LIGHTED),RAIN,WET,False,39.5883598327637,-86.1208648681641
904829882,2025,2025-10-30,Morgan,MONROVIA,HURT RD & YORK RD,Vehicle,RAN OFF ROAD,DRIVER ILLNESS,SSI,DAYLIGHT,CLEAR,DRY,False,39.5501823425293,-86.5543670654297
904829937,2025,2025-10-27,Marion,Indianapolis,CARSON AVE & SPARROW AV,Pedalcycle,OTHER - EXPLAIN IN NARRATIVE,PEDESTRIAN ACTION,Fatal,DARK (NOT LIGHTED),CLOUDY,DRY,False,39.7174873352051,-86.1313400268555
904830370,2025,2025-10-27,Shelby,SHELBYVILLE,W WASHINGTON AVE & PR 230 W,Vehicle,RAN OFF ROAD,FAILURE TO MAINTAIN LANE,SSI,DAYLIGHT,CLOUDY,DRY,False,39.5189361572265,-85.812629699707
904830480,2025,2025-10-31,Hendricks,Avon,36 & AVON MARKETPLACE,Vehicle,HEAD ON BETWEEN TWO MOTOR VEHICLES,OTHER (DRIVER) - EXPLAIN IN NARRATIVE,SSI,DAYLIGHT,CLEAR,DRY,False,39.7632255554199,-86.3694381713867
904830647,2025,2025-10-31,Hamilton,Noblesville,SR37 SB & GREENFIELD AVE,Pedestrian,SAME DIRECTION SIDESWIPE,OTHER (ENVIRONMENTAL) - EXPLAIN IN NARR,SSI,DARK (NOT LIGHTED),CLEAR,DRY,False,40.0261878967285,-85.9960174560547
904830725,2025,2025-10-31,Marion,Indianapolis,E THOMPSON RD & EMERSON AVE,Vehicle,LEFT TURN,FAILURE TO YIELD RIGHT OF WAY,SSI,DAYLIGHT,CLEAR,DRY,False,39.6946792602539,-86.0806655883789
904830749,2025,2025-10-31,Marion,Indianapolis,STEINMEIER DR W,Pedestrian,BACKING CRASH,OTHER (DRIVER) - EXPLAIN IN NARRATIVE,SSI,DAYLIGHT,CLEAR,DRY,False,39.8824157714844,-86.0786209106445
904830762,2025,2025-10-30,Marion,Indianapolis,E 30TH ST,Pedestrian,OTHER - EXPLAIN IN NARRATIVE,PEDESTRIAN ACTION,SSI,DARK (NOT LIGHTED),CLEAR,DRY,False,39.8108787536621,-86.0919647216797
904830778,2025,2025-10-31,Marion,Indianapolis,N TEMPLE AVE & E 62ND ST,Vehicle,RIGHT ANGLE,IMPROPER TURNING,SSI,DAYLIGHT,CLEAR,DRY,False,39.8686218261719,-86.1189956665039
904830880,2025,2025-10-18,Hancock,,S 200W & W 300S,Vehicle,RIGHT ANGLE,DISREGARD SIGNAL/REG SIGN,SSI,DAYLIGHT,CLEAR,DRY,False,39.7424392700195,-85.8388595581055
904831241,2025,2025-10-25,Marion,Indianapolis,I-70 EB,Vehicle,REAR END,OTHER (DRIVER) - EXPLAIN IN NARRATIVE,SSI,DARK (LIGHTED),CLEAR,DRY,True,39.8041343688965,-86.0535430908203
904831681,2025,2025-10-30,Marion,Indianapolis,S ILLINOIS ST & W MARYLAND ST,Pedestrian,NON-COLLISION,PEDESTRIAN ACTION,Fatal,DARK (LIGHTED),CLEAR,DRY,False,39.7656669616699,-86.1599655151367
904831684,2025,2025-10-30,Marion,Indianapolis,N MERIDIAN ST & E 71ST ST,Vehicle,HEAD ON BETWEEN TWO MOTOR VEHICLES,FAILURE TO YIELD RIGHT OF WAY,SSI,DAWN/DUSK,CLEAR,DRY,False,39.8831596374512,-86.1579742431641
904832041,2025,2025-10-30,Hendricks,Plainfield,S DAN JONES RD & E MAIN ST,Vehicle,LEFT TURN,FAILURE TO YIELD RIGHT OF WAY,SSI,DARK (LIGHTED),CLEAR,WET,False,39.7095527648926,-86.3806381225586
904832352,2025,2025-11-02,Marion,Indianapolis,N GIRL SCHOOL RD & W LAKE RD,Vehicle,OTHER - EXPLAIN IN NARRATIVE,DRIVER DISTRACTED - EXPLAIN IN NARRATIVE,SSI,DARK (NOT LIGHTED),CLEAR,DRY,False,39.7715034484863,-86.2891616821289
904832607,2025,2025-11-01,Marion,Indianapolis,I-65 NORTHBOUND & .112.3 MM,Vehicle,RAN OFF ROAD,WRONG WAY ON ONE WAY,SSI,DAYLIGHT,CLEAR,DRY,True,39.7753982543945,-86.1419219970703
904832646,2025,2025-10-30,Hendricks,CLAYTON,SR 39 & MARKET ST,Vehicle,RAN OFF ROAD,OTHER (DRIVER) - EXPLAIN IN NARRATIVE,SSI,DARK (NOT LIGHTED),RAIN,WET,False,39.6787796020508,-86.4931716918945
904832845,2025,2025-11-02,Marion,Indianapolis,N RURAL ST & E NORTH ST,Pedestrian,OTHER - EXPLAIN IN NARRATIVE,DISREGARD SIGNAL/REG SIGN,SSI,DARK (NOT LIGHTED),CLEAR,DRY,False,39.7762413024902,-86.1165924072265
904834758,2025,2025-11-05,Hamilton,Westfield,MARKET CENTER DR & RIVERDALE CT,Vehicle,NON-COLLISION,OVERCORRECTING/OVERSTEERING,SSI,DAYLIGHT,CLEAR,DRY,False,40.0049629211426,-86.0909881591797
904835062,2025,2025-11-05,Marion,Indianapolis,I- 465 SB AT THE 44.9MM,Vehicle,REAR END,FOLLOWING TOO CLOSELY,SSI,DAYLIGHT,CLEAR,DRY,True,39.7839584350586,-86.032241821289
904835104,2025,2025-11-06,Marion,Indianapolis,FALL CREEK RD & E 96TH ST,Vehicle,RAN OFF ROAD,OVERCORRECTING/OVERSTEERING,SSI,DARK (LIGHTED),CLEAR,DRY,False,39.9266548156738,-85.9757232666016
904835799,2025,2025-11-04,Marion,Indianapolis,APPLETON DR & APPLETON DR,Pedestrian,LEFT TURN,PEDESTRIAN ACTION,SSI,DARK (NOT LIGHTED),CLOUDY,DRY,False,39.6479263305664,-86.1197204589844
904730129,2025,2025-05-12,Marion,Indianapolis,I-465 & -,Vehicle,SAME DIRECTION SIDESWIPE,UNSAFE LANE MOVEMENT,SSI,DAYLIGHT,CLOUDY,DRY,True,39.9236602783203,-86.2295379638672
904836719,2025,2025-10-26,Marion,Indianapolis,I-65 NB,Vehicle,REAR END,OTHER (DRIVER) - EXPLAIN IN NARRATIVE,SSI,DARK (NOT LIGHTED),CLEAR,DRY,True,39.6832084655762,-86.1020965576172
904765752,2025,2025-07-22,Marion,Indianapolis,PROSPECT STREET & OLIVE STREET,Vehicle,REAR END,FOLLOWING TOO CLOSELY,SSI,DAYLIGHT,CLEAR,DRY,False,39.7523536682129,-86.1379776000977
904800755,2025,2025-09-16,Hendricks,Brownsburg,STATE RD 267 & E CO RD 700 N,Vehicle,COLLISION WITH OBJECT IN ROAD,OTHER (DRIVER) - EXPLAIN IN NARRATIVE,SSI,DAYLIGHT,CLEAR,DRY,False,39.8658256530762,-86.3923797607422
904747442,2025,2025-06-24,Hendricks,Avon,CASCO DR,Vehicle,LEFT TURN,FAILURE TO YIELD RIGHT OF WAY,SSI,DAYLIGHT,CLEAR,DRY,False,39.7631530761719,-86.372444152832
904765770,2025,2025-07-22,Marion,Indianapolis,ENGLISH AVE & S SHERMAN DR.,Vehicle,RIGHT ANGLE,IMPROPER LANE USAGE,SSI,DARK (LIGHTED),CLEAR,DRY,False,39.7600250244141,-86.1023483276367
904730175,2025,2025-05-26,Marion,Indianapolis,E WASHINGTON ST & CENTRE EAST,Vehicle,LEFT/RIGHT TURN,FAILURE TO YIELD RIGHT OF WAY,SSI,DAYLIGHT,CLEAR,DRY,False,39.7755317687988,-85.9757690429688
904747564,2025,2025-06-21,Johnson,Franklin,US HWY 31 & COMMERCE DR.,Vehicle,OTHER - EXPLAIN IN NARRATIVE,FAILURE TO YIELD RIGHT OF WAY,SSI,DAWN/DUSK,CLEAR,DRY,False,39.5069389343262,-86.0701293945313
904800852,2025,2025-09-09,Marion,Indianapolis,SOUTHEASTERN AVE & FISHER RD,Vehicle,RAN OFF ROAD,UNSAFE SPEED,SSI,DARK (NOT LIGHTED),CLEAR,DRY,False,39.7181015014648,-86.033462524414
904693109,2025,2025-03-30,Marion,Indianapolis,N ALABAMA ST & E MICHIGAN ST,Pedalcycle,RIGHT TURN,FAILURE TO YIELD RIGHT OF WAY,SSI,DAYLIGHT,CLOUDY,DRY,False,39.7744674682617,-86.1522903442383
904730339,2025,2025-05-27,Marion,Indianapolis,ROCKVILLE RD,Vehicle,HEAD ON BETWEEN TWO MOTOR VEHICLES,FOLLOWING TOO CLOSELY,SSI,DAYLIGHT,CLOUDY,DRY,False,39.764518737793,-86.2386703491211
904710207,2025,2025-04-29,Marion,Indianapolis,W 86TH ST & N DITCH RD,Vehicle,RAN OFF ROAD,DRIVER ILLNESS,SSI,DAWN/DUSK,RAIN,WET,False,39.9122886657715,-86.1828689575195
904783623,2025,2025-08-06,Johnson,Greenwood,S US 31 & PUSHVILLE RD,Vehicle,RIGHT ANGLE,FAILURE TO YIELD RIGHT OF WAY,SSI,DAYLIGHT,CLEAR,DRY,False,39.579288482666,-86.098030090332
904675810,2025,2025-02-24,Marion,Indianapolis,E 30TH ST & MASSACHUSETTS AV,Vehicle,RAN OFF ROAD,FAILURE TO MAINTAIN LANE,SSI,DARK (LIGHTED),CLEAR,DRY,False,39.8109588623047,-86.0812683105469
904800885,2025,2025-09-16,Marion,Indianapolis,RIVER SIDE DR,Pedestrian,OTHER - EXPLAIN IN NARRATIVE,WRONG WAY ON ONE WAY,SSI,DAYLIGHT,CLEAR,DRY,False,39.8077201843262,-86.1924285888672
904800908,2025,2025-09-16,Marion,Indianapolis,N LUETT AVE & W NORTH ST,Pedalcycle,OTHER - EXPLAIN IN NARRATIVE,PEDESTRIAN ACTION,SSI,DAYLIGHT,CLEAR,DRY,False,39.7752151489258,-86.2241363525391
904800911,2025,2025-09-13,Marion,Indianapolis,TIBBS AVE & 23RD,Vehicle,RIGHT ANGLE,UNSAFE SPEED,SSI,DAYLIGHT,CLOUDY,DRY,False,39.7977676391602,-86.2159042358398
904801102,2025,2025-09-17,Marion,Indianapolis,E 30TH ST & N EMERSON AVE,Vehicle,LEFT TURN,FAILURE TO YIELD RIGHT OF WAY,SSI,DARK (LIGHTED),CLEAR,DRY,False,39.8097801208496,-86.0834655761719
904801180,2025,2025-09-12,Marion,Indianapolis,800 & N HOLMES AVE,Vehicle,REAR END,FAILURE TO MAINTAIN LANE,SSI,DAYLIGHT,CLEAR,DRY,False,39.7796821594238,-86.2052536010742
904801270,2025,2025-09-13,Marion,Indianapolis,43RD ST & N MERIDIAN ST,Vehicle,RIGHT ANGLE,UNSAFE SPEED,Fatal,DAYLIGHT,CLOUDY,DRY,False,39.8337478637695,-86.1569213867188
904801378,2025,2025-09-16,Hamilton,Noblesville,S 10TH ST & CARBON ST,Vehicle,OPPOSITE DIRECTION SIDESWIPE,IMPROPER TURNING,SSI,DAYLIGHT,CLEAR,DRY,False,40.0300750732422,-86.012092590332
904801708,2025,2025-09-04,Marion,Indianapolis,N KEYSTONE AVE,Vehicle,REAR END,FOLLOWING TOO CLOSELY,SSI,DAYLIGHT,CLEAR,DRY,False,39.9200553894043,-86.1126556396484
904801905,2025,2025-09-17,Johnson,Greenwood,COUNTY LINE RD & GRAHAM ST,Vehicle,HEAD ON BETWEEN TWO MOTOR VEHICLES,OTHER (DRIVER) - EXPLAIN IN NARRATIVE,SSI,DARK (NOT LIGHTED),CLEAR,DRY,False,39.6367225646973,-86.068962097168
904801934,2025,2025-09-18,Boone,,E 300 S & S 500 E,Vehicle,RIGHT ANGLE,FAILURE TO YIELD RIGHT OF WAY,Fatal,DAYLIGHT,CLEAR,DRY,False,39.9969596862793,-86.374984741211
904802263,2025,2025-09-11,Marion,Indianapolis,US 31 S & COUNTY LINE RD,Vehicle,LEFT TURN,FAILURE TO YIELD RIGHT OF WAY,SSI,DARK (LIGHTED),CLEAR,DRY,False,39.6355781555176,-86.1268310546875
904802278,2025,2025-09-18,Marion,Indianapolis,GUION RD & 47TH ST,Vehicle,RAN OFF ROAD,OVERCORRECTING/OVERSTEERING,SSI,DAYLIGHT,CLEAR,DRY,False,39.840576171875,-86.2308349609375
904802286,2025,2025-09-16,Hamilton,Westfield,RITCHIE DR,Pedestrian,BACKING CRASH,UNSAFE BACKING,SSI,DAYLIGHT,CLEAR,DRY,False,40.0464553833008,-86.1809921264648
904802403,2025,2025-09-18,Marion,Indianapolis,E 30TH ST & N POST RD,Vehicle,RIGHT ANGLE,FAILURE TO YIELD RIGHT OF WAY,SSI,DARK (NOT LIGHTED),CLEAR,DRY,False,39.8113098144531,-86.0098114013672
904802417,2025,2025-09-18,Marion,Indianapolis,US 31 S & CARIBE MALL,Pedestrian,NON-COLLISION,PEDESTRIAN ACTION,SSI,DARK (NOT LIGHTED),CLEAR,DRY,False,39.6663360595703,-86.1481094360352
904802526,2025,2025-09-19,Marion,Indianapolis,2122 BROAD RIPPLE AVENUE,Vehicle,RAN OFF ROAD,OTHER (DRIVER) - EXPLAIN IN NARRATIVE,SSI,DAYLIGHT,CLEAR,DRY,False,39.8688125610351,-86.1247863769531
904802747,2025,2025-09-18,Marion,Indianapolis,11TH ST & 12TH ST,Pedalcycle,COLLISION WITH OBJECT IN ROAD,PEDESTRIAN ACTION,SSI,DAYLIGHT,CLEAR,DRY,False,39.7805480957031,-86.2828903198242
904802946,2025,2025-09-19,Hamilton,Noblesville,211 ST & MILL CREEK RD,Vehicle,RIGHT ANGLE,FAILURE TO YIELD RIGHT OF WAY,SSI,DAYLIGHT,CLEAR,DRY,False,40.0943374633789,-86.0618286132813
904803566,2025,2025-09-04,Marion,Indianapolis,I-70 WB AT THE 84MM,Vehicle,OTHER - EXPLAIN IN NARRATIVE,DRIVER ILLNESS,SSI,DAYLIGHT,CLEAR,DRY,True,39.7902565002441,-86.127685546875
904803594,2025,2025-09-19,Marion,Indianapolis,FALL CREEK PKWY N DR & CENTRAL AVENUE,Vehicle,REAR END,FOLLOWING TOO CLOSELY,SSI,DAYLIGHT,CLEAR,DRY,False,39.8062133789062,-86.1495666503906
904803909,2025,2025-09-18,Hendricks,Brownsburg,STATE RD 267 & I- 74,Vehicle,RIGHT ANGLE,DISREGARD SIGNAL/REG SIGN,SSI,DAYLIGHT,CLEAR,DRY,True,39.8607597351074,-86.3926544189453
904803992,2025,2025-09-18,Hendricks,,US 36,Vehicle,RAN OFF ROAD,LEFT OF CENTER,Fatal,DAYLIGHT,CLEAR,DRY,False,39.7604522705078,-86.6038208007812
904804057,2025,2025-09-18,Marion,Indianapolis,E WASHINGTON ST & WASHINGTON SQUARE MALL,Vehicle,RIGHT ANGLE,FAILURE TO YIELD RIGHT OF WAY,SSI,DAYLIGHT,CLEAR,DRY,False,39.7750587463379,-85.9875717163086
904804074,2025,2025-09-21,Marion,Indianapolis,MICHIGAN RD & DOUBLE TREE BLVD,Pedestrian,RIGHT TURN,PEDESTRIAN ACTION,SSI,DARK (LIGHTED),CLEAR,DRY,False,39.9054794311523,-86.2197265625
904804101,2025,2025-09-21,Marion,Indianapolis,ARLINGTON AVENUE & VILLAGE PLAZA SOUTH DRIVE,Vehicle,RIGHT ANGLE,OTHER (DRIVER) - EXPLAIN IN NARRATIVE,SSI,DARK (LIGHTED),CLOUDY,DRY,False,39.7856101989746,-86.0643692016602
904804168,2025,2025-09-22,Hendricks,Brownsburg,W NORTHFIELD DR & BUSINESS ACCESS,Vehicle,HEAD ON BETWEEN TWO MOTOR VEHICLES,DRIVER ASLEEP OR FATIGUED,SSI,DAYLIGHT,RAIN,WET,False,39.8603248596191,-86.4047927856445
904836837,2025,2025-11-06,Marion,Indianapolis,E 10TH ST & N GRANT AVE,Vehicle,RIGHT ANGLE,FAILURE TO YIELD RIGHT OF WAY,SSI,DARK (LIGHTED),CLEAR,DRY,False,39.7814140319824,-86.0979690551758
904766009,2025,2025-07-23,Marion,Indianapolis,THOMPSON ROAD & SHERMAN DR,Vehicle,RAN OFF ROAD,UNSAFE SPEED,SSI,DAYLIGHT,CLEAR,DRY,False,39.6943397521973,-86.1014862060547
904747911,2025,2025-06-21,Marion,Indianapolis,MADISON AVE & E MORRIS ST,Vehicle,RAN OFF ROAD,FAILURE TO MAINTAIN LANE,SSI,DARK (LIGHTED),CLEAR,DRY,False,39.7519073486328,-86.1542892456055
904804460,2025,2025-09-19,Marion,Indianapolis,KEYSTONE WAY & 23RD ST,Vehicle,OPPOSITE DIRECTION SIDESWIPE,FAILURE TO MAINTAIN LANE,SSI,DAYLIGHT,CLEAR,DRY,False,39.8003692626953,-86.1186981201172
904804502,2025,2025-09-16,Marion,Indianapolis,E RAYMOND ST & S EMERSON AVE,Vehicle,HEAD ON BETWEEN TWO MOTOR VEHICLES,FAILURE TO MAINTAIN LANE,SSI,DAYLIGHT,CLEAR,DRY,False,39.7382965087891,-86.0827255249024
904804603,2025,2025-08-20,Marion,Indianapolis,I-70 WB AT THE 69.8 MM,Vehicle,RAN OFF ROAD,FAILURE TO MAINTAIN LANE,Fatal,DARK (LIGHTED),CLEAR,DRY,True,39.6913871765137,-86.3148651123047
904804650,2025,2025-09-22,Hamilton,Carmel,US 31 N & E 116TH ST,Vehicle,COLLISION WITH OBJECT IN ROAD,ANIMAL/OBJECT IN ROADWAY,SSI,DARK (NOT LIGHTED),CLEAR,DRY,False,39.9525299072266,-86.1576538085937
904804728,2025,2025-09-23,Boone,Whitestown,PERRY WORTH RD & CR 550 S,Vehicle,HEAD ON BETWEEN TWO MOTOR VEHICLES,SPEED TOO FAST FOR WEATHER CONDITIONS,SSI,DAYLIGHT,RAIN,WET,False,39.9621925354004,-86.3682708740234
904804734,2025,2025-09-11,Marion,Indianapolis,I-70 WB AT THE 91.2MM,Vehicle,NON-COLLISION,DRIVER ILLNESS,SSI,DAYLIGHT,CLEAR,DRY,True,39.8016586303711,-85.9965972900391
904804752,2025,2025-08-31,Marion,Indianapolis,US 31 S & COUNTY LINE RD,Pedestrian,OTHER - EXPLAIN IN NARRATIVE,PEDESTRIAN ACTION,Fatal,DARK (LIGHTED),CLEAR,DRY,False,39.6355819702148,-86.1269607543945
904804887,2025,2025-09-03,Marion,Indianapolis,MADISON AVE & TERRACE AVE,Vehicle,HEAD ON BETWEEN TWO MOTOR VEHICLES,LEFT OF CENTER,Fatal,DAYLIGHT,CLEAR,DRY,False,39.7451705932617,-86.1543121337891
904804988,2025,2025-09-12,Hamilton,Westfield,HAMILTON BOONE CO LINE RD,Vehicle,RIGHT ANGLE,FAILURE TO YIELD RIGHT OF WAY,Fatal,DARK (NOT LIGHTED),CLEAR,DRY,False,40.0415191650391,-86.2413635253906
904805125,2025,2025-09-20,Morgan,PARAGON,DECK RD & PARAGON RD,Vehicle,RAN OFF ROAD,UNSAFE SPEED,SSI,DARK (NOT LIGHTED),CLEAR,DRY,False,39.3661346435547,-86.5602722167969
904805133,2025,2025-09-20,Marion,Indianapolis,E OHIO ST & N EAST ST,Vehicle,RIGHT ANGLE,DISREGARD SIGNAL/REG SIGN,Fatal,DARK (LIGHTED),CLEAR,DRY,False,39.7697257995605,-86.14892578125
904805203,2025,2025-09-16,Marion,Indianapolis,9200 DITCH RD & 9200 DITCH RD,Pedestrian,COLLISION WITH OBJECT IN ROAD,PEDESTRIAN ACTION,SSI,DAYLIGHT,CLEAR,DRY,False,39.9209976196289,-86.1840896606445
904805624,2025,2025-09-15,Marion,Indianapolis,MOORESVILLE RD & S HIGH SCHOOL RD,Vehicle,RAN OFF ROAD,FAILURE TO MAINTAIN LANE,SSI,DAYLIGHT,CLEAR,DRY,False,39.692943572998,-86.2681655883789
904805642,2025,2025-09-22,Marion,Indianapolis,S KEYSTONE AVE & E RAYMOND ST,Vehicle,RIGHT ANGLE,DISREGARD SIGNAL/REG SIGN,SSI,DAYLIGHT,RAIN,WET,False,39.737663269043,-86.1209716796875
904805646,2025,2025-09-24,Marion,Beech Grove,ALBANY ST & CHURCHMAN AVE,Vehicle,RIGHT ANGLE,FAILURE TO YIELD RIGHT OF WAY,SSI,DAYLIGHT,CLOUDY,DRY,False,39.7233848571777,-86.1018753051758
904805680,2025,2025-09-24,Johnson,Franklin,WESTVIEW DR & CUMBERLAND DR,Vehicle,RIGHT ANGLE,OTHER (DRIVER) - EXPLAIN IN NARRATIVE,SSI,DAYLIGHT,CLEAR,DRY,False,39.4891700744629,-86.0815811157227