id,year,date,county,city,cross_street,crash_type,manner,primary_factor,ssi_fatal,light,weather,surface,interstate,lat,lon
904805846,2025,2025-09-21,Marion,Indianapolis,I-65 NB,Vehicle,COLLISION WITH OBJECT IN ROAD,UNSAFE LANE MOVEMENT,SSI,DARK (LIGHTED),RAIN,WET,True,39.749584197998,-86.1433868408203
904805967,2025,2025-09-20,Hendricks,Plainfield,N CENTER ST & HOLZKNECHT CT,Vehicle,RAN OFF ROAD,UNSAFE SPEED,SSI,DARK (NOT LIGHTED),CLEAR,DRY,False,39.711238861084,-86.4049606323242
904806088,2025,2025-09-24,Marion,Indianapolis,I-70 WB AT THE 80.3MM,Vehicle,REAR END,TIRE FAILURE OR DEFECTIVE,SSI,DARK (LIGHTED),CLEAR,DRY,True,39.7534027099609,-86.1548385620117
904806222,2025,2025-09-25,Marion,Speedway,N HOLT RD & COSSELL RD,Vehicle,OPPOSITE DIRECTION SIDESWIPE,OVERCORRECTING/OVERSTEERING,SSI,DAYLIGHT,CLOUDY,DRY,False,39.7670631408691,-86.228256225586
904806331,2025,2025-09-24,Marion,Indianapolis,E 62ND ST & ALLISONVILLE RD,Vehicle,LEFT TURN,FAILURE TO YIELD RIGHT OF WAY,SSI,DAYLIGHT,CLEAR,DRY,False,39.8686141967773,-86.0976867675781
904806409,2025,2025-09-25,Hamilton,Fishers,BRITTON PARK RD & TRADE CENTER DR,Pedestrian,OTHER - EXPLAIN IN NARRATIVE,UNSAFE LANE MOVEMENT,SSI,DAYLIGHT,CLEAR,DRY,False,39.9895057678223,-86.0065536499024
904806509,2025,2025-09-24,Shelby,FAIRLAND,N LONDON RD & 600 N,Vehicle,OTHER - EXPLAIN IN NARRATIVE,OTHER (DRIVER) - EXPLAIN IN NARRATIVE,SSI,DARK (NOT LIGHTED),RAIN,WET,False,39.6095848083496,-85.9238586425781
904806739,2025,2025-09-26,Hendricks,Plainfield,W WASHINGTON ST & WILLIAMS TRCE,Vehicle,SAME DIRECTION SIDESWIPE,OTHER (DRIVER) - EXPLAIN IN NARRATIVE,SSI,DARK (LIGHTED),CLOUDY,DRY,False,39.718864440918,-86.3547134399414
904806883,2025,2025-09-24,Hendricks,Avon,ROCKVILLE RD & RACEWAY ROAD,Vehicle,RIGHT ANGLE,DISREGARD SIGNAL/REG SIGN,SSI,DAYLIGHT,CLEAR,DRY,False,39.7636337280273,-86.3268280029297
904807771,2025,2025-09-25,Morgan,MARTINSVILLE,N CRAVER RD,Vehicle,RAN OFF ROAD,OTHER (DRIVER) - EXPLAIN IN NARRATIVE,SSI,DARK (NOT LIGHTED),CLEAR,DRY,False,39.4873199462891,-86.6418838500977
904807964,2025,2025-09-17,Marion,Speedway,N HIGH SCHOOL RD & W 30TH ST,Pedalcycle,OTHER - EXPLAIN IN NARRATIVE,PEDESTRIAN ACTION,Fatal,DARK (LIGHTED),CLEAR,DRY,False,39.8092155456543,-86.2700271606445
904808034,2025,2025-09-26,Marion,Indianapolis,S EMERSON AVE & E THOMPSON RD,Vehicle,RIGHT ANGLE,FAILURE TO YIELD RIGHT OF WAY,SSI,DAYLIGHT,CLEAR,DRY,False,39.6911277770996,-86.0825729370117
904808223,2025,2025-09-27,Marion,Indianapolis,W WASHINGTON ST & FULLER DR,Pedestrian,RIGHT ANGLE,FAILURE TO YIELD RIGHT OF WAY,SSI,DAYLIGHT,CLEAR,DRY,False,39.7544898986816,-86.2448577880859
904808342,2025,2025-09-26,Morgan,,STATE RD 144 & OLD STATE RD 144 E,Vehicle,RAN OFF ROAD,FAILURE TO MAINTAIN LANE,SSI,DAYLIGHT,CLEAR,DRY,False,39.5765571594238,-86.3028030395508
904808498,2025,2025-09-25,Marion,Indianapolis,W 64TH ST & GRANDVIEW DR,Vehicle,RIGHT ANGLE,FAILURE TO YIELD RIGHT OF WAY,Fatal,DAYLIGHT,CLEAR,DRY,False,39.8718185424805,-86.1886901855469
904808534,2025,2025-09-14,Marion,Indianapolis,COLD SPRING RD & 38TH ST,Vehicle,RIGHT ANGLE,UNSAFE SPEED,Fatal,DARK (NOT LIGHTED),CLEAR,DRY,False,39.8190002441406,-86.2013168334961
904809044,2025,2025-09-29,Hendricks,Plainfield,AIRWEST BLVD & PERRY RD,Vehicle,OTHER - EXPLAIN IN NARRATIVE,FAILURE TO YIELD RIGHT OF WAY,SSI,DAYLIGHT,CLOUDY,DRY,False,39.6882858276367,-86.3558731079102
904809165,2025,2025-09-12,Marion,Indianapolis,I-65 NB AT THE 126MM,Vehicle,REAR END,FOLLOWING TOO CLOSELY,SSI,DAYLIGHT,CLEAR,DRY,True,39.8976783752441,-86.3105926513672
904809483,2025,2025-09-26,Hendricks,LIZTON,,Vehicle,HEAD ON BETWEEN TWO MOTOR VEHICLES,FAILURE TO YIELD RIGHT OF WAY,SSI,DAYLIGHT,CLEAR,DRY,False,39.8831977844238,-86.5429763793945
904809573,2025,2025-09-21,Marion,Indianapolis,46.3MM I-465SB & 46.3MM I-465SB,Vehicle,NON-COLLISION,DRIVER DISTRACTED - EXPLAIN IN NARRATIVE,SSI,DARK (LIGHTED),CLEAR,DRY,False,39.7643775939941,-86.0290451049805
904809593,2025,2025-09-27,Marion,Indianapolis,I65 NB,Vehicle,RAN OFF ROAD,OTHER (ENVIRONMENTAL) - EXPLAIN IN NARR,SSI,DAWN/DUSK,CLOUDY,DRY,True,39.7042694091797,-86.1024780273437
904809808,2025,2025-09-30,Marion,Indianapolis,E 34TH ST & N SHADELAND AVE,Vehicle,LEFT/RIGHT TURN,FAILURE TO YIELD RIGHT OF WAY,SSI,DAYLIGHT,CLEAR,DRY,False,39.8184547424316,-86.0458450317383
904809865,2025,2025-10-01,Marion,Indianapolis,N EMERSON AVE  & I-70 EB,Vehicle,COLLISION WITH OBJECT IN ROAD,FAILURE TO MAINTAIN LANE,SSI,DARK (NOT LIGHTED),CLEAR,DRY,True,39.8004188537598,-86.0834121704101
904809987,2025,2025-09-29,Hamilton,Carmel,E 116TH ST & RIVER RD,Pedalcycle,LEFT TURN,FAILURE TO YIELD RIGHT OF WAY,SSI,DAYLIGHT,CLEAR,DRY,False,39.9564781188965,-86.0659255981445
904809998,2025,2025-09-28,Marion,Indianapolis,N KEYSTONE AVE & KEYSTONE AVENUE,Pedestrian,NON-COLLISION,PEDESTRIAN ACTION,SSI,DAWN/DUSK,CLEAR,DRY,False,39.8221244812012,-86.1217346191406
904810088,2025,2025-09-28,Marion,Indianapolis,E NEW YORK ST & N RANDOLPH ST,Pedestrian,NON-COLLISION,PEDESTRIAN ACTION,SSI,DAWN/DUSK,CLEAR,DRY,False,39.771110534668,-86.1282653808594
904810346,2025,2025-09-27,Marion,Indianapolis,E 21ST ST & N ARLINGTON AVE,Pedestrian,OTHER - EXPLAIN IN NARRATIVE,PEDESTRIAN ACTION,Fatal,DARK (LIGHTED),CLEAR,DRY,False,39.7963027954101,-86.0645980834961
904810775,2025,2025-10-01,Marion,Speedway,N. HOLT RD  & ROCKVILLE RD,Vehicle,RAN OFF ROAD,STEERING FAILURE,SSI,DAYLIGHT,CLEAR,DRY,False,39.7694206237793,-86.2284545898438
904810866,2025,2025-09-22,Marion,Indianapolis,I-70,Vehicle,OTHER - EXPLAIN IN NARRATIVE,ROADWAY SURFACE CONDITION,SSI,DAYLIGHT,RAIN,WET,True,39.7985458374023,-86.0326156616211
904811486,2025,2025-07-31,Hendricks,Pittsboro,I-74 EB AT THE 61.8MM,Vehicle,HEAD ON BETWEEN TWO MOTOR VEHICLES,SPEED TOO FAST FOR WEATHER CONDITIONS,SSI,DAYLIGHT,CLEAR,WET,True,39.8796081542969,-86.462890625
904811763,2025,2025-08-10,Marion,Indianapolis,65 & I65 102.5 MM,Vehicle,RAN OFF ROAD,OVERCORRECTING/OVERSTEERING,Fatal,DAYLIGHT,CLEAR,DRY,True,39.6592788696289,-86.0802993774414
904811802,2025,2025-09-30,Marion,Indianapolis,FT WAYNE AVE & ST CLAIR,Vehicle,LEFT TURN,FAILURE TO YIELD RIGHT OF WAY,SSI,DAYLIGHT,CLEAR,DRY,False,39.777889251709,-86.1526718139648
904811824,2025,2025-10-03,Hendricks,Brownsburg,E CO RD 300 N  & RONALD REAGAN PKWY,Vehicle,HEAD ON BETWEEN TWO MOTOR VEHICLES,DISREGARD SIGNAL/REG SIGN,SSI,DAYLIGHT,CLEAR,DRY,False,39.8076400756836,-86.3500518798828
904811850,2025,2025-09-29,Marion,Indianapolis,E 86TH ST & N COLLEGE AV,Vehicle,RIGHT ANGLE,FAILURE TO YIELD RIGHT OF WAY,SSI,DARK (LIGHTED),CLEAR,DRY,False,39.9125213623047,-86.1458969116211
904811890,2025,2025-10-03,Johnson,TRAFALGAR,600,Vehicle,REAR END,FOLLOWING TOO CLOSELY,SSI,DAYLIGHT,CLEAR,DRY,False,39.3905830383301,-86.2180480957031
904811999,2025,2025-10-04,Johnson,,SMITH VALLEY ROAD  & PADDOCK ROAD,Vehicle,HEAD ON BETWEEN TWO MOTOR VEHICLES,LEFT OF CENTER,SSI,DARK (NOT LIGHTED),CLEAR,DRY,False,39.6050262451172,-86.2066040039063
904812012,2025,2025-10-04,Boone,,S 500 E  & E 300 S,Vehicle,RIGHT ANGLE,DISREGARD SIGNAL/REG SIGN,SSI,DAYLIGHT,CLEAR,DRY,False,39.9968643188477,-86.3750152587891
904812577,2025,2025-09-29,Marion,Indianapolis,ENTERPRISE ST,Vehicle,REAR END,UNSAFE SPEED,SSI,DARK (LIGHTED),CLEAR,DRY,False,39.8021354675293,-86.0332336425781
904812590,2025,2025-09-11,Hendricks,Plainfield,I-70 EB & I-70 EB,Vehicle,OTHER - EXPLAIN IN NARRATIVE,ANIMAL/OBJECT IN ROADWAY,Fatal,DARK (LIGHTED),CLEAR,DRY,True,39.6742401123047,-86.3545837402344
904812847,2025,2025-10-01,Johnson,,65,Vehicle,NON-COLLISION,OVERCORRECTING/OVERSTEERING,Fatal,DARK (NOT LIGHTED),CLEAR,DRY,False,39.5142517089844,-86.0224456787109
904813079,2025,2025-10-05,Morgan,MARTINSVILLE,MORGAN STREET & HILLVIEW DRIVE,Vehicle,LEFT TURN,IMPROPER PASSING,SSI,DAYLIGHT,CLEAR,DRY,False,39.431339263916,-86.4028854370117
904813296,2025,2025-10-01,Marion,Indianapolis,I-70 EB & 79.8 MM,Vehicle,REAR END,FOLLOWING TOO CLOSELY,SSI,DAYLIGHT,CLEAR,DRY,True,39.7536506652832,-86.1651077270508
904813474,2025,2025-10-05,Marion,Indianapolis,56TH STREET & ALLISONVILLE RD,Vehicle,RIGHT ANGLE,DISREGARD SIGNAL/REG SIGN,SSI,DAYLIGHT,CLEAR,DRY,False,39.8549728393555,-86.1046600341797
904813506,2025,2025-09-30,Marion,Indianapolis,E 75TH ST & N SHADELAND AVE,Vehicle,NON-COLLISION,OVERCORRECTING/OVERSTEERING,SSI,DARK (NOT LIGHTED),CLEAR,DRY,False,39.8907508850098,-86.0454788208008
904813685,2025,2025-09-22,Marion,Indianapolis,,Vehicle,COLLISION WITH OBJECT IN ROAD,LEFT OF CENTER,SSI,DAYLIGHT,RAIN,WET,False,39.8119163513184,-86.1767807006836
904813719,2025,2025-10-03,Morgan,MONROVIA,42 & ANTIOCH RD,Vehicle,RIGHT ANGLE,FAILURE TO YIELD RIGHT OF WAY,Fatal,DAYLIGHT,CLEAR,DRY,False,39.5928764343262,-86.4505004882813
904813957,2025,2025-10-02,Marion,Indianapolis,S SHERMAN DR & BROOKVILLE RD,Vehicle,OTHER - EXPLAIN IN NARRATIVE,LEFT OF CENTER,SSI,DARK (LIGHTED),CLEAR,DRY,False,39.7646408081055,-86.10205078125
904814014,2025,2025-10-07,Hendricks,Plainfield,I-70,Vehicle,REAR END,FOLLOWING TOO CLOSELY,SSI,DAWN/DUSK,RAIN,WET,True,39.6651611328125,-86.3777923583984
904814374,2025,2025-10-02,Marion,Indianapolis,S SHERMAN DR & BROOKVILLE RD,Pedestrian,OTHER - EXPLAIN IN NARRATIVE,PEDESTRIAN ACTION,Fatal,DARK (LIGHTED),CLEAR,DRY,False,39.7651252746582,-86.10205078125
904814660,2025,2025-10-07,Hamilton,Fishers,E 116TH ST,Vehicle,NON-COLLISION,OTHER (DRIVER) - EXPLAIN IN NARRATIVE,SSI,DAYLIGHT,CLEAR,DRY,False,39.9587745666504,-85.9210891723633
904814688,2025,2025-10-04,Marion,Indianapolis,SHADELAND AVE & 30TH,Pedestrian,COLLISION WITH OBJECT IN ROAD,PEDESTRIAN ACTION,Fatal,DARK (NOT LIGHTED),CLEAR,DRY,False,39.8134002685547,-86.0456924438476
904814815,2025,2025-10-01,Hendricks,Plainfield,W WASHINGTON ST & SMITH RD,Vehicle,REAR END,FOLLOWING TOO CLOSELY,SSI,DAYLIGHT,CLEAR,DRY,False,39.7160186767578,-86.3616333007813
904814996,2025,2025-10-04,Marion,Indianapolis,N. MICHIGAN RD. & COOPER RD,Pedestrian,COLLISION WITH OBJECT IN ROAD,PEDESTRIAN ACTION,Fatal,DARK (NOT LIGHTED),CLEAR,DRY,False,39.8790168762207,-86.2070159912109
904815162,2025,2025-07-19,Marion,Indianapolis,I-65 NB,Pedestrian,RAN OFF ROAD,FAILURE TO MAINTAIN LANE,Fatal,DARK (LIGHTED),CLEAR,DRY,True,39.6851959228516,-86.1027145385742
904815390,2025,2025-10-02,Marion,Indianapolis,FRANKLIN ROAD & SHELBYVILLE ROAD,Vehicle,RAN OFF ROAD,FAILURE TO MAINTAIN LANE,SSI,DARK (NOT LIGHTED),CLEAR,DRY,False,39.641056060791,-86.0198593139648
904815396,2025,2025-10-07,Marion,Indianapolis,WEST ST,Vehicle,OTHER - EXPLAIN IN NARRATIVE,DISREGARD SIGNAL/REG SIGN,SSI,DARK (LIGHTED),CLEAR,DRY,False,39.7542304992676,-86.1669082641602
904766191,2025,2025-07-21,Shelby,MORRISTOWN,N ASBURY RD,Vehicle,OPPOSITE DIRECTION SIDESWIPE,CELL PHONE USAGE,SSI,DAYLIGHT,CLEAR,DRY,False,39.6883430480957,-85.7017440795898
904730379,2025,2025-05-28,Hamilton,Carmel,HARVARD LN,Vehicle,BACKING CRASH,UNSAFE BACKING,Fatal,DAYLIGHT,CLOUDY,DRY,False,39.9600524902344,-86.1434173583984
904675819,2025,2025-02-24,Marion,Lawrence,LEE ROAD & 59TH,Vehicle,HEAD ON BETWEEN TWO MOTOR VEHICLES,LEFT OF CENTER,SSI,DAYLIGHT,CLEAR,DRY,False,39.8673667907715,-86.0010833740234
904675831,2025,2025-02-24,Marion,Indianapolis,W MORRIS ST,Vehicle,RIGHT ANGLE,OTHER (DRIVER) - EXPLAIN IN NARRATIVE,SSI,DARK (LIGHTED),CLEAR,DRY,False,39.7492256164551,-86.2393951416015
904730757,2025,2025-05-13,Marion,Indianapolis,I-465 & -,Vehicle,REAR END,FOLLOWING TOO CLOSELY,SSI,DAYLIGHT,RAIN,WET,True,39.9056396484375,-86.0711517333984
904783963,2025,2025-08-20,Johnson,TRAFALGAR,SR135 AND W PEARL ST,Vehicle,LEFT TURN,FAILURE TO YIELD RIGHT OF WAY,SSI,DAYLIGHT,CLOUDY,DRY,False,39.4154052734375,-86.1581497192383
904710255,2025,2025-03-14,Hendricks,Avon,S CR 475 E & GIBBS RD,Vehicle,RAN OFF ROAD,OTHER (DRIVER) - EXPLAIN IN NARRATIVE,Fatal,DAYLIGHT,CLEAR,DRY,False,39.7216796875,-86.4426040649414
904747967,2025,2025-06-25,Marion,Indianapolis,E 30TH ST & WINTHROP AVE.,Vehicle,OTHER - EXPLAIN IN NARRATIVE,OTHER (DRIVER) - EXPLAIN IN NARRATIVE,SSI,DARK (LIGHTED),CLEAR,DRY,False,39.810619354248,-86.1400756835938
904836840,2025,2025-11-07,Hamilton,Fishers,E 116TH STREET RAMP & I 69 N,Vehicle,SAME DIRECTION SIDESWIPE,DRIVER ILLNESS,SSI,DAYLIGHT,CLEAR,DRY,True,39.9565925598144,-86.0062408447266
904766263,2025,2025-07-06,Marion,Indianapolis,I-65 SB 113.7 MM & .,Vehicle,SAME DIRECTION SIDESWIPE,SPEED TOO FAST FOR WEATHER CONDITIONS,SSI,DARK (LIGHTED),RAIN,WATER (STANDING OR MOVING),True,39.7875289916992,-86.1667404174805
904836867,2025,2025-11-07,Marion,Indianapolis,S HUNTER ROAD & SOUTHEASTERN AVENUE,Vehicle,OTHER - EXPLAIN IN NARRATIVE,FAILURE TO YIELD RIGHT OF WAY,SSI,DAYLIGHT,CLEAR,DRY,False,39.7272300720215,-86.049560546875
904676323,2025,2025-02-21,Hendricks,STILESVILLE,US 40 & CR 300 W,Vehicle,RAN OFF ROAD,FAILURE TO MAINTAIN LANE,SSI,DARK (NOT LIGHTED),CLEAR,DRY,False,39.6530532836914,-86.5776824951172
904730786,2025,2025-05-25,Marion,Lawrence,I- 465 & NONE,Vehicle,REAR END,UNSAFE SPEED,SSI,DAWN/DUSK,CLOUDY,DRY,True,39.8363876342773,-86.0383453369141
904784314,2025,2025-08-03,Marion,Indianapolis,I-465 & I-465,Pedestrian,OTHER - EXPLAIN IN NARRATIVE,PEDESTRIAN ACTION,Fatal,DARK (NOT LIGHTED),CLEAR,DRY,True,39.8345489501953,-86.2757873535156
904710346,2025,2025-04-29,Boone,,SR 47 & I-65 NB 146 EXIT RAMP,Vehicle,OTHER - EXPLAIN IN NARRATIVE,FAILURE TO YIELD RIGHT OF WAY,SSI,DAYLIGHT,RAIN,WET,True,40.1265258789063,-86.5162887573242
904676472,2025,2025-02-05,Hendricks,Plainfield,US 40 & RONALD REAGAN PKWY,Vehicle,RIGHT ANGLE,DISREGARD SIGNAL/REG SIGN,Fatal,DAYLIGHT,CLOUDY,DRY,False,39.7272567749023,-86.3369903564453
904693193,2025,2025-03-30,Hamilton,Fishers,SR 37 RAMP S TO I69 S,Vehicle,OTHER - EXPLAIN IN NARRATIVE,SPEED TOO FAST FOR WEATHER CONDITIONS,SSI,DARK (LIGHTED),RAIN,WET,True,39.9566040039062,-86.0083694458008
904766450,2025,2025-07-18,Marion,Indianapolis,LYNHURST DR & MILLER ST,Pedalcycle,OTHER - EXPLAIN IN NARRATIVE,PEDESTRIAN ACTION,Fatal,DAYLIGHT,CLEAR,DRY,False,39.7452583312988,-86.2501602172852
904837320,2025,2025-11-10,Boone,Whitestown,I65  131 MMSB & N/A,Vehicle,SAME DIRECTION SIDESWIPE,ROADWAY SURFACE CONDITION,SSI,DARK (NOT LIGHTED),BLOWING SAND/SOIL/SNOW,SNOW/SLUSH,True,39.9595909118652,-86.3691482543945
904730997,2025,2025-05-26,Marion,Indianapolis,EISENHOWER DR & STEINMETZ,Vehicle,OTHER - EXPLAIN IN NARRATIVE,UNSAFE SPEED,SSI,DAYLIGHT,CLEAR,DRY,False,39.8274536132812,-86.2582931518555
904710461,2025,2025-04-26,Marion,Indianapolis,N. SHADELAND AVENUE & E. 38TH STREET,Pedestrian,RIGHT ANGLE,DISREGARD SIGNAL/REG SIGN,SSI,DARK (LIGHTED),CLEAR,DRY,False,39.8257141113281,-86.0459594726563
904784546,2025,2025-08-20,Hancock,FORTVILLE,N 50 W & W 1000 N,Vehicle,RIGHT ANGLE,FAILURE TO YIELD RIGHT OF WAY,Fatal,DAYLIGHT,CLOUDY,DRY,False,39.9297790527344,-85.8150100708008
904748251,2025,2025-06-19,Morgan,MONROVIA,N GASBURG ROAD & SR 42,Vehicle,OTHER - EXPLAIN IN NARRATIVE,SPEED TOO FAST FOR WEATHER CONDITIONS,SSI,DAYLIGHT,CLEAR,WET,False,39.591178894043,-86.4318695068359
904837880,2025,2025-11-08,Morgan,Brooklyn,N OLD STATE RD 67 & MCCLURE BLVD,Vehicle,RAN OFF ROAD,FAILURE TO MAINTAIN LANE,Fatal,DAYLIGHT,CLEAR,DRY,False,39.5417556762695,-86.3714904785156
904766636,2025,2025-07-23,Johnson,Franklin,N MORTON ST. & BANTA ST.,Vehicle,RAN OFF ROAD,OTHER (ENVIRONMENTAL) - EXPLAIN IN NARR,SSI,DAYLIGHT,CLEAR,DRY,False,39.4839401245117,-86.0642395019531
904784592,2025,2025-07-15,Johnson,,88.2 MM I 65 SB & 88.2 MM I 65 SB,Vehicle,REAR END,FAILURE TO MAINTAIN LANE,Fatal,DAYLIGHT,CLEAR,DRY,True,39.4640197753906,-86.0043334960938
904710717,2025,2025-04-25,Marion,Indianapolis,GEORGETOWN RD & W 71ST ST,Pedalcycle,SAME DIRECTION SIDESWIPE,PEDESTRIAN ACTION,SSI,DARK (NOT LIGHTED),CLEAR,DRY,False,39.8848342895508,-86.2437210083008
904693204,2025,2025-03-31,Hamilton,Noblesville,CHERRY STREET & BLAZIER TRACE,Vehicle,RAN OFF ROAD,UNSAFE SPEED,SSI,DARK (NOT LIGHTED),CLEAR,DRY,False,40.0073699951172,-86.0537796020508
904676599,2025,2025-02-23,Marion,Indianapolis,I-70 WB,Vehicle,RAN OFF ROAD,UNSAFE LANE MOVEMENT,SSI,DARK (LIGHTED),CLEAR,DRY,True,39.8021774291992,-86.083625793457
904731036,2025,2025-05-29,Marion,Indianapolis,PENNSYLVANIA ST  & 11TH ST,Pedalcycle,HEAD ON BETWEEN TWO MOTOR VEHICLES,IMPROPER TURNING,SSI,DAYLIGHT,CLOUDY,DRY,False,39.7822456359863,-86.15576171875
904748353,2025,2025-06-24,Shelby,BOGGSTOWN,425 W & RANGE RD.,Vehicle,RAN OFF ROAD,FAILURE TO MAINTAIN LANE,SSI,DAYLIGHT,CLEAR,DRY,False,39.530876159668,-85.8583908081055
904838408,2025,2025-11-10,Boone,Lebanon,LEBANON STREET & MAIN STREET,Pedestrian,OTHER - EXPLAIN IN NARRATIVE,FAILURE TO YIELD RIGHT OF WAY,SSI,DAYLIGHT,CLEAR,WET,False,40.0474166870117,-86.4691696166992
904784830,2025,2025-08-21,Marion,Indianapolis,S KEYSTONE AVE & CHURCHMAN AVE,Vehicle,REAR END,FAILURE TO YIELD RIGHT OF WAY,SSI,DAYLIGHT,CLEAR,DRY,False,39.7403526306152,-86.1210479736328
904693572,2025,2025-03-28,Marion,Lawrence,PENDLETON PIKE & RUSTIC CT,Vehicle,RIGHT ANGLE,FAILURE TO YIELD RIGHT OF WAY,SSI,DARK (NOT LIGHTED),CLEAR,DRY,False,39.8829727172851,-85.9455337524414
904710753,2025,2025-04-24,Marion,Indianapolis,MASSACHUSETS AVE. & E 38TH ST. ST.,Vehicle,RIGHT ANGLE,FAILURE TO YIELD RIGHT OF WAY,SSI,DAWN/DUSK,CLEAR,DRY,False,39.8249778747559,-86.0507431030273
904676648,2025,2025-02-23,Marion,Indianapolis,I-70 & I-70,Vehicle,OTHER - EXPLAIN IN NARRATIVE,OTHER (DRIVER) - EXPLAIN IN NARRATIVE,SSI,DARK (LIGHTED),CLEAR,DRY,True,39.8057289123535,-86.0654983520508
904766699,2025,2025-07-22,Shelby,MOUNT AUBURN(SHELBY),W 1000 S & S 600 W,Vehicle,OTHER - EXPLAIN IN NARRATIVE,FAILURE TO MAINTAIN LANE,SSI,DAYLIGHT,CLEAR,DRY,False,39.3779144287109,-85.8942031860352
904693710,2025,2025-03-26,Marion,Indianapolis,SIEAR TERRACE & APPLETON DR,Pedestrian,NON-COLLISION,PEDESTRIAN ACTION,SSI,DAYLIGHT,CLEAR,DRY,False,39.6486854553223,-86.1179962158203
904710767,2025,2025-04-29,Marion,Indianapolis,SENATE BLVD & W 21ST ST,Pedalcycle,LEFT TURN,IMPROPER TURNING,SSI,DAYLIGHT,CLEAR,DRY,False,39.7944450378418,-86.1631317138672
904785214,2025,2025-08-21,Hancock,Greenfield,BROADWAY STREET & W MCKENZIE RD,Vehicle,SAME DIRECTION SIDESWIPE,FAILURE TO YIELD RIGHT OF WAY,SSI,DAYLIGHT,CLEAR,DRY,False,39.7993774414062,-85.7844924926758
904748420,2025,2025-06-24,Marion,Lawrence,RILEY RD & SYCAMORE,Vehicle,OPPOSITE DIRECTION SIDESWIPE,UNSAFE LANE MOVEMENT,SSI,DAYLIGHT,CLEAR,DRY,False,39.8855018615723,-85.9494400024414
904731902,2025,2025-05-29,Hendricks,NORTH SALEM,LADOGA RD & CR 725 W,Vehicle,RAN OFF ROAD,OTHER (DRIVER) - EXPLAIN IN NARRATIVE,SSI,DARK (NOT LIGHTED),CLEAR,DRY,False,39.8765487670898,-86.6628723144531
904839426,2025,2025-10-23,Marion,Indianapolis,PROSPECT ST & LAUREL ST,Vehicle,RIGHT ANGLE,IMPROPER TURNING,SSI,DAYLIGHT,CLEAR,DRY,False,39.7524185180664,-86.1354293823242
904710779,2025,2025-04-29,Marion,Indianapolis,465 RAMP,Vehicle,LEFT TURN,FAILURE TO YIELD RIGHT OF WAY,SSI,DAYLIGHT,CLOUDY,WET,False,39.7517280578613,-86.035530090332
904676670,2025,2025-02-15,Marion,Indianapolis,MITTHOEFER ROAD & EAST 38TH STREET,Pedestrian,NON-COLLISION,PEDESTRIAN ACTION,SSI,DARK (LIGHTED),RAIN,WET,False,39.8264923095703,-85.991096496582
904732003,2025,2025-06-01,Boone,,CR 150 W & CR 300 N,Vehicle,RIGHT ANGLE,OTHER (DRIVER) - EXPLAIN IN NARRATIVE,SSI,DAYLIGHT,CLEAR,DRY,False,40.0812606811523,-86.4969482421875
904693739,2025,2025-03-26,Marion,Indianapolis,RAYMOND ST & SHERMAN DR,Vehicle,REAR END,UNSAFE SPEED,Fatal,DAYLIGHT,CLEAR,DRY,False,39.7381248474121,-86.0959701538086
904748629,2025,2025-06-20,Shelby,WALDRON,E MICHIGAN RD & MIDDLETOWN ROAD,Pedestrian,SAME DIRECTION SIDESWIPE,OTHER (DRIVER) - EXPLAIN IN NARRATIVE,SSI,DARK (NOT LIGHTED),CLEAR,DRY,False,39.4564247131348,-85.6413116455078
904839484,2025,2025-11-09,Marion,Indianapolis,ROCKVILLE RD & I- 465,Vehicle,LEFT TURN,FAILURE TO YIELD RIGHT OF WAY,SSI,DARK (LIGHTED),RAIN,WET,True,39.7646827697754,-86.2675247192383
904767083,2025,2025-07-16,Marion,Indianapolis,I65,Vehicle,REAR END,FOLLOWING TOO CLOSELY,SSI,DAYLIGHT,CLEAR,DRY,True,39.7829475402832,-86.1591567993164
904710990,2025,2025-04-30,Marion,Indianapolis,THOMPSON ROAD & CAMDEN STREET,Vehicle,RIGHT ANGLE,FAILURE TO YIELD RIGHT OF WAY,SSI,DAYLIGHT,CLEAR,DRY,False,39.6933441162109,-86.1439208984375
904785230,2025,2025-07-30,Shelby,FAIRLAND,I-74 WB,Pedestrian,OTHER - EXPLAIN IN NARRATIVE,PEDESTRIAN ACTION,Fatal,DARK (NOT LIGHTED),CLEAR,WET,True,39.6187400817871,-85.8706588745117
904676789,2025,2025-02-18,Marion,Indianapolis,N ILLINOIS ST & W MICHIGAN ST,Pedestrian,RIGHT ANGLE,FAILURE TO YIELD RIGHT OF WAY,Fatal,DAYLIGHT,CLOUDY,DRY,False,39.7741928100586,-86.1596374511719
904732096,2025,2025-05-31,Hamilton,Noblesville,N 10TH ST,Vehicle,RAN OFF ROAD,LEFT OF CENTER,SSI,DAYLIGHT,CLEAR,DRY,False,40.0536079406738,-86.0121994018555
904694176,2025,2025-03-28,Morgan,MORGANTOWN,EAST STATE ROAD 135 & ARNOLD STREET,Vehicle,REAR END,DRIVER DISTRACTED - EXPLAIN IN NARRATIVE,SSI,DAYLIGHT,CLEAR,DRY,False,39.3723297119141,-86.2555999755859
904748642,2025,2025-06-25,Johnson,TRAFALGAR,BRAXTON ST ; DOLLAR GENERAL MA,Pedestrian,LEFT TURN,DRIVER DISTRACTED - EXPLAIN IN NARRATIVE,SSI,DAYLIGHT,CLEAR,DRY,False,39.4209136962891,-86.157600402832