id,year,date,county,city,cross_street,crash_type,manner,primary_factor,ssi_fatal,light,weather,surface,interstate,lat,lon
904839515,2025,2025-11-09,Marion,Indianapolis,COLD SPRING RD & I- 65,Vehicle,RIGHT ANGLE,FAILURE TO YIELD RIGHT OF WAY,SSI,DAYLIGHT,CLOUDY,WET,True,39.8230781555176,-86.1993179321289
904711082,2025,2025-04-28,Johnson,Greenwood,SR 135 & DEMAREE RD,Vehicle,HEAD ON BETWEEN TWO MOTOR VEHICLES,FAILURE TO MAINTAIN LANE,SSI,DAYLIGHT,CLEAR,DRY,False,39.5859451293945,-86.159049987793
904785257,2025,2025-08-22,Hamilton,,SR 38 & PRAIRIE BAPTIST RD,Vehicle,REAR END,UNSAFE SPEED,SSI,DAYLIGHT,CLEAR,DRY,False,40.0300178527832,-85.9005661010742
904677276,2025,2025-02-24,Marion,Indianapolis,KEYSTONE AVE & 26TH ST,Vehicle,RIGHT ANGLE,FAILURE TO YIELD RIGHT OF WAY,SSI,DAYLIGHT,CLEAR,DRY,False,39.8038749694824,-86.1214752197266
904732321,2025,2025-05-30,Marion,Indianapolis,N FRANKLIN RD  & E PENWAY ST,Pedestrian,OTHER - EXPLAIN IN NARRATIVE,PEDESTRIAN ACTION,SSI,DAYLIGHT,CLEAR,DRY,False,39.8228988647461,-86.0268783569336
904711584,2025,2025-04-30,Hamilton,Carmel,RIVER RD & SILAS MOFFITT WAY,Vehicle,RAN OFF ROAD,UNSAFE SPEED,Fatal,DAYLIGHT,CLEAR,DRY,False,39.9818229675293,-86.0489501953125
904767125,2025,2025-07-25,Johnson,Franklin,WALTERS LN.,Vehicle,RAN OFF ROAD,UNSAFE SPEED,SSI,DARK (NOT LIGHTED),CLEAR,DRY,False,39.4947509765625,-86.0269470214844
904677363,2025,2025-02-22,Marion,Indianapolis,MADISON AV & E MCCARTY ST,Vehicle,RIGHT ANGLE,DISREGARD SIGNAL/REG SIGN,Fatal,DARK (LIGHTED),CLOUDY,DRY,False,39.7565002441406,-86.1573333740234
904785494,2025,2025-08-23,Hancock,,N 600 W & W F W MARKS DR,Vehicle,RAN OFF ROAD,BRAKE FAILURE OR DEFECTIVE,SSI,DAYLIGHT,CLEAR,DRY,False,39.8217811584473,-85.9149932861328
904694484,2025,2025-04-01,Marion,Indianapolis,N SHADELAND AVE & 10TH STREET,Pedestrian,LEFT TURN,FAILURE TO YIELD RIGHT OF WAY,SSI,DAYLIGHT,CLEAR,DRY,False,39.7800331115723,-86.0453567504883
904840041,2025,2025-11-06,Marion,Indianapolis,E STOP 11 RD & SIEAR TER,Pedestrian,NON-COLLISION,PEDESTRIAN ACTION,SSI,DARK (NOT LIGHTED),CLEAR,DRY,False,39.6502151489258,-86.1180725097656
904748797,2025,2025-06-25,Morgan,MARTINSVILLE,N MAIN ST & E HARRISON ST.,Vehicle,RIGHT ANGLE,VIEW OBSTRUCTED,SSI,DAYLIGHT,CLEAR,DRY,False,39.4297065734863,-86.4286117553711
904840056,2025,2025-11-07,Marion,Indianapolis,S LYNHURST DR & MARTHA ST,Vehicle,HEAD ON BETWEEN TWO MOTOR VEHICLES,OTHER (VEHICLE) - EXPLAIN IN NARRATIVE,SSI,DAYLIGHT,CLEAR,DRY,False,39.7460823059082,-86.2502059936523
904694765,2025,2025-04-02,Marion,Indianapolis,N TIBBS AV & W WALNUT ST,Vehicle,HEAD ON BETWEEN TWO MOTOR VEHICLES,LEFT OF CENTER,SSI,DARK (LIGHTED),CLOUDY,DRY,False,39.7766647338867,-86.2161407470703
904767232,2025,2025-07-25,Boone,Lebanon,I- 65 & 140.8,Vehicle,RAN OFF ROAD,SPEED TOO FAST FOR WEATHER CONDITIONS,SSI,DAYLIGHT,RAIN,WET,True,40.0552101135254,-86.4932479858398
904732384,2025,2025-05-30,Marion,Indianapolis,N KEYSTONE AVE & 6100 ST,Vehicle,RIGHT ANGLE,IMPROPER TURNING,SSI,DAYLIGHT,CLEAR,DRY,False,39.8666191101074,-86.122184753418
904785575,2025,2025-08-22,Hamilton,Westfield,LITTLE EAGLE CREEK AVENUE & 166TH STREET,Vehicle,RAN OFF ROAD,UNSAFE SPEED,SSI,DAYLIGHT,CLOUDY,DRY,False,40.0264320373535,-86.2138137817383
904711789,2025,2025-05-01,Hamilton,Noblesville,"SR 37 S  & TOWN AND COUNTRY BLVD, NOBLESV",Pedestrian,RIGHT TURN,PEDESTRIAN ACTION,SSI,DAYLIGHT,CLOUDY,DRY,False,40.0324249267578,-85.9953918457031
904677469,2025,2025-02-25,Hancock,,US 52 &  300 W,Vehicle,RIGHT ANGLE,DISREGARD SIGNAL/REG SIGN,SSI,DARK (NOT LIGHTED),CLEAR,DRY,False,39.7136154174805,-85.8572387695312
904748826,2025,2025-06-25,Shelby,SHELBYVILLE,N RILEY HWY & RALEIGH BLVD / MORRISTOWN ROAD,Vehicle,RIGHT ANGLE,DISREGARD SIGNAL/REG SIGN,SSI,DAYLIGHT,CLEAR,DRY,False,39.5539741516113,-85.7757568359375
904840885,2025,2025-11-01,Marion,Indianapolis,I-465 NB AT THE 42.9MM,Vehicle,SAME DIRECTION SIDESWIPE,FAILURE TO MAINTAIN LANE,SSI,DARK (LIGHTED),CLEAR,DRY,True,39.8117370605469,-86.0307693481445
904695199,2025,2025-03-28,Marion,Indianapolis,I465 NB 39.7 MM,Vehicle,BACKING CRASH,BRAKE FAILURE OR DEFECTIVE,SSI,DAYLIGHT,CLEAR,DRY,True,39.8558235168457,-86.0471496582031
904767291,2025,2025-07-25,Boone,Lebanon,STATE ROAD 39 & 300 N,Vehicle,RAN OFF ROAD,OTHER (DRIVER) - EXPLAIN IN NARRATIVE,Fatal,DARK (NOT LIGHTED),CLOUDY,DRY,False,40.0813217163086,-86.4761581420898
904732392,2025,2025-06-01,Morgan,MARTINSVILLE,SR 44 & BARKER LN,Vehicle,RAN OFF ROAD,UNSAFE SPEED,SSI,DAYLIGHT,CLEAR,DRY,False,39.4429168701172,-86.3353042602539
904785647,2025,2025-07-07,Marion,Indianapolis,S EMERSON AVE & PROSPECT ST,Vehicle,RAN OFF ROAD,UNSAFE SPEED,SSI,DAYLIGHT,CLEAR,DRY,False,39.7528762817383,-86.082893371582
904711831,2025,2025-05-01,Marion,Indianapolis,US 31 S & STOP 11 RD,Vehicle,RIGHT ANGLE,UNSAFE SPEED,SSI,DAYLIGHT,CLEAR,DRY,False,39.647632598877,-86.1355361938477
904677484,2025,2025-02-27,Hamilton,Fishers,116TH STREET & CUMBERLAND ROAD,Vehicle,LEFT TURN,FAILURE TO YIELD RIGHT OF WAY,SSI,DAYLIGHT,CLEAR,DRY,False,39.956958770752,-85.9969253540039
904840890,2025,2025-11-13,Boone,,I 65 NB,Vehicle,REAR END,DRIVER ILLNESS,SSI,DARK (NOT LIGHTED),CLEAR,DRY,True,40.1371192932129,-86.5226058959961
904767634,2025,2025-07-24,Boone,Lebanon,N LEBANON ST & ULEN DR,Vehicle,RAN OFF ROAD,OTHER (DRIVER) - EXPLAIN IN NARRATIVE,SSI,DAYLIGHT,CLEAR,DRY,False,40.0555305480957,-86.4703521728516
904841082,2025,2025-11-10,Marion,Indianapolis,N DELAWARE ST & E NORTH ST,Pedestrian,OTHER - EXPLAIN IN NARRATIVE,PEDESTRIAN ACTION,SSI,DAYLIGHT,CLEAR,DRY,False,39.7755813598633,-86.1542205810547
904749967,2025,2025-06-26,Hamilton,Noblesville,146 ST & CHERRY TREE RD,Pedalcycle,RIGHT ANGLE,DISREGARD SIGNAL/REG SIGN,SSI,DAYLIGHT,CLEAR,DRY,False,40.0004081726074,-86.0581512451172
904732405,2025,2025-05-30,Morgan,MONROVIA,BALTIMORE & MAIN STR,Vehicle,REAR END,DRIVER ILLNESS,SSI,DAYLIGHT,CLEAR,DRY,False,39.5788841247559,-86.4873809814453
904785833,2025,2025-08-24,Hamilton,Noblesville,LITTLE CHICAGO RD & SR 38,Vehicle,RIGHT ANGLE,FAILURE TO YIELD RIGHT OF WAY,SSI,DAYLIGHT,CLEAR,DRY,False,40.0699119567871,-86.0713653564453
904695250,2025,2025-04-02,Hendricks,,CR 75 W & CR 200 S,Vehicle,COLLISION WITH OBJECT IN ROAD,ANIMAL/OBJECT IN ROADWAY,Fatal,DARK (NOT LIGHTED),RAIN,WET,False,39.7336502075195,-86.5376358032227
904711917,2025,2025-05-01,Marion,Lawrence,E 46TH ST & DEAN ST,Vehicle,REAR END,UNSAFE LANE MOVEMENT,SSI,DAYLIGHT,CLEAR,DRY,False,39.8403930664062,-86.0484848022461
904677774,2025,2025-02-01,Hendricks,Avon,E US HIGHWAY 36 & RONALD REAGAN PW,Pedestrian,RIGHT TURN,PEDESTRIAN ACTION,SSI,DAWN/DUSK,CLEAR,DRY,False,39.7637023925781,-86.3371200561523
904712267,2025,2025-05-01,Hamilton,Carmel,GRAY RD  & E 116TH ST,Pedalcycle,RIGHT ANGLE,OTHER (DRIVER) - EXPLAIN IN NARRATIVE,SSI,DAYLIGHT,CLEAR,DRY,False,39.9583511352539,-86.0893783569336
904695275,2025,2025-04-01,Marion,Indianapolis,BINFORD BLVD & ALLISONVILLE RD,Vehicle,RIGHT ANGLE,FAILURE TO YIELD RIGHT OF WAY,SSI,DAYLIGHT,CLEAR,DRY,False,39.8364181518555,-86.1187591552734
904786236,2025,2025-08-22,Marion,Indianapolis,S SHERMAN DR & ALODA ST,Pedalcycle,SAME DIRECTION SIDESWIPE,FAILURE TO YIELD RIGHT OF WAY,Fatal,DAYLIGHT,CLEAR,DRY,False,39.7480964660644,-86.1019821166992
904768075,2025,2025-07-26,Shelby,BENGAL,W 500S & S 900W,Vehicle,RAN OFF ROAD,FAILURE TO MAINTAIN LANE,SSI,DARK (NOT LIGHTED),CLOUDY,DRY,False,39.4509201049805,-85.951042175293
904842223,2025,2025-10-27,Marion,Indianapolis,W 34TH ST & N ALLISON AV,Pedestrian,RIGHT ANGLE,PEDESTRIAN ACTION,SSI,DAYLIGHT,CLEAR,DRY,False,39.8165702819824,-86.2478256225586
904750454,2025,2025-06-26,Hamilton,SHERIDAN(HAMILTON),GEORGIA ST  & FIRST ST,Vehicle,RAN OFF ROAD,UNSAFE SPEED,Fatal,DAYLIGHT,CLEAR,DRY,False,40.1380043029785,-86.2194595336914
904732416,2025,2025-05-31,Marion,Indianapolis,VIRGINIA AVENUE & E MCCARTY STREET,Vehicle,REAR END,FOLLOWING TOO CLOSELY,SSI,DARK (LIGHTED),CLEAR,DRY,False,39.7560653686523,-86.1439819335938
904677795,2025,2025-02-27,Marion,Indianapolis,S POST RD & E TROY AVE,Vehicle,RIGHT ANGLE,DISREGARD SIGNAL/REG SIGN,SSI,DARK (NOT LIGHTED),CLEAR,DRY,False,39.7256126403809,-86.0085983276367
904712293,2025,2025-04-29,Marion,Indianapolis,I465NB,Vehicle,RAN OFF ROAD,UNSAFE LANE MOVEMENT,SSI,DAYLIGHT,RAIN,WET,False,39.8671875,-86.2709808349609
904695423,2025,2025-04-01,Hamilton,Westfield,169TH STREET,Vehicle,RAN OFF ROAD,DRIVER ILLNESS,SSI,DAYLIGHT,CLEAR,DRY,False,40.03125,-86.1782379150391
904786467,2025,2025-08-24,Marion,Indianapolis,N TIBBS AVE & W 17TH ST,Vehicle,REAR END,FOLLOWING TOO CLOSELY,SSI,DAYLIGHT,CLEAR,DRY,False,39.7909355163574,-86.2158355712891
904768306,2025,2025-07-18,Marion,Indianapolis,S EAST ST & E ELBERT ST,Vehicle,RIGHT ANGLE,DISREGARD SIGNAL/REG SIGN,Fatal,DARK (LIGHTED),CLEAR,DRY,False,39.6924667358398,-86.1486892700195
904842224,2025,2025-11-07,Marion,Indianapolis,I-465 NB AT THE 37.8MM,Vehicle,REAR END,FOLLOWING TOO CLOSELY,SSI,DAYLIGHT,CLEAR,DRY,True,39.8829498291016,-86.0476379394531
904751058,2025,2025-06-26,Hendricks,Plainfield,STATE ROAD 267,Vehicle,OTHER - EXPLAIN IN NARRATIVE,OTHER (VEHICLE) - EXPLAIN IN NARRATIVE,SSI,DAYLIGHT,CLOUDY,DRY,False,39.6693954467773,-86.3711624145508
904732439,2025,2025-05-31,Marion,Indianapolis,S EAST ST & E THOMPSON ROAD,Vehicle,REAR END,FOLLOWING TOO CLOSELY,SSI,DAYLIGHT,CLEAR,DRY,False,39.6931114196777,-86.1487426757813
904678034,2025,2025-02-28,Boone,Whitestown,INDIANAPOLIS RD & CR 550 S,Vehicle,RAN OFF ROAD,UNSAFE SPEED,SSI,DAYLIGHT,CLEAR,DRY,False,39.9606094360351,-86.3759765625
904712438,2025,2025-04-28,Marion,Beech Grove,EMERSON AVE  & SHEAR AVE,Pedestrian,LEFT/RIGHT TURN,PEDESTRIAN ACTION,SSI,DAYLIGHT,CLEAR,DRY,False,39.7013130187988,-86.0827331542969
904695778,2025,2025-04-03,Hamilton,Westfield,CAREY ROAD,Vehicle,NON-COLLISION,PEDESTRIAN ACTION,SSI,DAYLIGHT,CLEAR,DRY,False,40.0238914489746,-86.1062545776367
904786493,2025,2025-08-24,Marion,Indianapolis,ROCKVILLE RD & COSSELL DR,Vehicle,OTHER - EXPLAIN IN NARRATIVE,FOLLOWING TOO CLOSELY,SSI,DAYLIGHT,CLEAR,DRY,False,39.7649307250976,-86.2462310791016
904786514,2025,2025-08-09,Marion,Indianapolis,GERMAN CHURCH RD & STONYBROOK DR.,Vehicle,REAR END,FOLLOWING TOO CLOSELY,SSI,DAYLIGHT,CLEAR,DRY,False,39.8073768615723,-85.9716949462891
904786819,2025,2025-08-18,Hamilton,Fishers,LANTERN RD & SUNBLEST BLVD,Vehicle,REAR END,FOLLOWING TOO CLOSELY,SSI,DAYLIGHT,CLEAR,DRY,False,39.9649810791016,-86.0139923095703
904787034,2025,2025-08-26,Hamilton,Fishers,SOUTHEASTERN PKWY & OLIO RD,Vehicle,RAN OFF ROAD,DRIVER ILLNESS,SSI,DARK (NOT LIGHTED),CLEAR,DRY,False,39.9881782531738,-85.9195098876953
904787193,2025,2025-08-17,Marion,Lawrence,I- 465 NB AT THE 39.9MM,Vehicle,RAN OFF ROAD,UNSAFE LANE MOVEMENT,SSI,DARK (LIGHTED),CLEAR,WET,True,39.8528175354004,-86.0470886230469
904787227,2025,2025-08-16,Morgan,MONROVIA,DOWDEN DR & STATE ROAD 39,Vehicle,RAN OFF ROAD,UNSAFE SPEED,SSI,DAYLIGHT,CLEAR,DRY,False,39.5429344177246,-86.4713516235352
904787416,2025,2025-08-25,Hancock,,S PARKVIEW DR & W BRISTOL WAY,Vehicle,OTHER - EXPLAIN IN NARRATIVE,OVERCORRECTING/OVERSTEERING,SSI,DAYLIGHT,CLEAR,DRY,False,39.7457275390625,-85.9491500854492
904787722,2025,2025-08-26,Morgan,MONROVIA,ROMINE RD & E BUNKERHILL RD,Vehicle,LEFT TURN,FAILURE TO YIELD RIGHT OF WAY,SSI,DAYLIGHT,CLEAR,DRY,False,39.5638999938965,-86.4175415039063
904787844,2025,2025-08-26,Hamilton,Fishers,HUNTINGTON AVE & E 131ST ST,Vehicle,REAR END,OTHER (ENVIRONMENTAL) - EXPLAIN IN NARR,SSI,DAYLIGHT,CLEAR,DRY,False,39.9797973632812,-86.0040054321289
904787912,2025,2025-08-22,Marion,Indianapolis,N EMERSON AVE & 34TH ST,Vehicle,LEFT TURN,FAILURE TO YIELD RIGHT OF WAY,SSI,DAYLIGHT,CLEAR,DRY,False,39.8183746337891,-86.0835037231445
904787926,2025,2025-08-22,Marion,Indianapolis,E 30TH ST & N BOLTON AVE,Vehicle,RAN OFF ROAD,OTHER (DRIVER) - EXPLAIN IN NARRATIVE,Fatal,DAYLIGHT,CLEAR,DRY,False,39.8110733032226,-86.0667114257813
904788298,2025,2025-08-26,Marion,Indianapolis,SOUTHEASTERN AVE & S HUNTER RD,Vehicle,RIGHT ANGLE,DISREGARD SIGNAL/REG SIGN,SSI,DAYLIGHT,CLEAR,DRY,False,39.7271385192871,-86.0494842529297
904788338,2025,2025-08-26,Marion,Indianapolis,WEST 38TH STREET & MOLLER RD,Vehicle,LEFT TURN,FAILURE TO YIELD RIGHT OF WAY,SSI,DARK (LIGHTED),CLEAR,DRY,False,39.8237342834473,-86.2560958862305
904788442,2025,2025-08-27,Marion,Indianapolis,400 S PENNSYLVANIA ST & 100 E SOUTH ST,Vehicle,LEFT TURN,IMPROPER TURNING,SSI,DAYLIGHT,CLEAR,DRY,False,39.7613410949707,-86.1565780639648
904788702,2025,2025-08-27,Hamilton,Westfield,SR 32 & SPRING MILL ROAD,Vehicle,REAR END,FOLLOWING TOO CLOSELY,SSI,DAYLIGHT,CLEAR,DRY,False,40.0425834655762,-86.1652679443359
904789190,2025,2025-08-28,Marion,Indianapolis,S EAST ST & E HANNA AVE,Vehicle,NON-COLLISION,FAILURE TO MAINTAIN LANE,Fatal,DARK (LIGHTED),CLEAR,DRY,False,39.7078857421875,-86.1489334106445
904789824,2025,2025-08-30,Boone,Lebanon,,Vehicle,SAME DIRECTION SIDESWIPE,OTHER (DRIVER) - EXPLAIN IN NARRATIVE,SSI,DARK (LIGHTED),CLEAR,DRY,False,40.0320816040039,-86.4669036865234
904789841,2025,2025-08-30,Hancock,McCordsville,6900 US ROUTE 36 & PRIVATE DRIVE TO MEIJER (6939,Vehicle,RIGHT ANGLE,DISREGARD SIGNAL/REG SIGN,SSI,DAYLIGHT,CLEAR,DRY,False,39.8882484436035,-85.935302734375
904790162,2025,2025-08-29,Hendricks,Plainfield,STATE ROAD 267 & E COUNTY ROAD 450 S,Vehicle,RIGHT ANGLE,DISREGARD SIGNAL/REG SIGN,SSI,DARK (LIGHTED),CLEAR,DRY,False,39.6971435546875,-86.370979309082
904790511,2025,2025-08-30,Shelby,SHELBYVILLE,MILLER ST & JACKSON ST,Vehicle,COLLISION WITH OBJECT IN ROAD,OTHER (DRIVER) - EXPLAIN IN NARRATIVE,SSI,DAYLIGHT,CLEAR,DRY,False,39.5238227844238,-85.784553527832
904790919,2025,2025-08-31,Marion,Indianapolis,S MERIDIAN ST & E TROY AVE,Vehicle,RIGHT ANGLE,OTHER (DRIVER) - EXPLAIN IN NARRATIVE,SSI,DARK (LIGHTED),CLEAR,DRY,False,39.7224388122559,-86.1587753295898
904791074,2025,2025-08-26,Marion,Indianapolis,COLLEGE AVENUE & 20TH STREET,Vehicle,RIGHT ANGLE,DISREGARD SIGNAL/REG SIGN,SSI,DAWN/DUSK,CLEAR,DRY,False,39.794017791748,-86.1448059082031
904791149,2025,2025-08-31,Hamilton,Carmel,SHRAWLEY CT & CROMER WAY,Vehicle,NON-COLLISION,OTHER (VEHICLE) - EXPLAIN IN NARRATIVE,SSI,DAYLIGHT,CLEAR,DRY,False,39.9980888366699,-86.2193222045898
904791205,2025,2025-09-01,Marion,Indianapolis,N. POST RD.  & FRONTENAC RD.,Vehicle,RIGHT ANGLE,FAILURE TO YIELD RIGHT OF WAY,SSI,DARK (NOT LIGHTED),CLEAR,DRY,False,39.8202438354492,-86.0098648071289
904791515,2025,2025-08-29,Marion,Indianapolis,N ILLINOIS ST & KESSLER BLVD W DR,Vehicle,OPPOSITE DIRECTION SIDESWIPE,UNSAFE SPEED,SSI,DAYLIGHT,CLEAR,DRY,False,39.8621597290039,-86.1597366333008
904791587,2025,2025-09-01,Marion,Indianapolis,E. 46TH ST  & BINFORD AVE,Vehicle,HEAD ON BETWEEN TWO MOTOR VEHICLES,DISREGARD SIGNAL/REG SIGN,SSI,DAYLIGHT,CLEAR,DRY,False,39.840259552002,-86.1129913330078
904792011,2025,2025-08-29,Johnson,Greenwood,S US 31 & ORCHARD LN,Vehicle,OTHER - EXPLAIN IN NARRATIVE,OVERCORRECTING/OVERSTEERING,SSI,DAWN/DUSK,CLEAR,DRY,False,39.60693359375,-86.1091613769531
904792399,2025,2025-09-02,Hendricks,Brownsburg,E NORTHFIELD DR  & E 56TH ST,Vehicle,RIGHT ANGLE,FAILURE TO YIELD RIGHT OF WAY,SSI,DAYLIGHT,CLEAR,DRY,False,39.8496589660644,-86.3829727172852
904792556,2025,2025-09-03,Marion,Indianapolis,E NEW YORK ST.  & N GALE ST,Vehicle,RIGHT ANGLE,FAILURE TO YIELD RIGHT OF WAY,SSI,DAYLIGHT,CLEAR,DRY,False,39.769157409668,-86.106201171875
904792930,2025,2025-08-15,Marion,Indianapolis,I- 465 EB & 1 MM,Vehicle,REAR END,UNSAFE SPEED,SSI,DAYLIGHT,CLEAR,DRY,True,39.700309753418,-86.1262893676758
904792972,2025,2025-09-04,Hancock,Greenfield,N STATE ST  & N STATE ST,Vehicle,REAR END,FOLLOWING TOO CLOSELY,SSI,DAYLIGHT,CLEAR,DRY,False,39.8179244995117,-85.7697677612305
904793123,2025,2025-09-01,Morgan,MARTINSVILLE,STATE RD 67  & BRADFORD WOODS RD,Vehicle,RIGHT ANGLE,FAILURE TO YIELD RIGHT OF WAY,SSI,DAYLIGHT,CLEAR,DRY,False,39.4996109008789,-86.4262771606445
904793343,2025,2025-09-04,Marion,Indianapolis,E RAYMOND ST  & SHERMAN DR,Vehicle,OTHER - EXPLAIN IN NARRATIVE,OTHER (ENVIRONMENTAL) - EXPLAIN IN NARR,SSI,DAYLIGHT,CLEAR,DRY,False,39.7379684448242,-86.1029815673828
904793397,2025,2025-09-05,Marion,Indianapolis,N MICHIGAN RD  & 65TH ST,Vehicle,HEAD ON BETWEEN TWO MOTOR VEHICLES,LEFT OF CENTER,SSI,DARK (LIGHTED),CLEAR,DRY,False,39.8743095397949,-86.2047271728516
904793439,2025,2025-08-31,Marion,Indianapolis,W 71 ST,Vehicle,RAN OFF ROAD,DRIVER DISTRACTED - EXPLAIN IN NARRATIVE,SSI,DAYLIGHT,CLEAR,DRY,False,39.882381439209,-86.222900390625
904793458,2025,2025-09-05,Hendricks,Brownsburg,E CO RD 300 N  & HORNADAY RD,Vehicle,OTHER - EXPLAIN IN NARRATIVE,FAILURE TO YIELD RIGHT OF WAY,SSI,DAYLIGHT,CLEAR,DRY,False,39.807071685791,-86.3815536499023
904793596,2025,2025-09-05,Marion,Indianapolis,E THOMPSON RD  & GRINGO DR,Vehicle,REAR END,FOLLOWING TOO CLOSELY,SSI,DAYLIGHT,CLEAR,DRY,False,39.6947937011719,-86.0703353881836
904793629,2025,2025-09-02,Marion,Indianapolis,W. WASHINGTON STREET  & N. MERIDIAN STREE,Pedestrian,OTHER - EXPLAIN IN NARRATIVE,PEDESTRIAN ACTION,SSI,DAWN/DUSK,CLEAR,DRY,False,39.7670745849609,-86.1581726074219
904793742,2025,2025-09-05,Boone,Zionsville,STATE RD 334  & STONEGATE LN,Vehicle,LEFT TURN,FAILURE TO YIELD RIGHT OF WAY,SSI,DAYLIGHT,CLEAR,DRY,False,39.9496536254883,-86.3221054077148
904794102,2025,2025-09-04,Marion,Indianapolis,BROOKVILLE RD  & S POST RD,Vehicle,HEAD ON BETWEEN TWO MOTOR VEHICLES,LEFT OF CENTER,SSI,DAYLIGHT,CLEAR,DRY,False,39.7473220825195,-86.0139083862305
904794562,2025,2025-09-02,Marion,Indianapolis,LANSDOWNE RD  & CHAPEL GLEN DR,Vehicle,NON-COLLISION,UNSAFE SPEED,SSI,DAYLIGHT,CLEAR,DRY,False,39.7740478515625,-86.3165969848633
904794778,2025,2025-09-05,Marion,Indianapolis,OLIVER AVENUE & ROCHESTER AVENUE,Pedalcycle,NON-COLLISION,LEFT OF CENTER,Fatal,DAWN/DUSK,CLEAR,DRY,False,39.7572860717773,-86.2209243774414
904794928,2025,2025-08-23,Johnson,,I-65 NB AT THE 96.4MM,Vehicle,REAR END,UNSAFE LANE MOVEMENT,Fatal,DAYLIGHT,CLEAR,DRY,True,39.5788726806641,-86.0598220825195
904794989,2025,2025-09-08,Marion,Indianapolis,40TH & ARLINGTON AVE,Vehicle,RAN OFF ROAD,DRIVER ASLEEP OR FATIGUED,SSI,DAYLIGHT,BLOWING SAND/SOIL/SNOW,DRY,False,39.8310394287109,-86.0648803710938
904795140,2025,2025-09-05,Hendricks,,CR 700 S,Vehicle,RAN OFF ROAD,FAILURE TO MAINTAIN LANE,SSI,DAYLIGHT,CLOUDY,DRY,False,39.6594543457031,-86.4389877319336
904795231,2025,2025-09-07,Marion,Indianapolis,S TIBBS AVE & W RAYMOND ST,Vehicle,RIGHT ANGLE,DISREGARD SIGNAL/REG SIGN,SSI,DAWN/DUSK,CLEAR,DRY,False,39.7348709106445,-86.2158508300781
904795271,2025,2025-09-08,Hancock,,US HWY 52 & ARBOR DR,Vehicle,REAR END,FOLLOWING TOO CLOSELY,SSI,DAYLIGHT,CLEAR,DRY,False,39.7272834777832,-85.9194717407227
904795277,2025,2025-09-07,Marion,Indianapolis,DELBROOK DR & W 79TH ST,Vehicle,RIGHT ANGLE,LEFT OF CENTER,Fatal,DARK (LIGHTED),CLEAR,DRY,False,39.8974494934082,-86.1864776611328
904795386,2025,2025-09-06,Marion,Indianapolis,TEMPLE AVE,Vehicle,COLLISION WITH OBJECT IN ROAD,OTHER (ENVIRONMENTAL) - EXPLAIN IN NARR,SSI,DAYLIGHT,CLEAR,DRY,False,39.8144569396973,-86.1195602416992
904795442,2025,2025-09-08,Shelby,,W 500 N & N 100 W,Vehicle,COLLISION WITH ANIMAL OTHER,ANIMAL/OBJECT IN ROADWAY,SSI,DAYLIGHT,CLEAR,DRY,False,39.5988731384277,-85.7969665527344
904795548,2025,2025-09-08,Marion,Indianapolis,10TH ST & WATERWAY BLVD,Pedalcycle,COLLISION WITH OBJECT IN ROAD,FAILURE TO YIELD RIGHT OF WAY,SSI,DAYLIGHT,CLEAR,DRY,False,39.7811546325684,-86.1813659667969
904795652,2025,2025-09-07,Marion,Indianapolis,PERSHING AVE & W 13TH ST,Vehicle,REAR END,OTHER (DRIVER) - EXPLAIN IN NARRATIVE,SSI,DAYLIGHT,CLEAR,DRY,False,39.7852973937988,-86.1995315551758
904795735,2025,2025-09-06,Hamilton,Carmel,E 106TH ST & WESTFIELD BLVD,Pedestrian,LEFT/RIGHT TURN,OTHER (DRIVER) - EXPLAIN IN NARRATIVE,SSI,DAYLIGHT,CLEAR,DRY,False,39.941707611084,-86.1269149780273
904796000,2025,2025-09-08,Hendricks,Avon,CR 200 N & SAVIN DR.,Vehicle,REAR END,OTHER (DRIVER) - EXPLAIN IN NARRATIVE,SSI,DAYLIGHT,CLEAR,WET,False,39.8077201843262,-86.1924285888672
904796061,2025,2025-09-09,Hancock,Greenfield,N MERIDIAN RD & MCKENZIE RD,Vehicle,LEFT TURN,ENGINE FAILURE OR DEFECTIVE,SSI,DAWN/DUSK,CLEAR,DRY,False,39.799072265625,-85.8020401000977
904796142,2025,2025-09-01,Marion,Indianapolis,SHERMAN DR & SHELBYVILLE RD,Vehicle,SAME DIRECTION SIDESWIPE,IMPROPER LANE USAGE,SSI,DAYLIGHT,CLEAR,DRY,False,39.6942329406738,-86.1011962890625
904796165,2025,2025-08-24,Marion,Indianapolis,I 465 SB 11.2 MM,Vehicle,REAR END,FOLLOWING TOO CLOSELY,SSI,DAYLIGHT,CLEAR,DRY,True,39.7400970458984,-86.2644271850586
904796422,2025,2025-09-10,Hendricks,Brownsburg,WB I-74 & RONALD REAGAN PKWY,Vehicle,RAN OFF ROAD,DRIVER ASLEEP OR FATIGUED,SSI,DAWN/DUSK,CLEAR,DRY,True,39.8426933288574,-86.3589782714844
904796563,2025,2025-09-10,Boone,THORNTOWN,US HWY 52 & 450 N,Vehicle,OTHER - EXPLAIN IN NARRATIVE,OTHER (DRIVER) - EXPLAIN IN NARRATIVE,SSI,DARK (NOT LIGHTED),CLEAR,DRY,False,39.7805480957031,-86.2828903198242