id,year,date,county,city,cross_street,crash_type,manner,primary_factor,ssi_fatal,light,weather,surface,interstate,lat,lon
904796835,2025,2025-09-10,Johnson,Franklin,N MORTON ST & LEMLEY ST,Vehicle,RIGHT TURN,FAILURE TO YIELD RIGHT OF WAY,SSI,DAYLIGHT,CLEAR,DRY,False,39.4932022094726,-86.0646209716797
904796884,2025,2025-08-26,Marion,Indianapolis,I- 465 EB AT THE 1.5MM,Vehicle,REAR END,UNSAFE LANE MOVEMENT,SSI,DAYLIGHT,CLEAR,DRY,True,39.698902130127,-86.1358337402344
904797068,2025,2025-09-01,Marion,Indianapolis,I69 SB AT THE 200MM,Vehicle,RAN OFF ROAD,OTHER (ENVIRONMENTAL) - EXPLAIN IN NARR,SSI,DAYLIGHT,CLEAR,DRY,True,39.9209976196289,-86.1840896606445
904797169,2025,2025-09-10,Hamilton,,I 465 E & US 31,Vehicle,REAR END,UNSAFE LANE MOVEMENT,SSI,DAYLIGHT,CLEAR,DRY,True,40.1609230041504,-86.0347442626953
904797194,2025,2025-09-11,Marion,Indianapolis,WASHINGTON BLVD & 38TH STREET,Vehicle,REAR END,FOLLOWING TOO CLOSELY,SSI,DAYLIGHT,CLEAR,DRY,False,39.7544898986816,-86.2448577880859
904797384,2025,2025-09-10,Marion,Indianapolis,SUNSET AVE & W 47TH ST,Vehicle,NON-COLLISION,DISREGARD SIGNAL/REG SIGN,SSI,DARK (LIGHTED),CLEAR,DRY,False,39.8408241271973,-86.169075012207
904797643,2025,2025-08-26,Hamilton,Fishers,I-69 SB AT THE 204.9MM & -,Vehicle,REAR END,FOLLOWING TOO CLOSELY,SSI,DAYLIGHT,CLEAR,DRY,True,39.9563026428223,-86.0081405639649
904797656,2025,2025-09-11,Marion,Indianapolis,E 34TH ST & N DEQUINCY ST,Vehicle,REAR END,FOLLOWING TOO CLOSELY,SSI,DAYLIGHT,CLEAR,DRY,False,39.8221244812012,-86.1217346191406
904797726,2025,2025-09-09,Hamilton,Westfield,SR 32 & AUSTRIAN PINE WAY,Vehicle,LEFT TURN,FAILURE TO YIELD RIGHT OF WAY,SSI,DARK (LIGHTED),CLEAR,DRY,False,40.0425758361816,-86.1560516357422
904797790,2025,2025-08-30,Marion,Beech Grove,I- 465 EB AT THE 0.8MM,Vehicle,NON-COLLISION,UNSAFE LANE MOVEMENT,SSI,DARK (LIGHTED),CLEAR,DRY,True,39.7010498046875,-86.0921096801758
904797808,2025,2025-09-01,Hendricks,Plainfield,DEVONSHIRE AVE & THATCHER LN,Pedestrian,OTHER - EXPLAIN IN NARRATIVE,OTHER (ENVIRONMENTAL) - EXPLAIN IN NARR,SSI,DAYLIGHT,CLEAR,DRY,False,39.7364845275879,-86.3692245483398
904798028,2025,2025-09-11,Johnson,Whiteland,WHITELAND RD & US 31,Vehicle,RIGHT ANGLE,DISREGARD SIGNAL/REG SIGN,SSI,DARK (LIGHTED),CLEAR,DRY,False,39.5499076843262,-86.0870208740234
904798165,2025,2025-08-27,Marion,Indianapolis,I465 & WB,Vehicle,SAME DIRECTION SIDESWIPE,UNSAFE LANE MOVEMENT,SSI,DAYLIGHT,CLEAR,DRY,True,39.9157447814941,-86.0921096801758
904798197,2025,2025-09-13,Boone,Whitestown,PERRY WORTH/JUNIORS WAY,Vehicle,RAN OFF ROAD,OTHER (DRIVER) - EXPLAIN IN NARRATIVE,SSI,DARK (LIGHTED),CLEAR,DRY,False,39.9500465393066,-86.3557662963867
904798198,2025,2025-09-12,Hamilton,SHERIDAN(HAMILTON),HAMILTON BOONE COUNTY LINE RD & 196 ST,Vehicle,RAN OFF ROAD,LEFT OF CENTER,SSI,DARK (NOT LIGHTED),CLEAR,DRY,False,40.0732078552246,-86.2414703369141
904798782,2025,2025-09-14,Hamilton,Noblesville,GREENFIELD AVE & CUMBERLAND RD,Vehicle,OTHER - EXPLAIN IN NARRATIVE,DISREGARD SIGNAL/REG SIGN,SSI,DAWN/DUSK,CLEAR,DRY,False,40.0206336975098,-85.9951477050781
904798873,2025,2025-09-14,Hamilton,Noblesville,LITTLE CHICAGO & STATE ROAD 38,Vehicle,RAN OFF ROAD,STEERING FAILURE,SSI,DAYLIGHT,CLEAR,DRY,False,40.072883605957,-86.0713348388672
904799095,2025,2025-09-01,Marion,Indianapolis,10TH ST. & TUXEDO DR,Vehicle,RIGHT ANGLE,DISREGARD SIGNAL/REG SIGN,SSI,DAYLIGHT,CLEAR,DRY,False,39.781364440918,-86.1083145141602
904799490,2025,2025-09-10,Marion,Indianapolis,E. 30TH ST & PAWNEE RD,Vehicle,REAR END,IMPROPER LANE USAGE,SSI,DAWN/DUSK,CLEAR,DRY,False,39.8116912841797,-85.9822769165039
904799510,2025,2025-09-11,Marion,Indianapolis,I-70,Vehicle,OTHER - EXPLAIN IN NARRATIVE,OTHER (DRIVER) - EXPLAIN IN NARRATIVE,SSI,DAYLIGHT,CLEAR,DRY,True,39.7144165039063,-86.2621231079102
904799821,2025,2025-09-12,Hendricks,,ENTERPRISE DR & UPLAND WAY,Vehicle,RAN OFF ROAD,OTHER (DRIVER) - EXPLAIN IN NARRATIVE,SSI,DARK (NOT LIGHTED),CLEAR,DRY,False,39.6413726806641,-86.3298187255859
904800053,2025,2025-09-10,Shelby,SHELBYVILLE,N RILEY HWY & BASSETT ROAD,Vehicle,HEAD ON BETWEEN TWO MOTOR VEHICLES,FAILURE TO MAINTAIN LANE,SSI,DARK (NOT LIGHTED),CLEAR,DRY,False,39.5648155212402,-85.776123046875
904800320,2025,2025-09-03,Marion,Indianapolis,I-70 WB 83.9 MM,Vehicle,SAME DIRECTION SIDESWIPE,UNSAFE LANE MOVEMENT,SSI,DAYLIGHT,CLEAR,DRY,True,39.7891426086426,-86.1288681030274
904800400,2025,2025-09-16,Boone,Zionsville,STATE RD 267 & E 650 S,Vehicle,REAR END,OTHER (DRIVER) - EXPLAIN IN NARRATIVE,SSI,DAYLIGHT,CLEAR,DRY,False,39.9456901550293,-86.3979873657227
904800718,2025,2025-09-16,Hancock,,STATE ROAD 9 & 300S,Vehicle,NON-COLLISION,DRIVER DISTRACTED - EXPLAIN IN NARRATIVE,SSI,DAYLIGHT,CLEAR,DRY,False,39.742488861084,-85.7639236450195
904800752,2025,2025-09-16,Shelby,FOUNTAINTOWN,E 1100 N & N STATE RD 9,Vehicle,HEAD ON BETWEEN TWO MOTOR VEHICLES,FAILURE TO YIELD RIGHT OF WAY,SSI,DARK (NOT LIGHTED),CLEAR,DRY,False,39.6836853027344,-85.7733764648438
904732875,2025,2025-06-02,Marion,Indianapolis,EDGEWOOD AVE & SHELBY STREET,Vehicle,RIGHT ANGLE,DISREGARD SIGNAL/REG SIGN,SSI,DAYLIGHT,CLEAR,DRY,False,39.6794662475586,-86.1394500732422
904695903,2025,2025-03-30,Marion,Indianapolis,I65 NB 113 MM,Vehicle,REAR END,OTHER (VEHICLE) - EXPLAIN IN NARRATIVE,SSI,DARK (LIGHTED),RAIN,WET,True,39.7827949523926,-86.1530075073242
904733068,2025,2025-05-27,Marion,Indianapolis,STATE AVE  & GIMBER ST,Pedestrian,RIGHT ANGLE,PEDESTRIAN ACTION,SSI,DARK (LIGHTED),CLEAR,DRY,False,39.7278289794922,-86.1302642822266
904696081,2025,2025-04-04,Boone,Whitestown,SUGAR MAPLE DRIVE,Vehicle,RAN OFF ROAD,OVERCORRECTING/OVERSTEERING,SSI,DAYLIGHT,CLOUDY,DRY,False,39.9481925964355,-86.3306198120117
904678278,2025,2025-02-28,Hamilton,Noblesville,CAMPUS PKWY,Vehicle,RAN OFF ROAD,OTHER (DRIVER) - EXPLAIN IN NARRATIVE,SSI,DAYLIGHT,CLEAR,DRY,False,39.9917106628418,-85.9258804321289
904733206,2025,2025-05-15,Marion,Indianapolis,I-70 EB  & I-70 EB,Pedestrian,OTHER - EXPLAIN IN NARRATIVE,PEDESTRIAN ACTION,SSI,DAYLIGHT,CLEAR,DRY,True,39.8066177368164,-86.058219909668
904696106,2025,2025-04-04,Boone,Lebanon,I65 NB 135.5MM,Vehicle,RAN OFF ROAD,FAILURE TO MAINTAIN LANE,Fatal,DAYLIGHT,CLOUDY,DRY,True,40.0042839050293,-86.4228897094727
904712810,2025,2025-05-02,Hancock,FORTVILLE,50,Pedestrian,LEFT TURN,FAILURE TO YIELD RIGHT OF WAY,SSI,DAYLIGHT,CLOUDY,DRY,False,39.9370384216309,-85.8151321411133
904678425,2025,2025-03-01,Hamilton,,FLORIDA RD,Vehicle,RAN OFF ROAD,OVERCORRECTING/OVERSTEERING,Fatal,DARK (NOT LIGHTED),CLEAR,DRY,False,39.9492607116699,-85.8907165527344
904696166,2025,2025-04-04,Johnson,,I-69 & COUNTY LINE ROAD,Vehicle,OTHER - EXPLAIN IN NARRATIVE,SPEED TOO FAST FOR WEATHER CONDITIONS,SSI,DARK (NOT LIGHTED),RAIN,WATER (STANDING OR MOVING),True,39.6277236938476,-86.2105484008789
904713001,2025,2025-05-03,Johnson,Edinburgh,GRANT STREET & BACHELOR STREET,Vehicle,RAN OFF ROAD,SPEED TOO FAST FOR WEATHER CONDITIONS,SSI,DARK (LIGHTED),RAIN,WET,False,39.3586692810059,-85.9619979858399
904733594,2025,2025-06-02,Hancock,,US 40 & CR 600 E,Vehicle,RIGHT ANGLE,FAILURE TO YIELD RIGHT OF WAY,Fatal,DAYLIGHT,CLEAR,DRY,False,39.7886390686035,-85.6889419555664
904678472,2025,2025-03-01,Hamilton,Fishers,OLIO RD. & 104TH ST.,Vehicle,LEFT TURN,FAILURE TO YIELD RIGHT OF WAY,SSI,DAYLIGHT,CLEAR,DRY,False,39.9378204345703,-85.9187927246094
904696261,2025,2025-04-04,Hancock,,CR600W & CR300S,Vehicle,RIGHT ANGLE,FAILURE TO YIELD RIGHT OF WAY,SSI,DAYLIGHT,CLOUDY,DRY,False,39.7420921325684,-85.9139709472656
904713073,2025,2025-05-04,Johnson,Franklin,N MORTON ST & SCHOOLHOUSE RD,Vehicle,RIGHT ANGLE,DISREGARD SIGNAL/REG SIGN,SSI,DAYLIGHT,RAIN,WET,False,39.4960479736328,-86.0654907226563
904733668,2025,2025-06-02,Johnson,Greenwood,STONEHEDGE DR E & COUNTY LINE RD,Vehicle,LEFT TURN,IMPROPER TURNING,SSI,DAYLIGHT,CLEAR,DRY,False,39.6351776123047,-86.1509475708008
904678491,2025,2025-03-01,Marion,Indianapolis,E WASHINGTON ST & N OXFORD ST,Pedestrian,COLLISION WITH OBJECT IN ROAD,PEDESTRIAN ACTION,Fatal,DARK (NOT LIGHTED),CLEAR,DRY,False,39.7684783935547,-86.114631652832
904696690,2025,2025-03-31,Marion,Indianapolis,E. 34TH STREET & N. KEYSTONE,Vehicle,RIGHT ANGLE,FAILURE TO YIELD RIGHT OF WAY,SSI,DAYLIGHT,CLOUDY,DRY,False,39.8180923461914,-86.1216659545898
904713604,2025,2025-05-02,Marion,Indianapolis,MOROSO CT,Vehicle,OTHER - EXPLAIN IN NARRATIVE,DRIVER ILLNESS,SSI,DAYLIGHT,CLOUDY,DRY,False,39.7964477539062,-86.2720108032227
904678774,2025,2025-02-28,Hendricks,Plainfield,STAFFORD RD & SIMMONS ST,Pedestrian,RIGHT ANGLE,FAILURE TO YIELD RIGHT OF WAY,SSI,DAYLIGHT,CLEAR,DRY,False,39.696949005127,-86.3873596191406
904733769,2025,2025-05-29,Marion,Indianapolis,E BANTA RD & HOMESTEAD DR,Vehicle,RIGHT ANGLE,DISREGARD SIGNAL/REG SIGN,SSI,DAYLIGHT,CLOUDY,DRY,False,39.6722297668457,-86.1255340576172
904697108,2025,2025-04-06,Marion,Indianapolis,BLUFF  & SUMNER AVENUE,Vehicle,RIGHT ANGLE,DISREGARD SIGNAL/REG SIGN,SSI,DAYLIGHT,RAIN,WET,False,39.7149467468262,-86.169303894043
904713748,2025,2025-05-03,Marion,Indianapolis,N POST RD,Vehicle,RAN OFF ROAD,BRAKE FAILURE OR DEFECTIVE,SSI,DAYLIGHT,CLEAR,DRY,False,39.8124542236328,-86.0095901489258
904733804,2025,2025-05-28,Marion,Indianapolis,N SHADELAND AVE & E 16TH ST,Vehicle,LEFT TURN,FAILURE TO YIELD RIGHT OF WAY,SSI,DAYLIGHT,CLOUDY,DRY,False,39.7891044616699,-86.0453414916992
904697121,2025,2025-04-06,Marion,Indianapolis,W. 71ST STREET & GEORGETOWN ROAD,Vehicle,HEAD ON BETWEEN TWO MOTOR VEHICLES,LEFT OF CENTER,SSI,DARK (LIGHTED),CLEAR,DRY,False,39.8820343017578,-86.2432022094727
904679111,2025,2025-03-02,Marion,Indianapolis,E EDGEWOOD AVE & SHELBY ST,Vehicle,RAN OFF ROAD,UNSAFE SPEED,SSI,DAYLIGHT,CLEAR,DRY,False,39.6794662475586,-86.1394500732422
904713841,2025,2025-04-30,Hamilton,Westfield,SHAMROCK BLVD & CREEKWOOD DR,Pedestrian,OTHER - EXPLAIN IN NARRATIVE,PEDESTRIAN ACTION,SSI,DAYLIGHT,CLEAR,DRY,False,40.0460815429688,-86.1326217651367
904734017,2025,2025-06-01,Marion,Indianapolis,KESSLER BLVD N DR & MANNING RD,Vehicle,HEAD ON BETWEEN TWO MOTOR VEHICLES,LEFT OF CENTER,SSI,DARK (NOT LIGHTED),CLEAR,DRY,False,39.8310737609863,-86.2117233276367
904697398,2025,2025-04-04,Marion,Indianapolis,I70,Vehicle,SAME DIRECTION SIDESWIPE,UNSAFE LANE MOVEMENT,SSI,DAYLIGHT,CLOUDY,DRY,True,39.7535972595215,-86.1648559570313
904679915,2025,2025-03-04,Boone,Zionsville,FORD RD & BLOOR LN,Vehicle,RAN OFF ROAD,DRIVER DISTRACTED - EXPLAIN IN NARRATIVE,Fatal,DAYLIGHT,CLOUDY,DRY,False,39.9572105407715,-86.2789688110352
904713847,2025,2025-05-04,Marion,Indianapolis,E. 75TH ST. & HAGUE RD.,Vehicle,RIGHT ANGLE,FAILURE TO YIELD RIGHT OF WAY,SSI,DAYLIGHT,RAIN,WET,False,39.8906784057617,-86.0330123901367
904734018,2025,2025-06-03,Johnson,Franklin,YOUNCE ST,Pedestrian,LEFT TURN,PEDESTRIAN ACTION,SSI,DAYLIGHT,CLEAR,DRY,False,39.5028228759766,-86.0604019165039
904697438,2025,2025-03-29,Hendricks,,CR 200 S & PURPURA DR.,Vehicle,RAN OFF ROAD,FAILURE TO MAINTAIN LANE,SSI,DAYLIGHT,CLOUDY,WET,False,39.7313423156738,-86.4909820556641
904680317,2025,2025-03-04,Hendricks,Plainfield,STATION BLVD & PENN AVE,Vehicle,OTHER - EXPLAIN IN NARRATIVE,OTHER (DRIVER) - EXPLAIN IN NARRATIVE,SSI,DAWN/DUSK,RAIN,WET,False,39.721794128418,-86.3554306030273
904714243,2025,2025-05-05,Hamilton,Fishers,STEALERS BLVD,Vehicle,OTHER - EXPLAIN IN NARRATIVE,DRIVER ILLNESS,SSI,DAYLIGHT,CLOUDY,DRY,False,39.9771881103516,-85.9447021484375
904734303,2025,2025-06-03,Johnson,Greenwood,SR 135 & W MAIN ST,Vehicle,LEFT TURN,FAILURE TO YIELD RIGHT OF WAY,SSI,DAYLIGHT,CLEAR,DRY,False,39.6131591796875,-86.1584701538086
904697439,2025,2025-04-03,Hendricks,,HENDRICKS COUNTY RD & UNION MILLS DR,Vehicle,LEFT TURN,FAILURE TO YIELD RIGHT OF WAY,SSI,DAYLIGHT,CLOUDY,DRY,False,39.6319313049316,-86.3383178710937
904680664,2025,2025-03-04,Hamilton,Noblesville,MERCANTILE BLVD & PLEASANT ST,Vehicle,RAN OFF ROAD,DRIVER ILLNESS,SSI,DAYLIGHT,CLOUDY,DRY,False,40.0380744934082,-85.9937362670898
904715273,2025,2025-05-06,Marion,Indianapolis,21ST STREET & ADMIRAL DRIVE,Vehicle,HEAD ON BETWEEN TWO MOTOR VEHICLES,IMPROPER TURNING,SSI,DAYLIGHT,CLEAR,DRY,False,39.7963409423828,-86.0598831176758
904734394,2025,2025-05-27,Hamilton,,US 31 N. (136.0),Vehicle,RAN OFF ROAD,TIRE FAILURE OR DEFECTIVE,SSI,DAYLIGHT,CLOUDY,DRY,False,40.098819732666,-86.1278839111328
904697619,2025,2025-04-07,Shelby,SHELBYVILLE,SR 9  & CR 425 N,Vehicle,HEAD ON BETWEEN TWO MOTOR VEHICLES,FAILURE TO MAINTAIN LANE,SSI,DAWN/DUSK,CLEAR,DRY,False,39.5876884460449,-85.7765502929688
904680681,2025,2025-03-05,Hamilton,Fishers,E 96TH STREET & HAGUE RD,Vehicle,LEFT TURN,FAILURE TO YIELD RIGHT OF WAY,SSI,DAYLIGHT,RAIN,WET,False,39.9271545410156,-86.0330123901367
904715484,2025,2025-05-07,Marion,Indianapolis,S EMERSON AVE & NOGGLE WAY,Vehicle,NON-COLLISION,FAILURE TO YIELD RIGHT OF WAY,SSI,DAYLIGHT,CLEAR,DRY,False,39.6383743286133,-86.0827026367188
904734426,2025,2025-05-31,Marion,Indianapolis,N DEARBORN ST & MASSACHUSETTS AV,Vehicle,REAR END,ROADWAY SURFACE CONDITION,SSI,DAYLIGHT,CLEAR,DRY,False,39.7965431213379,-86.1119232177734
904697768,2025,2025-04-03,Marion,Indianapolis,I-70,Vehicle,NON-COLLISION,FAILURE TO MAINTAIN LANE,SSI,DARK (LIGHTED),RAIN,WATER (STANDING OR MOVING),True,39.7536354064941,-86.1659851074219
904734472,2025,2025-06-04,Hendricks,,SR 267 & CR 750 S,Vehicle,HEAD ON BETWEEN TWO MOTOR VEHICLES,DISREGARD SIGNAL/REG SIGN,SSI,DAYLIGHT,CLEAR,DRY,False,39.6531257629394,-86.3705444335938
904681079,2025,2025-03-04,Marion,Indianapolis,I465,Vehicle,REAR END,ANIMAL/OBJECT IN ROADWAY,SSI,DAWN/DUSK,CLEAR,DRY,True,39.7198333740234,-86.2646560668945
904697961,2025,2025-04-08,Johnson,Whiteland,WHITELAND RD AND I-65,Vehicle,REAR END,DRIVER DISTRACTED - EXPLAIN IN NARRATIVE,SSI,DAYLIGHT,CLEAR,DRY,True,39.552417755127,-86.0407791137695
904768337,2025,2025-07-26,Johnson,Franklin,BRIDLEWOOD DR & COLONIAL WAY,Vehicle,REAR END,OTHER (DRIVER) - EXPLAIN IN NARRATIVE,SSI,DARK (NOT LIGHTED),CLEAR,DRY,False,39.5052185058594,-86.0450286865234
904715748,2025,2025-04-20,Marion,Indianapolis,LAFAYETTE RD & W 38TH STREET,Vehicle,HEAD ON BETWEEN TWO MOTOR VEHICLES,OTHER (DRIVER) - EXPLAIN IN NARRATIVE,SSI,DARK (LIGHTED),CLEAR,DRY,False,39.8240547180176,-86.2349014282227
904681292,2025,2025-03-05,Morgan,MARTINSVILLE,GRAND VALLEY,Vehicle,LEFT TURN,FAILURE TO MAINTAIN LANE,SSI,DAYLIGHT,CLOUDY,WET,False,39.419059753418,-86.4075546264648
904842752,2025,2025-11-10,Hendricks,,E CR 100 N & N CR 450 E,Vehicle,RAN OFF ROAD,SPEED TOO FAST FOR WEATHER CONDITIONS,SSI,DARK (NOT LIGHTED),BLOWING SAND/SOIL/SNOW,SNOW/SLUSH,False,39.7764549255371,-86.4483642578125
904716003,2025,2025-04-29,Morgan,MORGANTOWN,S HICKEY RD.,Vehicle,OTHER - EXPLAIN IN NARRATIVE,UNSAFE SPEED,SSI,DAYLIGHT,RAIN,WET,False,39.4061470031738,-86.2871170043945
904698251,2025,2025-04-08,Johnson,Franklin,E. KING ST. & E. KING ST AND PARIS DR.,Vehicle,HEAD ON BETWEEN TWO MOTOR VEHICLES,FAILURE TO YIELD RIGHT OF WAY,SSI,DAYLIGHT,CLEAR,DRY,False,39.4832153320312,-86.018081665039
904734566,2025,2025-05-21,Morgan,MARTINSVILLE,STATE RD 67 & DUCKWORTH RD,Vehicle,SAME DIRECTION SIDESWIPE,IMPROPER PASSING,SSI,DAYLIGHT,CLEAR,DRY,False,39.4040870666504,-86.525764465332
904768344,2025,2025-07-26,Hancock,WILKINSON,E STATE RD 234 & N 675 E,Vehicle,RIGHT ANGLE,UNSAFE SPEED,Fatal,DAWN/DUSK,CLOUDY,DRY,False,39.9018363952637,-85.6775054931641
904698284,2025,2025-04-08,Hamilton,,191 ST & PRAIRIE BAPTIST RD,Vehicle,RIGHT ANGLE,FAILURE TO YIELD RIGHT OF WAY,SSI,DAWN/DUSK,CLOUDY,DRY,False,40.0667304992676,-85.9010009765625
904734887,2025,2025-06-03,Marion,Indianapolis,N COLLEGE AVE & E 21ST ST,Vehicle,OPPOSITE DIRECTION SIDESWIPE,LEFT OF CENTER,SSI,DAYLIGHT,CLEAR,DRY,False,39.7951698303223,-86.1447219848633
904842816,2025,2025-11-14,Boone,Zionsville,129 MM I-65 S,Vehicle,RAN OFF ROAD,IMPROPER LANE USAGE,Fatal,DAYLIGHT,CLEAR,DRY,True,39.9339904785156,-86.3415679931641
904698396,2025,2025-04-08,Marion,Indianapolis,4400 EAST SOUTHPORT ROAD & SOUTH EMERSON AVENUE,Vehicle,REAR END,FOLLOWING TOO CLOSELY,SSI,DAYLIGHT,CLEAR,DRY,False,39.6657295227051,-86.0897827148438
904751077,2025,2025-06-27,Shelby,SHELBYVILLE,N HARRISON ST & W WASHINGTON STREET,Pedalcycle,RIGHT ANGLE,FAILURE TO YIELD RIGHT OF WAY,SSI,DAYLIGHT,CLEAR,DRY,False,39.5247116088867,-85.7771148681641
904681295,2025,2025-03-04,Marion,Indianapolis,I465,Vehicle,REAR END,UNSAFE LANE MOVEMENT,SSI,DAYLIGHT,CLEAR,DRY,True,39.7479858398438,-86.0362167358398
904735090,2025,2025-06-04,Marion,Lawrence,FOX RD & OAKLANDON RD,Vehicle,RIGHT ANGLE,FAILURE TO YIELD RIGHT OF WAY,SSI,DAYLIGHT,CLOUDY,DRY,False,39.90234375,-85.9589462280273
904699045,2025,2025-04-09,Marion,Indianapolis,30TH STREET & PARK AVE,Vehicle,RIGHT ANGLE,FAILURE TO YIELD RIGHT OF WAY,SSI,DAYLIGHT,CLOUDY,WET,False,39.8103408813477,-86.1472625732422
904843050,2025,2025-11-07,Marion,Lawrence,BOY SCOUT RD & SHAFTNER,Vehicle,RAN OFF ROAD,SPEED TOO FAST FOR WEATHER CONDITIONS,SSI,DAYLIGHT,CLOUDY,WET,False,39.8685722351074,-86.0370254516602
904751569,2025,2025-06-28,Marion,Indianapolis,86TH STREET & MERIDIAN STREET,Vehicle,OTHER - EXPLAIN IN NARRATIVE,IMPROPER LANE USAGE,SSI,DAYLIGHT,CLEAR,DRY,False,39.9121017456055,-86.1580276489258
904768681,2025,2025-07-25,Marion,Indianapolis,N HIGH SCHOOL,Pedestrian,REAR END,UNSAFE BACKING,SSI,DAYLIGHT,CLEAR,DRY,False,39.8601531982422,-86.2737045288086
904716647,2025,2025-05-09,Marion,Indianapolis,E 52ND ST & TACOMA AVE,Vehicle,OTHER - EXPLAIN IN NARRATIVE,OVERCORRECTING/OVERSTEERING,SSI,DARK (LIGHTED),CLEAR,DRY,False,39.8476295471191,-86.1205139160156
904681311,2025,2025-03-06,Hamilton,Westfield,US 31,Vehicle,REAR END,FAILURE TO YIELD RIGHT OF WAY,SSI,DAYLIGHT,CLEAR,DRY,False,40.0608749389648,-86.1281127929688
904735172,2025,2025-06-05,Marion,Indianapolis,E MASSACHUSETTS AVE & E 39TH STREET,Vehicle,RAN OFF ROAD,DRIVER ILLNESS,SSI,DAYLIGHT,CLOUDY,WET,False,39.8115043640137,-86.0818786621094
904699100,2025,2025-04-09,Marion,Indianapolis,SOUTHEASTERN AVE & COOLIDGE AVE,Vehicle,RIGHT ANGLE,FAILURE TO YIELD RIGHT OF WAY,SSI,DARK (NOT LIGHTED),CLEAR,DRY,False,39.723014831543,-86.0419845581055
904843065,2025,2025-11-06,Marion,Indianapolis,I65 SB,Vehicle,REAR END,FOLLOWING TOO CLOSELY,SSI,DARK (LIGHTED),CLEAR,DRY,True,39.6659164428711,-86.091796875
904751667,2025,2025-06-21,Marion,Indianapolis,MADISON AVE & ALBANY ST,Vehicle,RIGHT ANGLE,OTHER (DRIVER) - EXPLAIN IN NARRATIVE,SSI,DAYLIGHT,CLEAR,DRY,False,39.7235145568848,-86.1508865356445
904768809,2025,2025-07-25,Marion,Indianapolis,FALL CREEK PARKWAY N DR & CENTRAL AVE,Vehicle,RIGHT ANGLE,DISREGARD SIGNAL/REG SIGN,SSI,DAYLIGHT,CLEAR,DRY,False,39.8055076599121,-86.1496353149414
904716665,2025,2025-05-09,Marion,Indianapolis,W 73RD ST & HOLLIDAY DR W,Vehicle,HEAD ON BETWEEN TWO MOTOR VEHICLES,FAILURE TO MAINTAIN LANE,SSI,DARK (NOT LIGHTED),CLEAR,DRY,False,39.8866958618164,-86.1628875732422
904716740,2025,2025-05-06,Johnson,Greenwood,CHERRY TREE LN & S HONEY CREEK RD,Vehicle,RIGHT ANGLE,FAILURE TO YIELD RIGHT OF WAY,SSI,DAYLIGHT,CLEAR,DRY,False,39.5851249694824,-86.1398315429688
904717318,2025,2025-05-10,Marion,Lawrence,PENDLETON PIKE,Pedestrian,COLLISION WITH OBJECT IN ROAD,PEDESTRIAN ACTION,SSI,DAYLIGHT,CLEAR,DRY,False,39.8465881347656,-86.0129165649414
904717333,2025,2025-05-10,Johnson,,OLIVE BRANCH RD,Vehicle,HEAD ON BETWEEN TWO MOTOR VEHICLES,LEFT OF CENTER,SSI,DAYLIGHT,CLEAR,DRY,False,39.5918312072754,-86.1911239624023
904717616,2025,2025-05-09,Marion,Indianapolis,W MORRIS ST,Vehicle,HEAD ON BETWEEN TWO MOTOR VEHICLES,FAILURE TO MAINTAIN LANE,SSI,DAYLIGHT,CLEAR,DRY,False,39.7491455078125,-86.3227920532227
904717646,2025,2025-05-09,Marion,Indianapolis,ROOSEVELT AVE & 16TH ST,Vehicle,LEFT TURN,FAILURE TO YIELD RIGHT OF WAY,SSI,DAYLIGHT,CLEAR,DRY,False,39.7882232666015,-86.1319046020508
904717843,2025,2025-05-10,Morgan,MARTINSVILLE,HIGHLAND LAKES BAPTIST,Vehicle,RIGHT ANGLE,VIEW OBSTRUCTED,SSI,DAYLIGHT,CLEAR,DRY,False,39.5366058349609,-86.4645309448242
904718106,2025,2025-05-11,Johnson,Bargersville,OLD PLANK RD,Vehicle,RAN OFF ROAD,OTHER (DRIVER) - EXPLAIN IN NARRATIVE,Fatal,DARK (LIGHTED),CLEAR,DRY,False,39.5224800109863,-86.1666107177734
904718270,2025,2025-05-07,Marion,Indianapolis,I- 465,Vehicle,SAME DIRECTION SIDESWIPE,FAILURE TO MAINTAIN LANE,SSI,DAYLIGHT,CLEAR,DRY,True,39.7163581848145,-86.0529251098633
904718379,2025,2025-05-10,Marion,Indianapolis,52ND ST. & GEORGETOWN RD.,Vehicle,LEFT TURN,FAILURE TO YIELD RIGHT OF WAY,SSI,DAYLIGHT,CLEAR,DRY,False,39.8459854125976,-86.2419281005859
904718449,2025,2025-05-10,Marion,Indianapolis,6500 & ALLISONVILLE RD,Vehicle,HEAD ON BETWEEN TWO MOTOR VEHICLES,FAILURE TO YIELD RIGHT OF WAY,SSI,DARK (LIGHTED),CLEAR,DRY,False,39.8758773803711,-86.0934982299805
904718461,2025,2025-05-06,Morgan,Mooresville,NORTHEAST STREET & INDIANAPOLIS RD,Vehicle,RIGHT ANGLE,UNSAFE SPEED,SSI,DAYLIGHT,CLEAR,DRY,False,39.614860534668,-86.3655014038086
904718520,2025,2025-05-09,Morgan,MARTINSVILLE,SR 39 BYPASS  & SR 67,Pedalcycle,OTHER - EXPLAIN IN NARRATIVE,OTHER (DRIVER) - EXPLAIN IN NARRATIVE,SSI,DARK (NOT LIGHTED),CLEAR,DRY,False,39.4347763061523,-86.4510803222656