id,year,date,county,city,cross_street,crash_type,manner,primary_factor,ssi_fatal,light,weather,surface,interstate,lat,lon
904718644,2025,2025-05-11,Hendricks,STILESVILLE,CR 550 W & HENDRICKS COUNTY RD,Vehicle,RAN OFF ROAD,OTHER (DRIVER) - EXPLAIN IN NARRATIVE,SSI,DAYLIGHT,CLEAR,DRY,False,39.6154174804687,-86.6227722167969
904719079,2025,2025-05-09,Marion,Indianapolis,E 25TH ST & N OLNEY ST,Vehicle,LEFT TURN,IMPROPER PASSING,SSI,DAYLIGHT,CLEAR,DRY,False,39.8033714294434,-86.1072235107422
904719150,2025,2025-04-11,Marion,Indianapolis,MITTHOEFER & 2500,Vehicle,OPPOSITE DIRECTION SIDESWIPE,DISREGARD SIGNAL/REG SIGN,SSI,DAYLIGHT,CLEAR,DRY,False,39.8042373657226,-85.99072265625
904719163,2025,2025-05-09,Marion,Indianapolis,MICHIGAN RD & W 64TH ST,Vehicle,RIGHT ANGLE,UNSAFE SPEED,Fatal,DAYLIGHT,CLEAR,DRY,False,39.8715133666992,-86.2033843994141
904719210,2025,2025-05-10,Marion,Indianapolis,ROCKVILLE RD & FLEMING ST,Vehicle,OPPOSITE DIRECTION SIDESWIPE,LEFT OF CENTER,SSI,DARK (NOT LIGHTED),CLEAR,DRY,False,39.7643737792969,-86.2360305786133
904719318,2025,2025-05-10,Marion,Indianapolis,S SHERMAN DR & PLEASANT RUN PARKWAY NORTH DR,Vehicle,HEAD ON BETWEEN TWO MOTOR VEHICLES,UNSAFE SPEED,SSI,DAYLIGHT,CLEAR,DRY,False,39.7642364501953,-86.1020889282227
904719684,2025,2025-04-24,Hendricks,Plainfield,I70 WB NEAR 66.0MM,Vehicle,REAR END,FOLLOWING TOO CLOSELY,SSI,DAYLIGHT,CLEAR,DRY,True,39.6680641174316,-86.3706893920898
904719700,2025,2025-04-19,Marion,Indianapolis,I-65 & I-65,Vehicle,REAR END,UNSAFE SPEED,SSI,DAYLIGHT,CLEAR,DRY,True,39.8135681152344,-86.1818466186523
904719727,2025,2025-05-01,Marion,Indianapolis,I65 NB 112.8 MM,Vehicle,SAME DIRECTION SIDESWIPE,UNSAFE LANE MOVEMENT,SSI,DARK (LIGHTED),CLEAR,DRY,True,39.7827110290527,-86.149169921875
904720175,2025,2025-04-22,Marion,Indianapolis,I-465 & SOUTH BOUND,Vehicle,REAR END,UNSAFE LANE MOVEMENT,SSI,DAYLIGHT,CLEAR,DRY,True,39.8176612854004,-86.0311508178711
904720383,2025,2025-05-14,Johnson,,I 65 SB AT 86 MM,Vehicle,RAN OFF ROAD,OTHER (DRIVER) - EXPLAIN IN NARRATIVE,SSI,DAYLIGHT,CLEAR,DRY,True,39.4386978149414,-85.9844284057617
904720445,2025,2025-05-14,Hamilton,Noblesville,SR 37 & SR 32,Vehicle,SAME DIRECTION SIDESWIPE,IMPROPER LANE USAGE,SSI,DARK (NOT LIGHTED),CLEAR,WET,False,40.0515899658203,-85.9914245605469
904720573,2025,2025-05-07,Marion,Indianapolis,E RAYMOND ST  & S STATE AVE,Pedalcycle,RIGHT ANGLE,DISREGARD SIGNAL/REG SIGN,Fatal,DARK (LIGHTED),CLEAR,DRY,False,39.7375755310059,-86.130386352539
904720645,2025,2025-05-12,Marion,Indianapolis,E 30TH ST & N MERIDIAN ST,Vehicle,RIGHT ANGLE,DISREGARD SIGNAL/REG SIGN,SSI,DAYLIGHT,CLEAR,DRY,False,39.8101539611816,-86.1567840576172
904720646,2025,2025-05-12,Marion,Indianapolis,EAST 10TH STREET & NORTH KEYSTONE AVENUE,Vehicle,RAN OFF ROAD,OTHER (DRIVER) - EXPLAIN IN NARRATIVE,SSI,DAYLIGHT,CLEAR,DRY,False,39.7813148498535,-86.1213912963867
904720807,2025,2025-05-12,Marion,Indianapolis,MICHIGAN RD & KESSLER BLVD W DR,Vehicle,RIGHT ANGLE,FAILURE TO YIELD RIGHT OF WAY,SSI,DAYLIGHT,CLEAR,DRY,False,39.8535385131836,-86.1946716308594
904721073,2025,2025-05-12,Marion,Indianapolis,FURNAS RD & OLD MILL DR,Vehicle,OTHER - EXPLAIN IN NARRATIVE,OTHER (DRIVER) - EXPLAIN IN NARRATIVE,SSI,DAYLIGHT,CLEAR,DRY,False,39.6810226440429,-86.2604293823242
904721632,2025,2025-05-14,Marion,Indianapolis,S ARLINGTON AVE & RIVA RIDGE DR,Vehicle,HEAD ON BETWEEN TWO MOTOR VEHICLES,FAILURE TO MAINTAIN LANE,SSI,DAYLIGHT,CLEAR,DRY,False,39.7011528015137,-86.0634460449219
904721738,2025,2025-05-15,Marion,Indianapolis,N COLLEGE AVE & E 31ST ST,Vehicle,RIGHT ANGLE,IMPROPER TURNING,SSI,DAYLIGHT,CLEAR,DRY,False,39.8122215270996,-86.1450119018555
904722015,2025,2025-05-16,Marion,Indianapolis,N DEARBORN ST,Vehicle,RAN OFF ROAD,OTHER (ENVIRONMENTAL) - EXPLAIN IN NARR,SSI,DAYLIGHT,CLEAR,DRY,False,39.808406829834,-86.1122817993164
904722018,2025,2025-05-16,Marion,Indianapolis,7900 & FALL CREEK ROAD,Vehicle,REAR END,FAILURE TO YIELD RIGHT OF WAY,SSI,DAYLIGHT,CLEAR,DRY,False,39.8998069763184,-85.99462890625
904722062,2025,2025-05-12,Johnson,Greenwood,I65 & NB,Vehicle,SAME DIRECTION SIDESWIPE,FAILURE TO MAINTAIN LANE,SSI,DAYLIGHT,CLOUDY,DRY,True,39.6007957458496,-86.0684967041016
904723033,2025,2025-05-16,Marion,Indianapolis,W SOUTHPORT RD & GLENWICK BLVD,Vehicle,RIGHT ANGLE,FAILURE TO YIELD RIGHT OF WAY,SSI,DAYLIGHT,CLEAR,DRY,False,39.6639404296875,-86.1780395507813
904723124,2025,2025-05-15,Morgan,MARTINSVILLE,6585 N WAVERLY PARK RD,Pedalcycle,SAME DIRECTION SIDESWIPE,DRIVER DISTRACTED - EXPLAIN IN NARRATIVE,SSI,DAYLIGHT,CLEAR,DRY,False,39.5233573913574,-86.295036315918
904723430,2025,2025-05-17,Marion,Indianapolis,S EAST ST,Pedestrian,OTHER - EXPLAIN IN NARRATIVE,OTHER (DRIVER) - EXPLAIN IN NARRATIVE,SSI,DAYLIGHT,CLEAR,DRY,False,39.7129554748535,-86.1494522094726
904723533,2025,2025-05-17,Hendricks,Danville,W MAIN ST & WASHINGTON ST,Vehicle,HEAD ON BETWEEN TWO MOTOR VEHICLES,OTHER (DRIVER) - EXPLAIN IN NARRATIVE,SSI,DAYLIGHT,CLEAR,DRY,False,39.7607612609863,-86.5239105224609
904723541,2025,2025-05-17,Marion,Speedway,GEORGETOWN RD & MCCRAY ST,Vehicle,OTHER - EXPLAIN IN NARRATIVE,LEFT OF CENTER,SSI,DARK (LIGHTED),CLOUDY,DRY,False,39.7967872619629,-86.2396621704102
904723580,2025,2025-05-17,Marion,Indianapolis,W 10TH ST & N CONCORD ST,Vehicle,LEFT TURN,DISREGARD SIGNAL/REG SIGN,SSI,DAYLIGHT,CLEAR,DRY,False,39.7806549072266,-86.2106094360351
904723671,2025,2025-05-19,Marion,Indianapolis,5701 MASSACHUSETTS AVE,Vehicle,NON-COLLISION,UNSAFE SPEED,SSI,DAWN/DUSK,CLEAR,DRY,False,39.8158798217773,-86.0712738037109
904723737,2025,2025-05-17,Johnson,Greenwood,W SMITH VALLEY RD & S MADISON AVE,Vehicle,RAN OFF ROAD,UNSAFE SPEED,SSI,DARK (LIGHTED),CLOUDY,DRY,False,39.6063232421875,-86.1071166992188
904723979,2025,2025-05-19,Hamilton,Noblesville,CAMPUS PKWY & CABELA PKWY,Vehicle,RIGHT ANGLE,DISREGARD SIGNAL/REG SIGN,SSI,DAYLIGHT,CLEAR,DRY,False,39.9963111877441,-85.93359375
904724021,2025,2025-05-16,Hendricks,,CARTERSBURG RD & CR 225 E,Vehicle,RAN OFF ROAD,FAILURE TO MAINTAIN LANE,SSI,DARK (NOT LIGHTED),CLEAR,WET,False,39.7107238769531,-86.4801483154297
904724091,2025,2025-05-19,Hendricks,Avon,CR 100 S & DAN JONE RD,Vehicle,SAME DIRECTION SIDESWIPE,FAILURE TO YIELD RIGHT OF WAY,SSI,DAYLIGHT,CLEAR,DRY,False,39.7482948303223,-86.3812942504883
904724424,2025,2025-05-18,Hamilton,SHERIDAN(HAMILTON),W MULEBARN ROAD & N 226TH STREET,Vehicle,OTHER - EXPLAIN IN NARRATIVE,FAILURE TO YIELD RIGHT OF WAY,SSI,DAYLIGHT,CLEAR,DRY,False,40.1144676208496,-86.2226791381836
904724479,2025,2025-05-19,Hendricks,,WINDFALL LN & HEARTLAND BLVD,Vehicle,RAN OFF ROAD,OTHER (DRIVER) - EXPLAIN IN NARRATIVE,SSI,DAYLIGHT,CLEAR,DRY,False,39.6397361755371,-86.3346099853516
904724856,2025,2025-05-21,Boone,,CR 500 W & SR 32,Vehicle,OTHER - EXPLAIN IN NARRATIVE,DRIVER ILLNESS,SSI,DARK (NOT LIGHTED),CLEAR,WET,False,40.0540237426758,-86.5655517578125
904724952,2025,2025-04-26,Morgan,,GREENCASTLE RD & N BINGHAM RD,Vehicle,RAN OFF ROAD,FAILURE TO MAINTAIN LANE,SSI,DARK (LIGHTED),CLEAR,DRY,False,39.6160202026367,-86.4002685546875
904725782,2025,2025-05-08,Hamilton,Carmel,COLLEGE AVE,Vehicle,HEAD ON BETWEEN TWO MOTOR VEHICLES,DRIVER ILLNESS,SSI,DAYLIGHT,CLEAR,DRY,False,39.9417152404785,-86.1460494995117
904726282,2025,2025-05-10,Marion,Indianapolis,,Vehicle,SAME DIRECTION SIDESWIPE,UNSAFE LANE MOVEMENT,SSI,DAYLIGHT,CLEAR,DRY,False,39.760082244873,-86.1430587768555
904726315,2025,2025-05-22,Boone,,I65 SB AT THE 149MM,Vehicle,REAR END,UNSAFE SPEED,Fatal,DAYLIGHT,CLOUDY,WET,True,40.1720428466797,-86.5503158569336
904726683,2025,2025-05-15,Marion,Indianapolis,I-70 WB  & I-70 WB,Vehicle,REAR END,UNSAFE LANE MOVEMENT,SSI,DAYLIGHT,CLEAR,DRY,True,39.8064994812012,-86.0581588745117
904726853,2025,2025-05-23,Hamilton,Westfield,E SPRING MILL POINTE DR,Pedestrian,SAME DIRECTION SIDESWIPE,UNSAFE SPEED,SSI,DARK (LIGHTED),CLEAR,DRY,False,40.0419158935547,-86.1567230224609
904726899,2025,2025-05-23,Hamilton,Fishers,BROOKS SCHOOL RD & PORTAGE WAY,Vehicle,REAR END,OTHER (DRIVER) - EXPLAIN IN NARRATIVE,SSI,DAYLIGHT,CLOUDY,DRY,False,39.9437866210938,-85.9438171386719
904726984,2025,2025-05-24,Boone,Zionsville,106TH STREET  & DEANDRA DR,Pedalcycle,RIGHT ANGLE,FAILURE TO YIELD RIGHT OF WAY,SSI,DAYLIGHT,CLEAR,DRY,False,39.9406280517578,-86.2419967651367
904727002,2025,2025-05-24,Hendricks,Avon,E CR 100S & S CR 900E,Vehicle,SAME DIRECTION SIDESWIPE,FAILURE TO YIELD RIGHT OF WAY,SSI,DAYLIGHT,CLEAR,DRY,False,39.7485122680664,-86.3613967895508
904727701,2025,2025-05-26,Johnson,,W COUNTYLINE RD & PETERMAN RD,Vehicle,RIGHT ANGLE,DISREGARD SIGNAL/REG SIGN,SSI,DAYLIGHT,CLEAR,DRY,False,39.6346778869629,-86.1774368286133
904728014,2025,2025-05-19,Marion,Indianapolis,W EPLER AVE & BLUFF VIEW BLVD,Vehicle,RIGHT ANGLE,FAILURE TO YIELD RIGHT OF WAY,SSI,DAYLIGHT,CLEAR,DRY,False,39.6858901977539,-86.1832885742188
904728442,2025,2025-05-18,Marion,Indianapolis,E 21ST ST,Vehicle,COLLISION WITH OBJECT IN ROAD,OTHER (DRIVER) - EXPLAIN IN NARRATIVE,SSI,DARK (LIGHTED),CLEAR,DRY,False,39.7967643737793,-86.0464019775391
904728903,2025,2025-05-24,Marion,Indianapolis,W WASHINGTON ST,Vehicle,OTHER - EXPLAIN IN NARRATIVE,OTHER (DRIVER) - EXPLAIN IN NARRATIVE,SSI,DAYLIGHT,CLEAR,DRY,False,39.7350616455078,-86.3028869628906
904728928,2025,2025-05-23,Marion,Indianapolis,GASOLINE ALLEY & ROCKVILLE ROAD,Vehicle,NON-COLLISION,UNSAFE SPEED,SSI,DAYLIGHT,CLOUDY,DRY,False,39.765022277832,-86.2343368530274
904728936,2025,2025-05-18,Marion,Indianapolis,E 46TH ST  & ARLINGTON AVE,Pedestrian,OTHER - EXPLAIN IN NARRATIVE,PEDESTRIAN ACTION,Fatal,DAYLIGHT,CLEAR,DRY,False,39.8403968811035,-86.0629043579102
904728940,2025,2025-05-24,Marion,Indianapolis,W WASHINGTON ST & S RACEWAY RD,Vehicle,REAR END,FOLLOWING TOO CLOSELY,SSI,DAYLIGHT,CLEAR,DRY,False,39.7294731140137,-86.3261795043945
904729381,2025,2025-05-25,Marion,Indianapolis,WEST 16TH STREET & DR. MARTIN LUTHER KING JR STRE,Vehicle,RIGHT ANGLE,DISREGARD SIGNAL/REG SIGN,SSI,DARK (LIGHTED),CLEAR,DRY,False,39.7888946533203,-86.1684875488281
904729385,2025,2025-05-25,Marion,Indianapolis,GEORGETOWN RD & 34TH STREET,Vehicle,RIGHT ANGLE,IMPROPER TURNING,SSI,DARK (LIGHTED),CLEAR,DRY,False,39.8166999816895,-86.2399597167969
904729522,2025,2025-05-23,Johnson,Greenwood,E COUNTY LINE RD & S SHERMAN DR,Vehicle,RIGHT ANGLE,FAILURE TO YIELD RIGHT OF WAY,SSI,DAYLIGHT,CLOUDY,DRY,False,39.6358375549316,-86.1014862060547
904729595,2025,2025-04-09,Hendricks,Avon,DAN JONES ROAD & BRADFORD ROAD,Vehicle,RIGHT ANGLE,LEFT OF CENTER,Fatal,DAYLIGHT,RAIN,WET,False,39.7350616455078,-86.3810272216797
904729665,2025,2025-05-27,Marion,Indianapolis,OSCAR ROBERTSON BLVD & DR MARTIN LUTHER KING JR ST,Vehicle,RIGHT ANGLE,DISREGARD SIGNAL/REG SIGN,SSI,DAYLIGHT,CLOUDY,DRY,False,39.782112121582,-86.1683731079102
904699126,2025,2025-04-09,Marion,Indianapolis,FAIRFIELD AVENUE & WATSON ROAD,Vehicle,REAR END,IMPROPER LANE USAGE,SSI,DARK (LIGHTED),CLEAR,DRY,False,39.8187141418457,-86.1469268798828
904681905,2025,2025-02-27,Marion,Indianapolis,E 38TH ST & N TACOMA AVE,Pedestrian,OTHER - EXPLAIN IN NARRATIVE,PEDESTRIAN ACTION,SSI,DARK (LIGHTED),CLEAR,DRY,False,39.8252716064453,-86.1202392578125
904843763,2025,2025-10-26,Marion,Indianapolis,I-70 EB 86.7 MM,Vehicle,REAR END,FAILURE TO MAINTAIN LANE,Fatal,DARK (LIGHTED),CLEAR,DRY,True,39.8024024963379,-86.0784072875977
904735311,2025,2025-05-31,Johnson,Greenwood,REMINGTON POINT,Vehicle,OTHER - EXPLAIN IN NARRATIVE,UNSAFE SPEED,SSI,DAYLIGHT,CLEAR,DRY,False,39.6091384887695,-86.0775985717773
904682462,2025,2025-03-07,Marion,Indianapolis,W 79TH ST  & GEORGETOWN RD,Vehicle,LEFT TURN,FAILURE TO YIELD RIGHT OF WAY,SSI,DAYLIGHT,CLOUDY,DRY,False,39.8968124389648,-86.2410354614258
904751734,2025,2025-06-28,Marion,Indianapolis,KESSLER BLVD N DR & W 21ST ST,Vehicle,REAR END,UNSAFE SPEED,SSI,DARK (LIGHTED),CLEAR,DRY,False,39.7940330505371,-86.2111892700195
904843958,2025,2025-11-14,Marion,Indianapolis,N ARLINGTON AVE & E 46TH ST,Vehicle,RAN OFF ROAD,DRIVER ILLNESS,SSI,DARK (LIGHTED),CLEAR,DRY,False,39.8400268554688,-86.0650863647461
904699190,2025,2025-04-06,Hamilton,SHERIDAN(HAMILTON),SR 38 & LAMONG,Vehicle,HEAD ON BETWEEN TWO MOTOR VEHICLES,FAILURE TO MAINTAIN LANE,Fatal,DARK (NOT LIGHTED),CLEAR,DRY,False,40.1302108764648,-86.1934432983398
904751738,2025,2025-06-28,Marion,Indianapolis,PRODUCTION DR & W RAYMOND ST,Vehicle,NON-COLLISION,UNSAFE SPEED,SSI,DAYLIGHT,CLEAR,DRY,False,39.737377166748,-86.2612152099609
904768894,2025,2025-07-25,Marion,Indianapolis,W 38TH ST. & BENNETT DR.,Vehicle,RIGHT ANGLE,FAILURE TO YIELD RIGHT OF WAY,SSI,DAWN/DUSK,CLEAR,DRY,False,39.8236923217773,-86.2601776123047
904682573,2025,2025-03-07,Marion,Indianapolis,N KEYSTONE AVE & RIVER RD,Vehicle,HEAD ON BETWEEN TWO MOTOR VEHICLES,FAILURE TO YIELD RIGHT OF WAY,SSI,DARK (LIGHTED),CLOUDY,DRY,False,39.8905334472656,-86.1218795776367
904699989,2025,2025-04-11,Hancock,,US 40 & CR 200 W,Vehicle,RIGHT ANGLE,DISREGARD SIGNAL/REG SIGN,SSI,DARK (NOT LIGHTED),CLEAR,DRY,False,39.7819519042969,-85.8397064208984
904752409,2025,2025-06-30,Marion,Indianapolis,E 30TH ST. & N STATION ST.,Vehicle,RIGHT ANGLE,FAILURE TO YIELD RIGHT OF WAY,SSI,DAYLIGHT,CLOUDY,DRY,False,39.8107948303223,-86.1041870117188
904682618,2025,2025-03-10,Hendricks,Brownsburg,I-74 EB,Vehicle,HEAD ON BETWEEN TWO MOTOR VEHICLES,WRONG WAY ON ONE WAY,SSI,DARK (NOT LIGHTED),CLEAR,DRY,True,39.8542060852051,-86.3781433105469
904768924,2025,2025-07-26,Marion,Indianapolis,E NORTH ST. & MASSACHUSETTS AVE.,Vehicle,SAME DIRECTION SIDESWIPE,IMPROPER TURNING,SSI,DARK (LIGHTED),CLOUDY,DRY,False,39.7753829956055,-86.1485900878906
904735673,2025,2025-06-05,Marion,Indianapolis,E. 46TH STEET & RINGSTEAD WAY,Vehicle,RAN OFF ROAD,ROADWAY SURFACE CONDITION,SSI,DAYLIGHT,RAIN,WET,False,39.8411254882813,-85.9834289550781
904769103,2025,2025-07-26,Marion,Indianapolis,RAWLES AVE & S FRANKLIN RD,Vehicle,OTHER - EXPLAIN IN NARRATIVE,ANIMAL/OBJECT IN ROADWAY,SSI,DAYLIGHT,CLEAR,DRY,False,39.7619972229004,-86.0235366821289
904700122,2025,2025-04-12,Johnson,TRAFALGAR,STATE ROAD 135 & TRAFALGAR POINT PLACE,Vehicle,HEAD ON BETWEEN TWO MOTOR VEHICLES,OTHER (DRIVER) - EXPLAIN IN NARRATIVE,SSI,DAYLIGHT,CLEAR,DRY,False,39.4119338989258,-86.1583786010742
904682689,2025,2025-03-08,Marion,Indianapolis,US 31 SOUTH,Vehicle,RIGHT TURN,FAILURE TO MAINTAIN LANE,SSI,DARK (NOT LIGHTED),CLOUDY,DRY,False,39.6488609313965,-86.1363754272461
904752531,2025,2025-07-01,Boone,,SR 39  & W HORTON RD,Vehicle,RAN OFF ROAD,ANIMAL/OBJECT IN ROADWAY,SSI,DARK (NOT LIGHTED),CLEAR,DRY,False,40.1591682434082,-86.4853591918945
904843963,2025,2025-08-30,Marion,Indianapolis,DR MARTIN LUTHER KING JR ST,Pedestrian,OTHER - EXPLAIN IN NARRATIVE,OTHER (DRIVER) - EXPLAIN IN NARRATIVE,SSI,DAYLIGHT,CLEAR,DRY,False,39.8087043762207,-86.173942565918
904752565,2025,2025-06-28,Marion,Indianapolis,HOLT ROAD & KENTUCKY AVENUE,Vehicle,RIGHT ANGLE,IMPROPER TURNING,SSI,DAYLIGHT,CLOUDY,DRY,False,39.7203941345215,-86.2251358032227
904682728,2025,2025-03-09,Marion,Indianapolis,84TH ST & PAYNE RD,Vehicle,HEAD ON BETWEEN TWO MOTOR VEHICLES,ROADWAY SURFACE CONDITION,SSI,DAYLIGHT,CLEAR,DRY,False,39.9090347290039,-86.2270660400391
904700234,2025,2025-04-12,Marion,Lawrence,US-36 & MOWERY ST,Vehicle,LEFT TURN,FAILURE TO YIELD RIGHT OF WAY,SSI,DAYLIGHT,CLEAR,DRY,False,39.8385696411133,-86.0223693847656
904736137,2025,2025-06-06,Hamilton,Fishers,RIVER RIDGE DR & E 116TH ST,Vehicle,RIGHT ANGLE,FAILURE TO YIELD RIGHT OF WAY,SSI,DAYLIGHT,CLOUDY,DRY,False,39.9568061828613,-86.0490417480469
904843984,2025,2025-11-14,Marion,Indianapolis,N PENNSYLVANIA ST & E 11TH ST,Pedestrian,OTHER - EXPLAIN IN NARRATIVE,FAILURE TO YIELD RIGHT OF WAY,SSI,DARK (LIGHTED),CLEAR,DRY,False,39.782241821289,-86.1557159423828
904769124,2025,2025-07-26,Marion,Indianapolis,34TH STREET & MASSACHUSETTS AVENUE,Vehicle,HEAD ON BETWEEN TWO MOTOR VEHICLES,LEFT OF CENTER,SSI,DARK (LIGHTED),CLEAR,DRY,False,39.8183479309082,-86.0646057128906
904752986,2025,2025-07-02,Shelby,FAIRLAND,I- 74  & 101 MM,Vehicle,RAN OFF ROAD,UNSAFE SPEED,SSI,DARK (NOT LIGHTED),CLEAR,DRY,True,39.6608543395996,-85.9414367675781
904736299,2025,2025-05-22,Morgan,STILESVILLE,,Vehicle,REAR END,FOLLOWING TOO CLOSELY,SSI,DAYLIGHT,RAIN,WET,False,39.5881195068359,-86.5638885498047
904700594,2025,2025-04-13,Boone,Whitestown,E 500 S & S 575 E,Vehicle,OTHER - EXPLAIN IN NARRATIVE,UNSAFE SPEED,Fatal,DAYLIGHT,CLEAR,DRY,False,39.9678726196289,-86.3679428100586
904769158,2025,2025-07-27,Marion,Indianapolis,N. TIBBS AVE.,Vehicle,OTHER - EXPLAIN IN NARRATIVE,OVERCORRECTING/OVERSTEERING,SSI,DAYLIGHT,CLEAR,DRY,False,39.7898712158203,-86.2159118652344
904844319,2025,2025-11-16,Marion,Indianapolis,E STOP 11 RD & US HWY 31,Vehicle,LEFT TURN,DISREGARD SIGNAL/REG SIGN,SSI,DARK (LIGHTED),CLEAR,DRY,False,39.6499137878418,-86.1371383666992
904682735,2025,2025-03-09,Marion,Indianapolis,FOREST MANOR AVW & NORROSE,Vehicle,HEAD ON BETWEEN TWO MOTOR VEHICLES,FAILURE TO YIELD RIGHT OF WAY,SSI,DAYLIGHT,CLEAR,DRY,False,39.8303070068359,-86.0979843139648
904700929,2025,2025-04-14,Hendricks,Plainfield,E MAIN STREET & WILLIAMS TRCE,Vehicle,RIGHT ANGLE,FAILURE TO YIELD RIGHT OF WAY,SSI,DAWN/DUSK,CLEAR,DRY,False,39.7185935974121,-86.3550033569336
904844371,2025,2025-11-17,Johnson,,69,Vehicle,OTHER - EXPLAIN IN NARRATIVE,OTHER (VEHICLE) - EXPLAIN IN NARRATIVE,SSI,DARK (NOT LIGHTED),CLEAR,DRY,False,39.5822639465332,-86.2358551025391
904769225,2025,2025-07-27,Marion,Indianapolis,KESSLER BLVD E DR & ALLISONVILLE RD,Vehicle,RIGHT ANGLE,DISREGARD SIGNAL/REG SIGN,SSI,DARK (LIGHTED),CLEAR,DRY,False,39.8624000549316,-86.1000671386719
904736434,2025,2025-05-24,Marion,Indianapolis,,Vehicle,NON-COLLISION,UNSAFE SPEED,SSI,DAWN/DUSK,CLEAR,DRY,False,39.7470436096191,-86.1399765014648
904682976,2025,2025-03-02,Hendricks,COATESVILLE,VONTRESS STREET,Vehicle,HEAD ON BETWEEN TWO MOTOR VEHICLES,FAILURE TO MAINTAIN LANE,Fatal,DARK (NOT LIGHTED),CLEAR,DRY,False,39.684253692627,-86.6670379638672
904701144,2025,2025-04-08,Marion,Indianapolis,I70 WB,Vehicle,REAR END,UNSAFE LANE MOVEMENT,SSI,DARK (LIGHTED),CLEAR,DRY,True,39.799488067627,-86.0282897949219
904844837,2025,2025-11-15,Marion,Indianapolis,82ND ST. & SHADELAND AVE.,Vehicle,RAN OFF ROAD,FAILURE TO MAINTAIN LANE,SSI,DARK (LIGHTED),CLEAR,DRY,False,39.9051666259766,-86.0453643798828
904769271,2025,2025-07-28,Marion,Indianapolis,FRANKLIN ROAD & MIDSUMMER DRIVE,Pedestrian,OTHER - EXPLAIN IN NARRATIVE,OTHER (DRIVER) - EXPLAIN IN NARRATIVE,SSI,DARK (NOT LIGHTED),RAIN,WET,False,39.7101936340332,-86.0176544189453
904736812,2025,2025-05-28,Johnson,Greenwood,I- 65,Vehicle,RAN OFF ROAD,DRIVER ILLNESS,SSI,DAYLIGHT,CLEAR,DRY,True,39.5785026550293,-86.059684753418
904682998,2025,2025-02-20,Marion,Indianapolis,I-465 & MICHIGAN RD,Vehicle,LEFT TURN,DISREGARD SIGNAL/REG SIGN,SSI,DAYLIGHT,CLEAR,DRY,True,39.9229164123535,-86.2280654907226
904701201,2025,2025-04-12,Marion,Indianapolis,VALLEY AVE,Vehicle,RAN OFF ROAD,LEFT OF CENTER,SSI,DAYLIGHT,CLEAR,DRY,False,39.7910232543945,-86.1229019165039
904845084,2025,2025-11-07,Marion,Indianapolis,I-465 NB AT THE 16.7MM,Vehicle,SAME DIRECTION SIDESWIPE,UNSAFE LANE MOVEMENT,SSI,DAYLIGHT,CLEAR,DRY,True,39.8184089660645,-86.2754974365234
904737092,2025,2025-05-30,Hamilton,Fishers,96TH ST & WOODLANDS DR,Vehicle,RAN OFF ROAD,OTHER (DRIVER) - EXPLAIN IN NARRATIVE,Fatal,DARK (LIGHTED),CLOUDY,DRY,False,39.9270286560059,-85.989616394043
904683061,2025,2025-03-06,Marion,Indianapolis,6400 WEST 21ST STREET & HIGH SCHOOL ROAD,Vehicle,HEAD ON BETWEEN TWO MOTOR VEHICLES,LEFT OF CENTER,SSI,DAWN/DUSK,CLEAR,WET,False,39.7941284179687,-86.2715377807617
904769379,2025,2025-07-25,Hendricks,Danville,WEST MAIN ST & CROSS ST,Vehicle,REAR END,FAILURE TO YIELD RIGHT OF WAY,SSI,DAYLIGHT,CLEAR,DRY,False,39.7607765197754,-86.5262298583984
904701206,2025,2025-04-14,Marion,Indianapolis,I- 465,Vehicle,REAR END,FOLLOWING TOO CLOSELY,SSI,DAYLIGHT,CLEAR,DRY,True,39.7973976135254,-86.0351638793945
904753110,2025,2025-06-20,Marion,Indianapolis,HARTMAN DR,Vehicle,RIGHT ANGLE,FAILURE TO YIELD RIGHT OF WAY,SSI,DAYLIGHT,CLEAR,DRY,False,39.8306427001953,-86.0389862060547
904845636,2025,2025-10-25,Marion,Indianapolis,BEACHWAY DR & BEACHVIEW DR,Vehicle,RIGHT ANGLE,IMPROPER LANE USAGE,SSI,DARK (LIGHTED),CLEAR,DRY,False,39.7755470275879,-86.2697906494141
904701268,2025,2025-04-13,Johnson,Greenwood,CHANEY AVENUE & 200 E,Vehicle,OTHER - EXPLAIN IN NARRATIVE,UNSAFE SPEED,SSI,DARK (LIGHTED),CLEAR,DRY,False,39.6164283752441,-86.0690078735352
904753288,2025,2025-06-27,Johnson,Greenwood,AVERITT RD & W CUTSINGER RD,Vehicle,RIGHT ANGLE,FAILURE TO YIELD RIGHT OF WAY,SSI,DAYLIGHT,CLEAR,DRY,False,39.588321685791,-86.1207809448242
904737193,2025,2025-06-06,Shelby,SHELBYVILLE,W FRANKLIN ST & TOMKINS ST,Pedalcycle,RIGHT ANGLE,FAILURE TO YIELD RIGHT OF WAY,SSI,DAYLIGHT,CLEAR,DRY,False,39.5251808166504,-85.7778167724609
904683663,2025,2025-03-11,Shelby,SHELBYVILLE,E WASHINGTON ST & N VINE ST,Vehicle,REAR END,DRIVER DISTRACTED - EXPLAIN IN NARRATIVE,SSI,DAYLIGHT,CLEAR,DRY,False,39.5244026184082,-85.7677993774414