id,year,date,county,city,cross_street,crash_type,manner,primary_factor,ssi_fatal,light,weather,surface,interstate,lat,lon
904845651,2025,2025-11-18,Marion,Indianapolis,S HARDING ST & TERMINAL RD,Vehicle,RIGHT ANGLE,LEFT OF CENTER,Fatal,DARK (NOT LIGHTED),RAIN,WET,False,39.7067985534668,-86.1870803833008
904769651,2025,2025-07-28,Marion,Indianapolis,W. BANTA RD. & S. CONCORD ST.,Vehicle,OTHER - EXPLAIN IN NARRATIVE,IMPROPER PASSING,SSI,DARK (LIGHTED),CLEAR,DRY,False,39.6709022521973,-86.2107849121094
904701304,2025,2025-04-10,Marion,Indianapolis,1700 E TROY & TINDALL ST,Pedalcycle,RIGHT ANGLE,PEDESTRIAN ACTION,Fatal,DAYLIGHT,CLEAR,DRY,False,39.7230529785156,-86.1293487548828
904753571,2025,2025-07-01,Morgan,,W KELLER HILL RD,Vehicle,RAN OFF ROAD,DRIVER DISTRACTED - EXPLAIN IN NARRATIVE,SSI,DAYLIGHT,CLEAR,DRY,False,39.6007385253906,-86.457145690918
904737789,2025,2025-06-07,Marion,Indianapolis,GEORGETOWN RD & SANTA MONICA DR,Vehicle,LEFT TURN,FAILURE TO YIELD RIGHT OF WAY,SSI,DAYLIGHT,CLOUDY,DRY,False,39.8946342468262,-86.2411346435547
904683849,2025,2025-03-10,Marion,Indianapolis,E. THOMPSON RD. & CAMDEN ST.,Vehicle,RIGHT ANGLE,UNSAFE SPEED,Fatal,DAYLIGHT,CLEAR,DRY,False,39.6933174133301,-86.1439361572266
904845769,2025,2025-11-14,Marion,Indianapolis,N SHADELAND AVE & E 34TH ST,Pedalcycle,REAR END,PEDESTRIAN ACTION,Fatal,DARK (NOT LIGHTED),CLOUDY,DRY,False,39.8184127807617,-86.0457611083984
904769703,2025,2025-07-28,Marion,Indianapolis,STATE AVE & NEW YORK ST,Vehicle,REAR END,DRIVER DISTRACTED - EXPLAIN IN NARRATIVE,SSI,DARK (NOT LIGHTED),CLEAR,DRY,False,39.7710762023926,-86.1306228637695
904701381,2025,2025-04-13,Marion,Indianapolis,4800 E SOUTHPORT ROAD & I-65 EXIT RAMP,Vehicle,OTHER - EXPLAIN IN NARRATIVE,ROADWAY SURFACE CONDITION,SSI,DARK (NOT LIGHTED),CLEAR,DRY,True,39.6659240722656,-86.0864181518555
904753925,2025,2025-07-03,Boone,,STATE RD 32  & 600 WEST,Vehicle,HEAD ON BETWEEN TWO MOTOR VEHICLES,FAILURE TO YIELD RIGHT OF WAY,SSI,DAYLIGHT,CLEAR,DRY,False,40.0541114807129,-86.5818710327148
904737848,2025,2025-06-07,Marion,Indianapolis,KENTUCKY AVE,Vehicle,RAN OFF ROAD,OTHER (DRIVER) - EXPLAIN IN NARRATIVE,SSI,DAYLIGHT,CLOUDY,DRY,False,39.7270011901855,-86.2107696533203
904684957,2025,2025-03-13,Marion,Indianapolis,WATERGATE RD & WATERGATE CT,Pedestrian,OTHER - EXPLAIN IN NARRATIVE,PEDESTRIAN ACTION,SSI,DARK (NOT LIGHTED),CLEAR,DRY,False,39.8162994384766,-86.2507858276367
904845988,2025,2025-11-19,Marion,Indianapolis,N SHERMAN DR & E 25TH ST,Vehicle,RAN OFF ROAD,OVERCORRECTING/OVERSTEERING,Fatal,DARK (LIGHTED),CLOUDY,DRY,False,39.8034248352051,-86.1024627685547
904770057,2025,2025-07-26,Marion,Indianapolis,E 91ST ST & N MERIDIAN ST,Vehicle,RAN OFF ROAD,LEFT OF CENTER,Fatal,DAYLIGHT,CLEAR,DRY,False,39.9197273254395,-86.1570587158203
904701384,2025,2025-04-13,Marion,Indianapolis,WILSON RD & TRADERS LANE,Vehicle,HEAD ON BETWEEN TWO MOTOR VEHICLES,OTHER (DRIVER) - EXPLAIN IN NARRATIVE,SSI,DAYLIGHT,CLEAR,DRY,False,39.8863945007324,-86.3094177246094
904753944,2025,2025-06-30,Shelby,MORRISTOWN,US HWY 52 & N BLUE RIVER RD,Vehicle,REAR END,UNSAFE SPEED,SSI,DAYLIGHT,CLEAR,DRY,False,39.6774139404297,-85.7136688232422
904754085,2025,2025-07-03,Marion,Indianapolis,E COUNTY LINE RD  & S SHERMAN DR,Vehicle,HEAD ON BETWEEN TWO MOTOR VEHICLES,FAILURE TO YIELD RIGHT OF WAY,SSI,DARK (LIGHTED),CLEAR,DRY,False,39.6359062194824,-86.1014938354492
904737959,2025,2025-06-08,Marion,Indianapolis,COUNTRY CLUB RD,Vehicle,RAN OFF ROAD,UNSAFE SPEED,SSI,DARK (NOT LIGHTED),RAIN,WET,False,39.8008613586426,-86.3079986572266
904754211,2025,2025-07-03,Marion,Indianapolis,HILLSIDE AVENUE & 24TH STREET,Vehicle,RAN OFF ROAD,FAILURE TO MAINTAIN LANE,Fatal,DAYLIGHT,CLEAR,DRY,False,39.8018417358398,-86.1239166259766
904684971,2025,2025-03-12,Marion,Indianapolis,ROCKVILLE RD & CORONADO RD,Pedestrian,OTHER - EXPLAIN IN NARRATIVE,PEDESTRIAN ACTION,SSI,DARK (NOT LIGHTED),CLEAR,DRY,False,39.7637977600098,-86.3194122314453
904701497,2025,2025-04-13,Hamilton,Carmel,I-465 EAST,Vehicle,OTHER - EXPLAIN IN NARRATIVE,UNSAFE LANE MOVEMENT,SSI,DAYLIGHT,CLEAR,DRY,True,39.929557800293,-86.1746444702148
904846015,2025,2025-11-19,Marion,Indianapolis,GEORGETOWN RD & W. 47TH STREET,Vehicle,RAN OFF ROAD,OTHER (DRIVER) - EXPLAIN IN NARRATIVE,SSI,DAYLIGHT,CLOUDY,DRY,False,39.8418045043945,-86.2418365478516
904701726,2025,2025-04-14,Hendricks,AMO,SOUTH ST & PEARL ST,Vehicle,RAN OFF ROAD,OTHER (DRIVER) - EXPLAIN IN NARRATIVE,SSI,DAYLIGHT,CLEAR,DRY,False,39.687801361084,-86.6142501831055
904737965,2025,2025-06-08,Marion,Indianapolis,S KEYSTONE AVE & E TROY AVE,Vehicle,LEFT TURN,FAILURE TO YIELD RIGHT OF WAY,SSI,DARK (NOT LIGHTED),RAIN,WET,False,39.7230529785156,-86.1207122802734
904754472,2025,2025-07-03,Marion,Lawrence,46TH ST  & PAYTON AVE,Vehicle,LEFT TURN,FAILURE TO YIELD RIGHT OF WAY,Fatal,DAYLIGHT,CLEAR,DRY,False,39.8403587341309,-86.0330581665039
904685188,2025,2025-03-14,Hamilton,Carmel,106TH ST & WALNUT CREEK DR,Vehicle,RIGHT ANGLE,FAILURE TO YIELD RIGHT OF WAY,SSI,DAYLIGHT,CLEAR,DRY,False,39.9408454895019,-86.235466003418
904771141,2025,2025-07-30,Marion,Indianapolis,W 38TH ST & BOULEVARD PL,Pedestrian,RIGHT ANGLE,PEDESTRIAN ACTION,Fatal,DARK (NOT LIGHTED),CLEAR,DRY,False,39.8249130249023,-86.1636428833008
904685344,2025,2025-03-14,Marion,Indianapolis,34MM I465 WB,Vehicle,REAR END,FOLLOWING TOO CLOSELY,SSI,DARK (LIGHTED),CLEAR,DRY,True,39.9130668640137,-86.0831985473633
904754498,2025,2025-06-25,Hendricks,LIZTON,I-74  & SR 39,Vehicle,RAN OFF ROAD,FAILURE TO MAINTAIN LANE,Fatal,DAYLIGHT,CLEAR,DRY,True,39.8873825073242,-86.5270690917969
904701777,2025,2025-04-14,Hancock,FORTVILLE,,Vehicle,RIGHT ANGLE,FAILURE TO YIELD RIGHT OF WAY,Fatal,DAYLIGHT,CLOUDY,DRY,False,39.9006004333496,-85.81494140625
904738016,2025,2025-06-08,Marion,Indianapolis,W 20TH ST & N EXETER AVE,Vehicle,RIGHT ANGLE,DISREGARD SIGNAL/REG SIGN,SSI,DAWN/DUSK,CLEAR,DRY,False,39.7932777404785,-86.2200393676758
904771181,2025,2025-07-31,Marion,Indianapolis,S EMERSON AVE & E RAYMOND ST,Vehicle,OTHER - EXPLAIN IN NARRATIVE,IMPROPER LANE USAGE,SSI,DAYLIGHT,RAIN,WET,False,39.7406692504883,-86.0827865600586
904846624,2025,2025-11-13,Marion,Indianapolis,I-65,Vehicle,SAME DIRECTION SIDESWIPE,UNSAFE LANE MOVEMENT,SSI,DAYLIGHT,CLEAR,DRY,True,39.8185386657715,-86.1904907226563
904685644,2025,2025-03-15,Hamilton,Fishers,CUMBERLAND RD. & VALLEY SPRINGS DR.,Vehicle,OTHER - EXPLAIN IN NARRATIVE,OTHER (DRIVER) - EXPLAIN IN NARRATIVE,SSI,DARK (NOT LIGHTED),RAIN,WET,False,39.9528427124023,-85.9949722290039
904754676,2025,2025-07-04,Marion,Indianapolis,MILLER ST,Vehicle,NON-COLLISION,UNSAFE LANE MOVEMENT,SSI,DARK (NOT LIGHTED),CLEAR,DRY,False,39.7441596984863,-86.2886657714844
904701852,2025,2025-02-26,Marion,Indianapolis,I69,Vehicle,REAR END,IMPROPER LANE USAGE,SSI,DAWN/DUSK,CLOUDY,DRY,True,39.9159698486328,-86.0376281738281
904738422,2025,2025-06-05,Marion,Indianapolis,I- 70,Vehicle,OTHER - EXPLAIN IN NARRATIVE,UNSAFE SPEED,SSI,DARK (NOT LIGHTED),RAIN,WET,True,39.7972793579101,-86.1048278808594
904771615,2025,2025-07-29,Shelby,SHELBYVILLE,N RILEY HIGHWAY & N MORRISTOWN ROAD,Vehicle,LEFT TURN,FAILURE TO YIELD RIGHT OF WAY,SSI,DAYLIGHT,CLEAR,DRY,False,39.5539665222168,-85.7757797241211
904846718,2025,2025-11-03,Hamilton,Noblesville,SR 38 & MILL CREEK RD.,Vehicle,REAR END,UNSAFE SPEED,SSI,DAYLIGHT,CLEAR,DRY,False,40.0656852722168,-86.0614700317383
904685645,2025,2025-03-16,Marion,Lawrence,PENDLETON PIKE & 42ND,Vehicle,RIGHT ANGLE,OTHER (DRIVER) - EXPLAIN IN NARRATIVE,SSI,DARK (LIGHTED),RAIN,WET,False,39.8335952758789,-86.0330429077148
904701915,2025,2025-04-12,Marion,Indianapolis,I465 SB,Vehicle,SAME DIRECTION SIDESWIPE,UNSAFE LANE MOVEMENT,SSI,DAYLIGHT,CLEAR,DRY,True,39.7635879516602,-86.266342163086
904738632,2025,2025-06-05,Hamilton,Fishers,I- 69  & 210.3 MILE MARKER,Vehicle,RAN OFF ROAD,FAILURE TO MAINTAIN LANE,Fatal,DAYLIGHT,CLOUDY,DRY,True,39.991096496582,-85.9226684570313
904754678,2025,2025-07-04,Marion,Indianapolis,LENNINGTON DR. & N KITLEY AVE,Vehicle,RAN OFF ROAD,UNSAFE SPEED,SSI,DARK (NOT LIGHTED),CLEAR,DRY,False,39.8262138366699,-86.0570297241211
904771780,2025,2025-07-18,Johnson,Greenwood,I- 65 NB & 97.8 MM,Vehicle,SAME DIRECTION SIDESWIPE,UNSAFE LANE MOVEMENT,SSI,DAYLIGHT,CLEAR,DRY,True,39.5942420959473,-86.0659255981445
904685739,2025,2025-03-11,Marion,Indianapolis,E WASHINGTON ST & BUSINESS DR,Vehicle,RIGHT ANGLE,UNSAFE SPEED,SSI,DAYLIGHT,CLEAR,DRY,False,39.7746391296387,-85.995979309082
904846848,2025,2025-11-18,Hancock,,I-70,Vehicle,REAR END,OTHER (DRIVER) - EXPLAIN IN NARRATIVE,SSI,DAYLIGHT,RAIN,WET,True,39.8172264099121,-85.9208831787109
904739201,2025,2025-06-10,Hendricks,Plainfield,US 40 & EDDY WAY,Vehicle,LEFT TURN,FAILURE TO YIELD RIGHT OF WAY,SSI,DAYLIGHT,CLEAR,DRY,False,39.6944389343262,-86.4272537231445
904754824,2025,2025-07-02,Marion,Indianapolis,DR MARTIN LUTHER KING JR ST,Vehicle,SAME DIRECTION SIDESWIPE,UNSAFE LANE MOVEMENT,SSI,DAYLIGHT,CLEAR,DRY,False,39.7822456359863,-86.1674118041992
904685957,2025,2025-03-14,Marion,Indianapolis,N COLLEGE AVE & E 46TH ST,Pedestrian,RIGHT ANGLE,FAILURE TO YIELD RIGHT OF WAY,SSI,DARK (LIGHTED),CLEAR,DRY,False,39.8396492004394,-86.145133972168
904702101,2025,2025-04-06,Marion,Indianapolis,N DEARBORN ST & ROOSEVELT AVE,Vehicle,RIGHT ANGLE,FAILURE TO YIELD RIGHT OF WAY,Fatal,DAYLIGHT,RAIN,WATER (STANDING OR MOVING),False,39.7974739074707,-86.1119003295899
904847586,2025,2025-11-20,Hamilton,SHERIDAN(HAMILTON),US 31 & 256 ST,Vehicle,RIGHT ANGLE,UNSAFE SPEED,Fatal,DARK (NOT LIGHTED),FOG/SMOKE/SMOG,WET,False,40.1561241149902,-86.1281051635742
904772051,2025,2025-07-26,Marion,Indianapolis,FAIRWOOD DR & SCARBOROUGH BLVD E DR,Vehicle,RAN OFF ROAD,UNSAFE SPEED,Fatal,DARK (NOT LIGHTED),CLEAR,DRY,False,39.8870506286621,-86.0258026123047
904739205,2025,2025-06-06,Hendricks,Plainfield,RONALD REAGAN PKWY & INTERSTATE 70,Vehicle,REAR END,FOLLOWING TOO CLOSELY,SSI,DAYLIGHT,CLEAR,DRY,True,39.6874351501465,-86.3315277099609
904754886,2025,2025-06-22,Marion,Beech Grove,I- 465 WB & 52.5 MM,Vehicle,REAR END,UNSAFE SPEED,SSI,DAYLIGHT,CLEAR,DRY,True,39.7040748596191,-86.0949020385742
904686587,2025,2025-03-15,Marion,Indianapolis,W 61ST,Vehicle,RAN OFF ROAD,DRIVER ILLNESS,SSI,DARK (LIGHTED),RAIN,WET,False,39.8638916015625,-86.2101058959961
904702176,2025,2025-04-15,Marion,Indianapolis,E 10TH ST  & N GERMAN CHURCH RD,Vehicle,RAN OFF ROAD,FAILURE TO MAINTAIN LANE,SSI,DAYLIGHT,CLEAR,DRY,False,39.782527923584,-85.9727478027344
904847719,2025,2025-11-21,Hamilton,Fishers,E 116TH ST & E 116TH ST,Vehicle,RAN OFF ROAD,OTHER (DRIVER) - EXPLAIN IN NARRATIVE,SSI,DARK (LIGHTED),RAIN,WET,False,39.9567527770996,-86.0080490112305
904772285,2025,2025-08-07,Hamilton,Westfield,,Pedestrian,LEFT TURN,FAILURE TO YIELD RIGHT OF WAY,SSI,DAYLIGHT,CLEAR,DRY,False,40.0003929138184,-86.1085891723633
904739475,2025,2025-06-09,Johnson,Greenwood,N GRAHAM RD & INNOVATION PKWY,Vehicle,RIGHT ANGLE,IMPROPER LANE USAGE,SSI,DAYLIGHT,CLEAR,DRY,False,39.6281242370605,-86.0637130737305
904755044,2025,2025-06-27,Marion,Indianapolis,E 75TH ST & N SHADELAND AVE,Pedestrian,OTHER - EXPLAIN IN NARRATIVE,PEDESTRIAN ACTION,SSI,DARK (NOT LIGHTED),CLEAR,DRY,False,39.8907012939453,-86.0474319458008
904686624,2025,2025-03-16,Marion,Indianapolis,N MERIDIAN ST.,Vehicle,REAR END,OTHER (DRIVER) - EXPLAIN IN NARRATIVE,SSI,DAYLIGHT,RAIN,WET,False,39.9264221191406,-86.1586074829102
904703049,2025,2025-04-13,Marion,Indianapolis,S SHERMAN DR & MINNESOTA ST,Vehicle,HEAD ON BETWEEN TWO MOTOR VEHICLES,LEFT OF CENTER,SSI,DARK (LIGHTED),CLEAR,DRY,False,39.7467308044434,-86.1018753051758
904847756,2025,2025-11-20,Marion,Indianapolis,W MORRIS ST & S MCCLURE ST,Vehicle,RIGHT ANGLE,UNSAFE SPEED,SSI,DAYLIGHT,CLOUDY,DRY,False,39.7498512268066,-86.2267074584961
904772290,2025,2025-08-01,Hamilton,Fishers,126TH STREET  & OLIO ROAD,Vehicle,RIGHT ANGLE,FAILURE TO YIELD RIGHT OF WAY,SSI,DARK (LIGHTED),CLEAR,DRY,False,39.9724464416504,-85.9187469482422
904739652,2025,2025-05-06,Hendricks,,I- 70,Vehicle,SAME DIRECTION SIDESWIPE,UNSAFE LANE MOVEMENT,SSI,DAYLIGHT,CLEAR,DRY,True,39.6159019470215,-86.4717559814453
904755068,2025,2025-06-23,Marion,Indianapolis,I70 & EB,Vehicle,RAN OFF ROAD,FOLLOWING TOO CLOSELY,SSI,DAYLIGHT,CLEAR,DRY,True,39.7550277709961,-86.1852569580078
904847951,2025,2025-11-21,Hamilton,Westfield,E 176TH ST & W MAIN ST,Vehicle,HEAD ON BETWEEN TWO MOTOR VEHICLES,DISREGARD SIGNAL/REG SIGN,SSI,DARK (NOT LIGHTED),FOG/SMOKE/SMOG,WET,False,40.0425643920898,-86.1360931396484
904686626,2025,2025-03-15,Marion,Indianapolis,DELAWARE ST & MICHIGAN ST,Vehicle,REAR END,FAILURE TO MAINTAIN LANE,SSI,DAYLIGHT,CLOUDY,DRY,False,39.7740173339844,-86.154167175293
904848208,2025,2025-11-23,Hancock,McCordsville,6100 NORTH 600 WEST & WEST 600 NORTH,Vehicle,RAN OFF ROAD,DRIVER ASLEEP OR FATIGUED,SSI,DARK (NOT LIGHTED),CLEAR,DRY,False,39.8724517822265,-85.917236328125
904703104,2025,2025-04-16,Hamilton,Noblesville,146TH STREET & CAMPUS CENTER DRIVE,Vehicle,HEAD ON BETWEEN TWO MOTOR VEHICLES,FAILURE TO MAINTAIN LANE,Fatal,DAWN/DUSK,CLEAR,DRY,False,40.0008125305176,-85.9599838256836
904772425,2025,2025-08-01,Marion,Indianapolis,,Pedestrian,RIGHT ANGLE,DISREGARD SIGNAL/REG SIGN,SSI,DAWN/DUSK,CLEAR,DRY,False,39.8180313110352,-86.1325988769531
904739763,2025,2025-06-08,Marion,Indianapolis,I- 65 SB 112.4   & MM,Vehicle,HEAD ON BETWEEN TWO MOTOR VEHICLES,WRONG WAY ON ONE WAY,Fatal,DARK (NOT LIGHTED),RAIN,WET,True,39.7834777832031,-86.1418151855469
904755121,2025,2025-07-06,Boone,Lebanon,SR 32 & 500 W,Vehicle,RIGHT ANGLE,SPEED TOO FAST FOR WEATHER CONDITIONS,Fatal,DAWN/DUSK,RAIN,WET,False,40.0538024902344,-86.5509643554688
904772926,2025,2025-07-29,Marion,Indianapolis,E MARYLAND ST & S MERIDIAN ST,Pedestrian,RIGHT ANGLE,PEDESTRIAN ACTION,SSI,DARK (LIGHTED),CLEAR,DRY,False,39.7656593322754,-86.158088684082
904848430,2025,2025-11-21,Hancock,New Palestine,S VICTORY DR.,Pedestrian,NON-COLLISION,FAILURE TO YIELD RIGHT OF WAY,SSI,DARK (NOT LIGHTED),RAIN,WET,False,39.718147277832,-85.8932266235352
904739800,2025,2025-05-29,Marion,Indianapolis,S KEYSTONE AVE & REAVEST DR N,Vehicle,LEFT TURN,UNSAFE SPEED,SSI,DARK (LIGHTED),CLOUDY,DRY,False,39.7499237060547,-86.1211013793945
904703369,2025,2025-04-16,Marion,Indianapolis,N COLLEGE AVE & SHERWOOD DR,Vehicle,NON-COLLISION,UNSAFE SPEED,SSI,DARK (LIGHTED),CLEAR,DRY,False,39.8844146728516,-86.1457901000976
904686746,2025,2025-03-16,Marion,Indianapolis,FALL CREEK PKWY N DR & E 30TH ST,Vehicle,RIGHT ANGLE,FAILURE TO YIELD RIGHT OF WAY,SSI,DAYLIGHT,RAIN,WET,False,39.8104476928711,-86.1436996459961
904755202,2025,2025-07-06,Johnson,Franklin,N MORTON ST & N. MORTON ST. AND COMMERCE DR.,Vehicle,RIGHT ANGLE,UNSAFE SPEED,Fatal,DAYLIGHT,CLEAR,DRY,False,39.5068130493164,-86.0703277587891
904772937,2025,2025-07-27,Marion,Indianapolis,E MORRIS ST & S MERIDIAN ST,Vehicle,SAME DIRECTION SIDESWIPE,UNSAFE SPEED,SSI,DAYLIGHT,CLEAR,DRY,False,39.7516899108887,-86.1590881347656
904849166,2025,2025-10-05,Hancock,Greenfield,MELODY LN & E MCCLARNON DR,Pedestrian,OTHER - EXPLAIN IN NARRATIVE,PEDESTRIAN ACTION,Fatal,DAYLIGHT,CLEAR,DRY,False,39.8082847595215,-85.76806640625
904740135,2025,2025-06-11,Boone,Lebanon,INDIANAPOLIS AVE & NOBLE ST,Vehicle,RAN OFF ROAD,OVERCORRECTING/OVERSTEERING,SSI,DAYLIGHT,CLEAR,DRY,False,40.039249420166,-86.4575271606445
904703392,2025,2025-04-12,Marion,Indianapolis,I465 WB,Vehicle,SAME DIRECTION SIDESWIPE,UNSAFE LANE MOVEMENT,SSI,DARK (LIGHTED),CLEAR,DRY,True,39.6997833251953,-86.1510009765625
904686776,2025,2025-03-17,Marion,Indianapolis,I465,Vehicle,SAME DIRECTION SIDESWIPE,UNSAFE LANE MOVEMENT,SSI,DAWN/DUSK,CLEAR,DRY,True,39.7296485900879,-86.2643203735352
904755285,2025,2025-07-03,Marion,Indianapolis,N MITTHOEFER RD. & CATALINA DR,Vehicle,REAR END,UNSAFE LANE MOVEMENT,SSI,DAYLIGHT,CLEAR,DRY,False,39.8286972045898,-85.9911193847656
904773017,2025,2025-08-01,Marion,Indianapolis,WASHINGTON ST  & WALDEMERE AVE,Vehicle,HEAD ON BETWEEN TWO MOTOR VEHICLES,UNSAFE SPEED,SSI,DAYLIGHT,CLOUDY,DRY,False,39.7502822875976,-86.2588882446289
904849372,2025,2025-11-20,Marion,Indianapolis,N SHERMAN DR & E 9TH ST,Pedestrian,NON-COLLISION,PEDESTRIAN ACTION,SSI,DARK (LIGHTED),CLEAR,DRY,False,39.7782936096191,-86.1023330688477
904740634,2025,2025-06-10,Hendricks,Avon,US HIGHWAY 36 & COUNTY ROAD 900 E,Vehicle,REAR END,FOLLOWING TOO CLOSELY,SSI,DAYLIGHT,CLEAR,DRY,False,39.7632827758789,-86.3618850708008
904703499,2025,2025-04-17,Johnson,Franklin,COMMERCE DR.,Vehicle,LEFT TURN,OTHER (ENVIRONMENTAL) - EXPLAIN IN NARR,SSI,DAYLIGHT,CLEAR,DRY,False,39.5072441101074,-86.0678329467773
904686800,2025,2025-03-17,Marion,Indianapolis,38TH STREET & GUILFORD AVE,Vehicle,RIGHT ANGLE,FAILURE TO YIELD RIGHT OF WAY,SSI,DAYLIGHT,CLOUDY,DRY,False,39.8250312805176,-86.1423492431641
904773130,2025,2025-07-10,Marion,Indianapolis,I465 SB & I465 SB,Vehicle,OTHER - EXPLAIN IN NARRATIVE,ANIMAL/OBJECT IN ROADWAY,Fatal,DARK (LIGHTED),CLEAR,DRY,True,39.7332038879394,-86.264518737793
904849498,2025,2025-11-21,Marion,Indianapolis,PLAINFIELD AVE & S LYNHURST DR,Vehicle,REAR END,FOLLOWING TOO CLOSELY,SSI,DARK (LIGHTED),RAIN,WET,False,39.7468795776367,-86.2502059936523
904740675,2025,2025-06-06,Marion,Indianapolis,I- 70,Vehicle,NON-COLLISION,SPEED TOO FAST FOR WEATHER CONDITIONS,SSI,DAWN/DUSK,RAIN,WET,True,39.7124290466309,-86.2680130004883
904755288,2025,2025-07-02,Marion,Indianapolis,KENTUCKY AVE & I 465,Vehicle,LEFT TURN,FAILURE TO YIELD RIGHT OF WAY,SSI,DAYLIGHT,CLEAR,DRY,True,39.7008171081543,-86.2626419067383
904849637,2025,2025-10-30,Marion,Indianapolis,INDIANA AVE & UNIVERSITY BLVD,Vehicle,RIGHT ANGLE,DISREGARD SIGNAL/REG SIGN,SSI,DAYLIGHT,CLEAR,DRY,False,39.7801399230957,-86.1741638183594
904773305,2025,2025-08-02,Morgan,MARTINSVILLE,SR 67 N & BRADFORD WOODS,Vehicle,COLLISION WITH DEER,ANIMAL/OBJECT IN ROADWAY,Fatal,DARK (NOT LIGHTED),CLEAR,DRY,False,39.4980430603027,-86.4267349243164
904703507,2025,2025-04-16,Hancock,,,Vehicle,REAR END,FOLLOWING TOO CLOSELY,SSI,DAYLIGHT,CLEAR,DRY,False,39.7878150939941,-85.7126846313477
904686824,2025,2025-03-14,Johnson,Greenwood,FRY RD & WHISPERING TRAIL,Vehicle,RAN OFF ROAD,DRIVER ILLNESS,SSI,DAYLIGHT,CLEAR,DRY,False,39.6278648376465,-86.1528930664063
904741000,2025,2025-05-28,Marion,Indianapolis,I-65 SB RAMP TO I 465 SB 123C & I-65 SB RAMP TO I 465 SB 123C,Vehicle,RAN OFF ROAD,UNSAFE SPEED,Fatal,DARK (NOT LIGHTED),CLEAR,DRY,True,39.860237121582,-86.2770538330078
904755424,2025,2025-07-04,Marion,Indianapolis,UN-NAMED WAL-MART ACCESS RD & MICHIGAN,Vehicle,RIGHT ANGLE,FAILURE TO YIELD RIGHT OF WAY,SSI,DAYLIGHT,CLEAR,DRY,False,39.852222442627,-86.1940002441406
904773319,2025,2025-08-04,Marion,Indianapolis,S EAST ST & STOVER AVE,Vehicle,COLLISION WITH OBJECT IN ROAD,OTHER (DRIVER) - EXPLAIN IN NARRATIVE,SSI,DARK (LIGHTED),CLEAR,DRY,False,39.7013359069824,-86.1487731933594
904850092,2025,2025-11-23,Johnson,Greenwood,SMITH VALLEY RD & RYLAND ST,Vehicle,REAR END,OTHER (DRIVER) - EXPLAIN IN NARRATIVE,SSI,DARK (NOT LIGHTED),CLEAR,DRY,False,39.6060066223145,-86.1527404785156
904703611,2025,2025-04-16,Hamilton,Noblesville,SR 37  & GREENFIELD AVE,Vehicle,NON-COLLISION,IMPROPER PASSING,SSI,DAYLIGHT,CLEAR,LOOSE MATERIAL ON ROAD,False,40.021427154541,-85.9975967407227
904686829,2025,2025-03-14,Hamilton,Carmel,KEYSTONE PKWY N & MAIN STREET,Vehicle,REAR END,DRIVER ILLNESS,SSI,DAYLIGHT,CLEAR,DRY,False,39.9757766723633,-86.1127395629883
904741466,2025,2025-06-15,Hendricks,Avon,DAN JONES RD,Vehicle,SAME DIRECTION SIDESWIPE,FAILURE TO YIELD RIGHT OF WAY,SSI,DAYLIGHT,CLEAR,DRY,False,39.7482566833496,-86.3809127807617
904755682,2025,2025-07-03,Hendricks,Danville,US 36 & CR 400 EAST,Vehicle,RIGHT ANGLE,FAILURE TO YIELD RIGHT OF WAY,SSI,DAYLIGHT,CLEAR,DRY,False,39.7575607299805,-86.4570999145508
904773420,2025,2025-08-01,Hamilton,Carmel,NORTH MERIDIAN STREET,Vehicle,COLLISION WITH OBJECT IN ROAD,FAILURE TO MAINTAIN LANE,SSI,DAYLIGHT,CLEAR,DRY,False,39.9630813598633,-86.1606292724609
904850098,2025,2025-11-25,Johnson,TRAFALGAR,STATE ROAD 135 & INDIAN MEADOWS,Vehicle,OPPOSITE DIRECTION SIDESWIPE,LEFT OF CENTER,SSI,DARK (NOT LIGHTED),RAIN,WET,False,39.4086952209473,-86.169059753418
904703709,2025,2025-04-18,Hamilton,Fishers,PLANTANA BLD & CUMBERLAND RD,Vehicle,NON-COLLISION,OTHER (DRIVER) - EXPLAIN IN NARRATIVE,SSI,DARK (NOT LIGHTED),CLEAR,DRY,False,39.9921340942383,-85.9943008422852
904686851,2025,2025-03-14,Johnson,Greenwood,COUNTY LINE RD & COSTCO DR,Vehicle,HEAD ON BETWEEN TWO MOTOR VEHICLES,FAILURE TO MAINTAIN LANE,SSI,DARK (NOT LIGHTED),CLEAR,DRY,False,39.6363258361816,-86.0877685546875
904741675,2025,2025-06-13,Hamilton,Arcadia,MT PLEASANT RD & 256 ST,Vehicle,RAN OFF ROAD,SPEED TOO FAST FOR WEATHER CONDITIONS,SSI,DAWN/DUSK,CLOUDY,WATER (STANDING OR MOVING),False,40.1629371643066,-86.0004348754883
904756047,2025,2025-07-06,Marion,Indianapolis,NORTH DEARBORN STREET & MASSACHUSETTS AVENUE,Vehicle,OTHER - EXPLAIN IN NARRATIVE,FAILURE TO MAINTAIN LANE,SSI,DARK (LIGHTED),CLEAR,DRY,False,39.7964248657226,-86.1118774414063