id,year,date,county,city,cross_street,crash_type,manner,primary_factor,ssi_fatal,light,weather,surface,interstate,lat,lon
904773477,2025,2025-08-02,Johnson,Greenwood,SR 135 & LIBRARY BLVD,Vehicle,OTHER - EXPLAIN IN NARRATIVE,OTHER (DRIVER) - EXPLAIN IN NARRATIVE,SSI,DARK (NOT LIGHTED),CLEAR,DRY,False,39.6076812744141,-86.1585693359375
904850172,2025,2025-11-24,Hendricks,Danville,CR 100 N & KENSINGTON DR,Vehicle,HEAD ON BETWEEN TWO MOTOR VEHICLES,LEFT OF CENTER,SSI,DARK (NOT LIGHTED),CLOUDY,DRY,False,39.7762718200684,-86.4579772949219
904704222,2025,2025-04-18,Boone,Zionsville,I 65 SB,Vehicle,REAR END,OTHER (DRIVER) - EXPLAIN IN NARRATIVE,SSI,DARK (NOT LIGHTED),CLEAR,DRY,True,39.9357948303223,-86.3434066772461
904741761,2025,2025-06-13,Shelby,SHELBYVILLE,E RAMPART ST & N RILEY HWY,Vehicle,RIGHT ANGLE,FAILURE TO YIELD RIGHT OF WAY,SSI,DARK (NOT LIGHTED),RAIN,WET,False,39.5474662780762,-85.7755813598633
904756206,2025,2025-07-05,Hamilton,Carmel,ABNEY RUN DR & W 121ST ST,Pedalcycle,OTHER - EXPLAIN IN NARRATIVE,UNSAFE SPEED,SSI,DAYLIGHT,CLEAR,DRY,False,39.9626502990723,-86.2223892211914
904686880,2025,2025-03-14,Hendricks,,EVESHAM PLANE & NARROW PLANE,Pedestrian,COLLISION WITH OBJECT IN ROAD,PEDESTRIAN ACTION,SSI,DAYLIGHT,CLEAR,DRY,False,39.793643951416,-86.3437347412109
904704416,2025,2025-04-18,Marion,Indianapolis,E TROY AVE & RANDOLPH STREET,Vehicle,LEFT TURN,FAILURE TO YIELD RIGHT OF WAY,SSI,DAYLIGHT,CLOUDY,DRY,False,39.7230796813965,-86.1257781982422
904773586,2025,2025-07-30,Hamilton,Westfield,E 169TH ST & BIRDSEYE DR,Vehicle,OTHER - EXPLAIN IN NARRATIVE,OTHER (DRIVER) - EXPLAIN IN NARRATIVE,SSI,DAYLIGHT,CLEAR,DRY,False,40.0320129394531,-86.1518707275391
904850250,2025,2025-11-21,Marion,Indianapolis,S FRANKLIN & E MURRAY ST,Vehicle,HEAD ON BETWEEN TWO MOTOR VEHICLES,IMPROPER TURNING,SSI,DAYLIGHT,RAIN,WET,False,39.7224464416504,-86.0179748535156
904705063,2025,2025-04-20,Hendricks,Plainfield,E NORTH ST & N EAST ST,Vehicle,OTHER - EXPLAIN IN NARRATIVE,DRIVER ILLNESS,Fatal,DAWN/DUSK,CLOUDY,DRY,False,39.7086868286133,-86.4019012451172
904686885,2025,2025-03-17,Hamilton,Westfield,CASEY RD & WILLIAM TRACE BLVD,Vehicle,RIGHT ANGLE,FAILURE TO YIELD RIGHT OF WAY,SSI,DAYLIGHT,CLEAR,DRY,False,40.0540733337402,-86.1797180175781
904756441,2025,2025-07-08,Hamilton,,191 ST & PRAIRIE BAPTIST RD,Vehicle,RAN OFF ROAD,UNSAFE SPEED,SSI,DARK (NOT LIGHTED),CLEAR,DRY,False,40.0667152404785,-85.9009780883789
904742079,2025,2025-06-14,Marion,Indianapolis,MERDIAN ST  & 64TH ST,Vehicle,HEAD ON BETWEEN TWO MOTOR VEHICLES,UNSAFE LANE MOVEMENT,Fatal,DAYLIGHT,RAIN,WET,False,39.8711318969726,-86.1561431884766
904850361,2025,2025-11-22,Marion,Indianapolis,SOUTHEASTERN AVE & S STATE AVE,Vehicle,RIGHT ANGLE,DISREGARD SIGNAL/REG SIGN,SSI,DARK (LIGHTED),CLOUDY,WET,False,39.7638511657715,-86.1306304931641
904773653,2025,2025-08-03,Marion,Indianapolis,E MINNESOTA ST & S. IRVINGTON AVE,Vehicle,RIGHT ANGLE,DISREGARD SIGNAL/REG SIGN,SSI,DAYLIGHT,CLEAR,DRY,False,39.7458610534668,-86.0768737792969
904705101,2025,2025-04-18,Marion,Indianapolis,E. 30TH STREET & TACOMA,Vehicle,OTHER - EXPLAIN IN NARRATIVE,DRIVER ILLNESS,SSI,DARK (LIGHTED),CLOUDY,DRY,False,39.810733795166,-86.1206207275391
904687112,2025,2025-03-17,Marion,Indianapolis,SOUTHEASTERN AVE & PROSPECT STREET,Pedestrian,RIGHT ANGLE,FAILURE TO YIELD RIGHT OF WAY,SSI,DAYLIGHT,CLEAR,DRY,False,39.752799987793,-86.0983276367188
904756518,2025,2025-07-07,Marion,Indianapolis,E 10TH ST. & N. SHADELAND AVE.,Vehicle,REAR END,FOLLOWING TOO CLOSELY,SSI,DAYLIGHT,CLOUDY,DRY,False,39.7817573547363,-86.0459671020508
904742123,2025,2025-06-16,Boone,,US 421 & SR 47,Vehicle,REAR END,DRIVER ILLNESS,SSI,DAYLIGHT,CLOUDY,DRY,False,40.1280212402344,-86.3280868530273
904850391,2025,2025-11-22,Marion,Indianapolis,MONTCALM ST & 21ST ST,Vehicle,RAN OFF ROAD,UNSAFE SPEED,Fatal,DAYLIGHT,CLEAR,DRY,False,39.7965240478516,-86.1802062988281
904774200,2025,2025-08-04,Morgan,MARTINSVILLE,S MARION ST & RANDOLPH ST,Vehicle,RIGHT ANGLE,DRIVER ILLNESS,SSI,DAYLIGHT,CLEAR,DRY,False,39.4188232421875,-86.4308319091797
904705159,2025,2025-04-19,Marion,Indianapolis,SHELBY ST & CARSON AVE,Vehicle,HEAD ON BETWEEN TWO MOTOR VEHICLES,LEFT OF CENTER,SSI,DAYLIGHT,RAIN,WET,False,39.725399017334,-86.1395874023438
904687216,2025,2025-03-18,Marion,Indianapolis,W.62ND ST & CORPORATE DR,Vehicle,HEAD ON BETWEEN TWO MOTOR VEHICLES,FAILURE TO MAINTAIN LANE,SSI,DARK (LIGHTED),CLEAR,DRY,False,39.867073059082,-86.2658615112305
904756568,2025,2025-07-08,Marion,Indianapolis,KENTUCKY AVE & S TIBBS AVE,Pedestrian,REAR END,PEDESTRIAN ACTION,Fatal,DARK (LIGHTED),CLEAR,DRY,False,39.7238960266113,-86.2173461914063
904742322,2025,2025-06-02,Marion,Indianapolis,77MM I-70 & 77MM I-70,Vehicle,NON-COLLISION,OTHER (DRIVER) - EXPLAIN IN NARRATIVE,SSI,DARK (LIGHTED),CLEAR,DRY,True,39.7553443908691,-86.2077865600586
904850437,2025,2025-11-22,Marion,Indianapolis,SUNPOINT CIR,Pedestrian,OTHER - EXPLAIN IN NARRATIVE,OTHER (DRIVER) - EXPLAIN IN NARRATIVE,SSI,DAYLIGHT,CLEAR,DRY,False,39.6614379882812,-86.0874099731445
904774398,2025,2025-08-05,Hamilton,Noblesville,SR 37 & SR 32,Vehicle,OTHER - EXPLAIN IN NARRATIVE,DRIVER ILLNESS,SSI,DAYLIGHT,CLEAR,DRY,False,40.0456886291504,-85.9939804077148
904705242,2025,2025-04-08,Marion,Indianapolis,I465 SB,Vehicle,REAR END,FOLLOWING TOO CLOSELY,SSI,DARK (LIGHTED),CLEAR,DRY,True,39.7542877197266,-86.264518737793
904756677,2025,2025-07-06,Morgan,Mooresville,BRIDGE ST & CRAFTON MEADOWS,Vehicle,LEFT TURN,FAILURE TO YIELD RIGHT OF WAY,SSI,DAYLIGHT,CLEAR,DRY,False,39.6171607971191,-86.3432998657227
904742591,2025,2025-06-14,Marion,Indianapolis,N ILLINOIS ST & W ST CLAIR ST,Vehicle,RIGHT ANGLE,DISREGARD SIGNAL/REG SIGN,SSI,DARK (LIGHTED),CLEAR,DRY,False,39.7780456542969,-86.1595077514648
904687273,2025,2025-03-17,Marion,Indianapolis,I465,Vehicle,SAME DIRECTION SIDESWIPE,UNSAFE LANE MOVEMENT,SSI,DAYLIGHT,CLEAR,DRY,True,39.8539695739746,-86.2761917114258
904850476,2025,2025-11-22,Marion,Indianapolis,E 42ND ST & ARBORCREST DR,Vehicle,HEAD ON BETWEEN TWO MOTOR VEHICLES,LEFT OF CENTER,SSI,DARK (NOT LIGHTED),CLEAR,DRY,False,39.8333473205566,-86.0215148925781
904705329,2025,2025-04-16,Hamilton,Westfield,US 31 NORTH,Vehicle,HEAD ON BETWEEN TWO MOTOR VEHICLES,FAILURE TO MAINTAIN LANE,Fatal,DARK (NOT LIGHTED),CLEAR,DRY,False,40.0287666320801,-86.1340255737305
904774512,2025,2025-08-04,Hancock,,I-70 WB AT THE 111.4MM,Vehicle,RAN OFF ROAD,OTHER (DRIVER) - EXPLAIN IN NARRATIVE,SSI,DAYLIGHT,CLEAR,DRY,True,39.8258438110352,-85.6255950927734
904742693,2025,2025-05-24,Marion,Indianapolis,10TH STREET & N. ILLINOIS ST,Vehicle,HEAD ON BETWEEN TWO MOTOR VEHICLES,WRONG WAY ON ONE WAY,SSI,DARK (LIGHTED),CLEAR,DRY,False,39.7811431884766,-86.1594161987305
904705488,2025,2025-04-14,Marion,Indianapolis,KENTUCKY & MANN,Vehicle,LEFT TURN,FAILURE TO YIELD RIGHT OF WAY,SSI,DAYLIGHT,CLEAR,DRY,False,39.7140884399414,-86.2385559082031
904756705,2025,2025-04-14,Marion,Indianapolis,WASHINGTON  & MITTHOEFFER,Vehicle,OTHER - EXPLAIN IN NARRATIVE,OTHER (DRIVER) - EXPLAIN IN NARRATIVE,Fatal,DARK (LIGHTED),CLEAR,DRY,False,39.7749824523926,-85.9904174804688
904687382,2025,2025-03-14,Marion,Indianapolis,GUION RD & CONGRESS AV,Vehicle,HEAD ON BETWEEN TWO MOTOR VEHICLES,LEFT OF CENTER,SSI,DAYLIGHT,CLEAR,DRY,False,39.8112297058105,-86.22021484375
904774736,2025,2025-07-27,Marion,Indianapolis,I-65 NB AT THE 110.8MM,Vehicle,REAR END,UNSAFE SPEED,SSI,DAYLIGHT,CLEAR,DRY,True,39.7601432800293,-86.1430816650391
904850927,2025,2025-11-22,Marion,Indianapolis,E 82ND ST & KNUE RD,Vehicle,HEAD ON BETWEEN TWO MOTOR VEHICLES,DRIVER ILLNESS,SSI,DAYLIGHT,CLEAR,DRY,False,39.9055595397949,-86.0603256225586
904742714,2025,2025-06-12,Johnson,Greenwood,E MAIN ST & N GRAHAM RD,Vehicle,REAR END,DRIVER DISTRACTED - EXPLAIN IN NARRATIVE,SSI,DARK (LIGHTED),CLEAR,DRY,False,39.6147041320801,-86.063591003418
904705920,2025,2025-04-20,Marion,Indianapolis,E. 42ND STREET & GUILFORD AVE,Pedalcycle,RIGHT ANGLE,FAILURE TO YIELD RIGHT OF WAY,SSI,DAYLIGHT,CLEAR,DRY,False,39.8323554992676,-86.1424179077148
904756789,2025,2025-07-03,Hancock,,,Vehicle,REAR END,UNSAFE SPEED,SSI,DAWN/DUSK,CLEAR,DRY,False,39.8256072998047,-85.6627883911133
904687383,2025,2025-03-15,Johnson,Greenwood,E MAIN ST,Pedestrian,LEFT TURN,FAILURE TO YIELD RIGHT OF WAY,SSI,DARK (LIGHTED),CLEAR,DRY,False,39.6145553588867,-86.0695648193359
904775099,2025,2025-08-03,Marion,Indianapolis,I-65 & I-65,Vehicle,SAME DIRECTION SIDESWIPE,UNSAFE LANE MOVEMENT,Fatal,DARK (LIGHTED),CLEAR,DRY,True,39.7884559631348,-86.1666107177734
904850950,2025,2025-11-23,Marion,Indianapolis,N BUTLER AVE & CULVER ST,Vehicle,RAN OFF ROAD,FAILURE TO MAINTAIN LANE,SSI,DARK (LIGHTED),CLEAR,DRY,False,39.8308563232422,-86.080307006836
904742775,2025,2025-06-03,Marion,Indianapolis,FALL CREEK PKWY N DR & FAIRGROUNDS ENTRANCE,Vehicle,REAR END,FOLLOWING TOO CLOSELY,SSI,DARK (LIGHTED),CLEAR,DRY,False,39.8276977539062,-86.1298599243164
904705959,2025,2025-04-20,Marion,Indianapolis,I-465 NB,Vehicle,RAN OFF ROAD,UNSAFE LANE MOVEMENT,SSI,DARK (LIGHTED),CLEAR,DRY,True,39.7666473388672,-86.0294570922852
904756792,2025,2025-07-08,Hancock,,,Vehicle,HEAD ON BETWEEN TWO MOTOR VEHICLES,FAILURE TO YIELD RIGHT OF WAY,SSI,DAYLIGHT,CLEAR,DRY,False,39.7088088989258,-85.8382797241211
904687669,2025,2025-03-09,Morgan,MARTINSVILLE,GOOSE CREEK ROAD & BAIN ROAD,Vehicle,NON-COLLISION,OTHER (VEHICLE) - EXPLAIN IN NARRATIVE,SSI,DAYLIGHT,CLEAR,DRY,False,39.4507942199707,-86.4768447875977
904775122,2025,2025-08-04,Hamilton,Noblesville,146 ST & ALLISONVILLE,Vehicle,RAN OFF ROAD,UNSAFE SPEED,SSI,DARK (NOT LIGHTED),CLEAR,DRY,False,40.0005569458008,-86.0172119140625
904851015,2025,2025-11-23,Marion,Indianapolis,S HIGH SCHOOL RD & IDA ST,Vehicle,OPPOSITE DIRECTION SIDESWIPE,DRIVER ILLNESS,SSI,DAYLIGHT,CLEAR,DRY,False,39.7590179443359,-86.2698516845703
904742791,2025,2025-06-16,Hamilton,Atlanta,276 ST & 281 ST,Pedalcycle,RIGHT TURN,FAILURE TO YIELD RIGHT OF WAY,SSI,DAYLIGHT,CLOUDY,DRY,False,40.1902160644531,-86.053825378418
904756809,2025,2025-07-06,Marion,Indianapolis,POST ROAD & 30TH STREET,Vehicle,RIGHT ANGLE,FAILURE TO YIELD RIGHT OF WAY,Fatal,DAYLIGHT,CLEAR,DRY,False,39.8113288879395,-86.009635925293
904706004,2025,2025-04-21,Marion,Indianapolis,SHELBY ST & GREENWOOD PL,Vehicle,RIGHT ANGLE,FAILURE TO YIELD RIGHT OF WAY,SSI,DARK (NOT LIGHTED),CLEAR,DRY,False,39.6564903259277,-86.1394271850586
904687705,2025,2025-03-11,Marion,Indianapolis,S POST RD & RAWLES AVE,Vehicle,NON-COLLISION,OTHER (DRIVER) - EXPLAIN IN NARRATIVE,SSI,DARK (NOT LIGHTED),CLEAR,DRY,False,39.7585716247559,-86.0089340209961
904742850,2025,2025-06-16,Boone,Lebanon,LEBANON ST & ELM ST,Vehicle,HEAD ON BETWEEN TWO MOTOR VEHICLES,IMPROPER LANE USAGE,SSI,DAYLIGHT,CLEAR,DRY,False,40.0443000793457,-86.4692077636719
904775194,2025,2025-08-03,Shelby,SHELBYVILLE,STATE RD 44 & AMOS ROAD,Vehicle,SAME DIRECTION SIDESWIPE,OTHER (DRIVER) - EXPLAIN IN NARRATIVE,SSI,DAWN/DUSK,CLEAR,DRY,False,39.5207443237305,-85.7590179443359
904851050,2025,2025-11-23,Marion,Indianapolis,LAFAYETTE RD & W 30TH ST,Vehicle,REAR END,OTHER (DRIVER) - EXPLAIN IN NARRATIVE,SSI,DARK (NOT LIGHTED),CLEAR,DRY,False,39.8104820251465,-86.2214584350586
904706846,2025,2025-04-17,Morgan,MARTINSVILLE,S MAIN ST & W COLUMBUS ST,Vehicle,HEAD ON BETWEEN TWO MOTOR VEHICLES,DISREGARD SIGNAL/REG SIGN,SSI,DAYLIGHT,CLOUDY,WET,False,39.4249801635742,-86.4285202026367
904743169,2025,2025-06-12,Marion,Indianapolis,N MITTHOEFER RD. & E 25TH ST,Vehicle,HEAD ON BETWEEN TWO MOTOR VEHICLES,FAILURE TO MAINTAIN LANE,SSI,DARK (LIGHTED),CLEAR,DRY,False,39.8027496337891,-85.99072265625
904687741,2025,2025-03-18,Marion,Indianapolis,W MICHIGAN ST & INDIANA AVE,Vehicle,RIGHT ANGLE,DISREGARD SIGNAL/REG SIGN,SSI,DAYLIGHT,CLEAR,DRY,False,39.774299621582,-86.1651611328125
904756832,2025,2025-07-06,Marion,Indianapolis,27TH STREET & FRANKLIN PL,Pedestrian,NON-COLLISION,PEDESTRIAN ACTION,SSI,DARK (LIGHTED),CLOUDY,DRY,False,39.805549621582,-86.1733245849609
904852003,2025,2025-11-24,Marion,Indianapolis,N SHADELAND AVE & HILLSDALE CT,Vehicle,REAR END,FOLLOWING TOO CLOSELY,SSI,DARK (NOT LIGHTED),CLEAR,DRY,False,39.8958320617676,-86.0460739135742
904775537,2025,2025-08-06,Hendricks,,CR 100 S & FOXBORO DR,Vehicle,REAR END,FAILURE TO MAINTAIN LANE,SSI,DAYLIGHT,CLEAR,DRY,False,39.7491607666016,-86.4418792724609
904707082,2025,2025-04-13,Marion,Indianapolis,ALLISONVILLE RD & E 75TH ST,Vehicle,REAR END,FOLLOWING TOO CLOSELY,Fatal,DAYLIGHT,CLEAR,DRY,False,39.8904838562012,-86.0862121582031
904743278,2025,2025-06-14,Marion,Indianapolis,PIXEL DR.  & LAFAYETE RD,Pedestrian,RAN OFF ROAD,FAILURE TO MAINTAIN LANE,Fatal,DAYLIGHT,CLOUDY,DRY,False,39.7995262145996,-86.2086563110352
904687803,2025,2025-03-15,Marion,Indianapolis,GEORGETOWN RD & W 38TH ST,Vehicle,RAN OFF ROAD,FAILURE TO MAINTAIN LANE,SSI,DARK (NOT LIGHTED),CLOUDY,WET,False,39.8232040405273,-86.2400741577148
904756972,2025,2025-07-07,Hendricks,,SR 75 & CR 450 S,Vehicle,RAN OFF ROAD,LEFT OF CENTER,SSI,DAYLIGHT,CLOUDY,DRY,False,39.7008819580078,-86.6552581787109
904852096,2025,2025-11-26,Marion,Indianapolis,S HARDING ST & KENTUCKY AVE,Pedalcycle,REAR END,FOLLOWING TOO CLOSELY,SSI,DARK (LIGHTED),CLOUDY,DRY,False,39.7434539794922,-86.1877059936524
904775560,2025,2025-08-06,Marion,Indianapolis,HARCOURT RD & SUFFOLK LN,Vehicle,RAN OFF ROAD,ANIMAL/OBJECT IN ROADWAY,SSI,DAYLIGHT,CLEAR,DRY,False,39.8945503234863,-86.1934509277344
904707167,2025,2025-04-23,Hamilton,Westfield,GRASSY BRANCH RD & 191 ST,Vehicle,HEAD ON BETWEEN TWO MOTOR VEHICLES,IMPROPER PASSING,Fatal,DAYLIGHT,CLEAR,DRY,False,40.0637969970703,-86.109260559082
904743369,2025,2025-06-17,Marion,Indianapolis,SCOTLAND DRIVE & HILLCOT LANE,Vehicle,HEAD ON BETWEEN TWO MOTOR VEHICLES,FAILURE TO MAINTAIN LANE,SSI,DAYLIGHT,CLOUDY,WET,False,39.7468681335449,-86.3180465698242
904688341,2025,2025-03-18,Marion,Indianapolis,OAK KNOLL DR & ESTUARY DR,Vehicle,NON-COLLISION,OTHER (DRIVER) - EXPLAIN IN NARRATIVE,SSI,DAYLIGHT,CLEAR,DRY,False,39.6570358276367,-86.1803436279297
904757097,2025,2025-07-07,Marion,Indianapolis,N MERIDIAN ST & 64TH ST,Vehicle,RIGHT ANGLE,DISREGARD SIGNAL/REG SIGN,SSI,DAYLIGHT,CLEAR,DRY,False,39.8733215332031,-86.1568298339844
904852472,2025,2025-11-29,Boone,Zionsville,US 421 & CR 100 N,Vehicle,RAN OFF ROAD,SPEED TOO FAST FOR WEATHER CONDITIONS,Fatal,DAYLIGHT,BLOWING SAND/SOIL/SNOW,ICE,False,40.0560188293457,-86.292724609375
904775704,2025,2025-08-07,Johnson,Franklin,US 31 & COMMERCE DR,Vehicle,LEFT TURN,FAILURE TO YIELD RIGHT OF WAY,SSI,DAYLIGHT,CLEAR,DRY,False,39.5068588256836,-86.070198059082
904707250,2025,2025-04-23,Marion,Indianapolis,LAFAYETTE RD & GEORGETOWN RD,Vehicle,LEFT TURN,FAILURE TO MAINTAIN LANE,SSI,DAYLIGHT,CLEAR,DRY,False,39.8288307189941,-86.2399368286133
904688577,2025,2025-03-10,Marion,Beech Grove,N. 17TH AVE & ALBANY ST,Vehicle,OTHER - EXPLAIN IN NARRATIVE,UNSAFE SPEED,SSI,DARK (LIGHTED),CLEAR,DRY,False,39.7243194580078,-86.1020126342773
904757331,2025,2025-06-28,Marion,Indianapolis,I65 NORTHBOUND 117.6 MILE MARK,Vehicle,REAR END,UNSAFE SPEED,SSI,DARK (LIGHTED),CLEAR,DRY,True,39.8243217468262,-86.207992553711
904743374,2025,2025-06-17,Marion,Indianapolis,SHERBURNE LN,Pedestrian,OTHER - EXPLAIN IN NARRATIVE,DRIVER DISTRACTED - EXPLAIN IN NARRATIVE,SSI,DAYLIGHT,CLOUDY,WET,False,39.8223037719726,-86.2180404663086
904852784,2025,2025-11-28,Marion,Indianapolis,E 79TH ST & FALL CREEK RD,Pedestrian,COLLISION WITH OBJECT IN ROAD,IMPROPER TURNING,Fatal,DARK (NOT LIGHTED),CLEAR,DRY,False,39.8992004394531,-85.9937744140625
904707354,2025,2025-04-24,Marion,Indianapolis,E NEW YORK STREET & N SHERMAN DRIVE,Vehicle,OTHER - EXPLAIN IN NARRATIVE,OTHER (VEHICLE) - EXPLAIN IN NARRATIVE,SSI,DARK (LIGHTED),CLEAR,DRY,False,39.7721061706543,-86.1022033691406
904776269,2025,2025-08-07,Hancock,,E 100 S & S 600 E,Vehicle,RIGHT ANGLE,FAILURE TO YIELD RIGHT OF WAY,SSI,DAYLIGHT,CLEAR,DRY,False,39.7720718383789,-85.6887512207031
904707400,2025,2025-04-23,Marion,Cumberland,WOODLARK DR & KIRKWOOD,Vehicle,HEAD ON BETWEEN TWO MOTOR VEHICLES,DRIVER ASLEEP OR FATIGUED,SSI,DAYLIGHT,CLEAR,DRY,False,39.7805671691894,-85.9620513916016
904743659,2025,2025-06-17,Boone,Whitestown,LEGENDS WAY & LEGENDS WAY,Vehicle,REAR END,FOLLOWING TOO CLOSELY,SSI,DAYLIGHT,CLEAR,DRY,False,39.9322204589844,-86.3608703613281
904688697,2025,2025-03-17,Hancock,,200 N & 400 E,Vehicle,REAR END,FOLLOWING TOO CLOSELY,SSI,DAYLIGHT,CLEAR,DRY,False,39.8145751953125,-85.7333374023438
904757392,2025,2025-07-07,Johnson,Greenwood,N GRAHAM RD,Vehicle,REAR END,FOLLOWING TOO CLOSELY,SSI,DAYLIGHT,CLOUDY,DRY,False,39.6219863891602,-86.0636901855469
904776970,2025,2025-08-07,Morgan,Mooresville,STATE ROAD 67 & E HADLEY RD,Vehicle,REAR END,DRIVER DISTRACTED - EXPLAIN IN NARRATIVE,SSI,DAYLIGHT,CLEAR,DRY,False,39.6097373962402,-86.3594818115234
904852787,2025,2025-11-28,Marion,Indianapolis,US HWY 31 & E STOP 13 RD,Vehicle,RIGHT ANGLE,IMPROPER PASSING,SSI,DARK (LIGHTED),CLEAR,DRY,False,39.6383323669434,-86.1288986206055
904707465,2025,2025-04-23,Hamilton,Carmel,N MERIDIAN ST.,Pedalcycle,RIGHT ANGLE,FAILURE TO YIELD RIGHT OF WAY,SSI,DAYLIGHT,CLEAR,DRY,False,39.9550476074219,-86.1623306274414
904743817,2025,2025-06-09,Marion,Indianapolis,W RAYMOND ST & DISTRIBUTORS DR,Vehicle,NON-COLLISION,FAILURE TO YIELD RIGHT OF WAY,SSI,DAYLIGHT,CLEAR,DRY,False,39.7356758117676,-86.2588958740234
904688816,2025,2025-03-19,Shelby,SHELBYVILLE,CONREY ST. & W. PENNSYLVANIA ST.,Vehicle,RAN OFF ROAD,UNSAFE SPEED,SSI,DARK (LIGHTED),RAIN,WET,False,39.5260200500488,-85.7881088256836
904757590,2025,2025-07-09,Marion,Indianapolis,MICHIGAN RD & W 79TH ST,Vehicle,RIGHT ANGLE,OTHER (DRIVER) - EXPLAIN IN NARRATIVE,SSI,DAYLIGHT,CLOUDY,WET,False,39.8943328857422,-86.2143936157227
904777189,2025,2025-08-07,Marion,Indianapolis,E 32ND ST & N CENTRAL AVE,Vehicle,RIGHT ANGLE,OTHER (DRIVER) - EXPLAIN IN NARRATIVE,SSI,DAYLIGHT,CLEAR,DRY,False,39.8140411376953,-86.1497344970703
904852798,2025,2025-11-29,Marion,Indianapolis,MICHIGAN,Vehicle,RAN OFF ROAD,DRIVER DISTRACTED - EXPLAIN IN NARRATIVE,SSI,DARK (LIGHTED),CLEAR,DRY,False,39.8729057312012,-86.2039566040039
904707530,2025,2025-04-24,Hancock,WILKINSON,,Vehicle,RAN OFF ROAD,OTHER (ENVIRONMENTAL) - EXPLAIN IN NARR,SSI,DAYLIGHT,CLEAR,DRY,False,39.9020309448242,-85.6342086791992
904743958,2025,2025-06-17,Marion,Indianapolis,W 10TH ST & WHITCOMB AVE,Vehicle,LEFT TURN,FAILURE TO YIELD RIGHT OF WAY,SSI,DARK (LIGHTED),CLEAR,DRY,False,39.7798614501953,-86.256950378418
904688930,2025,2025-03-21,Marion,Indianapolis,NEWTON AVENUE & LASALLE STREET,Vehicle,RAN OFF ROAD,DRIVER DISTRACTED - EXPLAIN IN NARRATIVE,SSI,DARK (NOT LIGHTED),CLEAR,DRY,False,39.7652626037598,-86.1094589233398
904757628,2025,2025-07-07,Hancock,,800 W & 200 S,Vehicle,OPPOSITE DIRECTION SIDESWIPE,OTHER (VEHICLE) - EXPLAIN IN NARRATIVE,SSI,DAYLIGHT,CLEAR,DRY,False,39.7599716186523,-85.9522247314453
904777320,2025,2025-08-06,Marion,Indianapolis,N TIBBS AVE & W 18TH ST,Pedalcycle,REAR END,FOLLOWING TOO CLOSELY,Fatal,DARK (LIGHTED),CLEAR,DRY,False,39.7900428771973,-86.2158355712891
904853074,2025,2025-11-30,Marion,Indianapolis,N CAPITOL AVE,Vehicle,SAME DIRECTION SIDESWIPE,DRIVER ILLNESS,SSI,DAWN/DUSK,CLEAR,DRY,False,39.7722625732422,-86.1611557006836
904707589,2025,2025-04-23,Johnson,Greenwood,E COUNTY LINE RD & N EMERSON AVE,Vehicle,REAR END,DRIVER DISTRACTED - EXPLAIN IN NARRATIVE,SSI,DAYLIGHT,CLEAR,DRY,False,39.6363525390625,-86.0834655761719
904853490,2025,2025-11-27,Hancock,,500,Vehicle,RIGHT ANGLE,FAILURE TO YIELD RIGHT OF WAY,SSI,DARK (NOT LIGHTED),CLEAR,DRY,False,39.7570915222168,-85.8959732055664
904777651,2025,2025-08-08,Marion,Indianapolis,POLK ST & DORMAN ST,Vehicle,OPPOSITE DIRECTION SIDESWIPE,FAILURE TO YIELD RIGHT OF WAY,SSI,DARK (LIGHTED),CLEAR,DRY,False,39.7800331115723,-86.1389541625976
904689034,2025,2025-03-21,Boone,,W STATE ROAD 32 & 900 W,Vehicle,HEAD ON BETWEEN TWO MOTOR VEHICLES,IMPROPER PASSING,SSI,DAYLIGHT,CLEAR,DRY,False,40.054443359375,-86.6363372802734
904757706,2025,2025-06-29,Marion,Indianapolis,I- 465,Vehicle,REAR END,UNSAFE SPEED,Fatal,DARK (NOT LIGHTED),CLEAR,DRY,True,39.9164428710938,-86.0955429077148
904744049,2025,2025-06-18,Marion,Indianapolis,E 10TH ST & N EMERSON AVE,Vehicle,HEAD ON BETWEEN TWO MOTOR VEHICLES,FAILURE TO YIELD RIGHT OF WAY,SSI,DAYLIGHT,CLOUDY,WET,False,39.7820091247559,-86.083251953125
904777778,2025,2025-08-11,Marion,Indianapolis,US31 & STOP 11 ROAD,Vehicle,LEFT TURN,DISREGARD SIGNAL/REG SIGN,SSI,DAYLIGHT,CLEAR,DRY,False,39.7205085754395,-86.2445526123047
904853884,2025,2025-11-26,Johnson,Greenwood,SAVILLE ROW RD,Vehicle,RIGHT ANGLE,DRIVER ILLNESS,SSI,DAYLIGHT,CLEAR,DRY,False,39.6179161071777,-86.124397277832
904708454,2025,2025-04-25,Hamilton,Westfield,SR 32 & WHEELER RD,Vehicle,RIGHT ANGLE,FAILURE TO YIELD RIGHT OF WAY,SSI,DAYLIGHT,RAIN,WET,False,40.0427322387695,-86.1418762207031
904744176,2025,2025-06-17,Johnson,,COUNTY LINE RD & COMBS RD,Vehicle,RIGHT ANGLE,FAILURE TO YIELD RIGHT OF WAY,SSI,DAYLIGHT,CLEAR,DRY,False,39.6370010375977,-86.0541458129883