id,year,date,county,city,cross_street,crash_type,manner,primary_factor,ssi_fatal,light,weather,surface,interstate,lat,lon
904854011,2025,2025-11-13,Marion,Indianapolis,I-70 WB AT THE 83.9MM,Vehicle,REAR END,FOLLOWING TOO CLOSELY,SSI,DARK (LIGHTED),CLEAR,DRY,True,39.7891273498535,-86.129020690918
904777932,2025,2025-08-06,Marion,Indianapolis,MICHIGAN ST,Vehicle,OTHER - EXPLAIN IN NARRATIVE,OTHER (DRIVER) - EXPLAIN IN NARRATIVE,SSI,DARK (LIGHTED),CLEAR,DRY,False,39.8000411987305,-86.0645523071289
904689089,2025,2025-03-13,Marion,Indianapolis,SHENANDOAH DR & GALESTON DR,Pedalcycle,RIGHT ANGLE,PEDESTRIAN ACTION,SSI,DAYLIGHT,CLOUDY,DRY,False,39.7934989929199,-86.0086441040039
904708481,2025,2025-04-25,Hamilton,Westfield,SR 32 & HAMILTON BOONE COUNTY LINE ROA,Vehicle,RIGHT ANGLE,FAILURE TO YIELD RIGHT OF WAY,SSI,DAYLIGHT,RAIN,WATER (STANDING OR MOVING),False,40.0415573120117,-86.2414398193359
904757904,2025,2025-06-24,Marion,Indianapolis,I- 465 WB & 4.5 MM,Vehicle,RAN OFF ROAD,UNSAFE LANE MOVEMENT,SSI,DAYLIGHT,CLEAR,DRY,True,39.6951942443848,-86.1901779174805
904744252,2025,2025-06-12,Johnson,Edinburgh,SR 252 & N MAIN ST,Vehicle,RIGHT ANGLE,UNSAFE LANE MOVEMENT,SSI,DAYLIGHT,CLEAR,DRY,False,39.355354309082,-85.9678039550781
904854107,2025,2025-11-26,Johnson,Greenwood,EMERSON AVE & COUNTY LINE ROAD,Vehicle,RIGHT ANGLE,DISREGARD SIGNAL/REG SIGN,SSI,DARK (NOT LIGHTED),CLEAR,DRY,False,39.636474609375,-86.0828247070313
904777935,2025,2025-08-10,Marion,Indianapolis,E 38TH STREET & N SHERIDAN AVE,Vehicle,SAME DIRECTION SIDESWIPE,IMPROPER LANE USAGE,SSI,DAWN/DUSK,CLEAR,DRY,False,39.7793769836426,-86.3007049560547
904689143,2025,2025-03-13,Marion,Indianapolis,E RAYMOND ST & S STATE AVE,Vehicle,RIGHT ANGLE,DISREGARD SIGNAL/REG SIGN,SSI,DARK (LIGHTED),CLEAR,DRY,False,39.7377586364746,-86.1303787231445
904708582,2025,2025-04-26,Johnson,Franklin,I-65,Vehicle,SAME DIRECTION SIDESWIPE,UNSAFE LANE MOVEMENT,SSI,DAWN/DUSK,CLOUDY,DRY,True,39.4912757873535,-86.0160217285156
904758060,2025,2025-07-09,Hendricks,Plainfield,W NORTH ST & N VINE ST,Pedestrian,OTHER - EXPLAIN IN NARRATIVE,FAILURE TO YIELD RIGHT OF WAY,SSI,DAYLIGHT,CLEAR,DRY,False,39.7085494995117,-86.4030303955078
904744601,2025,2025-06-07,Marion,Indianapolis,I70 EB AT THE 91.6MM,Vehicle,RAN OFF ROAD,FAILURE TO MAINTAIN LANE,SSI,DAYLIGHT,CLOUDY,DRY,True,39.801700592041,-85.9928359985352
904854303,2025,2025-11-30,Hamilton,Carmel,I 465 W & 29.9 MM,Vehicle,RAN OFF ROAD,ROADWAY SURFACE CONDITION,SSI,DARK (NOT LIGHTED),SNOW,SNOW/SLUSH,True,39.929801940918,-86.17333984375
904777937,2025,2025-08-05,Marion,Indianapolis,COUNTRY CLUB RD & UNNAMED RD,Vehicle,SAME DIRECTION SIDESWIPE,FAILURE TO MAINTAIN LANE,SSI,DAYLIGHT,CLEAR,DRY,False,39.8345489501953,-86.2757873535156
904689800,2025,2025-03-21,Marion,Indianapolis,E. 30TH STREET & N. ARLINGTON AVENUE,Vehicle,LEFT TURN,FAILURE TO YIELD RIGHT OF WAY,SSI,DARK (LIGHTED),CLEAR,DRY,False,39.8109474182129,-86.064567565918
904708784,2025,2025-04-26,Johnson,Bargersville,SR144 & CR625W,Vehicle,RAN OFF ROAD,OTHER (DRIVER) - EXPLAIN IN NARRATIVE,SSI,DAYLIGHT,CLOUDY,DRY,False,39.5606575012207,-86.2285079956055
904758212,2025,2025-07-09,Johnson,Greenwood,N US 31 & W MAIN ST,Vehicle,RIGHT ANGLE,FAILURE TO YIELD RIGHT OF WAY,SSI,DAYLIGHT,CLEAR,DRY,False,39.6136283874512,-86.1160049438477
904690085,2025,2025-03-22,Marion,Indianapolis,W 16TH ST & SHARON AV,Pedestrian,RAN OFF ROAD,FAILURE TO MAINTAIN LANE,SSI,DAYLIGHT,CLEAR,DRY,False,39.7878837585449,-86.2078628540039
904778198,2025,2025-08-11,Hamilton,Noblesville,CYNTHEANNE RD.,Vehicle,OTHER - EXPLAIN IN NARRATIVE,ANIMAL/OBJECT IN ROADWAY,SSI,DAYLIGHT,CLEAR,DRY,False,39.9941864013672,-85.8812713623047
904854762,2025,2025-12-01,Hamilton,Noblesville,FOREST PARK DR & CICERO RD,Vehicle,RAN OFF ROAD,UNSAFE SPEED,SSI,DARK (LIGHTED),SNOW,SNOW/SLUSH,False,40.0506553649902,-86.0179290771484
904709045,2025,2025-04-16,Marion,Indianapolis,I70 WB 86 MM,Vehicle,REAR END,FOLLOWING TOO CLOSELY,SSI,DAYLIGHT,CLEAR,DRY,True,39.8009223937988,-86.0928497314453
904744602,2025,2025-06-07,Marion,Indianapolis,I65 NB AT THE 106.4MM,Vehicle,SAME DIRECTION SIDESWIPE,UNSAFE LANE MOVEMENT,SSI,DAYLIGHT,CLOUDY,DRY,True,39.708568572998,-86.1095886230469
904778290,2025,2025-08-06,Johnson,Greenwood,I-65 SB AT THE 99MM,Vehicle,REAR END,OTHER (DRIVER) - EXPLAIN IN NARRATIVE,SSI,DAYLIGHT,CLEAR,DRY,True,39.6355819702148,-86.1269607543945
904690197,2025,2025-03-21,Marion,Indianapolis,KESSLER BLVD E DR & FALL CREEK RD,Vehicle,REAR END,FOLLOWING TOO CLOSELY,SSI,DAYLIGHT,CLEAR,DRY,False,39.856086730957,-86.0844802856445
904758561,2025,2025-07-05,Marion,Indianapolis,I465 SB 9.8 MM,Vehicle,RAN OFF ROAD,UNSAFE LANE MOVEMENT,SSI,DARK (LIGHTED),CLEAR,DRY,True,39.7204513549805,-86.2642974853516
904855061,2025,2025-11-12,Marion,Indianapolis,E 38TH ST,Vehicle,LEFT TURN,FAILURE TO YIELD RIGHT OF WAY,SSI,DAYLIGHT,CLEAR,DRY,False,39.8263931274414,-86.1342697143555
904744681,2025,2025-05-18,Hancock,,W US HWY 40 & CR 400 W,Vehicle,LEFT/RIGHT TURN,FAILURE TO YIELD RIGHT OF WAY,Fatal,DAYLIGHT,CLEAR,DRY,False,39.7803001403809,-85.8776092529297
904778320,2025,2025-08-08,Marion,Indianapolis,I-65 & I-65,Vehicle,OTHER - EXPLAIN IN NARRATIVE,OTHER (DRIVER) - EXPLAIN IN NARRATIVE,SSI,DAYLIGHT,CLEAR,DRY,True,39.7828559875488,-86.1571884155273
904690247,2025,2025-03-11,Morgan,MARTINSVILLE,S R 39 BYPASS & MORGAN ST,Vehicle,LEFT TURN,FAILURE TO YIELD RIGHT OF WAY,SSI,DAYLIGHT,CLEAR,DRY,False,39.4279479980469,-86.4397048950195
904709193,2025,2025-04-24,Marion,Indianapolis,N WHITCOMB AVE,Vehicle,REAR END,DRIVER DISTRACTED - EXPLAIN IN NARRATIVE,SSI,DAYLIGHT,CLEAR,DRY,False,39.783504486084,-86.2563171386719
904759146,2025,2025-07-07,Marion,Indianapolis,I- 70,Vehicle,HEAD ON BETWEEN TWO MOTOR VEHICLES,WRONG WAY ON ONE WAY,Fatal,DARK (LIGHTED),CLEAR,DRY,True,39.7556228637695,-86.2059173583984
904855082,2025,2025-11-14,Marion,Indianapolis,I-465 SB AT THE 39.1MM,Vehicle,RIGHT ANGLE,OVERCORRECTING/OVERSTEERING,SSI,DAYLIGHT,CLEAR,DRY,True,39.8644981384277,-86.04736328125
904745147,2025,2025-06-17,Marion,Indianapolis,E 86TH ST & E 86TH ST RAMP TO N KEYSTONE,Vehicle,HEAD ON BETWEEN TWO MOTOR VEHICLES,FAILURE TO YIELD RIGHT OF WAY,SSI,DAWN/DUSK,CLEAR,DRY,False,39.9124145507813,-86.1125106811523
904778342,2025,2025-08-07,Johnson,Greenwood,W WORTHSVILLE RD & EASTWOOD ST,Vehicle,REAR END,FOLLOWING TOO CLOSELY,SSI,DAWN/DUSK,CLEAR,DRY,False,39.586254119873,-86.1103439331055
904690324,2025,2025-03-22,Marion,Indianapolis,N SHERMAN DR & E 42ND ST,Vehicle,RIGHT ANGLE,FAILURE TO YIELD RIGHT OF WAY,SSI,DAYLIGHT,CLEAR,DRY,False,39.8329544067383,-86.1028442382813
904709507,2025,2025-04-26,Marion,Indianapolis,S SENOUR RD & WONDERLAND DR,Vehicle,HEAD ON BETWEEN TWO MOTOR VEHICLES,FAILURE TO YIELD RIGHT OF WAY,SSI,DAYLIGHT,CLEAR,DRY,False,39.6870231628418,-85.9755249023438
904759952,2025,2025-07-11,Marion,Indianapolis,E THOMPSON RD & S FIVE POINTS RD,Vehicle,RIGHT ANGLE,FAILURE TO YIELD RIGHT OF WAY,SSI,DAYLIGHT,CLEAR,DRY,False,39.6952667236328,-86.0445098876953
904855595,2025,2025-11-25,Marion,Indianapolis,OLD US HWY 421 & SOUTHEASTERN AV,Vehicle,RIGHT ANGLE,FAILURE TO YIELD RIGHT OF WAY,Fatal,DARK (LIGHTED),RAIN,WET,False,39.7323455810547,-86.0581893920898
904745253,2025,2025-06-18,Marion,Indianapolis,22ND ST & HARDING ST,Vehicle,LEFT TURN,OTHER (DRIVER) - EXPLAIN IN NARRATIVE,SSI,DAYLIGHT,CLEAR,WET,False,39.7974128723144,-86.1875076293945
904778380,2025,2025-08-11,Hendricks,Plainfield,CAMBRIDGE WAY,Pedestrian,LEFT TURN,FAILURE TO YIELD RIGHT OF WAY,SSI,DAYLIGHT,CLEAR,DRY,False,39.6748657226563,-86.3703079223633
904690393,2025,2025-03-14,Boone,Zionsville,I465 NB 24.3 MM,Vehicle,REAR END,FOLLOWING TOO CLOSELY,SSI,DAYLIGHT,CLEAR,DRY,True,39.925235748291,-86.2678146362305
904709509,2025,2025-04-26,Marion,Indianapolis,34TH STREET & MOLLER ROAD,Vehicle,HEAD ON BETWEEN TWO MOTOR VEHICLES,IMPROPER TURNING,SSI,DAYLIGHT,CLEAR,DRY,False,39.816520690918,-86.2566146850586
904778483,2025,2025-08-01,Marion,Indianapolis,I-465 & I-465,Vehicle,REAR END,UNSAFE LANE MOVEMENT,SSI,DAYLIGHT,CLEAR,DRY,True,39.8184242248535,-86.2754516601563
904760306,2025,2025-06-27,Marion,Indianapolis,E. WASHINGTON ST. & KEALING AVE.,Pedalcycle,REAR END,UNSAFE SPEED,SSI,DARK (NOT LIGHTED),CLEAR,DRY,False,39.7691230773926,-86.1038436889648
904778613,2025,2025-08-11,Hamilton,Westfield,OAK RIDGE RD. & E GREYHOUND PASS,Vehicle,HEAD ON BETWEEN TWO MOTOR VEHICLES,FAILURE TO YIELD RIGHT OF WAY,SSI,DAYLIGHT,CLEAR,DRY,False,40.0081214904785,-86.1458511352539
904856078,2025,2025-12-01,Hamilton,Carmel,US 31 S & 127.2MM,Vehicle,OTHER - EXPLAIN IN NARRATIVE,DRIVER ILLNESS,SSI,DAYLIGHT,SNOW,WET,False,39.9809074401855,-86.1548080444336
904745294,2025,2025-06-18,Marion,Indianapolis,W 16TH ST & N HARDING ST,Vehicle,HEAD ON BETWEEN TWO MOTOR VEHICLES,LEFT OF CENTER,SSI,DAYLIGHT,CLOUDY,DRY,False,39.7889747619629,-86.1861724853516
904690471,2025,2025-03-18,Marion,Indianapolis,N KEYSTONE AV & E 32ND ST,Vehicle,SAME DIRECTION SIDESWIPE,IMPROPER TURNING,Fatal,DARK (LIGHTED),CLEAR,DRY,False,39.8136329650879,-86.1216354370117
904709580,2025,2025-04-26,Marion,Indianapolis,N SHADELAND AV & W 30TH ST,Vehicle,RIGHT ANGLE,DISREGARD SIGNAL/REG SIGN,Fatal,DARK (LIGHTED),CLEAR,DRY,False,39.81103515625,-86.0456085205078
904745395,2025,2025-06-18,Marion,Indianapolis,21ST STREET & GRAHAM AVENUE,Vehicle,RIGHT ANGLE,DISREGARD SIGNAL/REG SIGN,SSI,DAYLIGHT,CLEAR,DRY,False,39.7962875366211,-86.0691223144531
904856305,2025,2025-12-01,Johnson,Greenwood,MERIDIAN PARKE DR,Pedestrian,OTHER - EXPLAIN IN NARRATIVE,OTHER (DRIVER) - EXPLAIN IN NARRATIVE,SSI,DARK (LIGHTED),CLEAR,DRY,False,39.6185188293457,-86.1595230102539
904690760,2025,2025-03-18,Marion,Indianapolis,E HANNA AV & S NEW JERSEY ST,Pedestrian,RIGHT ANGLE,PEDESTRIAN ACTION,SSI,DARK (NOT LIGHTED),CLEAR,DRY,False,39.7079124450684,-86.1505737304688
904779104,2025,2025-08-13,Marion,Indianapolis,71 ST & GEORGETOWN RD,Vehicle,REAR END,OTHER (DRIVER) - EXPLAIN IN NARRATIVE,SSI,DAWN/DUSK,CLEAR,DRY,False,39.8809204101563,-86.2443313598633
904760384,2025,2025-07-04,Marion,Indianapolis,I- 70 & I-70,Vehicle,REAR END,UNSAFE LANE MOVEMENT,Fatal,DAYLIGHT,CLEAR,DRY,True,39.7872428894043,-86.1336135864258
904709724,2025,2025-04-23,Marion,Indianapolis,KENTUCKY AVE & CAMBY CROSSING BLVD.,Vehicle,RIGHT ANGLE,FAILURE TO YIELD RIGHT OF WAY,SSI,DAYLIGHT,CLEAR,DRY,False,39.6548233032227,-86.3191604614258
904745406,2025,2025-06-19,Marion,Indianapolis,SOUTHERN PLAZA DR & DECLARATION DR,Pedalcycle,OTHER - EXPLAIN IN NARRATIVE,PEDESTRIAN ACTION,SSI,DAYLIGHT,CLEAR,DRY,False,39.7029571533203,-86.155403137207
904856542,2025,2025-12-03,Hendricks,,W CO RD 100 S,Vehicle,OTHER - EXPLAIN IN NARRATIVE,OTHER (DRIVER) - EXPLAIN IN NARRATIVE,Fatal,DARK (NOT LIGHTED),SNOW,SNOW/SLUSH,False,39.7451820373535,-86.5561218261719
904690965,2025,2025-03-24,Hamilton,Fishers,ALLISONVILLE RD & E. 96TH ST,Vehicle,SAME DIRECTION SIDESWIPE,IMPROPER LANE USAGE,SSI,DAYLIGHT,CLEAR,DRY,False,39.9270820617676,-86.0660705566406
904779221,2025,2025-08-08,Marion,Indianapolis,E 10TH ST & SCHLIECHER AVE,Vehicle,HEAD ON BETWEEN TWO MOTOR VEHICLES,LEFT OF CENTER,Fatal,DAYLIGHT,CLEAR,DRY,False,39.7821311950684,-85.9986724853516
904760488,2025,2025-07-04,Marion,Indianapolis,I465 & SB,Vehicle,OTHER - EXPLAIN IN NARRATIVE,OTHER (VEHICLE) - EXPLAIN IN NARRATIVE,SSI,DARK (LIGHTED),CLEAR,DRY,True,39.8033065795898,-86.0322036743164
904709769,2025,2025-04-27,Marion,Indianapolis,N TIBBS AVE. & LAWNVIEW LN.,Vehicle,REAR END,FOLLOWING TOO CLOSELY,SSI,DAYLIGHT,CLEAR,DRY,False,39.7987518310547,-86.2159118652344
904745674,2025,2025-06-20,Boone,Whitestown,ALBERT S WHITE DR & CR 700 E,Vehicle,RIGHT ANGLE,FAILURE TO YIELD RIGHT OF WAY,SSI,DAWN/DUSK,CLEAR,DRY,False,39.9835815429687,-85.7943572998047
904856827,2025,2025-12-03,Hamilton,Carmel,I- 465,Vehicle,COLLISION WITH OBJECT IN ROAD,OTHER (DRIVER) - EXPLAIN IN NARRATIVE,SSI,DAYLIGHT,CLOUDY,DRY,True,39.930061340332,-86.1627883911133
904691338,2025,2025-03-26,Marion,Indianapolis,I465 NB & 39.3MM,Vehicle,RAN OFF ROAD,FAILURE TO MAINTAIN LANE,SSI,DAYLIGHT,CLEAR,DRY,True,39.8616104125976,-86.0473022460938
904779617,2025,2025-08-08,Marion,Indianapolis,W TROY AVE & SOUTHWEST DR,Pedestrian,NON-COLLISION,PEDESTRIAN ACTION,SSI,DARK (LIGHTED),CLEAR,DRY,False,39.7205085754395,-86.2445526123047
904760493,2025,2025-07-14,Johnson,,75 W & 600 N,Vehicle,HEAD ON BETWEEN TWO MOTOR VEHICLES,OTHER (DRIVER) - EXPLAIN IN NARRATIVE,SSI,DARK (NOT LIGHTED),CLEAR,DRY,False,39.5640411376953,-86.114501953125
904746115,2025,2025-06-22,Hancock,,,Vehicle,RAN OFF ROAD,OTHER (DRIVER) - EXPLAIN IN NARRATIVE,SSI,DAYLIGHT,CLEAR,DRY,False,39.8935775756836,-85.7943572998047
904779630,2025,2025-08-12,Marion,Indianapolis,N WASHINGTON BLVD & E 32ND ST,Vehicle,RIGHT ANGLE,DISREGARD SIGNAL/REG SIGN,SSI,DAYLIGHT,CLEAR,DRY,False,39.8139533996582,-86.1520385742188
904856929,2025,2025-12-03,Marion,Indianapolis,E THOMPSON RD & MOUNT VERNON DR,Vehicle,RAN OFF ROAD,OVERCORRECTING/OVERSTEERING,SSI,DARK (LIGHTED),CLEAR,SNOW/SLUSH,False,39.6936531066894,-86.1453475952148
904709800,2025,2025-04-27,Marion,Indianapolis,N POST RD,Vehicle,RAN OFF ROAD,FAILURE TO MAINTAIN LANE,Fatal,DARK (LIGHTED),CLEAR,DRY,False,39.7939834594727,-86.0094223022461
904779633,2025,2025-08-08,Marion,Indianapolis,W 34TH STREET & AUBURN ROAD,Vehicle,RIGHT ANGLE,DISREGARD SIGNAL/REG SIGN,Fatal,DARK (NOT LIGHTED),CLEAR,DRY,False,39.8166160583496,-86.2442626953125
904746257,2025,2025-06-18,Marion,Beech Grove,EMERSON AVE. & SUBWAY ST.,Vehicle,RIGHT ANGLE,FAILURE TO YIELD RIGHT OF WAY,SSI,DAYLIGHT,RAIN,WET,False,39.7275581359863,-86.0831146240234
904760507,2025,2025-07-06,Marion,Indianapolis,I- 465,Vehicle,RAN OFF ROAD,FAILURE TO MAINTAIN LANE,SSI,DARK (LIGHTED),CLEAR,DRY,True,39.9252014160156,-86.1256256103516
904746387,2025,2025-06-04,Marion,Indianapolis,E. 38TH STREET  & N. PARKER AVENUE,Pedestrian,COLLISION WITH OBJECT IN ROAD,PEDESTRIAN ACTION,Fatal,DARK (NOT LIGHTED),CLOUDY,DRY,False,39.8253173828125,-86.1130447387695
904691380,2025,2025-02-23,Hamilton,Westfield,E SR32 & GUNTHER BLVD,Vehicle,OTHER - EXPLAIN IN NARRATIVE,OTHER (DRIVER) - EXPLAIN IN NARRATIVE,SSI,DAYLIGHT,CLEAR,DRY,False,40.0429763793945,-86.1057815551758
904857161,2025,2025-11-25,Marion,Indianapolis,E 43RD ST & CENTRAL AVE,Vehicle,OTHER - EXPLAIN IN NARRATIVE,OTHER (DRIVER) - EXPLAIN IN NARRATIVE,Fatal,DAYLIGHT,CLEAR,DRY,False,39.8338012695313,-86.1506118774414
904709838,2025,2025-04-28,Marion,Indianapolis,900 W  10TH ST  & 900 UNIVERSITY BLVD,Vehicle,HEAD ON BETWEEN TWO MOTOR VEHICLES,OTHER (DRIVER) - EXPLAIN IN NARRATIVE,SSI,DAYLIGHT,CLEAR,DRY,False,39.7801551818848,-86.1742553710938
904779688,2025,2025-08-13,Marion,Indianapolis,S SHELBY ST & E MORRIS ST,Vehicle,LEFT TURN,STEERING FAILURE,SSI,DAYLIGHT,CLEAR,DRY,False,39.7520713806152,-86.1397399902344
904760513,2025,2025-07-06,Marion,Indianapolis,I- 465 & WB,Vehicle,REAR END,ENGINE FAILURE OR DEFECTIVE,SSI,DAWN/DUSK,CLEAR,DRY,True,39.7005958557129,-86.1689147949219
904746517,2025,2025-06-15,Hendricks,,EAGLE CROSSING BLVD,Pedalcycle,RIGHT ANGLE,PEDESTRIAN ACTION,SSI,DAYLIGHT,CLEAR,DRY,False,39.8517303466797,-86.3419570922851
904691555,2025,2025-03-23,Shelby,PLEASANT VIEW,W 1000N & N 675W,Vehicle,RAN OFF ROAD,FAILURE TO MAINTAIN LANE,SSI,DARK (NOT LIGHTED),CLOUDY,ICE,False,39.6680450439453,-85.9121475219727
904858307,2025,2025-12-06,Marion,Indianapolis,W MICHIGAN ST & N WEST ST,Vehicle,RIGHT ANGLE,DISREGARD SIGNAL/REG SIGN,SSI,DARK (LIGHTED),CLEAR,DRY,False,39.7742767333984,-86.1668167114258
904709840,2025,2025-04-28,Marion,Indianapolis,34TH & ARLINGTON,Vehicle,HEAD ON BETWEEN TWO MOTOR VEHICLES,FAILURE TO YIELD RIGHT OF WAY,SSI,DAYLIGHT,CLEAR,DRY,False,39.8184127807617,-86.0648422241211
904779708,2025,2025-08-13,Marion,Indianapolis,N ARLINGTON AVE & E 23RD ST,Pedestrian,OTHER - EXPLAIN IN NARRATIVE,PEDESTRIAN ACTION,SSI,DARK (LIGHTED),CLEAR,DRY,False,39.8000411987305,-86.0645523071289
904760692,2025,2025-07-11,Marion,Indianapolis,N SHADELAND AVE & E 71ST ST,Vehicle,LEFT TURN,DISREGARD SIGNAL/REG SIGN,SSI,DAYLIGHT,CLEAR,DRY,False,39.883430480957,-86.0461349487305
904746583,2025,2025-05-31,Marion,Indianapolis,W 10TH ST,Vehicle,RAN OFF ROAD,UNSAFE SPEED,SSI,DAYLIGHT,CLEAR,DRY,False,39.7802391052246,-86.1941528320313
904691652,2025,2025-03-26,Marion,Indianapolis,WINTON DR,Pedalcycle,RIGHT ANGLE,ANIMAL/OBJECT IN ROADWAY,SSI,DAYLIGHT,CLEAR,DRY,False,39.8838500976562,-86.2466354370117
904858663,2025,2025-11-28,Johnson,,NB I-65 & 92 MM,Vehicle,RAN OFF ROAD,UNSAFE LANE MOVEMENT,SSI,DAYLIGHT,CLEAR,DRY,True,39.5168113708496,-86.0232086181641
904709964,2025,2025-04-26,Marion,Indianapolis,N. SHERMAN DR & ROOSEVELT AVENUE,Vehicle,RIGHT ANGLE,DISREGARD SIGNAL/REG SIGN,Fatal,DAYLIGHT,CLEAR,DRY,False,39.8014640808106,-86.1024475097656
904779880,2025,2025-08-11,Marion,Indianapolis,N MITTHOEFER RD & E 30TH ST,Vehicle,RIGHT ANGLE,DISREGARD SIGNAL/REG SIGN,SSI,DAYLIGHT,CLEAR,DRY,False,39.8115653991699,-85.990852355957
904760700,2025,2025-07-14,Marion,Indianapolis,S EAST ST & E MORRIS ST,Vehicle,RIGHT ANGLE,DISREGARD SIGNAL/REG SIGN,SSI,DAYLIGHT,CLEAR,DRY,False,39.7514915466309,-86.1495971679688
904691675,2025,2025-03-26,Marion,Indianapolis,2601 N BUTLER,Pedestrian,OTHER - EXPLAIN IN NARRATIVE,OTHER (VEHICLE) - EXPLAIN IN NARRATIVE,Fatal,DAYLIGHT,CLOUDY,DRY,False,39.8066749572754,-86.0799407958984
904710007,2025,2025-04-28,Boone,,US 52 & 700 N,Vehicle,REAR END,OTHER (DRIVER) - EXPLAIN IN NARRATIVE,Fatal,DAYLIGHT,CLEAR,DRY,False,40.139476776123,-86.5756912231445
904746872,2025,2025-06-23,Hendricks,Plainfield,N CENTER ST & W MAIN ST,Vehicle,RIGHT TURN,FAILURE TO YIELD RIGHT OF WAY,SSI,DAYLIGHT,CLOUDY,DRY,False,39.7027854919434,-86.4030151367188
904760957,2025,2025-04-12,Marion,Indianapolis,WASHINGTON ST  & EAST ST,Pedestrian,COLLISION WITH OBJECT IN ROAD,PEDESTRIAN ACTION,SSI,DAYLIGHT,CLEAR,DRY,False,39.7669334411621,-86.1489410400391
904858670,2025,2025-12-05,Marion,Indianapolis,E 42ND ST & N EDMONDSON AVE,Vehicle,RAN OFF ROAD,UNSAFE SPEED,Fatal,DARK (LIGHTED),CLEAR,DRY,False,39.8330993652344,-86.0511932373047
904780168,2025,2025-08-09,Marion,Cumberland,E 10TH STREET,Vehicle,RAN OFF ROAD,UNSAFE SPEED,SSI,DARK (NOT LIGHTED),CLEAR,DRY,False,39.7825469970703,-85.9633026123047
904760988,2025,2025-07-15,Marion,Indianapolis,E LOWELL & N WHITTER PL,Vehicle,RIGHT ANGLE,DISREGARD SIGNAL/REG SIGN,SSI,DAYLIGHT,CLEAR,DRY,False,39.7731628417969,-86.0750732421875
904746899,2025,2025-06-22,Morgan,Mooresville,SAMUEL MOORE PKWY & SR 67 SB,Vehicle,RIGHT ANGLE,UNSAFE SPEED,SSI,DAYLIGHT,CLEAR,DRY,False,39.627010345459,-86.3529434204102
904691922,2025,2025-03-22,Marion,Indianapolis,W 10TH ST & TOMAHAWK TRAIL,Vehicle,RIGHT ANGLE,UNSAFE SPEED,SSI,DAYLIGHT,CLEAR,DRY,False,39.779167175293,-86.3005447387695
904710172,2025,2025-04-28,Marion,Indianapolis,E ST CLAIR ST & N DAVIDSON ST,Vehicle,RIGHT ANGLE,DISREGARD SIGNAL/REG SIGN,SSI,DAWN/DUSK,CLEAR,DRY,False,39.7776908874512,-86.1424026489258
904780417,2025,2025-08-13,Marion,Indianapolis,3500 MANN RD. & 4200 MOORESVILLE RD,Vehicle,RIGHT ANGLE,DRIVER DISTRACTED - EXPLAIN IN NARRATIVE,SSI,DAYLIGHT,CLEAR,DRY,False,39.7128868103027,-86.2386093139648
904858899,2025,2025-12-07,Hamilton,Arcadia,266TH ST & CORNELL RD,Vehicle,RAN OFF ROAD,FAILURE TO MAINTAIN LANE,Fatal,DARK (NOT LIGHTED),CLEAR,DRY,False,40.1773147583008,-85.9014358520508
904761026,2025,2025-07-13,Hamilton,Carmel,I 465 W,Vehicle,SAME DIRECTION SIDESWIPE,SPEED TOO FAST FOR WEATHER CONDITIONS,SSI,DARK (LIGHTED),RAIN,WET,True,39.9303321838379,-86.1632614135742
904746915,2025,2025-06-20,Marion,Indianapolis,MANN RD & W SOUTHPORT RD,Vehicle,RAN OFF ROAD,UNSAFE SPEED,Fatal,DARK (LIGHTED),CLEAR,DRY,False,39.6624526977539,-86.24560546875
904692019,2025,2025-03-27,Marion,Indianapolis,N. MERIDIAN ST & 75TH ST,Vehicle,RIGHT ANGLE,DISREGARD SIGNAL/REG SIGN,SSI,DAYLIGHT,CLOUDY,DRY,False,39.8903999328613,-86.1578216552734
904780475,2025,2025-08-13,Marion,Indianapolis,EMERSON AVE & EMERSON CT N DR,Vehicle,LEFT TURN,FAILURE TO YIELD RIGHT OF WAY,Fatal,DARK (LIGHTED),CLEAR,DRY,False,39.805534362793,-86.0835189819336
904858960,2025,2025-11-23,Morgan,CAMBY,N MANN RD & E LANDERSDALE RD,Vehicle,RAN OFF ROAD,OTHER (DRIVER) - EXPLAIN IN NARRATIVE,SSI,DARK (NOT LIGHTED),CLEAR,DRY,False,39.6186561584473,-86.2629699707031
904761227,2025,2025-07-14,Hendricks,,CR 500 N & SR 39,Vehicle,REAR END,FOLLOWING TOO CLOSELY,SSI,DARK (NOT LIGHTED),CLEAR,DRY,False,39.8342781066895,-86.5428771972656
904747342,2025,2025-06-17,Johnson,Greenwood,N GRAHAM RD & N GRAHAM RD,Vehicle,SAME DIRECTION SIDESWIPE,UNSAFE LANE MOVEMENT,SSI,DARK (NOT LIGHTED),RAIN,WET,False,39.6057243347168,-86.0638732910156
904692232,2025,2025-03-27,Marion,Indianapolis,W 38TH ST. & GEMCO LN,Vehicle,RIGHT ANGLE,DISREGARD SIGNAL/REG SIGN,SSI,DARK (LIGHTED),CLEAR,DRY,False,39.823860168457,-86.2462692260742
904780554,2025,2025-08-10,Marion,Indianapolis,N HARDING ST & W 22ND ST,Vehicle,RIGHT ANGLE,FAILURE TO YIELD RIGHT OF WAY,SSI,DAYLIGHT,CLEAR,DRY,False,39.7978401184082,-86.1875