id,year,date,county,city,cross_street,crash_type,manner,primary_factor,ssi_fatal,light,weather,surface,interstate,lat,lon
904859056,2025,2025-11-22,Hamilton,Fishers,I-69 NB & 211.6 MM,Vehicle,REAR END,OTHER (DRIVER) - EXPLAIN IN NARRATIVE,SSI,DARK (NOT LIGHTED),CLEAR,DRY,True,39.990795135498,-85.8967819213867
904761559,2025,2025-07-04,Marion,Indianapolis,S EMERSON AVENUE & FLINTSTONE DRIVE,Vehicle,NON-COLLISION,OTHER (DRIVER) - EXPLAIN IN NARRATIVE,SSI,DARK (LIGHTED),CLEAR,DRY,False,39.6751174926758,-86.0826644897461
904747344,2025,2025-06-07,Marion,Indianapolis,W WASHINGTON ST & S TIBBS AV,Pedalcycle,REAR END,DISREGARD SIGNAL/REG SIGN,SSI,DARK (LIGHTED),RAIN,WET,False,39.7623291015625,-86.2201080322266
904692408,2025,2025-03-28,Marion,Indianapolis,INTERSTATE 465,Vehicle,RAN OFF ROAD,DRIVER ILLNESS,SSI,DARK (LIGHTED),RAIN,WET,True,39.8604888916016,-86.2757873535156
904692690,2025,2025-03-29,Hancock,McCordsville,W BROOKSIDE PKWY & N TANGLEWOOD CIR,Vehicle,RAN OFF ROAD,ANIMAL/OBJECT IN ROADWAY,SSI,DAYLIGHT,CLOUDY,WET,False,39.9073753356934,-85.9223480224609
904780708,2025,2025-08-15,Boone,,STATE RD 39 & BLUBAUGH AVE,Vehicle,HEAD ON BETWEEN TWO MOTOR VEHICLES,LEFT OF CENTER,Fatal,DAYLIGHT,CLEAR,DRY,False,40.1673545837402,-86.4861755371094
904761675,2025,2025-07-10,Shelby,FLAT ROCK,OLD STATE ROAD 252 & FLAT ROCK ROAD,Vehicle,REAR END,DRIVER DISTRACTED - EXPLAIN IN NARRATIVE,SSI,DAYLIGHT,CLEAR,DRY,False,39.3646202087402,-85.8180313110352
904693043,2025,2025-03-29,Marion,Indianapolis,E EDGEWOOD AV & S ARLINGTON AV,Vehicle,OTHER - EXPLAIN IN NARRATIVE,OVERCORRECTING/OVERSTEERING,SSI,DAYLIGHT,CLOUDY,DRY,False,39.6809730529785,-86.0635375976563
904780720,2025,2025-08-14,Marion,Indianapolis,SOUTHEASTERN AVE & E PLEASANT RUN PKWY DR,Vehicle,RIGHT TURN,IMPROPER TURNING,SSI,DAYLIGHT,CLEAR,DRY,False,39.7596588134766,-86.1145248413086
904859218,2025,2025-12-05,Marion,Indianapolis,EMERSON AVE & SOUTHPORT CROSSING PL,Vehicle,RIGHT ANGLE,DISREGARD SIGNAL/REG SIGN,SSI,DAYLIGHT,CLEAR,DRY,False,39.6635589599609,-86.0823211669922
904761914,2025,2025-07-14,Marion,Indianapolis,W WASHINGTON ST & S FULLER DR,Vehicle,RIGHT ANGLE,FAILURE TO YIELD RIGHT OF WAY,Fatal,DAYLIGHT,CLEAR,DRY,False,39.7539558410644,-86.2465896606445
904859624,2025,2025-12-04,Marion,Indianapolis,S EAST ST & STOVER AVENUE,Pedestrian,NON-COLLISION,PEDESTRIAN ACTION,SSI,DARK (LIGHTED),CLEAR,DRY,False,39.701831817627,-86.1488723754883
904693074,2025,2025-03-29,Marion,Indianapolis,E THOMPSON RD & S LASALLE ST,Vehicle,HEAD ON BETWEEN TWO MOTOR VEHICLES,FAILURE TO MAINTAIN LANE,SSI,DAYLIGHT,CLOUDY,WET,False,39.6940460205078,-86.1078872680664
904781578,2025,2025-08-09,Hancock,,300S,Vehicle,RAN OFF ROAD,OVERCORRECTING/OVERSTEERING,SSI,DARK (NOT LIGHTED),CLEAR,DRY,False,39.7428588867187,-85.773796081543
904762504,2025,2025-07-17,Marion,Indianapolis,E NORTH ST & N MERIDIAN ST,Pedalcycle,OTHER - EXPLAIN IN NARRATIVE,DISREGARD SIGNAL/REG SIGN,SSI,DAYLIGHT,CLEAR,DRY,False,39.7755546569824,-86.15771484375
904859627,2025,2025-12-06,Marion,Indianapolis,67 & STIRLING POINTE DR,Pedestrian,COLLISION WITH OBJECT IN ROAD,PEDESTRIAN ACTION,SSI,DARK (NOT LIGHTED),CLEAR,DRY,False,39.6859321594238,-86.28076171875
904781659,2025,2025-08-18,Shelby,SHELBYVILLE,NORTH STATE ROAD 9 & WEST RAMPART ST.,Vehicle,OTHER - EXPLAIN IN NARRATIVE,FAILURE TO YIELD RIGHT OF WAY,SSI,DARK (NOT LIGHTED),CLEAR,DRY,False,39.5474662780762,-85.7756500244141
904762874,2025,2025-07-17,Marion,Indianapolis,ROCKVILLE RD & TAFT AV,Vehicle,HEAD ON BETWEEN TWO MOTOR VEHICLES,LEFT OF CENTER,SSI,DAYLIGHT,CLOUDY,DRY,False,39.7643051147461,-86.2359466552734
904859636,2025,2025-12-06,Hendricks,Plainfield,I-70 EB,Vehicle,REAR END,BRAKE FAILURE OR DEFECTIVE,SSI,DARK (LIGHTED),CLEAR,WET,True,39.6669044494629,-86.3712615966797
904781956,2025,2025-08-16,Marion,Indianapolis,SHELBY ST & COTTAGE AVE,Vehicle,RAN OFF ROAD,FAILURE TO MAINTAIN LANE,SSI,DARK (NOT LIGHTED),CLEAR,DRY,False,39.747486114502,-86.1398010253906
904762905,2025,2025-07-17,Marion,Indianapolis,I-65 SB AT THE 110.8MM,Vehicle,REAR END,FOLLOWING TOO CLOSELY,SSI,DAYLIGHT,CLEAR,DRY,True,39.7615699768066,-86.1431427001953
904859649,2025,2025-12-05,Hamilton,Carmel,124.7 US 31 S,Vehicle,REAR END,OTHER (DRIVER) - EXPLAIN IN NARRATIVE,SSI,DAYLIGHT,CLEAR,DRY,False,39.9494361877441,-86.157958984375
904782160,2025,2025-08-16,Marion,Indianapolis,MINNESOTA ST & LINDEN ST,Vehicle,RAN OFF ROAD,UNSAFE SPEED,SSI,DARK (LIGHTED),CLEAR,DRY,False,39.7450942993164,-86.1368942260742
904763060,2025,2025-07-18,Marion,Indianapolis,W WASHINGTON ST & ADDISON ST,Vehicle,OTHER - EXPLAIN IN NARRATIVE,OTHER (DRIVER) - EXPLAIN IN NARRATIVE,SSI,DAYLIGHT,CLEAR,DRY,False,39.765567779541,-86.2041778564453
904859789,2025,2025-12-07,Marion,Indianapolis,S EAST ST & E WERGES AVE,Vehicle,RIGHT ANGLE,UNSAFE SPEED,SSI,DAYLIGHT,CLEAR,DRY,False,39.7172737121582,-86.1489715576172
904782359,2025,2025-08-15,Marion,Beech Grove,N 7TH AVE & ALBANY ST,Vehicle,RIGHT ANGLE,FAILURE TO YIELD RIGHT OF WAY,SSI,DAYLIGHT,CLEAR,DRY,False,39.7235336303711,-86.0898056030273
904763580,2025,2025-07-19,Boone,Lebanon,W STATE RD 32 & 4730 W SR 32,Vehicle,HEAD ON BETWEEN TWO MOTOR VEHICLES,ROADWAY SURFACE CONDITION,SSI,DAYLIGHT,RAIN,WATER (STANDING OR MOVING),False,40.053466796875,-86.5537796020508
904859890,2025,2025-12-06,Marion,Indianapolis,ACTON RD & SWAILS ST,Pedestrian,OTHER - EXPLAIN IN NARRATIVE,PEDESTRIAN ACTION,Fatal,DARK (NOT LIGHTED),CLOUDY,DRY,False,39.6590614318848,-85.9710083007813
904763905,2025,2025-07-20,Johnson,,,Vehicle,RAN OFF ROAD,OTHER (DRIVER) - EXPLAIN IN NARRATIVE,SSI,DARK (NOT LIGHTED),CLEAR,DRY,False,39.5909309387207,-86.1777191162109
904860032,2025,2025-12-08,Marion,Indianapolis,W 10TH ST & 10TH ST,Vehicle,RAN OFF ROAD,OTHER (DRIVER) - EXPLAIN IN NARRATIVE,SSI,DAYLIGHT,CLEAR,DRY,False,39.7792205810547,-86.2862014770508
904782678,2025,2025-08-18,Marion,Indianapolis,W 10TH ST & TOMAHAWK TRAIL,Pedestrian,OTHER - EXPLAIN IN NARRATIVE,OTHER (DRIVER) - EXPLAIN IN NARRATIVE,SSI,DAYLIGHT,RAIN,WET,False,39.7793769836426,-86.3007049560547
904763980,2025,2025-07-19,Shelby,SHELBYVILLE,STATE RD 44 & STATE RD 44,Vehicle,LEFT TURN,FAILURE TO YIELD RIGHT OF WAY,SSI,DAYLIGHT,RAIN,WET,False,39.5236434936523,-85.7426681518555
904783010,2025,2025-08-05,Johnson,Greenwood,E WORTHSVILLE RD,Vehicle,NON-COLLISION,OTHER (DRIVER) - EXPLAIN IN NARRATIVE,Fatal,DAYLIGHT,CLEAR,DRY,False,39.5870170593262,-86.0830078125
904861141,2025,2025-12-09,Shelby,SHELBYVILLE,W STATE RD 44 & S 750 W,Vehicle,OTHER - EXPLAIN IN NARRATIVE,DRIVER DISTRACTED - EXPLAIN IN NARRATIVE,SSI,DARK (NOT LIGHTED),CLEAR,DRY,False,39.4954833984375,-85.922248840332
904764084,2025,2025-07-04,Marion,Indianapolis,W MORRIS ST & MORELAND AVE,Vehicle,RAN OFF ROAD,FAILURE TO MAINTAIN LANE,Fatal,DAYLIGHT,CLEAR,DRY,False,39.7502632141113,-86.2157516479492
904783049,2025,2025-08-15,Johnson,Greenwood,E MAIN ST & N EMERSON AVE,Vehicle,SAME DIRECTION SIDESWIPE,DISREGARD SIGNAL/REG SIGN,SSI,DAYLIGHT,CLOUDY,DRY,False,39.6143226623535,-86.0826873779297
904861194,2025,2025-12-08,Marion,Indianapolis,WOODROW AVE & W WILKINS ST,Vehicle,OTHER - EXPLAIN IN NARRATIVE,DRIVER ILLNESS,SSI,DARK (LIGHTED),SNOW,WET,False,39.7536087036133,-86.2411346435547
904764227,2025,2025-07-18,Marion,Indianapolis,LAFAYETTE RD & I65,Vehicle,RIGHT ANGLE,FAILURE TO YIELD RIGHT OF WAY,SSI,DAYLIGHT,CLEAR,DRY,True,39.8422164916992,-86.2527618408203
904783199,2025,2025-08-16,Hendricks,CLAYTON,CR 500 S & CR 250 W,Vehicle,OTHER - EXPLAIN IN NARRATIVE,OVERCORRECTING/OVERSTEERING,SSI,DAYLIGHT,CLEAR,DRY,False,39.6795692443848,-86.5766906738281
904861287,2025,2025-11-26,Marion,Indianapolis,38TH ST & PARLIAMENT LN,Vehicle,HEAD ON BETWEEN TWO MOTOR VEHICLES,LEFT OF CENTER,Fatal,DAYLIGHT,CLEAR,DRY,False,39.8261489868164,-86.0008392333984
904764560,2025,2025-07-16,Hendricks,CARTERSBURG,CARTERSBURG RD & CR 225 E,Vehicle,RAN OFF ROAD,OTHER (DRIVER) - EXPLAIN IN NARRATIVE,SSI,DARK (NOT LIGHTED),CLEAR,DRY,False,39.7103118896484,-86.4775009155274
904783205,2025,2025-08-19,Hancock,,S 250 W & W 100 S,Vehicle,RIGHT ANGLE,FAILURE TO YIELD RIGHT OF WAY,SSI,DAYLIGHT,RAIN,WET,False,39.771785736084,-85.8488845825195
904861377,2025,2025-11-25,Johnson,Greenwood,EMERSON AVENUE & PARADISE CT,Vehicle,HEAD ON BETWEEN TWO MOTOR VEHICLES,IMPROPER LANE USAGE,SSI,DARK (NOT LIGHTED),RAIN,WET,False,39.6080093383789,-86.0832138061523
904764595,2025,2025-07-17,Hendricks,Plainfield,US 40 & MILES RD,Vehicle,RIGHT ANGLE,FAILURE TO YIELD RIGHT OF WAY,SSI,DAYLIGHT,CLEAR,DRY,False,39.6880264282226,-86.4460220336914
904783543,2025,2025-08-19,Marion,Indianapolis,PENDLETON PIKE & N SHADELAND AVE,Vehicle,RIGHT ANGLE,DISREGARD SIGNAL/REG SIGN,Fatal,DAYLIGHT,CLOUDY,WET,False,39.8273124694824,-86.0460510253906
904862244,2025,2025-12-10,Marion,Indianapolis,MICHIGAN RD & KESSLER,Vehicle,HEAD ON BETWEEN TWO MOTOR VEHICLES,OTHER (DRIVER) - EXPLAIN IN NARRATIVE,SSI,DARK (LIGHTED),SLEET/HAIL/FREEZING RAIN,WATER (STANDING OR MOVING),False,39.8548355102539,-86.1952133178711
904764799,2025,2025-07-21,Marion,Indianapolis,MASSACHUSETTS AVE,Vehicle,RAN OFF ROAD,OTHER (DRIVER) - EXPLAIN IN NARRATIVE,SSI,DAYLIGHT,CLOUDY,DRY,False,39.8184547424316,-86.0640487670898
904783596,2025,2025-08-17,Marion,Indianapolis,S. LYNHURST DR & KENTUCKY AVENUE,Vehicle,RIGHT ANGLE,DISREGARD SIGNAL/REG SIGN,Fatal,DAYLIGHT,CLEAR,DRY,False,39.7084732055664,-86.2504196166992
904764837,2025,2025-07-21,Hamilton,Fishers,PRINCEWOOD DR & ROYALWOOD DR,Pedestrian,OTHER - EXPLAIN IN NARRATIVE,VIEW OBSTRUCTED,SSI,DAYLIGHT,CLEAR,DRY,False,39.9618225097656,-85.9164199829101
904764869,2025,2025-07-21,Marion,Indianapolis,N. POST ROAD & I-70 EB EXIT RAMP,Vehicle,RIGHT ANGLE,DISREGARD SIGNAL/REG SIGN,Fatal,DAYLIGHT,CLEAR,DRY,True,39.7996292114258,-86.0095825195313
904765057,2025,2025-07-21,Marion,Indianapolis,21ST ST & CENTRAL AVE,Vehicle,RIGHT ANGLE,FAILURE TO YIELD RIGHT OF WAY,SSI,DARK (LIGHTED),CLEAR,DRY,False,39.795768737793,-86.1494979858398
904765493,2025,2025-07-22,Marion,Lawrence,STATE ROAD 67 & N FRANKLIN ROAD,Vehicle,RIGHT ANGLE,DISREGARD SIGNAL/REG SIGN,SSI,DAYLIGHT,CLEAR,DRY,False,39.8368034362793,-86.0265274047852
904765494,2025,2025-07-20,Hancock,,W US HWY 40 & CR 250 W,Pedestrian,OTHER - EXPLAIN IN NARRATIVE,PEDESTRIAN ACTION,SSI,DARK (NOT LIGHTED),CLEAR,DRY,False,39.7814559936523,-85.8506927490234
904862873,2025,2025-08-03,Marion,Indianapolis,I-65  & I-65,Vehicle,REAR END,UNSAFE LANE MOVEMENT,Fatal,DARK (LIGHTED),CLEAR,DRY,True,39.7884483337402,-86.166618347168
904863559,2025,2025-12-10,Marion,Indianapolis,S. SHERMAN DRIVE & E. MINNESOTA STREET,Vehicle,LEFT TURN,FAILURE TO YIELD RIGHT OF WAY,SSI,DARK (NOT LIGHTED),SNOW,DRY,False,39.7453765869141,-86.1017303466797
904863868,2025,2025-12-10,Marion,Indianapolis,W WASHINGTON ST & COOLIDGE ST,Pedestrian,OTHER - EXPLAIN IN NARRATIVE,PEDESTRIAN ACTION,Fatal,DARK (LIGHTED),RAIN,WET,False,39.7544784545898,-86.2449035644531
904863890,2025,2025-12-13,Hamilton,Noblesville,RIVER RD & WESTBROOK RD,Vehicle,HEAD ON BETWEEN TWO MOTOR VEHICLES,SPEED TOO FAST FOR WEATHER CONDITIONS,SSI,DAYLIGHT,SNOW,SNOW/SLUSH,False,40.0374298095703,-86.0288314819336
904864100,2025,2025-12-08,Marion,Indianapolis,I- 465 & I-465,Vehicle,SAME DIRECTION SIDESWIPE,UNSAFE LANE MOVEMENT,SSI,DARK (LIGHTED),CLEAR,DRY,True,39.7010345458984,-86.1226501464844
904864150,2025,2025-12-13,Marion,Indianapolis,I- 465,Vehicle,REAR END,OTHER (DRIVER) - EXPLAIN IN NARRATIVE,SSI,DARK (LIGHTED),CLEAR,DRY,True,39.9074745178223,-86.0740280151367
904865419,2025,2025-12-08,Marion,Indianapolis,I-70 WB AT THE 83.8MM,Vehicle,REAR END,UNSAFE SPEED,SSI,DARK (LIGHTED),CLEAR,DRY,True,39.788444519043,-86.1304550170898
904865460,2025,2025-12-09,Marion,Indianapolis,N SHORTRIDGE RD & SHADELAND AVE.,Vehicle,RAN OFF ROAD,UNSAFE LANE MOVEMENT,Fatal,DAYLIGHT,CLEAR,DRY,False,39.774959564209,-86.0405578613281
904865784,2025,2025-12-11,Marion,Indianapolis,W VERMONT ST & N LYNHURST DR,Vehicle,RIGHT ANGLE,UNSAFE SPEED,Fatal,DAYLIGHT,CLOUDY,WET,False,39.7725296020508,-86.2505798339844
904865963,2025,2025-12-13,Shelby,MORRISTOWN,ASBURY RD,Vehicle,RAN OFF ROAD,FAILURE TO MAINTAIN LANE,SSI,DAYLIGHT,SNOW,SNOW/SLUSH,False,39.6812896728516,-85.7020263671875
904866235,2025,2025-12-15,Morgan,MARTINSVILLE,SR 44 & BILL SMITH RD,Vehicle,HEAD ON BETWEEN TWO MOTOR VEHICLES,FAILURE TO MAINTAIN LANE,SSI,DARK (NOT LIGHTED),CLOUDY,SNOW/SLUSH,False,39.4474296569824,-86.2935409545898
904867188,2025,2025-12-15,Marion,Indianapolis,I-65 & NONE,Vehicle,RAN OFF ROAD,DRIVER ILLNESS,SSI,DAWN/DUSK,CLOUDY,DRY,True,39.8569755554199,-86.2680282592773
904867523,2025,2025-12-16,Marion,Indianapolis,FOREST MANOR AVE & E 56TH ST,Pedestrian,LEFT TURN,OTHER (DRIVER) - EXPLAIN IN NARRATIVE,SSI,DAYLIGHT,CLEAR,SNOW/SLUSH,False,39.8559684753418,-86.0975646972656
904867681,2025,2025-12-10,Marion,Indianapolis,ROCKVILLE RD & N LYNHURST DR,Pedestrian,NON-COLLISION,FAILURE TO MAINTAIN LANE,SSI,DARK (LIGHTED),RAIN,WET,False,39.7652015686035,-86.2504653930664
904868395,2025,2025-12-14,Marion,Indianapolis,W 79TH ST & N PAYNE RD,Vehicle,REAR END,FAILURE TO YIELD RIGHT OF WAY,SSI,DARK (LIGHTED),CLEAR,DRY,False,39.8970069885254,-86.22705078125
904868540,2025,2025-12-15,Marion,Indianapolis,I-74,Vehicle,SAME DIRECTION SIDESWIPE,OTHER (DRIVER) - EXPLAIN IN NARRATIVE,SSI,DAYLIGHT,CLEAR,ICE,True,39.6923332214355,-86.22265625
904868578,2025,2025-12-17,Hamilton,Carmel,N MERIDIAN ST & E 96TH ST,Vehicle,REAR END,DRIVER ILLNESS,SSI,DAYLIGHT,CLEAR,DRY,False,39.9273300170898,-86.1581039428711
904868603,2025,2025-12-18,Hamilton,Fishers,DISTRICT NORTH DR & JUNCTION STATION,Pedestrian,OTHER - EXPLAIN IN NARRATIVE,OTHER (ENVIRONMENTAL) - EXPLAIN IN NARR,SSI,DAYLIGHT,RAIN,WET,False,39.9552764892578,-85.9996719360352
904868742,2025,2025-12-16,Shelby,FAIRLAND,450 W & W 600 N,Vehicle,HEAD ON BETWEEN TWO MOTOR VEHICLES,SPEED TOO FAST FOR WEATHER CONDITIONS,SSI,DAYLIGHT,CLOUDY,SNOW/SLUSH,False,39.6120910644531,-85.8635330200195
904869056,2025,2025-12-18,Marion,Speedway,FORD ST & WINTON AVE,Vehicle,RIGHT ANGLE,DISREGARD SIGNAL/REG SIGN,SSI,DAYLIGHT,RAIN,WET,False,39.7809600830078,-86.24462890625
904869378,2025,2025-12-19,Marion,Indianapolis,800 N CAPITOL & W ST. CLAIRE,Vehicle,RIGHT ANGLE,DISREGARD SIGNAL/REG SIGN,SSI,DAWN/DUSK,SNOW,ICE,False,39.7780990600586,-86.1617965698242
904869503,2025,2025-12-19,Hamilton,Fishers,E 96TH ST & ALLISONVILLE RD,Vehicle,RIGHT ANGLE,FAILURE TO YIELD RIGHT OF WAY,SSI,DAYLIGHT,CLEAR,DRY,False,39.9271507263184,-86.0660934448242
904869713,2025,2025-12-10,Hendricks,Plainfield,SUGAR LN N & SUGAR LN,Pedestrian,COLLISION WITH OBJECT IN ROAD,OTHER (ENVIRONMENTAL) - EXPLAIN IN NARR,SSI,DARK (NOT LIGHTED),CLOUDY,DRY,False,39.6904411315918,-86.4212646484375
904869721,2025,2025-12-09,Marion,Indianapolis,S BELMONT AVE & W MINNESOTA ST,Vehicle,RIGHT ANGLE,DISREGARD SIGNAL/REG SIGN,SSI,DAYLIGHT,CLEAR,DRY,False,39.7436904907226,-86.196647644043
904870136,2025,2025-12-21,Hamilton,ATLANTA,SR 37 & 276 ST,Vehicle,RIGHT ANGLE,FAILURE TO YIELD RIGHT OF WAY,Fatal,DAWN/DUSK,CLEAR,DRY,False,40.192310333252,-85.8628463745117
904870147,2025,2025-12-21,Hancock,,W US HWY 40 & W POTOMAC DR,Vehicle,RIGHT ANGLE,FAILURE TO YIELD RIGHT OF WAY,SSI,DAYLIGHT,CLEAR,DRY,False,39.7800254821777,-85.8836441040039
904870256,2025,2025-12-21,Hamilton,,SR 37 & 206 ST,Vehicle,RIGHT ANGLE,DISREGARD SIGNAL/REG SIGN,SSI,DARK (NOT LIGHTED),CLEAR,DRY,False,40.0877456665039,-85.9674377441406
904871093,2025,2025-12-21,Shelby,FLAT ROCK,E 1100 S & S 50 E,Vehicle,RIGHT ANGLE,FAILURE TO YIELD RIGHT OF WAY,SSI,DAYLIGHT,CLEAR,DRY,False,39.3651924133301,-85.7701950073242
904871094,2025,2025-12-21,Shelby,FLAT ROCK,E 1100 S & S 50 E,Vehicle,RIGHT ANGLE,FAILURE TO YIELD RIGHT OF WAY,SSI,DAYLIGHT,CLEAR,DRY,False,39.3651924133301,-85.7701950073242
904871139,2025,2025-12-21,Hancock,,N 200 W,Vehicle,BACKING CRASH,DRIVER ILLNESS,SSI,DARK (LIGHTED),CLEAR,DRY,False,39.8457374572754,-85.8405380249023
904871476,2025,2025-12-20,Hamilton,Carmel,E 99TH ST & KEYSTONE PARKWAY,Vehicle,OTHER - EXPLAIN IN NARRATIVE,OTHER (DRIVER) - EXPLAIN IN NARRATIVE,SSI,DAYLIGHT,CLOUDY,DRY,False,39.9325294494629,-86.112174987793
904871687,2025,2025-12-22,Johnson,Greenwood,LINWOOD AVE,Vehicle,OTHER - EXPLAIN IN NARRATIVE,UNSAFE SPEED,SSI,DARK (LIGHTED),CLEAR,DRY,False,39.5781631469727,-86.0742874145508
904871993,2025,2025-12-15,Marion,Indianapolis,I-465 NB AT THE 16MM,Vehicle,SAME DIRECTION SIDESWIPE,SPEED TOO FAST FOR WEATHER CONDITIONS,SSI,DARK (LIGHTED),CLEAR,WET,True,39.8081512451172,-86.2752532958985
904872051,2025,2025-12-21,Hamilton,Carmel,I465 EAST,Vehicle,OTHER - EXPLAIN IN NARRATIVE,OTHER (DRIVER) - EXPLAIN IN NARRATIVE,Fatal,DAYLIGHT,CLEAR,DRY,True,39.9300994873047,-86.1665878295899
904872115,2025,2025-12-24,Johnson,,S NINEVEH RD & CR 80 SOUTH,Vehicle,HEAD ON BETWEEN TWO MOTOR VEHICLES,LEFT OF CENTER,Fatal,DAYLIGHT,CLOUDY,DRY,False,39.4676818847656,-86.0598449707031
904872302,2025,2025-12-15,Marion,Indianapolis,E TROY AVE & MADISON AVE,Pedalcycle,RIGHT ANGLE,PEDESTRIAN ACTION,SSI,DAYLIGHT,CLEAR,WET,False,39.7226638793945,-86.1504440307617
904872455,2025,2025-12-25,Boone,Zionsville,I-465 WEST,Vehicle,RAN OFF ROAD,DRIVER ILLNESS,SSI,DAYLIGHT,CLOUDY,DRY,True,39.9270553588867,-86.2548675537109
904872506,2025,2025-12-25,Hamilton,Noblesville,I-69 & I69 SOUTH BOUND AT 213MM,Vehicle,RAN OFF ROAD,STEERING FAILURE,SSI,DAYLIGHT,CLOUDY,DRY,True,39.991397857666,-85.8707275390625
904872571,2025,2025-12-21,Marion,Indianapolis,I-70 & I-70,Vehicle,REAR END,UNSAFE LANE MOVEMENT,SSI,DAYLIGHT,CLEAR,DRY,True,39.803035736084,-86.0520401000977
904872726,2025,2025-12-22,Marion,Indianapolis,N ARLINGTON AVE & VILLAGE PLAZA S DR,Vehicle,OPPOSITE DIRECTION SIDESWIPE,LEFT OF CENTER,Fatal,DARK (LIGHTED),CLEAR,DRY,False,39.7860145568848,-86.0643539428711
904873145,2025,2025-12-22,Marion,Indianapolis,E WASHINGTON ST & S RURAL ST,Vehicle,REAR END,DRIVER ILLNESS,SSI,DAYLIGHT,CLEAR,DRY,False,39.7683334350586,-86.1165466308594
904873511,2025,2025-12-28,Hancock,CARROLLTON(HANCOCK),52,Vehicle,HEAD ON BETWEEN TWO MOTOR VEHICLES,FAILURE TO MAINTAIN LANE,SSI,DARK (NOT LIGHTED),SEVERE CROSS WIND,WET,False,39.7018890380859,-85.8108673095703
904873891,2025,2025-12-24,Marion,Indianapolis,W MARYLAND ST & WASHINGTON ST,Vehicle,BACKING CRASH,OTHER (DRIVER) - EXPLAIN IN NARRATIVE,SSI,DARK (NOT LIGHTED),CLEAR,DRY,False,39.7658386230469,-86.1685791015625
904873974,2025,2025-12-21,Hamilton,Westfield,SPRING MILL RD & STATE ROAD 32,Vehicle,RIGHT ANGLE,DISREGARD SIGNAL/REG SIGN,SSI,DAYLIGHT,CLEAR,DRY,False,40.0426292419434,-86.1652145385742
904873992,2025,2025-12-23,Marion,Indianapolis,E 34TH ST & N KEYSTONE AVE,Vehicle,RIGHT ANGLE,DISREGARD SIGNAL/REG SIGN,Fatal,DAWN/DUSK,CLEAR,DRY,False,39.8181037902832,-86.1216888427735
904874295,2025,2025-12-25,Hendricks,Plainfield,US 40 & CARR RD.,Vehicle,REAR END,FOLLOWING TOO CLOSELY,SSI,DARK (LIGHTED),CLEAR,DRY,False,39.7068099975586,-86.3899993896484
904874307,2025,2025-12-24,Marion,Indianapolis,S HARDING ST & I- 465,Vehicle,RIGHT TURN,DISREGARD SIGNAL/REG SIGN,SSI,DARK (LIGHTED),CLEAR,WET,True,39.6968078613281,-86.1867218017578
904874442,2025,2025-12-20,Hendricks,Plainfield,E CO RD 100 S & KATHY LN,Pedestrian,OTHER - EXPLAIN IN NARRATIVE,PEDESTRIAN ACTION,Fatal,DARK (NOT LIGHTED),CLEAR,DRY,False,39.7489852905273,-86.3316955566406
904874771,2025,2025-12-29,Hamilton,Noblesville,I-69 S & 210 MILE MARKER,Vehicle,REAR END,INSECURE/LEAKY LOAD,SSI,DAYLIGHT,SEVERE CROSS WIND,DRY,True,39.9912338256836,-85.9142379760742
904874777,2025,2025-12-24,Hancock,,PENDLETON PIKE & N 400 W,Vehicle,RIGHT ANGLE,FAILURE TO YIELD RIGHT OF WAY,SSI,DAYLIGHT,CLOUDY,DRY,False,39.9164924621582,-85.8811340332031
904874819,2025,2025-12-24,Marion,Indianapolis,N MITTHOEFER RD,Pedestrian,OTHER - EXPLAIN IN NARRATIVE,OTHER (DRIVER) - EXPLAIN IN NARRATIVE,SSI,DARK (LIGHTED),CLEAR,DRY,False,39.8246192932129,-85.9915084838867
904874822,2025,2025-12-24,Marion,Indianapolis,KESSLER BLVD NORTH DR & W 46TH ST,Vehicle,HEAD ON BETWEEN TWO MOTOR VEHICLES,IMPROPER LANE USAGE,SSI,DARK (NOT LIGHTED),CLEAR,DRY,False,39.8381767272949,-86.2118072509765
904875144,2025,2025-12-30,Hamilton,Noblesville,SR 37 S & GREENFIELD AVE,Vehicle,HEAD ON BETWEEN TWO MOTOR VEHICLES,OTHER (DRIVER) - EXPLAIN IN NARRATIVE,SSI,DARK (LIGHTED),CLEAR,DRY,False,40.0227737426758,-85.9972152709961
904875489,2025,2025-12-31,Hamilton,Noblesville,GREENFIELD AVE,Vehicle,RAN OFF ROAD,DRIVER ILLNESS,Fatal,DAYLIGHT,RAIN,WET,False,40.0175437927246,-85.9843444824219
904875750,2025,2025-12-22,Marion,Indianapolis,E STOP 10 RD & MADISON AVE,Vehicle,RIGHT ANGLE,FAILURE TO YIELD RIGHT OF WAY,SSI,DAYLIGHT,CLOUDY,DRY,False,39.6575965881348,-86.1244964599609
904875770,2025,2025-12-27,Marion,Indianapolis,MADISON AVE & E RAYMOND ST,Pedestrian,RIGHT ANGLE,PEDESTRIAN ACTION,Fatal,DARK (NOT LIGHTED),CLOUDY,DRY,False,39.7374839782715,-86.1543960571289
904875815,2025,2025-12-27,Marion,Indianapolis,E MICHIGAN ST & N EASTERN AVE,Vehicle,LEFT TURN,FAILURE TO YIELD RIGHT OF WAY,SSI,DARK (LIGHTED),CLOUDY,DRY,False,39.7745018005371,-86.1177520751953