id,year,date,county,city,cross_street,crash_type,manner,primary_factor,ssi_fatal,light,weather,surface,interstate,lat,lon
904876243,2025,2025-12-18,Marion,Indianapolis,I-70 WB & 76.3 MM,Vehicle,RAN OFF ROAD,OTHER (DRIVER) - EXPLAIN IN NARRATIVE,SSI,DAYLIGHT,RAIN,WET,True,39.7496871948242,-86.2328338623047
904876919,2025,2025-12-26,Marion,Indianapolis,S GIRLS SCHOOL RD & MT HERMAN AVE,Pedestrian,NON-COLLISION,PEDESTRIAN ACTION,Fatal,DARK (NOT LIGHTED),CLEAR,DRY,False,39.7572059631348,-86.2890014648438
904877525,2025,2025-12-24,Hendricks,Brownsburg,WHITTINGTON DR & STATE RD 267,Vehicle,RIGHT ANGLE,FAILURE TO YIELD RIGHT OF WAY,SSI,DAYLIGHT,CLOUDY,DRY,False,39.8638801574707,-86.3924942016602
904878142,2025,2025-12-31,Morgan,MARTINSVILLE,SR 42 & W MCCLURE RD,Vehicle,RAN OFF ROAD,OTHER (DRIVER) - EXPLAIN IN NARRATIVE,SSI,DARK (NOT LIGHTED),CLEAR,DRY,False,39.5358963012695,-86.6407089233398
904878998,2025,2025-12-25,Marion,Indianapolis,N MITTHOEFER RD & JOHN MARSHALL DR,Vehicle,RIGHT TURN,FAILURE TO YIELD RIGHT OF WAY,Fatal,DARK (LIGHTED),RAIN,WET,False,39.8225746154785,-85.9910278320313
904879079,2025,2025-12-18,Marion,Indianapolis,W 21ST ST & SKILES ST N,Vehicle,HEAD ON BETWEEN TWO MOTOR VEHICLES,FAILURE TO MAINTAIN LANE,SSI,DAWN/DUSK,RAIN,WET,False,39.7934226989746,-86.3183441162109
904880504,2025,2025-12-21,Marion,Indianapolis,W 21ST ST,Vehicle,RIGHT ANGLE,DISREGARD SIGNAL/REG SIGN,SSI,DAYLIGHT,CLEAR,DRY,False,39.7949562072754,-86.1664123535156
904882462,2025,2025-12-29,Marion,Indianapolis,N FIVE POINTS RD & E THOMPSON RD,Vehicle,HEAD ON BETWEEN TWO MOTOR VEHICLES,LEFT OF CENTER,SSI,DAYLIGHT,BLOWING SAND/SOIL/SNOW,DRY,False,39.6964340209961,-86.0445175170898
904897416,2025,2025-12-11,Boone,Lebanon,I65 SOUTH,Vehicle,OTHER - EXPLAIN IN NARRATIVE,ROADWAY SURFACE CONDITION,SSI,DARK (NOT LIGHTED),SLEET/HAIL/FREEZING RAIN,ICE,True,40.0322875976562,-86.4674377441406
904877148,2026,2026-01-01,Marion,Indianapolis,W 79TH ST & WALNUT DR,Vehicle,HEAD ON BETWEEN TWO MOTOR VEHICLES,LEFT OF CENTER,Fatal,DAYLIGHT,CLEAR,DRY,False,39.8973083496094,-86.2079467773438
904881771,2026,2026-01-08,Hancock,,600 S & 150 W,Pedestrian,OTHER - EXPLAIN IN NARRATIVE,PEDESTRIAN ACTION,SSI,DARK (NOT LIGHTED),CLEAR,DRY,False,39.6984786987305,-85.8303909301758
904877329,2026,2026-01-04,Shelby,SHELBYVILLE,I-74 WB,Vehicle,RAN OFF ROAD,TIRE FAILURE OR DEFECTIVE,SSI,DARK (NOT LIGHTED),CLOUDY,DRY,True,39.6596984863281,-85.9381637573242
904877410,2026,2026-01-01,Marion,Indianapolis,I- 465 WB & 28.1 MM,Vehicle,OTHER - EXPLAIN IN NARRATIVE,WRONG WAY ON ONE WAY,SSI,DARK (NOT LIGHTED),RAIN,WET,True,39.9240112304688,-86.204818725586
904877874,2026,2026-01-02,Marion,Indianapolis,SOUTHEASTERN AVE. & S. COOLIDGE AVE,Vehicle,RIGHT ANGLE,FAILURE TO YIELD RIGHT OF WAY,SSI,DARK (LIGHTED),CLEAR,DRY,False,39.7229385375976,-86.0419311523438
904877974,2026,2026-01-01,Johnson,Greenwood,I-65 NB AT THE 99.3MM,Vehicle,OTHER - EXPLAIN IN NARRATIVE,FAILURE TO YIELD RIGHT OF WAY,SSI,DARK (LIGHTED),CLEAR,ICE,True,39.6134872436523,-86.073471069336
904878026,2026,2026-01-04,Marion,Indianapolis,E. 21ST STREET & N. SHERMAN DRIVE,Vehicle,RIGHT ANGLE,FAILURE TO YIELD RIGHT OF WAY,SSI,DARK (LIGHTED),CLEAR,DRY,False,39.7961120605469,-86.1023559570313
904878198,2026,2026-01-04,Marion,Indianapolis,N KEYSTONE AVE & E 27TH ST,Vehicle,OTHER - EXPLAIN IN NARRATIVE,FAILURE TO YIELD RIGHT OF WAY,SSI,DARK (NOT LIGHTED),CLEAR,DRY,False,39.8052520751953,-86.1215515136719
904878248,2026,2026-01-05,Marion,Indianapolis,LAFAYETTE RD & W 56TH ST,Vehicle,REAR END,HEADLIGHT DEFECTIVE OR NOT ON,SSI,DAYLIGHT,CLOUDY,DRY,False,39.8530235290527,-86.2633819580078
904878253,2026,2026-01-03,Johnson,Greenwood,US 31 & LOEWS BLVD,Vehicle,REAR END,DRIVER DISTRACTED - EXPLAIN IN NARRATIVE,SSI,DARK (LIGHTED),CLEAR,DRY,False,39.6311645507813,-86.1238250732422
904899740,2026,2026-01-29,Marion,Indianapolis,SHELBY ST & CONSERVATORY DR,Pedalcycle,NON-COLLISION,FAILURE TO YIELD RIGHT OF WAY,SSI,DARK (LIGHTED),CLEAR,DRY,False,39.7332305908203,-86.1396484375
904878535,2026,2026-01-05,Marion,Indianapolis,W. 71ST ST & CORPORATE DRIVE,Pedestrian,OTHER - EXPLAIN IN NARRATIVE,PEDESTRIAN ACTION,SSI,DARK (LIGHTED),CLOUDY,DRY,False,39.8815231323242,-86.2653732299805
904878419,2026,2026-01-05,Marion,Indianapolis,MICHIGAN RD & W 62ND ST,Vehicle,HEAD ON BETWEEN TWO MOTOR VEHICLES,FAILURE TO YIELD RIGHT OF WAY,SSI,DAYLIGHT,CLEAR,DRY,False,39.8681182861328,-86.201774597168
904878421,2026,2026-01-05,Marion,Indianapolis,N KEYSTONE AVENUE & E 65TH STREET,Vehicle,OTHER - EXPLAIN IN NARRATIVE,OTHER (DRIVER) - EXPLAIN IN NARRATIVE,SSI,DAYLIGHT,CLEAR,DRY,False,39.8759651184082,-86.1222305297852
904878623,2026,2026-01-05,Hancock,,I-70,Vehicle,REAR END,UNSAFE SPEED,SSI,DARK (NOT LIGHTED),CLEAR,DRY,True,39.8257217407227,-85.6500625610352
904878676,2026,2026-01-03,Johnson,Greenwood,I-65,Vehicle,SAME DIRECTION SIDESWIPE,UNSAFE LANE MOVEMENT,SSI,DARK (NOT LIGHTED),CLEAR,DRY,True,39.6213531494141,-86.0739822387695
904882767,2026,2026-01-12,Marion,Indianapolis,N POST RD & E 15TH ST,Pedestrian,COLLISION WITH OBJECT IN ROAD,IMPROPER TURNING,SSI,DAWN/DUSK,CLEAR,DRY,False,39.7883911132812,-86.0092849731445
904879592,2026,2026-01-06,Marion,Indianapolis,S FRANKLIN RD & BROOKVILLE RD,Vehicle,OPPOSITE DIRECTION SIDESWIPE,FAILURE TO YIELD RIGHT OF WAY,SSI,DARK (LIGHTED),CLOUDY,DRY,False,39.7499237060547,-86.0260238647461
904879606,2026,2026-01-06,Marion,Indianapolis,E 30TH ST & N MITTHOEFER RD,Vehicle,RIGHT ANGLE,DISREGARD SIGNAL/REG SIGN,SSI,DARK (LIGHTED),CLEAR,DRY,False,39.811580657959,-85.9908447265625
904879931,2026,2026-01-07,Boone,Zionsville,I-865 EB & 4.2 MM,Vehicle,RAN OFF ROAD,BRAKE FAILURE OR DEFECTIVE,SSI,DAYLIGHT,CLEAR,DRY,True,39.9305038452148,-86.2739868164063
904880142,2026,2026-01-07,Marion,Indianapolis,300 S MERIDIAN ST & W LOUISIANA ST,Vehicle,REAR END,FOLLOWING TOO CLOSELY,SSI,DARK (NOT LIGHTED),CLEAR,DRY,False,39.7625732421875,-86.1582717895508
904880478,2026,2026-01-04,Marion,Indianapolis,I-69 & NB,Vehicle,REAR END,FOLLOWING TOO CLOSELY,SSI,DARK (NOT LIGHTED),CLEAR,DRY,True,39.9135475158691,-86.0394973754883
904880610,2026,2026-01-09,Hamilton,Fishers,E. 96TH ST. & CORPORATION DR,Vehicle,RIGHT ANGLE,DISREGARD SIGNAL/REG SIGN,SSI,DARK (LIGHTED),CLOUDY,WET,False,39.9271774291992,-86.0329818725586
904880765,2026,2026-01-08,Marion,Indianapolis,GREENBROOK TRL & N MITTHOEFER RD,Vehicle,REAR END,UNSAFE SPEED,SSI,DARK (NOT LIGHTED),RAIN,WET,False,39.78466796875,-85.9902648925781
904881179,2026,2026-01-10,Marion,Indianapolis,N KEYSTONE AVE & E. 64TH ST,Vehicle,RAN OFF ROAD,FAILURE TO MAINTAIN LANE,SSI,DARK (NOT LIGHTED),CLEAR,DRY,False,39.8718566894531,-86.1220855712891
904881686,2026,2026-01-09,Marion,Indianapolis,KENTUCKY AVE & DEPOT ST,Vehicle,RIGHT ANGLE,FAILURE TO YIELD RIGHT OF WAY,SSI,DARK (LIGHTED),CLEAR,DRY,False,39.6913757324219,-86.2739944458008
904881710,2026,2026-01-10,Marion,Indianapolis,GEORGETOWN RD & W 36TH ST,Vehicle,REAR END,UNSAFE BACKING,SSI,DARK (LIGHTED),CLEAR,DRY,False,39.8192939758301,-86.2400131225586
904882193,2026,2026-01-11,Hamilton,Carmel,E 116TH ST & AAA WAY,Vehicle,OTHER - EXPLAIN IN NARRATIVE,DRIVER ILLNESS,SSI,DAYLIGHT,CLOUDY,DRY,False,39.9566268920898,-86.1171264648438
904882286,2026,2026-01-11,Marion,Indianapolis,N DELAWARE ST & E 11TH ST,Vehicle,RIGHT ANGLE,DISREGARD SIGNAL/REG SIGN,SSI,DARK (LIGHTED),RAIN,WET,False,39.7823638916016,-86.1539154052734
904882731,2026,2026-01-12,Marion,Indianapolis,ROCKVILLE RD & ROCKVILLE AVE,Vehicle,RAN OFF ROAD,FAILURE TO MAINTAIN LANE,SSI,DAYLIGHT,CLEAR,DRY,False,39.7629432678223,-86.2306594848633
904882803,2026,2026-01-12,Marion,Indianapolis,DR ANDREW J BROWN AVE & 3247,Vehicle,RAN OFF ROAD,UNSAFE SPEED,SSI,DARK (LIGHTED),CLEAR,DRY,False,39.8154144287109,-86.1356735229492
904882887,2026,2026-01-07,Johnson,Greenwood,W SR 135 & CURRY RD,Vehicle,SAME DIRECTION SIDESWIPE,FAILURE TO YIELD RIGHT OF WAY,SSI,DARK (LIGHTED),CLEAR,DRY,False,39.5998725891113,-86.1590118408203
904883756,2026,2026-01-14,Marion,Indianapolis,E 10TH ST & N ARLINGTON AVE,Pedestrian,OTHER - EXPLAIN IN NARRATIVE,PEDESTRIAN ACTION,SSI,DAYLIGHT,CLEAR,DRY,False,39.7815971374512,-86.0641555786133
904877792,2026,2026-01-01,Marion,Indianapolis,10TH ST & N BAUMAN ST,Pedestrian,RIGHT ANGLE,PEDESTRIAN ACTION,SSI,DARK (LIGHTED),SLEET/HAIL/FREEZING RAIN,WET,False,39.779369354248,-86.2796020507812
904883161,2026,2026-01-07,Hamilton,Noblesville,I-69,Vehicle,REAR END,UNSAFE SPEED,Fatal,DARK (NOT LIGHTED),CLEAR,DRY,True,39.9912376403809,-85.8781356811523
904883324,2026,2026-01-13,Boone,,I-65 & 149 MM SB,Vehicle,REAR TO REAR,UNSAFE LANE MOVEMENT,SSI,DARK (LIGHTED),CLEAR,DRY,True,40.1656532287598,-86.5458068847656
904883431,2026,2026-01-06,Marion,Indianapolis,I-465 SB 38.7 MM,Vehicle,REAR END,FOLLOWING TOO CLOSELY,SSI,DAYLIGHT,CLOUDY,DRY,True,39.8702774047852,-86.0473785400391
904884381,2026,2026-01-12,Marion,Indianapolis,N KEYSTONE AVE & E 27TH ST,Vehicle,SAME DIRECTION SIDESWIPE,IMPROPER LANE USAGE,SSI,DARK (LIGHTED),CLEAR,ICE,False,39.8052444458008,-86.1215438842773
904884452,2026,2026-01-13,Marion,Indianapolis,I-465 SB AT THE 10.7MM,Vehicle,RIGHT ANGLE,UNSAFE LANE MOVEMENT,SSI,DARK (LIGHTED),CLEAR,DRY,True,39.7331619262695,-86.2646102905273
904884596,2026,2026-01-12,Marion,Indianapolis,PENDLETON WAY,Vehicle,RAN OFF ROAD,FAILURE TO MAINTAIN LANE,Fatal,DARK (NOT LIGHTED),CLEAR,DRY,False,39.8299903869629,-86.0361862182617
904885003,2026,2026-01-15,Hendricks,Brownsburg,RACEWAY RD & E CO RD 300 N,Vehicle,HEAD ON BETWEEN TWO MOTOR VEHICLES,IMPROPER TURNING,SSI,DARK (NOT LIGHTED),CLEAR,DRY,False,39.8080368041992,-86.3269729614258
904885315,2026,2026-01-13,Marion,Indianapolis,I- 465 EB,Vehicle,RAN OFF ROAD,OTHER (DRIVER) - EXPLAIN IN NARRATIVE,SSI,DARK (LIGHTED),CLEAR,DRY,True,39.6993980407715,-86.1491470336914
904885771,2026,2026-01-17,Marion,Lawrence,N GERMAN CHURCH RD & E 56TH ST,Vehicle,HEAD ON BETWEEN TWO MOTOR VEHICLES,DISREGARD SIGNAL/REG SIGN,SSI,DAYLIGHT,CLEAR,WET,False,39.8557777404785,-85.97265625
904886085,2026,2026-01-18,Marion,Indianapolis,CENTRAL AVE & E 19TH ST,Vehicle,REAR END,UNSAFE SPEED,SSI,DARK (LIGHTED),CLEAR,DRY,False,39.7926788330078,-86.1494979858398
904886248,2026,2026-01-18,Marion,Lawrence,N MITTHOEFFER RD & PENDLETON PIKE,Vehicle,LEFT TURN,FAILURE TO YIELD RIGHT OF WAY,SSI,DARK (NOT LIGHTED),SNOW,SNOW/SLUSH,False,39.8535041809082,-85.9915084838867
904886393,2026,2026-01-13,Marion,Indianapolis,I-465 NB 42.1 MM,Vehicle,SAME DIRECTION SIDESWIPE,UNSAFE LANE MOVEMENT,SSI,DAYLIGHT,CLEAR,DRY,True,39.8234786987305,-86.0314483642578
904887041,2026,2026-01-16,Marion,Indianapolis,W 10TH ST & N BELMONT AVE,Vehicle,RIGHT TURN,FAILURE TO YIELD RIGHT OF WAY,SSI,DAYLIGHT,CLOUDY,DRY,False,39.7807426452637,-86.1969680786133
904892786,2026,2026-01-27,Hendricks,Plainfield,S RONALD REAGAN PKWY & STOUT HERITAGE PKWY,Pedestrian,COLLISION WITH OBJECT IN ROAD,PEDESTRIAN ACTION,SSI,DARK (NOT LIGHTED),CLEAR,DRY,False,39.7125701904297,-86.3359375
904887213,2026,2026-01-18,Marion,Indianapolis,10TH ST & I- 465,Vehicle,RIGHT ANGLE,FAILURE TO YIELD RIGHT OF WAY,SSI,DARK (LIGHTED),CLEAR,DRY,True,39.7796401977539,-86.2710418701172
904888187,2026,2026-01-09,Boone,Zionsville,I-865 WB AT THE 4MM,Vehicle,RAN OFF ROAD,DRIVER ILLNESS,SSI,DAYLIGHT,CLEAR,DRY,True,39.9306373596191,-86.2782516479492
904888306,2026,2026-01-13,Marion,Indianapolis,EMERSON AVE & E THOMPSON RD,Vehicle,RIGHT ANGLE,FAILURE TO YIELD RIGHT OF WAY,SSI,DAYLIGHT,CLOUDY,DRY,False,39.6933975219726,-86.08251953125
904888583,2026,2026-01-18,Hancock,,INTERSTATE 70 EASTBOUND & 98.6 MILE MARKER,Vehicle,SAME DIRECTION SIDESWIPE,SPEED TOO FAST FOR WEATHER CONDITIONS,SSI,DARK (NOT LIGHTED),SNOW,SNOW/SLUSH,True,39.8197174072266,-85.8647232055664
904889393,2026,2026-01-16,Marion,Indianapolis,I-70 WB AT THE 85.6MM,Vehicle,RAN OFF ROAD,UNSAFE LANE MOVEMENT,SSI,DAYLIGHT,CLOUDY,DRY,True,39.7982177734375,-86.0994262695313
904883138,2026,2026-01-09,Morgan,Mooresville,S INDIANA ST & W SOUTH,Pedestrian,COLLISION WITH OBJECT IN ROAD,PEDESTRIAN ACTION,Fatal,DARK (LIGHTED),CLEAR,DRY,False,39.6096878051758,-86.3748931884766
904889457,2026,2026-01-20,Shelby,SHELBYVILLE,W STATE RD 44 & S MARIETTA RD,Vehicle,REAR END,OTHER (DRIVER) - EXPLAIN IN NARRATIVE,SSI,DAYLIGHT,CLEAR,DRY,False,39.4974517822266,-85.8572616577148
904889470,2026,2026-01-08,Marion,Indianapolis,I-70 EB & I-70 EB,Vehicle,OTHER - EXPLAIN IN NARRATIVE,UNSAFE LANE MOVEMENT,Fatal,DARK (LIGHTED),CLEAR,DRY,True,39.7337951660156,-86.2395477294922
904889506,2026,2026-01-23,Johnson,TRAFALGAR,6828 W SR 44,Vehicle,HEAD ON BETWEEN TWO MOTOR VEHICLES,IMPROPER PASSING,SSI,DARK (NOT LIGHTED),CLOUDY,DRY,False,39.4458236694336,-86.2313613891602
904889536,2026,2026-01-20,Marion,Indianapolis,I465 SB,Vehicle,REAR END,UNSAFE LANE MOVEMENT,SSI,DAYLIGHT,CLEAR,DRY,True,39.8004760742188,-86.0363006591797
904889566,2026,2026-01-19,Hancock,,US40 & S 600 E,Vehicle,OTHER - EXPLAIN IN NARRATIVE,FAILURE TO YIELD RIGHT OF WAY,Fatal,DAYLIGHT,CLEAR,DRY,False,39.788646697998,-85.6893844604492
904880784,2026,2026-01-08,Johnson,Greenwood,STACIES WAY,Pedestrian,RIGHT ANGLE,DRIVER DISTRACTED - EXPLAIN IN NARRATIVE,SSI,DARK (NOT LIGHTED),RAIN,WET,False,39.5982971191406,-86.0568161010742
904889978,2026,2026-01-24,Johnson,Franklin,65,Vehicle,RAN OFF ROAD,UNSAFE LANE MOVEMENT,Fatal,DARK (NOT LIGHTED),CLOUDY,DRY,False,39.4962348937988,-86.0173645019531
904890006,2026,2026-01-24,Boone,THORNTOWN,W MAIN ST & N WEST ST,Vehicle,OTHER - EXPLAIN IN NARRATIVE,DISREGARD SIGNAL/REG SIGN,SSI,DAYLIGHT,CLOUDY,DRY,False,40.1294250488281,-86.6094589233398
904890500,2026,2026-01-23,Marion,Indianapolis,N RACEWAY RD,Vehicle,RAN OFF ROAD,FAILURE TO MAINTAIN LANE,SSI,DARK (LIGHTED),CLEAR,DRY,False,39.7986183166504,-86.3267593383789
904890535,2026,2026-01-25,Boone,Lebanon,EVANS ST & GREEN ST,Vehicle,RAN OFF ROAD,OTHER (DRIVER) - EXPLAIN IN NARRATIVE,SSI,DAYLIGHT,BLOWING SAND/SOIL/SNOW,SNOW/SLUSH,False,40.0415153503418,-86.4650192260742
904892194,2026,2026-01-03,Marion,Lawrence,N POST RD & PENDLETON PIKE,Vehicle,LEFT TURN,FAILURE TO YIELD RIGHT OF WAY,SSI,DARK (LIGHTED),CLEAR,DRY,False,39.8445510864258,-86.0102081298828
904892239,2026,2026-01-25,Hamilton,Carmel,SPRING MILL RD,Vehicle,RAN OFF ROAD,DRIVER ILLNESS,SSI,DAYLIGHT,SNOW,SNOW/SLUSH,False,39.9452743530273,-86.1651306152344
904927484,2026,2026-03-21,Marion,Indianapolis,ALLISONVILLE RD & 465 E,Vehicle,RAN OFF ROAD,UNSAFE SPEED,SSI,DARK (NOT LIGHTED),CLEAR,DRY,False,39.9104537963867,-86.0764846801758
904927797,2026,2026-03-23,Hendricks,Plainfield,US40 & DAN JONES RD,Vehicle,RIGHT ANGLE,DRIVER ILLNESS,SSI,DAYLIGHT,CLEAR,DRY,False,39.7097930908203,-86.3798370361328
904928196,2026,2026-03-24,Johnson,Bargersville,SR 135 & TWO CENT ROAD,Vehicle,RAN OFF ROAD,LEFT OF CENTER,SSI,DARK (NOT LIGHTED),CLEAR,DRY,False,39.5130500793457,-86.1579284667969
904928353,2026,2026-03-24,Marion,Indianapolis,CENTER DR & 10TH ST,Vehicle,LEFT TURN,FAILURE TO YIELD RIGHT OF WAY,SSI,DAYLIGHT,CLEAR,DRY,False,39.7801361083984,-86.2643051147461
904928527,2026,2026-03-25,Marion,Indianapolis,E NEW YORK ST & E NEW YORK ST,Pedestrian,RIGHT TURN,PEDESTRIAN ACTION,SSI,DAYLIGHT,CLEAR,DRY,False,39.7711296081543,-86.1470794677734
904928636,2026,2026-03-25,Morgan,Brooklyn,CENTENARY RD & HENDERSON FORD RD,Vehicle,RIGHT ANGLE,FAILURE TO YIELD RIGHT OF WAY,SSI,DAYLIGHT,CLEAR,DRY,False,39.5442657470703,-86.3549575805664
904928899,2026,2026-03-25,Johnson,Franklin,E KING ST & I-65,Vehicle,LEFT TURN,FAILURE TO YIELD RIGHT OF WAY,SSI,DARK (LIGHTED),CLEAR,DRY,True,39.4833221435547,-86.0125274658203
904928953,2026,2026-03-25,Marion,Indianapolis,LESLEY AVE & E 16TH ST,Pedestrian,OTHER - EXPLAIN IN NARRATIVE,OTHER (DRIVER) - EXPLAIN IN NARRATIVE,SSI,DAYLIGHT,CLEAR,DRY,False,39.7889556884766,-86.0713577270508
904928986,2026,2026-03-25,Marion,Indianapolis,RAYMOND PARK DR & LAYTON PARK DR,Vehicle,REAR END,OTHER (DRIVER) - EXPLAIN IN NARRATIVE,SSI,DARK (LIGHTED),CLOUDY,DRY,False,39.7388343811035,-86.0244979858398
904929317,2026,2026-03-25,Marion,Indianapolis,TOWNSHIP LINE RD & 71ST ST,Vehicle,OTHER - EXPLAIN IN NARRATIVE,FAILURE TO MAINTAIN LANE,SSI,DAYLIGHT,CLEAR,DRY,False,39.8861923217773,-86.2030334472656
904929402,2026,2026-03-21,Marion,Beech Grove,S 25TH AVE,Vehicle,RAN OFF ROAD,UNSAFE SPEED,SSI,DARK (NOT LIGHTED),CLEAR,DRY,False,39.7169227600098,-86.111213684082
904929898,2026,2026-03-28,Boone,Whitestown,I-65 & 129.3 MM,Vehicle,REAR END,UNSAFE SPEED,SSI,DAYLIGHT,CLEAR,DRY,True,39.9385032653809,-86.3457717895508
904930130,2026,2026-03-28,Morgan,MONROVIA,HINSHAW RD & MILL RUN DR,Pedalcycle,COLLISION WITH OBJECT IN ROAD,OTHER (ENVIRONMENTAL) - EXPLAIN IN NARR,SSI,DAYLIGHT,CLEAR,DRY,False,39.5716018676758,-86.4896850585938
904930330,2026,2026-03-29,Marion,Indianapolis,COMMERCIAL DR,Vehicle,LEFT TURN,FAILURE TO MAINTAIN LANE,SSI,DARK (LIGHTED),CLEAR,DRY,False,39.8204116821289,-86.2284622192383
904930504,2026,2026-03-28,Marion,Indianapolis,ROCKVILLE RD & RICHIE AVE,Vehicle,LEFT TURN,FAILURE TO YIELD RIGHT OF WAY,SSI,DAYLIGHT,CLEAR,DRY,False,39.7639350891113,-86.3170623779297
904930728,2026,2026-03-29,Marion,Indianapolis,SHELBY ST & FRONT ROYAL DR,Vehicle,REAR END,FOLLOWING TOO CLOSELY,SSI,DAYLIGHT,CLOUDY,DRY,False,39.647102355957,-86.1394348144531
904930770,2026,2026-03-30,Marion,Indianapolis,N GERMAN CHURCH RD & E 38TH ST,Vehicle,HEAD ON BETWEEN TWO MOTOR VEHICLES,LEFT OF CENTER,Fatal,DARK (LIGHTED),CLEAR,DRY,False,39.8275604248047,-85.9720230102539
904931170,2026,2026-03-30,Hamilton,Carmel,US 31,Vehicle,RAN OFF ROAD,OTHER (DRIVER) - EXPLAIN IN NARRATIVE,SSI,DAYLIGHT,CLEAR,DRY,False,39.9629096984863,-86.1575927734375
904931343,2026,2026-03-29,Hendricks,Plainfield,CR 825 E & COTTONWOOD DR,Vehicle,LEFT TURN,OTHER (DRIVER) - EXPLAIN IN NARRATIVE,SSI,DARK (NOT LIGHTED),CLEAR,DRY,False,39.6599731445313,-86.3755798339844
904931523,2026,2026-03-26,Marion,Indianapolis,N POST RD & I- 70,Vehicle,LEFT TURN,FAILURE TO YIELD RIGHT OF WAY,Fatal,DAYLIGHT,CLOUDY,DRY,True,39.7996101379395,-86.0094223022461
904931678,2026,2026-03-23,Marion,Indianapolis,HAGUE RD & E 75TH ST,Vehicle,RIGHT ANGLE,LEFT OF CENTER,SSI,DAYLIGHT,CLEAR,DRY,False,39.8897132873535,-86.032958984375
904932076,2026,2026-03-31,Marion,Indianapolis,I-70 WB AT THE 83.4MM &,Vehicle,NON-COLLISION,UNSAFE SPEED,SSI,DAYLIGHT,CLOUDY,WET,True,39.7859382629394,-86.1367416381836
904932320,2026,2026-03-28,Shelby,SHELBYVILLE,S VINE ST & E JACKSON ST,Pedestrian,COLLISION WITH OBJECT IN ROAD,PEDESTRIAN ACTION,SSI,DAYLIGHT,CLEAR,DRY,False,39.5238265991211,-85.7675628662109
904932606,2026,2026-03-26,Marion,Indianapolis,E RAYMOND ST & FISHER RD,Vehicle,HEAD ON BETWEEN TWO MOTOR VEHICLES,LEFT OF CENTER,SSI,DAYLIGHT,CLEAR,DRY,False,39.7395935058594,-86.0371932983398
904932996,2026,2026-03-28,Marion,Indianapolis,N RURAL ST & E 12TH ST,Pedestrian,RIGHT ANGLE,PEDESTRIAN ACTION,Fatal,DAYLIGHT,CLEAR,DRY,False,39.7842178344727,-86.1164932250977
904933029,2026,2026-03-29,Marion,Indianapolis,E RAYMOND ST & WEBB ST,Vehicle,OTHER - EXPLAIN IN NARRATIVE,UNSAFE SPEED,SSI,DARK (LIGHTED),CLOUDY,DRY,False,39.7373085021973,-86.1530303955078
904933198,2026,2026-03-23,Hamilton,Westfield,E 161ST STREET & US 31 SB EXIT RAMP 131,Vehicle,RIGHT ANGLE,FAILURE TO MAINTAIN LANE,Fatal,DARK (LIGHTED),CLEAR,DRY,False,40.0219879150391,-86.1325912475586
904933639,2026,2026-03-28,Marion,Indianapolis,INDIANA AVE & DR MARTIN LUTHER KING JR ST,Vehicle,LEFT TURN,FAILURE TO YIELD RIGHT OF WAY,SSI,DAYLIGHT,CLEAR,DRY,False,39.7755165100098,-86.1665725708008
904934897,2026,2026-03-26,Marion,Indianapolis,I-70 WB 83.7 MM,Vehicle,REAR END,FOLLOWING TOO CLOSELY,SSI,DAYLIGHT,CLEAR,DRY,True,39.7878265380859,-86.1320495605469
904935489,2026,2026-03-29,Hendricks,JOPPA,I-70 & 61.8 MM,Vehicle,RAN OFF ROAD,UNSAFE SPEED,SSI,DAYLIGHT,CLEAR,DRY,True,39.6319808959961,-86.4424362182617
904936955,2026,2026-03-29,Marion,Indianapolis,I-465 SB AT THE 12MM,Vehicle,REAR END,UNSAFE LANE MOVEMENT,SSI,DARK (LIGHTED),CLEAR,DRY,True,39.7521514892578,-86.2647323608398
904941306,2026,2026-03-29,Hendricks,Avon,US 36 & PARK PLACE BLVD,Vehicle,RAN OFF ROAD,OTHER (DRIVER) - EXPLAIN IN NARRATIVE,SSI,DARK (NOT LIGHTED),CLEAR,DRY,False,39.7628936767578,-86.3942489624023
904951205,2026,2026-03-31,Hendricks,Brownsburg,E CR 700 N & RONALD REAGAN PKWY,Pedestrian,OTHER - EXPLAIN IN NARRATIVE,FAILURE TO YIELD RIGHT OF WAY,SSI,DAYLIGHT,CLEAR,DRY,False,39.8657417297363,-86.3643264770508
904952144,2026,2026-03-10,Morgan,MARTINSVILLE,STATE RD 44 & COPE RD,Vehicle,RAN OFF ROAD,IMPROPER LANE USAGE,SSI,DAYLIGHT,CLOUDY,DRY,False,39.4501838684082,-86.3179244995117
904932548,2026,2026-04-01,Morgan,CAMBY,OTHER - EXPLAIN IN NARRATIVE,Pedalcycle,ANIMAL/OBJECT IN ROADWAY,COUNTY LINE RD & N SETTLE WAY,SSI,DARK (NOT LIGHTED),CLOUDY,DRY,False,39.632022857666,-86.3323135375977
904932723,2026,2026-04-03,Marion,Indianapolis,RIGHT ANGLE,Vehicle,DISREGARD SIGNAL/REG SIGN,E 10TH ST & N PENNSYLVANIA ST,SSI,DARK (LIGHTED),CLOUDY,DRY,False,39.7811164855957,-86.1557922363281