id,year,date,county,city,cross_street,crash_type,manner,primary_factor,ssi_fatal,light,weather,surface,interstate,lat,lon
904933178,2026,2026-04-04,Hamilton,Fishers,REAR END,Vehicle,FOLLOWING TOO CLOSELY,I-69 & I-69,SSI,DAYLIGHT,CLOUDY,DRY,False,39.9909629821777,-85.9172744750977
904933201,2026,2026-04-02,Marion,Indianapolis,LEFT TURN,Vehicle,FAILURE TO YIELD RIGHT OF WAY,GEORGETOWN RD & W 62ND ST,SSI,DARK (LIGHTED),CLEAR,DRY,False,39.8674087524414,-86.2443389892578
904933609,2026,2026-04-04,Marion,Indianapolis,LEFT TURN,Vehicle,UNSAFE SPEED,CARSON AVE & S KEYSTONE AVE,Fatal,DARK (LIGHTED),CLEAR,DRY,False,39.7076835632324,-86.1204071044922
904933716,2026,2026-04-03,Marion,Indianapolis,REAR END,Vehicle,FAILURE TO MAINTAIN LANE,KEYSTONE WAY,SSI,DARK (LIGHTED),CLEAR,DRY,False,39.7983818054199,-86.117073059082
904933942,2026,2026-04-04,Marion,Indianapolis,OTHER - EXPLAIN IN NARRATIVE,Pedestrian,FAILURE TO YIELD RIGHT OF WAY,ERIE AVE & KESSLER BOULEVARD EAST DR,SSI,DARK (LIGHTED),CLEAR,DRY,False,39.8624076843262,-86.1045074462891
904933967,2026,2026-04-05,Marion,Indianapolis,RAN OFF ROAD,Vehicle,DRIVER ILLNESS,KESSLER BOULEVARD EAST DR & KESSLER LN,SSI,DAYLIGHT,CLOUDY,DRY,False,39.8621597290039,-86.0959625244141
904934986,2026,2026-04-08,Hamilton,Cicero,RAN OFF ROAD,Vehicle,OTHER (DRIVER) - EXPLAIN IN NARRATIVE,BLUEWATER DR,Fatal,DAYLIGHT,CLEAR,DRY,False,40.1335906982422,-86.0286560058594
904935551,2026,2026-04-07,Marion,Indianapolis,LEFT TURN,Vehicle,FAILURE TO YIELD RIGHT OF WAY,W 56TH ST & EDEN VILLAGE DR,SSI,DAWN/DUSK,CLEAR,DRY,False,39.8532524108887,-86.2441329956055
904935703,2026,2026-04-09,Marion,Indianapolis,RIGHT ANGLE,Vehicle,DISREGARD SIGNAL/REG SIGN,N SHADELAND AVE & E 16TH ST,Fatal,DAYLIGHT,CLEAR,DRY,False,39.7890090942383,-86.0454330444336
904936033,2026,2026-04-07,Hamilton,Fishers,LEFT TURN,Pedestrian,OTHER (DRIVER) - EXPLAIN IN NARRATIVE,FALL CREEK RD & BRIDGEWATER RD,SSI,DAYLIGHT,CLEAR,DRY,False,39.9335517883301,-85.9438858032227
904936793,2026,2026-04-12,Hamilton,Noblesville,RIGHT ANGLE,Vehicle,FAILURE TO YIELD RIGHT OF WAY,146 ST & OXFORDSHIRE WAY,SSI,DARK (LIGHTED),CLEAR,DRY,False,40.0001983642578,-86.0445709228516
904937021,2026,2026-04-11,Marion,Indianapolis,LEFT/RIGHT TURN,Vehicle,UNSAFE SPEED,N NEW JERSEY ST & E WASHINGTON ST,SSI,DARK (LIGHTED),CLEAR,DRY,False,39.7670364379883,-86.1507720947266
904937783,2026,2026-04-06,Morgan,Mooresville,RAN OFF ROAD,Vehicle,DRIVER ILLNESS,N BETHEL RD & KEYS RD,SSI,DAYLIGHT,CLEAR,DRY,False,39.5739669799805,-86.386833190918
904937902,2026,2026-04-07,Marion,Indianapolis,RAN OFF ROAD,Vehicle,UNSAFE LANE MOVEMENT,I-465 NB 45.1 MM,SSI,DAYLIGHT,CLEAR,DRY,False,39.7811698913574,-86.0314865112305
904938125,2026,2026-04-12,Shelby,SHELBYVILLE,RAN OFF ROAD,Vehicle,UNDER STEERING/UNDER CORRECTING,LITTLE BLUE RD & CR 200 NORTH,SSI,DAYLIGHT,CLEAR,DRY,False,39.5627250671387,-85.711311340332
904938164,2026,2026-04-13,Hamilton,Westfield,RAN OFF ROAD,Vehicle,DRIVER ILLNESS,OAK RIDGE RD & SAWTOOTH ST,SSI,DAYLIGHT,CLEAR,DRY,False,40.0360870361328,-86.1461486816406
904938319,2026,2026-04-09,Shelby,SHELBYVILLE,OTHER - EXPLAIN IN NARRATIVE,Vehicle,FAILURE TO YIELD RIGHT OF WAY,STATE RD 44 & AMOS RD,SSI,DAYLIGHT,CLEAR,DRY,False,39.5213928222656,-85.76171875
904938340,2026,2026-04-10,Shelby,ST. PAUL(SHELBY),REAR END,Vehicle,DRIVER DISTRACTED - EXPLAIN IN NARRATIVE,I- 74 & 122.5 MM,SSI,DAYLIGHT,CLEAR,DRY,False,39.4580039978027,-85.640625
904938422,2026,2026-04-14,Marion,Indianapolis,LEFT TURN,Vehicle,FAILURE TO YIELD RIGHT OF WAY,E HANNA AVE & EL LAGO BLVD,SSI,DARK (NOT LIGHTED),CLEAR,DRY,False,39.7086219787598,-86.1135406494141
904938448,2026,2026-04-14,Morgan,MORGANTOWN,RAN OFF ROAD,Vehicle,OVERCORRECTING/OVERSTEERING,STATE RD 252,SSI,DARK (NOT LIGHTED),CLEAR,DRY,False,39.3713035583496,-86.2722396850586
904938555,2026,2026-04-10,Hendricks,Danville,LEFT TURN,Vehicle,ROADWAY SURFACE CONDITION,S SR 39 & LINCOLN ST,SSI,DAYLIGHT,CLEAR,LOOSE MATERIAL ON ROAD,False,39.7527847290039,-86.5262298583984
904938868,2026,2026-04-12,Shelby,SHELBYVILLE,OTHER - EXPLAIN IN NARRATIVE,Vehicle,OTHER (DRIVER) - EXPLAIN IN NARRATIVE,N RILEY HWY,SSI,DAYLIGHT,CLEAR,DRY,False,39.5472602844238,-85.7749099731445
904938876,2026,2026-04-04,Marion,Indianapolis,LEFT TURN,Pedestrian,FAILURE TO YIELD RIGHT OF WAY,W SOUTH ST & S MISSOURI ST,SSI,DAYLIGHT,RAIN,WET,False,39.7616081237793,-86.1655426025391
904938884,2026,2026-04-06,Marion,Indianapolis,RAN OFF ROAD,Vehicle,UNSAFE LANE MOVEMENT,I-65 NB NEAR 104.6MM,SSI,DAYLIGHT,CLEAR,DRY,False,39.6832275390625,-86.1021041870117
904938969,2026,2026-04-08,Marion,Indianapolis,REAR END,Vehicle,OTHER (VEHICLE) - EXPLAIN IN NARRATIVE,I-465 WB AT THE 7.2MM,SSI,DARK (NOT LIGHTED),CLEAR,DRY,False,39.6924209594727,-86.2404632568359
904939092,2026,2026-04-13,Johnson,Greenwood,OTHER - EXPLAIN IN NARRATIVE,Vehicle,OTHER (ENVIRONMENTAL) - EXPLAIN IN NARR,W SMITH VALLEY RD & W SR 135,SSI,DAYLIGHT,CLEAR,DRY,False,39.6058387756348,-86.1590576171875
904939108,2026,2026-04-11,Marion,Indianapolis,OTHER - EXPLAIN IN NARRATIVE,Vehicle,OVERCORRECTING/OVERSTEERING,SOUTHEASTERN AVE & S RICHARDT AVE,Fatal,DARK (LIGHTED),CLEAR,DRY,False,39.7198677062988,-86.036506652832
904939116,2026,2026-04-12,Marion,Indianapolis,COLLISION WITH OBJECT IN ROAD,Pedestrian,PEDESTRIAN ACTION,E RAYMOND ST & CHURCHMAN ST,SSI,DARK (NOT LIGHTED),CLEAR,DRY,False,39.7376823425293,-86.1172637939453
904939140,2026,2026-04-14,Marion,Indianapolis,RAN OFF ROAD,Vehicle,FAILURE TO MAINTAIN LANE,MERIDIAN SCHOOL RD & S EAST ST,SSI,DARK (NOT LIGHTED),CLEAR,DRY,False,39.6497459411621,-86.1460189819336
904939458,2026,2026-04-15,Morgan,Mooresville,BACKING CRASH,Pedestrian,VIEW OBSTRUCTED,SOUTHBRIDGE NORTH,SSI,DAYLIGHT,CLEAR,DRY,False,39.6017379760742,-86.3739852905273
904939572,2026,2026-04-17,Hendricks,,RAN OFF ROAD,Vehicle,FAILURE TO MAINTAIN LANE,74,SSI,DAYLIGHT,CLEAR,DRY,False,39.8761940002441,-86.4316635131836
904939631,2026,2026-04-16,Marion,Indianapolis,RAN OFF ROAD,Vehicle,FAILURE TO MAINTAIN LANE,I-465 EB AT THE 36.8MM & .,SSI,DAYLIGHT,CLEAR,DRY,False,39.8946113586426,-86.0541229248047
904939656,2026,2026-04-17,Marion,Indianapolis,LEFT TURN,Vehicle,LEFT OF CENTER,E 75TH ST & N SHADELAND AVE,SSI,DAYLIGHT,CLEAR,DRY,False,39.8907279968262,-86.0461883544922
904939711,2026,2026-04-17,Marion,Indianapolis,RIGHT ANGLE,Pedalcycle,FAILURE TO YIELD RIGHT OF WAY,MADISON AVE & ALBANY ST,SSI,DAYLIGHT,CLEAR,DRY,False,39.7231864929199,-86.1505126953125
904940137,2026,2026-04-18,Hamilton,Westfield,RIGHT ANGLE,Vehicle,FAILURE TO YIELD RIGHT OF WAY,E STATE RD 32 & CAREY RD,SSI,DAYLIGHT,CLOUDY,DRY,False,40.0428504943848,-86.1090087890625
904940189,2026,2026-04-16,Marion,Indianapolis,RIGHT ANGLE,Vehicle,DISREGARD SIGNAL/REG SIGN,N ALTON AVE & W 12TH ST,SSI,DAYLIGHT,CLEAR,DRY,False,39.7840843200684,-86.2171173095703
904940340,2026,2026-04-17,Marion,Indianapolis,RAN OFF ROAD,Vehicle,FAILURE TO MAINTAIN LANE,W MOORESVILLE RD & DUNLAP DR,SSI,DAYLIGHT,CLEAR,DRY,False,39.7080841064453,-86.2452163696289
904940638,2026,2026-04-17,Morgan,MONROVIA,REAR END,Vehicle,OTHER (DRIVER) - EXPLAIN IN NARRATIVE,I-70,SSI,DAYLIGHT,CLEAR,DRY,False,39.5901069641113,-86.5554809570313
904940919,2026,2026-04-16,Marion,Indianapolis,REAR END,Vehicle,FAILURE TO YIELD RIGHT OF WAY,N COLLEGE AVE & 33RD ST,Fatal,DAYLIGHT,CLEAR,DRY,False,39.8150596618652,-86.1449584960938
904941030,2026,2026-04-16,Johnson,Greenwood,RIGHT ANGLE,Vehicle,FAILURE TO YIELD RIGHT OF WAY,MAIN ST W & STONEYBROOK DR,SSI,DAYLIGHT,CLEAR,DRY,False,39.6133003234863,-86.1493759155273
904941334,2026,2026-04-20,Hamilton,Westfield,REAR END,Vehicle,FOLLOWING TOO CLOSELY,SR 32 & GUNTHER BLVD,SSI,DAYLIGHT,CLEAR,DRY,False,40.0429534912109,-86.104362487793
904941457,2026,2026-04-11,Shelby,SHELBYVILLE,SAME DIRECTION SIDESWIPE,Vehicle,IMPROPER PASSING,W STATE RD 44 & S 750 W,Fatal,DAYLIGHT,CLEAR,DRY,False,39.495475769043,-85.9217987060547
904941547,2026,2026-04-20,Marion,Indianapolis,NON-COLLISION,Vehicle,DRIVER ILLNESS,I-69 NB NEAR 161.9 MM & .,SSI,DAYLIGHT,CLEAR,DRY,False,39.6855850219727,-86.1987915039063
904941691,2026,2026-04-21,Hamilton,Westfield,REAR END,Vehicle,FOLLOWING TOO CLOSELY,SR 32 & GRAND PARK BLVD,SSI,DAYLIGHT,CLEAR,DRY,False,40.042739868164,-86.1460342407227
904941814,2026,2026-04-04,Marion,Lawrence,REAR END,Vehicle,DRIVER ILLNESS,PENDLETON PIKE & GENEVA AVE,SSI,DAYLIGHT,CLEAR,DRY,False,39.8422241210937,-86.0150527954102
904942033,2026,2026-04-21,Marion,Speedway,OTHER - EXPLAIN IN NARRATIVE,Vehicle,OTHER (VEHICLE) - EXPLAIN IN NARRATIVE,HOLLISTER DR,SSI,DAYLIGHT,CLEAR,DRY,False,39.8073883056641,-86.2719955444336
904942084,2026,2026-04-21,Marion,Indianapolis,COLLISION WITH OBJECT IN ROAD,Pedestrian,PEDESTRIAN ACTION,MICHIGAN RD & BETHANY RD,SSI,DAYLIGHT,CLEAR,DRY,False,39.9133071899414,-86.2233276367188
904942151,2026,2026-04-20,Johnson,Greenwood,RIGHT ANGLE,Vehicle,FAILURE TO MAINTAIN LANE,I-65 & E MAIN ST,SSI,DAYLIGHT,CLEAR,DRY,False,39.6144523620605,-86.0736694335938
904942265,2026,2026-04-21,Johnson,Greenwood,RIGHT ANGLE,Vehicle,FAILURE TO YIELD RIGHT OF WAY,E WORTHSVILLE ROAD & S EMERSON AVENUE,SSI,DAYLIGHT,CLEAR,DRY,False,39.5870246887207,-86.0829620361328
904942502,2026,2026-04-22,Shelby,SHELBYVILLE,HEAD ON BETWEEN TWO MOTOR VEHICLES,Vehicle,OTHER (DRIVER) - EXPLAIN IN NARRATIVE,N MICHIGAN RD & CARDINAL LN,SSI,DARK (NOT LIGHTED),CLEAR,DRY,False,39.5466575622559,-85.7869567871094
904942602,2026,2026-04-16,Marion,Indianapolis,OTHER - EXPLAIN IN NARRATIVE,Pedalcycle,OTHER (VEHICLE) - EXPLAIN IN NARRATIVE,INDIAN CREEK RD S & FORREST BROOK DR,SSI,DAYLIGHT,CLEAR,DRY,False,39.6748847961426,-85.9860687255859
904942756,2026,2026-04-22,Marion,Indianapolis,COLLISION WITH OBJECT IN ROAD,Vehicle,UNSAFE SPEED,LAFAYETTE RD & W 21ST ST,SSI,DARK (NOT LIGHTED),CLEAR,DRY,False,39.7953262329101,-86.2057113647461
904943389,2026,2026-04-17,Hamilton,Westfield,RAN OFF ROAD,Vehicle,OVERCORRECTING/OVERSTEERING,MIDLAND TRACE TRL & S UNION STREET,SSI,DARK (NOT LIGHTED),CLEAR,DRY,False,40.0402221679688,-86.1269683837891
904943754,2026,2026-04-25,Johnson,,SAME DIRECTION SIDESWIPE,Vehicle,OTHER (DRIVER) - EXPLAIN IN NARRATIVE,MORGANTOWN RD & BRENTRIDGE PKWY,SSI,DAYLIGHT,CLEAR,DRY,False,39.5846633911133,-86.1970291137695
904943861,2026,2026-04-26,Marion,Lawrence,RIGHT ANGLE,Vehicle,DISREGARD SIGNAL/REG SIGN,OAKLANDON RD & PENDLETON PIKE,SSI,DAYLIGHT,CLEAR,DRY,False,39.8719787597656,-85.9570770263672
904944062,2026,2026-04-23,Marion,Indianapolis,SAME DIRECTION SIDESWIPE,Vehicle,FAILURE TO MAINTAIN LANE,N MERIDIAN ST & W FALL CREEK PKWY S DR,SSI,DAYLIGHT,CLEAR,DRY,False,39.8027954101563,-86.1566390991211
904944136,2026,2026-04-26,Morgan,MARTINSVILLE,RAN OFF ROAD,Vehicle,ANIMAL/OBJECT IN ROADWAY,OLD SR 37 & BREHOB LN,SSI,DARK (LIGHTED),CLEAR,DRY,False,39.3628387451172,-86.4882431030273
904944265,2026,2026-04-22,Marion,Indianapolis,OTHER - EXPLAIN IN NARRATIVE,Vehicle,UNSAFE SPEED,EAGLE CREEK PKWY & DEET PATH DR,SSI,DARK (LIGHTED),CLEAR,DRY,False,39.8260650634766,-86.2834701538086
904944343,2026,2026-04-25,Marion,Indianapolis,OPPOSITE DIRECTION SIDESWIPE,Vehicle,IMPROPER PASSING,ROCKVILLE RD & ROCKVILLE AVE,SSI,DARK (LIGHTED),CLEAR,DRY,False,39.7628669738769,-86.2315521240234
904944347,2026,2026-04-12,Morgan,,RAN OFF ROAD,Vehicle,FAILURE TO MAINTAIN LANE,W S R 142,SSI,DARK (NOT LIGHTED),CLEAR,DRY,False,39.5178337097168,-86.5184555053711
904944942,2026,2026-04-20,Marion,Indianapolis,REAR END,Vehicle,FOLLOWING TOO CLOSELY,E MINNESOTA ST & S LELAND ST,SSI,DARK (NOT LIGHTED),CLOUDY,DRY,False,39.7457084655762,-86.0822143554688
904945274,2026,2026-04-26,Marion,Indianapolis,RIGHT ANGLE,Vehicle,FAILURE TO YIELD RIGHT OF WAY,W 30TH ST & COLD SPRING RD,Fatal,DAYLIGHT,CLEAR,DRY,False,39.8098754882812,-86.2025451660156
904945296,2026,2026-04-23,Hendricks,,RAN OFF ROAD,Vehicle,OTHER (DRIVER) - EXPLAIN IN NARRATIVE,SR 39 & SR 236,SSI,DARK (NOT LIGHTED),CLEAR,DRY,False,39.776927947998,-86.541862487793
904945317,2026,2026-04-25,Hendricks,,RAN OFF ROAD,Vehicle,UNSAFE SPEED,CR 575 E & CR 600 E,SSI,DARK (NOT LIGHTED),CLEAR,DRY,False,39.8026809692383,-86.4226455688477
904945349,2026,2026-04-25,Johnson,Greenwood,RIGHT ANGLE,Vehicle,FAILURE TO YIELD RIGHT OF WAY,US 31 & MAIN ST,SSI,DAYLIGHT,CLEAR,DRY,False,39.6135940551758,-86.1157379150391
904945377,2026,2026-04-28,Marion,Indianapolis,RAN OFF ROAD,Vehicle,DRIVER ASLEEP OR FATIGUED,E 82ND ST & MOREL DR,SSI,DAYLIGHT,CLOUDY,WET,False,39.9014930725098,-85.9990158081055
904945415,2026,2026-04-28,Marion,Indianapolis,REAR END,Vehicle,UNSAFE LANE MOVEMENT,I-65,SSI,DAYLIGHT,CLOUDY,DRY,False,39.8195610046387,-86.1927947998047
904945422,2026,2026-04-28,Hamilton,Noblesville,COLLISION WITH OBJECT IN ROAD,Vehicle,ANIMAL/OBJECT IN ROADWAY,E 146TH ST & ATLANTIC RD,SSI,DARK (NOT LIGHTED),RAIN,WET,False,40.002254486084,-85.8712387084961
904945537,2026,2026-04-28,Johnson,SAMARIA,HEAD ON BETWEEN TWO MOTOR VEHICLES,Vehicle,FAILURE TO MAINTAIN LANE,135,Fatal,DAYLIGHT,CLEAR,DRY,False,39.3984031677246,-86.1998443603516
904945765,2026,2026-04-14,Morgan,MARTINSVILLE,OTHER - EXPLAIN IN NARRATIVE,Vehicle,SPEED TOO FAST FOR WEATHER CONDITIONS,SHELTON RD & WILBUR RD,SSI,DAWN/DUSK,RAIN,WET,False,39.4824371337891,-86.459228515625
904945972,2026,2026-04-28,Johnson,Greenwood,RAN OFF ROAD,Vehicle,UNSAFE SPEED,MAIN ST W & YORKTOWN RD,SSI,DAYLIGHT,CLEAR,DRY,False,39.6134414672852,-86.1396102905273
904945973,2026,2026-04-25,Marion,Indianapolis,OTHER - EXPLAIN IN NARRATIVE,Vehicle,OTHER (DRIVER) - EXPLAIN IN NARRATIVE,EAST 10TH STREET,Fatal,DARK (LIGHTED),CLOUDY,DRY,False,39.7817153930664,-86.0836410522461
904946048,2026,2026-04-26,Johnson,Greenwood,LEFT TURN,Vehicle,FAILURE TO YIELD RIGHT OF WAY,MADISON AVE & COUNTY LINE RD,SSI,DAYLIGHT,CLEAR,DRY,False,39.6356468200684,-86.1170654296875
904946104,2026,2026-04-29,Marion,Indianapolis,LEFT TURN,Vehicle,FAILURE TO YIELD RIGHT OF WAY,N RITTER AVE & MASSACHUSETTS AVE,SSI,DAYLIGHT,RAIN,WET,False,39.815128326416,-86.0741424560547
904946468,2026,2026-04-29,Marion,Indianapolis,RIGHT ANGLE,Vehicle,DISREGARD SIGNAL/REG SIGN,S STATE AVE & PROSPECT ST,SSI,DARK (LIGHTED),CLEAR,DRY,False,39.7523727416992,-86.1306533813477
904946546,2026,2026-04-28,Johnson,Greenwood,REAR END,Vehicle,FOLLOWING TOO CLOSELY,SR 135 & FAITH ST,SSI,DAYLIGHT,CLEAR,DRY,False,39.6109199523926,-86.1583557128906
904946810,2026,2026-04-29,Hancock,,LEFT/RIGHT TURN,Vehicle,IMPROPER PASSING,67 & N 400 W,SSI,DAYLIGHT,CLEAR,DRY,False,39.9165000915527,-85.8811187744141
904947056,2026,2026-04-30,Johnson,Greenwood,SAME DIRECTION SIDESWIPE,Vehicle,FAILURE TO YIELD RIGHT OF WAY,COUNTY LINE RD & COMBS RD,SSI,DAYLIGHT,CLEAR,DRY,False,39.637020111084,-86.0541229248047
904948940,2026,2026-04-17,Marion,Indianapolis,REAR END,Vehicle,UNSAFE SPEED,I 465 SB & 20.6 MM,SSI,DAYLIGHT,CLEAR,DRY,False,39.8726463317871,-86.2685623168945
904949099,2026,2026-04-11,Marion,Indianapolis,RAN OFF ROAD,Pedestrian,FAILURE TO MAINTAIN LANE,W THOMPSON RD & S CAPITOL AVE,Fatal,DAYLIGHT,CLEAR,DRY,False,39.6930809020996,-86.1605911254883
904949129,2026,2026-04-30,Marion,Lawrence,LEFT TURN,Vehicle,FAILURE TO YIELD RIGHT OF WAY,N SHADELAND AVE & E 45TH ST,SSI,DAYLIGHT,CLEAR,DRY,False,39.8390769958496,-86.0459747314453
904949278,2026,2026-04-29,Hendricks,Plainfield,RIGHT ANGLE,Vehicle,FAILURE TO YIELD RIGHT OF WAY,700 & S CENTER ST,SSI,DAYLIGHT,CLEAR,DRY,False,39.6940155029297,-86.3985900878906
904951927,2026,2026-04-25,Hendricks,Plainfield,SAME DIRECTION SIDESWIPE,Pedestrian,PEDESTRIAN ACTION,S RONALD REAGAN PKWY & BRADFORD RD,SSI,DARK (NOT LIGHTED),CLEAR,DRY,False,39.7324523925781,-86.3381195068359
904952114,2026,2026-04-22,Marion,Indianapolis,OTHER - EXPLAIN IN NARRATIVE,Vehicle,FAILURE TO MAINTAIN LANE,465 & .,SSI,DARK (NOT LIGHTED),CLOUDY,DRY,False,39.8911399841309,-86.0494232177734
904953057,2026,2026-04-23,Marion,Indianapolis,REAR END,Vehicle,DRIVER ASLEEP OR FATIGUED,I-70 EB AT THE 79.3MM,SSI,DAYLIGHT,CLEAR,DRY,False,39.7541809082031,-86.1741790771484
904953334,2026,2026-04-16,Hendricks,,RIGHT ANGLE,Vehicle,FAILURE TO YIELD RIGHT OF WAY,STATE RD 267 & E CO RD 900 N,SSI,DAYLIGHT,CLOUDY,WET,False,39.8946189880371,-86.3926162719726
904953500,2026,2026-04-26,Marion,Indianapolis,COLLISION WITH OBJECT IN ROAD,Vehicle,INSECURE/LEAKY LOAD,465 NB MM9.6 & 465 NB  MM 9.6,SSI,DAYLIGHT,CLEAR,DRY,False,39.7224960327148,-86.2643432617188
904953603,2026,2026-04-26,Marion,Indianapolis,REAR END,Vehicle,UNSAFE LANE MOVEMENT,I-65 NB & .,SSI,DAYLIGHT,CLEAR,DRY,False,39.7830924987793,-86.161262512207
904957146,2026,2026-04-25,Morgan,MARTINSVILLE,REAR END,Vehicle,ANIMAL/OBJECT IN ROADWAY,I-69,Fatal,DARK (NOT LIGHTED),CLEAR,DRY,False,39.3473663330078,-86.5021667480469
904958773,2026,2026-04-24,Marion,Indianapolis,SAME DIRECTION SIDESWIPE,Vehicle,UNSAFE LANE MOVEMENT,I- 465 SB & .,SSI,DARK (LIGHTED),CLEAR,DRY,False,39.7331886291504,-86.2646713256836
904958776,2026,2026-04-24,Marion,Indianapolis,REAR END,Vehicle,UNSAFE LANE MOVEMENT,I-65 NB & .,SSI,DARK (LIGHTED),CLEAR,DRY,False,39.7503204345703,-86.1439208984375
904959035,2026,2026-04-20,Hamilton,Fishers,RAN OFF ROAD,Vehicle,IMPROPER PASSING,ALLISONVILLE RD & HARRISON PKWY,Fatal,DAYLIGHT,CLEAR,DRY,False,39.9882583618164,-86.0229415893555
904968269,2026,2026-04-28,Marion,Indianapolis,OPPOSITE DIRECTION SIDESWIPE,Vehicle,OTHER (DRIVER) - EXPLAIN IN NARRATIVE,GUION RD & W 54TH ST,Fatal,DAYLIGHT,CLEAR,DRY,False,39.8501434326172,-86.2332229614258
904973119,2026,2026-04-12,Marion,Indianapolis,RAN OFF ROAD,Vehicle,OTHER (DRIVER) - EXPLAIN IN NARRATIVE,I-65 NB,SSI,DARK (LIGHTED),CLEAR,DRY,False,39.7865028381348,-86.1352386474609
904892608,2026,2026-01-20,Marion,Beech Grove,EMERSON AVE & EMERSON AVE,Vehicle,LEFT TURN,FAILURE TO YIELD RIGHT OF WAY,SSI,DAYLIGHT,CLEAR,DRY,False,39.7111778259277,-86.08251953125
904892788,2026,2026-01-21,Marion,Indianapolis,S TIBBS AVE & WICHITA HILL DR,Vehicle,RAN OFF ROAD,FAILURE TO MAINTAIN LANE,SSI,DARK (LIGHTED),CLEAR,DRY,False,39.6467933654785,-86.2108840942383
904892810,2026,2026-01-26,Shelby,SHELBYVILLE,109 I 74W,Vehicle,OTHER - EXPLAIN IN NARRATIVE,OTHER (DRIVER) - EXPLAIN IN NARRATIVE,SSI,DAYLIGHT,SNOW,SNOW/SLUSH,False,39.5848236083984,-85.821907043457
904893474,2026,2026-01-24,Marion,Indianapolis,DANDY TRL & W 34TH ST,Vehicle,REAR END,UNSAFE SPEED,Fatal,DARK (LIGHTED),CLOUDY,DRY,False,39.8175926208496,-86.2996139526367
904893584,2026,2026-01-28,Hamilton,,SR 19 & 206 ST,Vehicle,RIGHT ANGLE,FAILURE TO YIELD RIGHT OF WAY,SSI,DARK (NOT LIGHTED),CLEAR,WET,False,40.0876197814942,-86.0143356323242
904893741,2026,2026-01-22,Hancock,Greenfield,I-70 WB AT THE 102.6MM,Vehicle,SAME DIRECTION SIDESWIPE,UNSAFE LANE MOVEMENT,Fatal,DARK (NOT LIGHTED),CLEAR,DRY,True,39.8208541870117,-85.7903747558594
904894072,2026,2026-01-27,Johnson,,I-65 SB & 86.0 MM,Vehicle,REAR END,FOLLOWING TOO CLOSELY,SSI,DAYLIGHT,CLEAR,ICE,True,39.4370880126953,-85.9827880859375
904894703,2026,2026-01-29,Marion,Indianapolis,N MITTHOEFER RD & E WASHINGTON ST,Vehicle,RIGHT ANGLE,FAILURE TO YIELD RIGHT OF WAY,SSI,DAYLIGHT,CLEAR,WET,False,39.7761726379395,-85.9904479980469
904895642,2026,2026-01-31,Hendricks,Avon,S COUNTY ROAD 575 E & E US HIGHWAY 36,Vehicle,RIGHT ANGLE,OTHER (DRIVER) - EXPLAIN IN NARRATIVE,SSI,DARK (NOT LIGHTED),CLEAR,DRY,False,39.7619132995605,-86.4238433837891
904897482,2026,2026-01-27,Hamilton,Fishers,I-69 SB AT THE 203.8MM,Vehicle,REAR END,FOLLOWING TOO CLOSELY,SSI,DAYLIGHT,CLEAR,DRY,True,39.9425392150879,-86.0184783935547
904899083,2026,2026-01-27,Marion,Indianapolis,I-465 NB AT THE 44.7MM,Vehicle,REAR END,SPEED TOO FAST FOR WEATHER CONDITIONS,SSI,DAYLIGHT,CLEAR,ICE,True,39.7867317199707,-86.0325012207031
904900762,2026,2026-02-07,Marion,Lawrence,PENDLETON PIKE & MOWERY ST,Vehicle,HEAD ON BETWEEN TWO MOTOR VEHICLES,IMPROPER LANE USAGE,SSI,DARK (LIGHTED),CLEAR,DRY,False,39.8387107849121,-86.0220718383789
904900180,2026,2026-02-02,Marion,Indianapolis,N SHADELAND AVE & TWIN OAKS DR,Pedestrian,REAR END,SPEED TOO FAST FOR WEATHER CONDITIONS,Fatal,DARK (NOT LIGHTED),CLEAR,DRY,False,39.8220062255859,-86.0458297729492
904901341,2026,2026-01-24,Hendricks,Plainfield,STOUT HERITAGE PKWY & PERRY RD,Vehicle,RIGHT ANGLE,OTHER (DRIVER) - EXPLAIN IN NARRATIVE,SSI,DAYLIGHT,BLOWING SAND/SOIL/SNOW,SNOW/SLUSH,False,39.7070579528809,-86.3548736572265
904901426,2026,2026-02-06,Marion,Indianapolis,W TROY AVE,Pedestrian,REAR END,IMPROPER TURNING,SSI,DAYLIGHT,CLOUDY,WET,False,39.7217178344726,-86.1860504150391
904901478,2026,2026-02-06,Marion,Beech Grove,EMERSON AVE & HORNET AVE,Vehicle,LEFT/RIGHT TURN,FAILURE TO YIELD RIGHT OF WAY,SSI,DAYLIGHT,SNOW,SNOW/SLUSH,False,39.7111892700195,-86.08251953125
904902434,2026,2026-02-05,Marion,Indianapolis,I-70 WB AT THE 84.4MM,Vehicle,SAME DIRECTION SIDESWIPE,UNSAFE LANE MOVEMENT,SSI,DARK (NOT LIGHTED),CLEAR,DRY,True,39.7946319580078,-86.121467590332
904902582,2026,2026-02-09,Marion,Indianapolis,I-465 NB AT THE 13.8MM,Vehicle,OTHER - EXPLAIN IN NARRATIVE,UNSAFE SPEED,SSI,DARK (LIGHTED),CLEAR,DRY,True,39.7773628234863,-86.2701644897461