id,year,date,county,city,cross_street,crash_type,manner,primary_factor,ssi_fatal,light,weather,surface,interstate,lat,lon
904902603,2026,2026-02-09,Marion,Lawrence,SUNNYSIDE RD & BIRCH TREE LN,Vehicle,RAN OFF ROAD,OTHER (DRIVER) - EXPLAIN IN NARRATIVE,SSI,DARK (NOT LIGHTED),CLEAR,DRY,False,39.8879623413086,-85.9761428833008
904902627,2026,2026-02-07,Marion,Indianapolis,E WASHINGTON ST & N ORIENTAL ST,Vehicle,REAR END,UNSAFE SPEED,Fatal,DARK (LIGHTED),CLEAR,DRY,False,39.7670288085938,-86.1352462768555
904902682,2026,2026-02-10,Marion,Indianapolis,ROCKVILLE RD & BURKE AVE,Pedestrian,OTHER - EXPLAIN IN NARRATIVE,PEDESTRIAN ACTION,Fatal,DAYLIGHT,CLEAR,WET,False,39.7640190124512,-86.315673828125
904902754,2026,2026-02-07,Marion,Indianapolis,PICTON DR & N SHADELAND AVE,Pedestrian,REAR END,PEDESTRIAN ACTION,Fatal,DARK (NOT LIGHTED),CLEAR,DRY,False,39.8305473327637,-86.0458450317383
904903088,2026,2026-02-07,Marion,Indianapolis,38TH ST & N KEYSTONE AVE,Vehicle,LEFT TURN,IMPROPER PASSING,SSI,DAYLIGHT,CLEAR,DRY,False,39.8254013061523,-86.1218872070313
904903242,2026,2026-02-11,Marion,Indianapolis,W 38TH ST & COLD SPRING RD,Vehicle,OTHER - EXPLAIN IN NARRATIVE,ROADWAY SURFACE CONDITION,SSI,DAYLIGHT,CLEAR,ICE,False,39.8238830566406,-86.1979141235352
904903683,2026,2026-02-01,Marion,Indianapolis,I-465 SB AT THE 14.5MM &,Vehicle,OTHER - EXPLAIN IN NARRATIVE,FAILURE TO YIELD RIGHT OF WAY,SSI,DAYLIGHT,CLEAR,WET,True,39.7860145568848,-86.2705459594727
904903765,2026,2026-02-01,Marion,Indianapolis,,Vehicle,RIGHT ANGLE,UNSAFE LANE MOVEMENT,SSI,DAYLIGHT,CLEAR,DRY,False,39.787410736084,-86.2709197998047
904903769,2026,2026-02-12,Marion,Indianapolis,CALVIN ST & BETHEL AVE,Pedestrian,OTHER - EXPLAIN IN NARRATIVE,PEDESTRIAN ACTION,SSI,DARK (LIGHTED),CLEAR,DRY,False,39.7445259094238,-86.1204147338867
904903799,2026,2026-02-12,Marion,Indianapolis,E TROY AVE & E TROY AVE,Vehicle,RIGHT TURN,FAILURE TO YIELD RIGHT OF WAY,SSI,DAYLIGHT,CLEAR,DRY,False,39.7226219177246,-86.1491546630859
904903807,2026,2026-02-07,Marion,Indianapolis,I-70 EB AT THE 80.3MM,Vehicle,SAME DIRECTION SIDESWIPE,UNSAFE LANE MOVEMENT,SSI,DAYLIGHT,CLEAR,DRY,True,39.7533683776855,-86.1544952392578
904903896,2026,2026-02-08,Marion,Indianapolis,MASSACHUSETTS AVE & N NEWMAN ST,Vehicle,OPPOSITE DIRECTION SIDESWIPE,WRONG WAY ON ONE WAY,Fatal,DARK (NOT LIGHTED),CLEAR,DRY,False,39.7850532531738,-86.1331100463867
904904412,2026,2026-02-13,Marion,Indianapolis,WHITECLIFF WAY & TANSEL FORGE DR,Vehicle,OTHER - EXPLAIN IN NARRATIVE,FAILURE TO YIELD RIGHT OF WAY,SSI,DARK (LIGHTED),CLEAR,DRY,False,39.7972679138184,-86.3266983032227
904904521,2026,2026-02-13,Marion,Indianapolis,S EMERSON AVE & E RAYMOND ST,Vehicle,LEFT TURN,IMPROPER TURNING,SSI,DAYLIGHT,CLEAR,DRY,False,39.7383346557617,-86.0825881958008
904905225,2026,2026-02-15,Hamilton,Fishers,ROYALS DR,Vehicle,OTHER - EXPLAIN IN NARRATIVE,OTHER (ENVIRONMENTAL) - EXPLAIN IN NARR,SSI,DAYLIGHT,CLEAR,WET,False,39.9674263000488,-85.9138717651367
904905646,2026,2026-02-08,Marion,Indianapolis,I-65,Vehicle,REAR END,IMPROPER LANE USAGE,SSI,DARK (LIGHTED),CLEAR,DRY,True,39.822826385498,-86.1990203857422
904906161,2026,2026-02-14,Marion,Indianapolis,W SOUTHPORT RD,Pedestrian,OTHER - EXPLAIN IN NARRATIVE,OTHER (DRIVER) - EXPLAIN IN NARRATIVE,SSI,DAYLIGHT,CLOUDY,DRY,False,39.6646385192871,-86.1833648681641
904906545,2026,2026-02-14,Marion,Indianapolis,S ARLINGTON AVE & CRYSTAL WATER ROAD,Vehicle,RAN OFF ROAD,IMPROPER LANE USAGE,Fatal,DARK (NOT LIGHTED),CLOUDY,WET,False,39.6778717041016,-86.0634536743164
904906624,2026,2026-02-13,Marion,Indianapolis,CHURCHMAN AVE & E LEGRANDE AV,Vehicle,RIGHT ANGLE,FAILURE TO YIELD RIGHT OF WAY,SSI,DARK (LIGHTED),CLOUDY,DRY,False,39.7389755249023,-86.1198043823242
904906919,2026,2026-02-18,Marion,Indianapolis,S ARLINGTON AVE & CASTLEFORD DR,Vehicle,REAR END,FOLLOWING TOO CLOSELY,SSI,DAWN/DUSK,CLOUDY,DRY,False,39.7197036743164,-86.063606262207
904907895,2026,2026-02-14,Johnson,Greenwood,SHEEK RD & GREENWOOD STATION BLVD,Vehicle,RAN OFF ROAD,UNSAFE SPEED,SSI,DARK (LIGHTED),RAIN,WET,False,39.6015853881836,-86.0766296386719
904907983,2026,2026-02-16,Marion,Speedway,I-74,Vehicle,RAN OFF ROAD,UNSAFE SPEED,SSI,DARK (NOT LIGHTED),FOG/SMOKE/SMOG,DRY,True,39.8064651489258,-86.2746047973633
904909486,2026,2026-02-18,Hamilton,Carmel,RIVER RD & TALL TIMBER RUN,Vehicle,OTHER - EXPLAIN IN NARRATIVE,DRIVER ILLNESS,SSI,DAYLIGHT,CLEAR,DRY,False,39.9853057861328,-86.048225402832
904909817,2026,2026-02-14,Hancock,,STATE RD 9 & CRANBERRY DR,Vehicle,HEAD ON BETWEEN TWO MOTOR VEHICLES,FAILURE TO MAINTAIN LANE,Fatal,DAYLIGHT,CLOUDY,DRY,False,39.8384742736816,-85.7700119018555
904909818,2026,2026-02-18,Boone,,US 421 & E 300 N,Vehicle,RIGHT ANGLE,FAILURE TO YIELD RIGHT OF WAY,SSI,DAYLIGHT,CLEAR,DRY,False,40.084342956543,-86.306655883789
904910339,2026,2026-02-04,Hendricks,,I-70,Vehicle,COLLISION WITH ANIMAL OTHER,ANIMAL/OBJECT IN ROADWAY,SSI,DARK (LIGHTED),CLEAR,WET,True,39.6525840759277,-86.3990249633789
904910343,2026,2026-02-05,Marion,Indianapolis,I-65 & I-65,Vehicle,NON-COLLISION,FAILURE TO MAINTAIN LANE,SSI,DARK (NOT LIGHTED),CLEAR,DRY,True,39.8119850158691,-86.1786041259765
904910419,2026,2026-02-19,Marion,Indianapolis,COLD SPRING ROAD. & W 38TH STREET.,Pedalcycle,OTHER - EXPLAIN IN NARRATIVE,FAILURE TO YIELD RIGHT OF WAY,SSI,DAYLIGHT,CLEAR,DRY,False,39.8223495483398,-86.2003021240234
904910434,2026,2026-02-13,Hendricks,,CR 350 S & APPLEWOOD CT,Vehicle,RAN OFF ROAD,OTHER (DRIVER) - EXPLAIN IN NARRATIVE,SSI,DAYLIGHT,CLEAR,DRY,False,39.7105712890625,-86.4534454345703
904910566,2026,2026-02-12,Marion,Indianapolis,W 29TH ST & BOULEVARD PL,Vehicle,LEFT TURN,IMPROPER PASSING,SSI,DARK (LIGHTED),CLEAR,DRY,False,39.8083534240723,-86.1627807617188
904910733,2026,2026-02-20,Hendricks,Avon,ST RD 267 & WHITE OAK DR,Vehicle,RAN OFF ROAD,DRIVER ILLNESS,SSI,DAYLIGHT,CLEAR,DRY,False,39.7820091247559,-86.4001083374024
904910937,2026,2026-02-20,Hamilton,Westfield,E GREYHOUND PASS,Vehicle,HEAD ON BETWEEN TWO MOTOR VEHICLES,UNSAFE SPEED,SSI,DAYLIGHT,CLEAR,DRY,False,40.0042304992676,-86.12548828125
904911527,2026,2026-02-21,Marion,Indianapolis,CRAIG ST & E 82ND ST,Vehicle,HEAD ON BETWEEN TWO MOTOR VEHICLES,DISREGARD SIGNAL/REG SIGN,SSI,DAYLIGHT,CLOUDY,DRY,False,39.9051666259766,-86.0531692504883
904911672,2026,2026-02-19,Hendricks,Avon,NICOLE BLVD,Vehicle,RAN OFF ROAD,OTHER (DRIVER) - EXPLAIN IN NARRATIVE,SSI,DAYLIGHT,CLOUDY,DRY,False,39.7697639465332,-86.3772277832031
904912134,2026,2026-02-22,Hendricks,Plainfield,I-70 & QUAKER BLVD,Vehicle,RAN OFF ROAD,ROADWAY SURFACE CONDITION,SSI,DAYLIGHT,SNOW,ICE,True,39.6741409301758,-86.3546371459961
904912154,2026,2026-02-17,Marion,Indianapolis,EB I-465 & 7.8 MM,Vehicle,SAME DIRECTION SIDESWIPE,DRIVER ILLNESS,SSI,DAYLIGHT,CLEAR,DRY,True,39.6954650878906,-86.2515106201172
904912334,2026,2026-02-22,Johnson,Franklin,JASON AVE,Pedestrian,OTHER - EXPLAIN IN NARRATIVE,UNSAFE BACKING,SSI,DARK (NOT LIGHTED),CLEAR,SNOW/SLUSH,False,39.5354080200195,-86.0869064331055
904912584,2026,2026-02-13,Marion,Indianapolis,HARLAN ST & FLETCHER AVE,Vehicle,RAN OFF ROAD,FAILURE TO MAINTAIN LANE,Fatal,DARK (LIGHTED),CLEAR,DRY,False,39.7579460144043,-86.1259002685547
904912628,2026,2026-02-23,Marion,Indianapolis,KESSLER BLVD E DR & N PARKER AVE,Vehicle,OTHER - EXPLAIN IN NARRATIVE,OTHER (DRIVER) - EXPLAIN IN NARRATIVE,SSI,DAYLIGHT,CLOUDY,DRY,False,39.8623428344727,-86.1145248413086
904912817,2026,2026-02-21,Marion,Indianapolis,I465,Vehicle,SAME DIRECTION SIDESWIPE,UNSAFE SPEED,SSI,DAYLIGHT,CLEAR,DRY,True,39.6933288574219,-86.2007522583008
904913603,2026,2026-02-18,Hendricks,,,Vehicle,RIGHT ANGLE,DISREGARD SIGNAL/REG SIGN,Fatal,DAYLIGHT,CLEAR,DRY,False,39.7591667175293,-86.4334259033203
904913863,2026,2026-02-11,Marion,Beech Grove,N 17TH AVE & SOUTHERN AVE,Vehicle,REAR END,DRIVER ASLEEP OR FATIGUED,SSI,DAWN/DUSK,CLEAR,DRY,False,39.7307205200195,-86.1017303466797
904913875,2026,2026-02-26,Johnson,Franklin,W ADAMS ST & N VAUGHT ST,Vehicle,RAN OFF ROAD,SPEED TOO FAST FOR WEATHER CONDITIONS,SSI,DARK (LIGHTED),SNOW,WET,False,39.4833068847656,-86.0636367797852
904914084,2026,2026-02-19,Marion,Indianapolis,I-465 SB,Vehicle,OTHER - EXPLAIN IN NARRATIVE,SPEED TOO FAST FOR WEATHER CONDITIONS,SSI,DARK (LIGHTED),RAIN,WET,True,39.6961326599121,-86.253303527832
904914295,2026,2026-02-25,Hamilton,Westfield,E SR 32 & CAREY RD,Vehicle,HEAD ON BETWEEN TWO MOTOR VEHICLES,FAILURE TO YIELD RIGHT OF WAY,SSI,DAYLIGHT,CLEAR,DRY,False,40.042839050293,-86.1090087890625
904914388,2026,2026-02-16,Shelby,,,Vehicle,RAN OFF ROAD,SPEED TOO FAST FOR WEATHER CONDITIONS,SSI,DAWN/DUSK,FOG/SMOKE/SMOG,ICE,False,39.4530372619629,-85.7585983276367
904914647,2026,2026-02-26,Marion,Indianapolis,S ARLINGTON AVE & IONA RD,Vehicle,RAN OFF ROAD,FAILURE TO MAINTAIN LANE,Fatal,DAYLIGHT,CLEAR,DRY,False,39.7425880432129,-86.0637512207031
904915708,2026,2026-02-26,Shelby,,E 600 S & S 25 E,Vehicle,HEAD ON BETWEEN TWO MOTOR VEHICLES,LEFT OF CENTER,Fatal,DAYLIGHT,SNOW,WET,False,39.4381637573242,-85.775993347168
904915744,2026,2026-02-28,Morgan,,SOUTHVIEW DR & BURTON LANE,Vehicle,RIGHT ANGLE,FAILURE TO MAINTAIN LANE,SSI,DAYLIGHT,CLEAR,DRY,False,39.4051361083984,-86.4364776611328
904915893,2026,2026-02-27,Marion,Indianapolis,N DELAWARE ST & E NEW YORK ST,Pedestrian,LEFT/RIGHT TURN,OTHER (DRIVER) - EXPLAIN IN NARRATIVE,SSI,DAYLIGHT,CLEAR,DRY,False,39.771297454834,-86.1542663574219
904916031,2026,2026-02-27,Marion,Indianapolis,I-465 WB,Vehicle,OTHER - EXPLAIN IN NARRATIVE,OTHER (DRIVER) - EXPLAIN IN NARRATIVE,SSI,DAYLIGHT,CLEAR,DRY,True,39.6978759765625,-86.179573059082
904916771,2026,2026-02-22,Marion,Indianapolis,I-65 SB & I-65,Vehicle,RAN OFF ROAD,SPEED TOO FAST FOR WEATHER CONDITIONS,SSI,DAYLIGHT,SNOW,ICE,True,39.8100128173828,-86.1668395996094
904917081,2026,2026-02-27,Marion,Indianapolis,N POST RD & E 38TH ST,Pedestrian,RIGHT ANGLE,PEDESTRIAN ACTION,Fatal,DARK (LIGHTED),CLEAR,DRY,False,39.8266410827637,-86.0098266601563
904917892,2026,2026-02-28,Marion,Indianapolis,I-70 WB AT THE 90.2MM,Vehicle,RAN OFF ROAD,OTHER (DRIVER) - EXPLAIN IN NARRATIVE,SSI,DARK (NOT LIGHTED),CLEAR,DRY,True,39.8001556396484,-86.0190811157227
904919933,2026,2026-02-28,Marion,Indianapolis,E 30TH & STATION,Vehicle,HEAD ON BETWEEN TWO MOTOR VEHICLES,IMPROPER TURNING,SSI,DAYLIGHT,CLEAR,DRY,False,39.8108367919922,-86.1041107177734
904920183,2026,2026-02-28,Marion,Indianapolis,I-65 & NB,Vehicle,OTHER - EXPLAIN IN NARRATIVE,OTHER (DRIVER) - EXPLAIN IN NARRATIVE,SSI,DARK (NOT LIGHTED),CLEAR,DRY,True,39.783935546875,-86.1430511474609
904920446,2026,2026-02-18,Marion,Indianapolis,W 38TH ST,Vehicle,REAR END,UNSAFE SPEED,SSI,DARK (NOT LIGHTED),CLEAR,DRY,False,39.8236389160156,-86.2153472900391
904920879,2026,2026-02-26,Marion,Indianapolis,I465 EB AT THE 28MM,Vehicle,OTHER - EXPLAIN IN NARRATIVE,OTHER (DRIVER) - EXPLAIN IN NARRATIVE,SSI,DARK (LIGHTED),CLEAR,DRY,True,39.9241561889649,-86.1991577148438
904922134,2026,2026-02-24,Marion,Indianapolis,I-465 WB AT THE 2.2MM,Vehicle,REAR END,FOLLOWING TOO CLOSELY,SSI,DAYLIGHT,CLEAR,DRY,True,39.6993789672852,-86.1491317749023
904926055,2026,2026-02-26,Hendricks,,I-70 & SOUTH COUNTY ROAD 525 E,Vehicle,REAR END,OTHER (DRIVER) - EXPLAIN IN NARRATIVE,SSI,DAYLIGHT,CLEAR,DRY,True,39.6338157653809,-86.4393920898438
904931055,2026,2026-02-20,Marion,Indianapolis,I-465 WB AT THE 33.9MM,Vehicle,HEAD ON BETWEEN TWO MOTOR VEHICLES,OVERCORRECTING/OVERSTEERING,SSI,DAYLIGHT,CLEAR,DRY,True,39.9175071716309,-86.0992050170898
904931220,2026,2026-02-10,Marion,Indianapolis,E 38TH ST & N PARK AV,Vehicle,OTHER - EXPLAIN IN NARRATIVE,UNSAFE SPEED,SSI,DARK (LIGHTED),CLEAR,DRY,False,39.825065612793,-86.14697265625
904916242,2026,2026-03-01,Marion,Indianapolis,W WASHINGTON ST & S ROCHESTER AVE,Vehicle,OTHER - EXPLAIN IN NARRATIVE,OTHER (DRIVER) - EXPLAIN IN NARRATIVE,SSI,DARK (LIGHTED),CLEAR,DRY,False,39.7619934082031,-86.2207260131836
904916384,2026,2026-03-01,Marion,Indianapolis,FOREST MANOR AVE & E 30TH ST,Vehicle,LEFT TURN,FAILURE TO YIELD RIGHT OF WAY,SSI,DARK (NOT LIGHTED),CLEAR,DRY,False,39.8108253479004,-86.0978012084961
904917632,2026,2026-03-04,Hendricks,Avon,E US HIGHWAY 36 & BEECHWOOD DR,Vehicle,REAR END,FOLLOWING TOO CLOSELY,SSI,DAWN/DUSK,RAIN,WET,False,39.7629776000977,-86.3871078491211
904918053,2026,2026-03-04,Marion,Indianapolis,E WASHINGTON ST & S MITTHOEFFER RD,Vehicle,OTHER - EXPLAIN IN NARRATIVE,DRIVER ASLEEP OR FATIGUED,SSI,DAYLIGHT,FOG/SMOKE/SMOG,WET,False,39.7747802734375,-85.9902191162109
904918418,2026,2026-03-04,Morgan,,N MANN RD & 11905 N MANN RD,Vehicle,RAN OFF ROAD,FAILURE TO MAINTAIN LANE,SSI,DARK (NOT LIGHTED),RAIN,WET,False,39.6004753112793,-86.2733917236328
904918510,2026,2026-03-05,Marion,Indianapolis,INDIANA AVE & UNIVERSITY BLVD,Vehicle,HEAD ON BETWEEN TWO MOTOR VEHICLES,UNSAFE SPEED,SSI,DARK (LIGHTED),RAIN,WET,False,39.780200958252,-86.1743240356445
904918765,2026,2026-03-05,Johnson,Greenwood,N MERIDIAN ST & COUNTY LINE RD,Vehicle,RIGHT ANGLE,OTHER (DRIVER) - EXPLAIN IN NARRATIVE,SSI,DAYLIGHT,CLEAR,WET,False,39.6357574462891,-86.1062545776367
904918830,2026,2026-03-06,Marion,Indianapolis,MADISON AVE,Vehicle,HEAD ON BETWEEN TWO MOTOR VEHICLES,FAILURE TO MAINTAIN LANE,SSI,DAYLIGHT,CLOUDY,WET,False,39.7378158569336,-86.1544036865234
904919258,2026,2026-03-07,Hamilton,Fishers,I-69,Vehicle,REAR END,FOLLOWING TOO CLOSELY,SSI,DAYLIGHT,RAIN,WET,True,39.9358673095703,-86.0233459472656
904919745,2026,2026-03-06,Marion,Indianapolis,MICHIGAN RD & W 62ND ST,Vehicle,RIGHT ANGLE,FAILURE TO YIELD RIGHT OF WAY,SSI,DARK (LIGHTED),CLEAR,DRY,False,39.8681526184082,-86.2018661499023
904919776,2026,2026-03-07,Marion,Indianapolis,E 16TH ST & N POST RD,Vehicle,RAN OFF ROAD,DRIVER ILLNESS,SSI,DAYLIGHT,CLOUDY,WET,False,39.7893333435059,-86.009391784668
904919839,2026,2026-03-01,Marion,Indianapolis,I-65 SB AT THE 115.1MM,Vehicle,SAME DIRECTION SIDESWIPE,UNSAFE LANE MOVEMENT,SSI,DARK (NOT LIGHTED),CLEAR,DRY,True,39.8059921264648,-86.166389465332
904919963,2026,2026-03-08,Marion,Indianapolis,S SHERMAN DR & DELOSS ST,Vehicle,REAR END,UNSAFE SPEED,SSI,DARK (LIGHTED),CLEAR,DRY,False,39.7613868713379,-86.10205078125
904920074,2026,2026-03-07,Hamilton,Carmel,S RANGE LINE RD,Pedestrian,COLLISION WITH OBJECT IN ROAD,OTHER (ENVIRONMENTAL) - EXPLAIN IN NARR,SSI,DARK (NOT LIGHTED),RAIN,WET,False,39.9582557678223,-86.1274032592773
904920268,2026,2026-03-08,Hendricks,Plainfield,W WASHINGTON ST & WILLIAMS TRCE,Vehicle,RIGHT ANGLE,FAILURE TO YIELD RIGHT OF WAY,SSI,DAYLIGHT,CLEAR,DRY,False,39.7185745239258,-86.3550186157227
904920324,2026,2026-03-10,Hamilton,Noblesville,LITTLE CHICAGO RD & E 191ST ST,Vehicle,RAN OFF ROAD,UNSAFE SPEED,SSI,DARK (LIGHTED),CLOUDY,DRY,False,40.0653762817383,-86.0714492797852
904920496,2026,2026-03-09,Marion,Indianapolis,N COLLEGE AVE & E 86TH ST,Pedestrian,COLLISION WITH OBJECT IN ROAD,PEDESTRIAN ACTION,SSI,DAWN/DUSK,CLEAR,DRY,False,39.9129180908203,-86.1458129882813
904920607,2026,2026-03-10,Marion,Indianapolis,GEORGETOWN RD & W 62ND ST,Vehicle,RAN OFF ROAD,DRIVER ILLNESS,SSI,DAYLIGHT,CLOUDY,DRY,False,39.8674087524414,-86.2443389892578
904921178,2026,2026-03-10,Hamilton,Carmel,TOWNE ROAD,Vehicle,LEFT TURN,OTHER (DRIVER) - EXPLAIN IN NARRATIVE,SSI,DAYLIGHT,CLEAR,DRY,False,39.9323272705078,-86.2030868530274
904921871,2026,2026-03-06,Hancock,Greenfield,9 & MARTINDALE DRIVE,Vehicle,REAR END,UNSAFE LANE MOVEMENT,SSI,DAYLIGHT,CLEAR,DRY,False,39.8191871643066,-85.7699203491211
904922168,2026,2026-03-08,Marion,Indianapolis,I465 NB AT THE 47.5MM &,Vehicle,REAR END,FOLLOWING TOO CLOSELY,SSI,DAYLIGHT,CLEAR,DRY,True,39.7479972839355,-86.0361480712891
904922391,2026,2026-03-11,Johnson,Whiteland,GRAHAM RD & 4551 N 225 E,Vehicle,RAN OFF ROAD,FAILURE TO MAINTAIN LANE,Fatal,DARK (NOT LIGHTED),RAIN,WET,False,39.5430374145508,-86.0592575073242
904922882,2026,2026-03-13,Marion,Indianapolis,E TROY AVE & MANKER ST,Vehicle,LEFT TURN,IMPROPER TURNING,SSI,DAYLIGHT,CLEAR,DRY,False,39.7227020263672,-86.1408615112305
904922926,2026,2026-03-15,Marion,Indianapolis,N SHERMAN DR & E. WASHINGTON ST,Vehicle,HEAD ON BETWEEN TWO MOTOR VEHICLES,LEFT OF CENTER,Fatal,DARK (LIGHTED),CLOUDY,DRY,False,39.7697792053223,-86.1021575927734
904923267,2026,2026-03-03,Marion,Indianapolis,465 & I465,Vehicle,RAN OFF ROAD,DRIVER ILLNESS,SSI,DAYLIGHT,RAIN,WET,True,39.8039817810059,-86.0318374633789
904923268,2026,2026-03-06,Marion,Indianapolis,E RAYMOND ST & SHELBY ST,Pedestrian,NON-COLLISION,PEDESTRIAN ACTION,SSI,DAYLIGHT,CLEAR,DRY,False,39.7376518249512,-86.1389923095703
904923314,2026,2026-03-08,Marion,Indianapolis,I-65,Vehicle,OTHER - EXPLAIN IN NARRATIVE,UNSAFE LANE MOVEMENT,SSI,DARK (LIGHTED),CLEAR,DRY,True,39.8232498168945,-86.19970703125
904923449,2026,2026-03-11,Marion,Indianapolis,KENTUCKY AVE & CAMBY RD,Vehicle,RIGHT ANGLE,DISREGARD SIGNAL/REG SIGN,SSI,DARK (LIGHTED),CLOUDY,DRY,False,39.6617813110352,-86.3106384277344
904923736,2026,2026-03-16,Hamilton,Noblesville,PRAIRIE BAPTIST RD & E. 146TH STREET,Vehicle,RAN OFF ROAD,ROADWAY SURFACE CONDITION,SSI,DAYLIGHT,BLOWING SAND/SOIL/SNOW,SNOW/SLUSH,False,40.0122375488281,-85.900390625
904924842,2026,2026-03-17,Marion,Indianapolis,E SOUTHPORT RD,Vehicle,NON-COLLISION,OTHER (DRIVER) - EXPLAIN IN NARRATIVE,SSI,DAYLIGHT,CLOUDY,DRY,False,39.665599822998,-86.0785675048828
904924891,2026,2026-03-17,Marion,Indianapolis,N KEYSTONE AVE & FALL CREEK PKWY N DRIVE,Vehicle,OTHER - EXPLAIN IN NARRATIVE,OTHER (DRIVER) - EXPLAIN IN NARRATIVE,SSI,DARK (NOT LIGHTED),CLEAR,DRY,False,39.8350868225098,-86.1217956542969
904924922,2026,2026-03-18,Marion,Indianapolis,MADISON AVE & E THOMPSON RD,Vehicle,RIGHT TURN,FAILURE TO YIELD RIGHT OF WAY,SSI,DARK (NOT LIGHTED),CLEAR,DRY,False,39.6933746337891,-86.1367721557617
904925048,2026,2026-03-12,Marion,Indianapolis,N CAPITOL AVE & W MICHIGAN ST,Pedestrian,OTHER - EXPLAIN IN NARRATIVE,DISREGARD SIGNAL/REG SIGN,SSI,DAYLIGHT,CLEAR,DRY,False,39.7742347717285,-86.1614456176758
904925322,2026,2026-03-18,Hamilton,Noblesville,146 ST & RIVER RD,Vehicle,HEAD ON BETWEEN TWO MOTOR VEHICLES,FAILURE TO YIELD RIGHT OF WAY,SSI,DARK (LIGHTED),CLEAR,DRY,False,40.0001602172852,-86.0337600708008
904925648,2026,2026-03-19,Shelby,SHELBYVILLE,E GERMAN RD & OLD RUSHVILLE RD.,Vehicle,RAN OFF ROAD,FAILURE TO MAINTAIN LANE,SSI,DAYLIGHT,CLEAR,DRY,False,39.5363426208496,-85.7404174804688
904925710,2026,2026-03-18,Hendricks,,SR 267 & CR 900 N,Vehicle,REAR END,FOLLOWING TOO CLOSELY,SSI,DAYLIGHT,CLEAR,DRY,False,39.8945922851563,-86.3926544189453
904926526,2026,2026-03-21,Johnson,,W SMITH VALLEY RD & STATE RD 37,Vehicle,RAN OFF ROAD,UNSAFE SPEED,SSI,DARK (LIGHTED),CLEAR,DRY,False,39.6048202514648,-86.2210693359375
904926530,2026,2026-03-21,Hendricks,Avon,E CO RD 100 N & HORNADAY RD,Vehicle,RIGHT ANGLE,DRIVER ILLNESS,SSI,DAYLIGHT,CLEAR,DRY,False,39.77783203125,-86.3801040649414
904926600,2026,2026-03-16,Marion,Indianapolis,I- 465,Vehicle,OTHER - EXPLAIN IN NARRATIVE,SPEED TOO FAST FOR WEATHER CONDITIONS,SSI,DARK (NOT LIGHTED),SNOW,SNOW/SLUSH,True,39.7288398742676,-86.0459365844727
904926862,2026,2026-03-18,Morgan,MARTINSVILLE,BIRK RD,Pedestrian,OTHER - EXPLAIN IN NARRATIVE,OTHER (DRIVER) - EXPLAIN IN NARRATIVE,SSI,DAYLIGHT,CLEAR,DRY,False,39.4175567626953,-86.4103698730469
904926874,2026,2026-03-21,Hamilton,Noblesville,BODEN RD & CAMPUS PKWY,Vehicle,OTHER - EXPLAIN IN NARRATIVE,VIEW OBSTRUCTED,SSI,DARK (NOT LIGHTED),CLEAR,DRY,False,39.9973678588867,-85.9379730224609
904926955,2026,2026-03-20,Shelby,SHELBYVILLE,E WASHINGTON ST & PIKE ST,Vehicle,OTHER - EXPLAIN IN NARRATIVE,OTHER (DRIVER) - EXPLAIN IN NARRATIVE,SSI,DARK (LIGHTED),CLEAR,DRY,False,39.5244064331055,-85.7749862670898
904926956,2026,2026-03-20,Shelby,SHELBYVILLE,W PENNSYLVANIA ST & N HARRISON ST,Vehicle,OTHER - EXPLAIN IN NARRATIVE,OTHER (DRIVER) - EXPLAIN IN NARRATIVE,SSI,DAYLIGHT,CLEAR,DRY,False,39.5269470214844,-85.777099609375
904926960,2026,2026-03-21,Shelby,SHELBYVILLE,N RILEY HWY & ISABELLE FARMS,Vehicle,NON-COLLISION,UNSAFE SPEED,SSI,DAYLIGHT,CLEAR,DRY,False,39.5401496887207,-85.7750625610352
904927122,2026,2026-03-20,Marion,Indianapolis,MICHIGAN RD & W 75TH ST,Vehicle,REAR END,FOLLOWING TOO CLOSELY,SSI,DAYLIGHT,CLEAR,DRY,False,39.8890419006348,-86.2119293212891
904927131,2026,2026-03-16,Marion,Indianapolis,MONUMENT CIR & N MERIDIAN ST,Vehicle,RAN OFF ROAD,DRIVER ASLEEP OR FATIGUED,SSI,DARK (LIGHTED),CLOUDY,DRY,False,39.7690086364746,-86.1580047607422
904927208,2026,2026-03-19,Marion,Indianapolis,PETERSBURG PKWY & LAFAYETTE RD,Vehicle,LEFT TURN,IMPROPER TURNING,SSI,DAYLIGHT,CLEAR,DRY,False,39.8613052368164,-86.2709197998047
904927379,2026,2026-03-22,Marion,Indianapolis,S SHERMAN DR,Vehicle,RAN OFF ROAD,FAILURE TO MAINTAIN LANE,SSI,DARK (NOT LIGHTED),CLEAR,DRY,False,39.6570930480957,-86.1014099121094
904927399,2026,2026-03-22,Marion,Indianapolis,N POST RD & 38TH ST,Vehicle,REAR END,DRIVER ILLNESS,Fatal,DAYLIGHT,CLEAR,DRY,False,39.8260803222656,-86.0099563598633
904927429,2026,2026-03-20,Hamilton,Carmel,N KEYSTONE PKWY & MAIN ST,Vehicle,REAR END,OTHER (DRIVER) - EXPLAIN IN NARRATIVE,SSI,DAYLIGHT,CLEAR,DRY,False,39.9762573242188,-86.112663269043